/**
 * generated by fontconvert.py
 * name: notosans_11_regular
 * size: 11
 * mode: 2-bit  compressed: true
 * Command used: fontconvert.py notosans_11_regular 11 ../builtinFonts/source/NotoSans/NotoSans-Regular.ttf --2bit --compress --pnum --zopfli
 */
#pragma once
#include "EpdFontData.h"

static const uint8_t notosans_11_regularBitmaps[21484] = {
    0xAD, 0x97, 0x0B, 0x88, 0xDC, 0xC6, 0xFD, 0xC7, 0x3F, 0x92, 0xEE, 0x4E, 0x7F, 0x22, 0x62, 0x2D,
    0x70, 0xF7, 0x6F, 0xE2, 0xAB, 0x57, 0x01, 0x02, 0x24, 0xE1, 0xF6, 0x96, 0xC7, 0x05, 0x36, 0x30,
    0x7B, 0x92, 0xAF, 0xB4, 0xE5, 0xDD, 0x05, 0x6E, 0x53, 0xC0, 0xF4, 0x01, 0x84, 0x47, 0x52, 0x17,
    0x07, 0x38, 0x40, 0xA1, 0xB2, 0x57, 0x50, 0xA0, 0xBC, 0x71, 0x20, 0x4D, 0x00, 0x43, 0x31, 0xE0,
    0x42, 0x62, 0xB7, 0xF5, 0x15, 0x54, 0xB2, 0x4E, 0xCF, 0xDE, 0x49, 0x03, 0x14, 0x08, 0x0F, 0x85,
    0x57, 0x81, 0x00, 0x51, 0xF3, 0x2A, 0xB4, 0xB4, 0x99, 0x24, 0x4A, 0xBC, 0xE7, 0xAC, 0x77, 0x3A,
    0xC3, 0xDE, 0x99, 0xAB, 0xED, 0x8B, 0x4D, 0xA9, 0xE6, 0xFB, 0xFD, 0x49, 0xFA, 0xCD, 0xEF, 0xA5,
    0xF9, 0xCD, 0xAD, 0x74, 0x8B, 0x5D, 0x31, 0x3B, 0x56, 0x56, 0x56, 0xE6, 0x78, 0xEC, 0x74, 0x97,
    0xC6, 0x62, 0x2A, 0xD2, 0xCE, 0x56, 0x67, 0xAD, 0xB3, 0xB6, 0xF6, 0x48, 0x83, 0x39, 0x07, 0xBE,
    0x19, 0xC0, 0x8A, 0xA1, 0x38, 0x02, 0x9D, 0x07, 0x39, 0xFA, 0xC6, 0xEF, 0xCE, 0xB7, 0xB5, 0x56,
    0x6C, 0xAF, 0x80, 0xEA, 0x40, 0xD5, 0x61, 0xE9, 0xA3, 0x2B, 0xC9, 0x40, 0xEB, 0xD2, 0x95, 0x0A,
    0x4F, 0x56, 0x78, 0xB9, 0xE1, 0xF1, 0x12, 0xFF, 0xB8, 0x84, 0x06, 0xAC, 0xC1, 0x0B, 0x84, 0x5A,
    0xAD, 0xBF, 0xA1, 0xD2, 0x35, 0x8A, 0x35, 0xB2, 0x35, 0xE2, 0x82, 0x60, 0x9A, 0x30, 0xA8, 0x78,
    0x72, 0xCC, 0x5A, 0xC6, 0x9A, 0xE8, 0x3D, 0x59, 0x8F, 0x74, 0xB5, 0x3C, 0xB5, 0xF6, 0x16, 0x0D,
    0x16, 0x12, 0x7A, 0xC4, 0xCA, 0x29, 0xD9, 0xDA, 0xF2, 0x24, 0xDB, 0x1D, 0x3F, 0x41, 0x89, 0x10,
    0x23, 0x56, 0xAC, 0xE8, 0x60, 0x74, 0xBF, 0xBF, 0x69, 0x66, 0x3F, 0x78, 0x8F, 0xF8, 0xB3, 0xB7,
    0xBD, 0xFC, 0x81, 0x5F, 0x7C, 0xCF, 0x18, 0x86, 0xA1, 0x11, 0xC7, 0xAC, 0x10, 0x56, 0x14, 0x81,
    0x97, 0x53, 0x79, 0xE7, 0x12, 0x57, 0x3A, 0x53, 0x00, 0xE0, 0x59, 0xF0, 0xB5, 0xB1, 0xDC, 0xA8,
    0x08, 0x51, 0x33, 0xBA, 0x15, 0xFE, 0xDB, 0x12, 0x77, 0x0A, 0xFE, 0x04, 0xA2, 0x53, 0x0C, 0xBB,
    0x81, 0x54, 0x43, 0xF7, 0x53, 0x55, 0x33, 0x2A, 0x0B, 0xDA, 0x79, 0xC6, 0x40, 0xC6, 0x97, 0xBE,
    0x54, 0x81, 0xCE, 0xAF, 0x02, 0x34, 0xD2, 0x74, 0xCB, 0xAC, 0x14, 0x3D, 0xA7, 0xF2, 0x64, 0x90,
    0x87, 0x34, 0x69, 0xD1, 0x45, 0x1C, 0x18, 0x2D, 0x9A, 0x84, 0x04, 0x89, 0x27, 0xDD, 0x92, 0xF3,
    0x8B, 0xB4, 0xF6, 0xEE, 0xEC, 0xBD, 0x53, 0xA1, 0xF6, 0x87, 0x53, 0xB9, 0x95, 0x57, 0xCE, 0xA2,
    0xB4, 0x78, 0x0C, 0x16, 0xA1, 0x0B, 0x2B, 0x16, 0xEB, 0x27, 0x7F, 0x1A, 0xEB, 0x29, 0x03, 0xF8,
    0x2A, 0x71, 0x3F, 0x90, 0xFE, 0x9B, 0xCA, 0xC9, 0x73, 0x1E, 0x81, 0x2D, 0x6E, 0x41, 0xEB, 0xC9,
    0xC5, 0xE9, 0xAB, 0x07, 0x35, 0x34, 0x78, 0x80, 0x90, 0x88, 0x63, 0xAC, 0xD0, 0x01, 0xE2, 0x3A,
    0xAE, 0x6D, 0x97, 0x99, 0x87, 0x10, 0x9A, 0x18, 0x3D, 0x02, 0x6B, 0xAA, 0xA0, 0xC2, 0x2D, 0xF1,
    0x24, 0x7E, 0x4E, 0x90, 0xEC, 0xCD, 0x0B, 0x2C, 0x0A, 0xE0, 0x35, 0x02, 0x2D, 0xA3, 0x8D, 0x4A,
    0xA0, 0x32, 0xD2, 0x14, 0x51, 0xDC, 0x81, 0x94, 0x4C, 0x30, 0x6C, 0xA1, 0xC2, 0x4B, 0xA5, 0xA7,
    0x13, 0x80, 0x06, 0x63, 0x7F, 0xDC, 0x4E, 0x3B, 0x29, 0x87, 0x8D, 0x67, 0x09, 0x74, 0xD5, 0x3E,
    0x5E, 0xCF, 0x91, 0xED, 0xA7, 0xCB, 0xA0, 0xC6, 0x36, 0x43, 0x12, 0x41, 0x86, 0xA3, 0xF6, 0x2E,
    0xCD, 0x1A, 0x18, 0x38, 0xAF, 0xD1, 0xD6, 0xF2, 0x8A, 0xAF, 0xC0, 0xA0, 0x06, 0x85, 0xAB, 0x9C,
    0x1F, 0x49, 0x7F, 0x8A, 0x73, 0xA2, 0x82, 0x1A, 0x52, 0xC8, 0x60, 0x98, 0x50, 0xDF, 0xF8, 0x49,
    0x35, 0x9A, 0x95, 0x42, 0x0F, 0x9C, 0x1A, 0x3C, 0xC3, 0xB0, 0x80, 0x96, 0x61, 0x6A, 0xA8, 0x0A,
    0x5C, 0x59, 0xE0, 0xE7, 0x05, 0x21, 0x05, 0xC2, 0xF0, 0xCC, 0xC5, 0x1B, 0xC9, 0x48, 0xEB, 0x7C,
    0xA9, 0xFF, 0x05, 0x50, 0xDC, 0xE2, 0x7C, 0x3F, 0x69, 0xEB, 0x6A, 0xB5, 0xDF, 0x13, 0x70, 0x0B,
    0xF1, 0x34, 0x59, 0xBF, 0x5C, 0x61, 0x43, 0x0F, 0x21, 0x9B, 0x65, 0xC6, 0x51, 0xD7, 0x4E, 0x95,
    0x83, 0x59, 0xE6, 0xA3, 0x67, 0x1D, 0xAD, 0x82, 0x92, 0x68, 0xDF, 0x25, 0x85, 0x3F, 0x68, 0x39,
    0x7A, 0x59, 0xED, 0x30, 0x9C, 0x2D, 0xDD, 0x16, 0x42, 0x20, 0xBA, 0xD4, 0xE1, 0xBB, 0xCA, 0xD5,
    0x39, 0xD0, 0xEF, 0x6F, 0x9A, 0x8E, 0xF6, 0xFB, 0x3B, 0x90, 0x82, 0xC2, 0xA9, 0xB0, 0xBD, 0x91,
    0x84, 0x09, 0x21, 0xB4, 0x40, 0xC0, 0x10, 0x14, 0xEE, 0x6C, 0x26, 0x07, 0xBB, 0x96, 0x65, 0xDB,
    0x51, 0x82, 0xA1, 0x20, 0x15, 0x14, 0xE6, 0x3A, 0xF8, 0x24, 0x77, 0x35, 0xE1, 0xB9, 0xD2, 0x04,
    0xBF, 0xD5, 0xB5, 0x8C, 0x2C, 0x7E, 0xD9, 0x6E, 0x62, 0xC0, 0xB9, 0x40, 0xA8, 0xF3, 0x75, 0xBF,
    0x4A, 0x51, 0x05, 0xA9, 0xA2, 0xA3, 0xAC, 0x4D, 0x96, 0x39, 0x93, 0xF6, 0x27, 0xD9, 0xC2, 0x38,
    0xDD, 0x2F, 0x40, 0xE1, 0x97, 0x4B, 0xA3, 0xA4, 0x3D, 0x06, 0x78, 0xE8, 0xF4, 0xE9, 0x45, 0x00,
    0xB0, 0x1B, 0x6A, 0x81, 0x28, 0x89, 0x92, 0x79, 0x0E, 0x1E, 0x0F, 0x10, 0xB1, 0xCA, 0x0A, 0x82,
    0x35, 0xE0, 0xFF, 0x60, 0x87, 0xA0, 0xE2, 0x2A, 0x41, 0x69, 0x04, 0xD7, 0x20, 0xF8, 0x10, 0x46,
    0x09, 0xFE, 0x18, 0x4E, 0x02, 0xC0, 0xC8, 0x3E, 0xF0, 0x26, 0x00, 0x3C, 0x77, 0xF1, 0x82, 0xB9,
    0x05, 0xCE, 0xC2, 0x4D, 0x88, 0x4A, 0x9C, 0xBD, 0xD3, 0x18, 0x77, 0xCC, 0xA9, 0xDC, 0xF8, 0x19,
    0x6F, 0x13, 0x03, 0x58, 0xB8, 0xC0, 0x40, 0xF3, 0xC2, 0xB2, 0xC4, 0x2B, 0xF7, 0x77, 0xB1, 0x24,
    0x82, 0x1D, 0x1C, 0x85, 0x2B, 0xAD, 0xC2, 0x49, 0x00, 0xDC, 0x1C, 0xBF, 0xB4, 0x56, 0x00, 0xF4,
    0x81, 0x48, 0x9B, 0x18, 0x37, 0x8F, 0x5F, 0xB3, 0x4A, 0xFB, 0xB7, 0x67, 0xCC, 0x8F, 0x39, 0x3A,
    0xAF, 0x44, 0xF0, 0x0F, 0xB9, 0xBD, 0xD5, 0x74, 0xE5, 0xF3, 0xCF, 0x0B, 0x57, 0x6E, 0x6D, 0x0B,
    0x73, 0xB5, 0xDD, 0xF1, 0x8C, 0x10, 0x9E, 0x54, 0xDB, 0xAD, 0xE0, 0x9D, 0x72, 0x2B, 0x9C, 0x8C,
    0x72, 0xE1, 0xF4, 0x96, 0x68, 0x02, 0xC6, 0x9B, 0x06, 0xEE, 0xF4, 0x84, 0x82, 0xB6, 0xCE, 0x01,
    0x80, 0x79, 0x20, 0xCC, 0x21, 0x92, 0xB0, 0x5E, 0x82, 0x50, 0x50, 0x18, 0xAA, 0x14, 0xA7, 0x12,
    0xB8, 0x65, 0x0B, 0x4F, 0x36, 0xF1, 0xB5, 0x26, 0xD4, 0x3A, 0x89, 0xF0, 0xA5, 0xD1, 0x94, 0xC2,
    0xCC, 0xA6, 0xA0, 0x6A, 0x28, 0xCC, 0x92, 0x68, 0x5D, 0xEE, 0x9E, 0x18, 0xD7, 0x64, 0x35, 0xC2,
    0x82, 0x74, 0xF7, 0xE9, 0x4A, 0xEB, 0x7C, 0xF7, 0x69, 0xA3, 0xEC, 0xD6, 0xAC, 0x5A, 0xB0, 0x5E,
    0xB3, 0x33, 0xBD, 0x5C, 0x1B, 0xBD, 0x5D, 0x11, 0xCC, 0xD9, 0xFF, 0x62, 0x19, 0x9B, 0x7D, 0x15,
    0x10, 0x40, 0x06, 0x0C, 0x0F, 0x30, 0xDD, 0xD3, 0x75, 0x81, 0x36, 0x10, 0x4A, 0xF0, 0xA6, 0x97,
    0x61, 0xA4, 0x01, 0x30, 0xA9, 0x6D, 0x6E, 0x76, 0x4F, 0x4C, 0xA8, 0x89, 0x0D, 0xC3, 0xA4, 0xC6,
    0x97, 0x35, 0x9E, 0x65, 0x79, 0x80, 0x72, 0xA6, 0x0F, 0xF2, 0x9A, 0x88, 0x9A, 0xAB, 0x68, 0x5D,
    0xA3, 0xA7, 0x09, 0xFD, 0x7E, 0x62, 0xCB, 0xEF, 0x1B, 0x47, 0x6E, 0x61, 0xD7, 0x2A, 0xE5, 0x6D,
    0x4A, 0x03, 0x63, 0x69, 0x70, 0x37, 0x97, 0xD9, 0x6C, 0x6E, 0xBC, 0x6A, 0xB8, 0x13, 0x2C, 0xFC,
    0x1A, 0x46, 0xBA, 0xF2, 0x76, 0xFF, 0xBF, 0x0C, 0x73, 0x68, 0xDF, 0xF1, 0xC4, 0xCF, 0x9D, 0x1F,
    0x32, 0xB2, 0xCB, 0xAE, 0x32, 0x50, 0x5D, 0xC3, 0xB6, 0x61, 0x28, 0x51, 0xDE, 0xF4, 0x92, 0x62,
    0xA0, 0x2B, 0x80, 0x1E, 0x8E, 0x7D, 0xC2, 0xFC, 0x6E, 0xDC, 0xED, 0x9F, 0x30, 0xF9, 0xB5, 0x3D,
    0xDB, 0xFB, 0x43, 0xB9, 0xB4, 0x19, 0x4F, 0x7C, 0xE9, 0x1D, 0x32, 0x96, 0xCB, 0x78, 0x42, 0x0F,
    0x75, 0xEF, 0x71, 0xA2, 0xD2, 0xF9, 0x22, 0x3D, 0xE6, 0xA9, 0xC9, 0x0C, 0xCD, 0xF0, 0x4A, 0xEA,
    0x30, 0xA1, 0x5E, 0x87, 0x7A, 0x08, 0x5F, 0x56, 0xA0, 0x15, 0x4C, 0xC7, 0x30, 0xEE, 0x42, 0x1D,
    0x19, 0x06, 0xD2, 0xD8, 0x55, 0xD6, 0x7A, 0xCF, 0xAF, 0x4D, 0x0F, 0xEA, 0xFB, 0xC6, 0xAC, 0x07,
    0x9B, 0x30, 0xCF, 0x14, 0xE2, 0x5C, 0x5B, 0xF1, 0x55, 0xC2, 0x1F, 0xF3, 0xEB, 0x39, 0xD7, 0xF3,
    0xCF, 0xA5, 0xF3, 0xB7, 0xFC, 0xB3, 0xD2, 0xFD, 0x73, 0xAE, 0x94, 0x67, 0x85, 0xFF, 0xDD, 0x5C,
    0xA5, 0xA1, 0x9F, 0x2B, 0x71, 0xC4, 0x88, 0xD6, 0x8A, 0x11, 0x4D, 0x61, 0x44, 0x58, 0x18, 0x11,
    0x28, 0x23, 0xBC, 0xCA, 0x8A, 0xD2, 0xCF, 0x37, 0x71, 0x92, 0x09, 0xAE, 0xD4, 0x96, 0x89, 0x2B,
    0xAF, 0x4B, 0x57, 0x7E, 0x56, 0xB9, 0x52, 0xD5, 0x86, 0x99, 0xE1, 0xAA, 0x61, 0xB8, 0x21, 0x95,
    0xFF, 0x27, 0xA9, 0xDC, 0xF7, 0xA5, 0xE2, 0x4B, 0xC3, 0x33, 0x86, 0xB1, 0x61, 0x68, 0x18, 0x48,
    0x8E, 0x5E, 0xC0, 0xD1, 0x3A, 0x09, 0x3E, 0x5C, 0x2E, 0xA3, 0xC4, 0x51, 0xEB, 0x30, 0x14, 0x20,
    0x32, 0xE8, 0x0E, 0xA1, 0x75, 0x80, 0xDD, 0x0C, 0x84, 0x80, 0xAC, 0x0D, 0xE3, 0x30, 0xF7, 0x94,
    0x77, 0xE3, 0xB2, 0x64, 0x74, 0x13, 0x80, 0x7E, 0x0F, 0xDB, 0xCB, 0x13, 0xAA, 0xA6, 0xAE, 0x19,
    0xD6, 0xA4, 0x46, 0xDA, 0xEB, 0x6F, 0x54, 0x46, 0x7F, 0xE3, 0xC2, 0x5D, 0x56, 0xE6, 0x7F, 0x93,
    0xFA, 0x34, 0x10, 0x25, 0xE0, 0x97, 0xE0, 0xAA, 0x43, 0xCA, 0x50, 0x37, 0x2E, 0x99, 0x2E, 0x50,
    0x47, 0xD4, 0x41, 0x5E, 0x7B, 0xB2, 0x76, 0x67, 0x06, 0x59, 0xCD, 0xBA, 0xF3, 0x1A, 0xF6, 0x6B,
    0xEA, 0xDB, 0xE7, 0x33, 0x28, 0x60, 0x88, 0x0D, 0xD9, 0x2E, 0xF1, 0x4D, 0xF4, 0x81, 0xC4, 0x53,
    0x50, 0x43, 0x61, 0x60, 0x6A, 0x9C, 0x5E, 0x2E, 0x67, 0x6F, 0xC0, 0x7E, 0xBF, 0x8F, 0xDD, 0xBD,
    0xFD, 0x33, 0x7D, 0x68, 0xF1, 0x5F, 0xB1, 0x87, 0x83, 0xC2, 0xCF, 0xEF, 0x97, 0x35, 0x41, 0x3E,
    0x24, 0x4C, 0xBA, 0xB4, 0x89, 0xFE, 0x3E, 0xC1, 0xD7, 0x15, 0x00, 0x3D, 0x48, 0x0A, 0xDC, 0x32,
    0xC3, 0x93, 0xC2, 0xD8, 0xAD, 0x1A, 0x9B, 0x88, 0xD0, 0x8C, 0xA6, 0xF1, 0xE8, 0x62, 0xB5, 0x5E,
    0x39, 0xC4, 0xA9, 0x14, 0x28, 0x35, 0xDB, 0xE8, 0x3F, 0x93, 0x10, 0x1B, 0xB6, 0x13, 0x88, 0xA0,
    0xC1, 0x3C, 0x4E, 0x92, 0xD2, 0xC6, 0x97, 0x82, 0xD8, 0xF8, 0x09, 0x06, 0x79, 0x98, 0xB4, 0x78,
    0x5D, 0xDA, 0x38, 0x9F, 0xCB, 0x26, 0x21, 0xEF, 0x97, 0x2D, 0x42, 0xA7, 0xAC, 0x04, 0xC1, 0xB7,
    0xA4, 0x32, 0xB9, 0x7E, 0x2E, 0x8B, 0x14, 0xB3, 0x6F, 0xD3, 0x02, 0xEF, 0xED, 0x44, 0x28, 0xDC,
    0xF7, 0xE8, 0x2A, 0x9C, 0x7F, 0xD1, 0xAC, 0xE0, 0x26, 0x61, 0x09, 0x13, 0x42, 0x09, 0x3B, 0x04,
    0x92, 0x45, 0x9C, 0xA4, 0x8B, 0xAD, 0xCE, 0x56, 0x26, 0xF0, 0x64, 0x81, 0xF3, 0xA9, 0x82, 0xEB,
    0x12, 0xE2, 0x04, 0xDA, 0x40, 0x9C, 0x63, 0xEF, 0x9D, 0xBF, 0x2A, 0xEC, 0x7C, 0x90, 0x08, 0x22,
    0x56, 0x11, 0xC6, 0x6F, 0x88, 0x2F, 0x7B, 0x38, 0xE6, 0x6C, 0xBD, 0x43, 0x22, 0x6C, 0xB4, 0x6C,
    0xF6, 0x1B, 0xFA, 0x8E, 0xC2, 0xF9, 0x5C, 0x82, 0xCE, 0x21, 0x06, 0x56, 0x0F, 0xE7, 0x92, 0xE9,
    0x5E, 0xAC, 0xB5, 0x39, 0x0F, 0x00, 0x01, 0xD4, 0xE0, 0x2A, 0xF0, 0x24, 0x26, 0x20, 0xB4, 0x0F,
    0x57, 0x1B, 0xBF, 0x99, 0x6F, 0x2F, 0x56, 0xDD, 0x9E, 0xE0, 0xEB, 0x47, 0xAC, 0x9E, 0x38, 0xDF,
    0x83, 0x14, 0x04, 0xB4, 0xA0, 0x09, 0x21, 0x04, 0x09, 0x9E, 0xB4, 0x70, 0x2A, 0x50, 0x50, 0x1C,
    0xB0, 0x08, 0x0D, 0x4C, 0xF0, 0x41, 0xB5, 0x54, 0x39, 0xF7, 0x18, 0x83, 0xEA, 0xB9, 0xB3, 0xCC,
    0x01, 0x2D, 0x20, 0x06, 0x5E, 0x4F, 0xE0, 0x03, 0x89, 0xFB, 0x66, 0x89, 0x97, 0x2B, 0x02, 0xD6,
    0x38, 0xC2, 0x0A, 0xC7, 0x8C, 0xEC, 0x10, 0x10, 0xEB, 0xC9, 0x13, 0x17, 0x5F, 0x7D, 0x9C, 0x88,
    0x20, 0x77, 0x4B, 0xA0, 0x4F, 0xA4, 0xE5, 0x83, 0x7E, 0x05, 0xCA, 0x62, 0x49, 0x85, 0x5A, 0x9D,
    0x49, 0x54, 0x8D, 0x52, 0xA8, 0xDA, 0x53, 0x67, 0x4E, 0xA9, 0xF6, 0x78, 0x1B, 0x58, 0x04, 0x71,
    0x10, 0x4B, 0x74, 0x75, 0x15, 0xBF, 0x38, 0x5E, 0xA7, 0x2B, 0x58, 0x15, 0x44, 0xFB, 0x68, 0x76,
    0x59, 0x8D, 0x11, 0xF1, 0xC7, 0xE3, 0xCE, 0xA8, 0x04, 0xE8, 0xE3, 0x6B, 0x19, 0xFD, 0x32, 0x17,
    0x90, 0x42, 0x71, 0x00, 0x19, 0x74, 0x31, 0x1B, 0x59, 0x1A, 0x03, 0xB8, 0x23, 0xC9, 0x33, 0x22,
    0xD0, 0x59, 0x7B, 0x63, 0x22, 0xD8, 0xB9, 0xED, 0x03, 0x39, 0x43, 0x74, 0xD9, 0x89, 0xCE, 0x4D,
    0xFC, 0xE9, 0x0A, 0xC0, 0x33, 0x26, 0x45, 0x1E, 0x6D, 0x28, 0x41, 0x9D, 0x92, 0x5E, 0xE9, 0x0F,
    0x47, 0x7A, 0x72, 0xA5, 0xDF, 0x1B, 0x42, 0x06, 0xEB, 0x10, 0x7E, 0xAC, 0x5C, 0x5D, 0x01, 0x3C,
    0x8C, 0xA3, 0x73, 0xAF, 0xC4, 0xCF, 0x2D, 0x82, 0x97, 0x18, 0x4D, 0x59, 0x7E, 0x89, 0x20, 0xFF,
    0x3A, 0xF0, 0xCC, 0x5C, 0xA0, 0x4F, 0xB6, 0xBF, 0x73, 0x97, 0x4A, 0xD2, 0x59, 0x25, 0xAF, 0x4C,
    0x7C, 0x2D, 0x60, 0x86, 0xEC, 0xF1, 0x85, 0xBA, 0xAD, 0x4B, 0xA7, 0x7F, 0xE7, 0xA2, 0x25, 0x5D,
    0xAD, 0xE2, 0x17, 0x27, 0xEB, 0x08, 0x41, 0xEB, 0x30, 0x74, 0xC4, 0x63, 0x2C, 0x8A, 0x03, 0x07,
    0x15, 0x8A, 0xF3, 0x70, 0xAF, 0xD7, 0x9C, 0x5B, 0x0D, 0xE4, 0xD2, 0x1D, 0x49, 0x69, 0x08, 0x47,
    0x09, 0x5F, 0x8A, 0x08, 0xBB, 0x70, 0x8A, 0xD8, 0x60, 0x07, 0xB1, 0x8A, 0x08, 0x13, 0xAB, 0x77,
    0x95, 0x60, 0xBC, 0x28, 0x6E, 0x3F, 0x1A, 0x0F, 0xF3, 0x30, 0x4F, 0xE9, 0xF7, 0x75, 0x19, 0xBF,
    0xA8, 0x37, 0xD4, 0x3A, 0x57, 0x29, 0x04, 0x19, 0xA9, 0x40, 0xDC, 0x97, 0x68, 0x2C, 0x25, 0x4F,
    0xDD, 0xC7, 0xE3, 0x62, 0x37, 0x48, 0x19, 0x6D, 0xD4, 0x82, 0x2C, 0xA5, 0x5B, 0xB0, 0x5A, 0xD0,
    0x34, 0x18, 0xD2, 0x9A, 0xF5, 0x39, 0x7C, 0x65, 0xEF, 0x23, 0xBE, 0x61, 0xEB, 0xA9, 0x4C, 0xC0,
    0x43, 0x36, 0x5D, 0x66, 0x36, 0x9D, 0x18, 0x95, 0x02, 0x0E, 0xE2, 0x51, 0xF6, 0x1A, 0x78, 0xAF,
    0xAD, 0x24, 0xE0, 0x36, 0x3C, 0xD4, 0x58, 0xA2, 0xA3, 0x89, 0x3F, 0x22, 0x86, 0x2E, 0x88, 0x43,
    0xE0, 0xBC, 0x44, 0x5B, 0x27, 0x57, 0x16, 0x50, 0x50, 0xC0, 0x20, 0x21, 0x1C, 0xC3, 0x08, 0x02,
    0x89, 0x67, 0xB1, 0x7B, 0x2A, 0xD9, 0x7B, 0x4D, 0xE2, 0x13, 0x10, 0x6E, 0x8E, 0xA6, 0xD1, 0x66,
    0xC8, 0x7F, 0x8C, 0xC4, 0xFF, 0xC8, 0x9D, 0x42, 0x83, 0x39, 0x81, 0x38, 0x0C, 0xA6, 0xD6, 0xF6,
    0xB9, 0x49, 0xA0, 0x57, 0x80, 0x1E, 0x73, 0x05, 0xDD, 0xCC, 0xEA, 0x87, 0xAB, 0xA8, 0xD0, 0xC0,
    0x2D, 0xCD, 0x0F, 0xB2, 0xF9, 0x35, 0x76, 0xDF, 0x4D, 0x9C, 0x4F, 0x60, 0x0A, 0x3B, 0x34, 0xE8,
    0x91, 0x0C, 0x9D, 0xDA, 0xAD, 0x32, 0x77, 0xEC, 0x95, 0xC2, 0x9B, 0x78, 0xB2, 0xE5, 0xFF, 0xD6,
    0xCF, 0x9B, 0xC1, 0x0F, 0x83, 0x24, 0x34, 0x07, 0xE1, 0x91, 0x20, 0x24, 0xF8, 0x81, 0xFF, 0x2B,
    0xFC, 0xDF, 0x78, 0xFF, 0xC4, 0x1B, 0x7B, 0x13, 0xBC, 0xDA, 0x99, 0xE0, 0x2A, 0x6A, 0x16, 0x99,
    0xEB, 0x92, 0x85, 0x98, 0xAF, 0x88, 0xCA, 0xFD, 0x8B, 0x44, 0xC3, 0x69, 0x18, 0xE1, 0x7C, 0x95,
    0x7B, 0x6F, 0xC9, 0xF0, 0xB8, 0x5A, 0x65, 0x98, 0xD1, 0x3D, 0x50, 0x4E, 0xDA, 0xA4, 0x36, 0xF6,
    0xC1, 0x46, 0xE5, 0xBF, 0x65, 0xCB, 0x71, 0xDE, 0x4D, 0xD0, 0x70, 0x0D, 0x32, 0x10, 0x50, 0x80,
    0xC2, 0x2F, 0xD1, 0x39, 0x9B, 0xEC, 0xFD, 0x1F, 0x38, 0xFF, 0xFD, 0x0A, 0x5F, 0x12, 0x42, 0x17,
    0x52, 0x50, 0xB3, 0xFF, 0x20, 0x88, 0x60, 0xFD, 0xE2, 0xD9, 0x58, 0x2B, 0x1C, 0x06, 0xEC, 0x3A,
    0x95, 0x5B, 0xEE, 0x8F, 0x65, 0x79, 0x86, 0x76, 0xEE, 0xDD, 0xBA, 0x77, 0x2B, 0xA7, 0x66, 0xC4,
    0x42, 0x63, 0xFB, 0xAE, 0xC7, 0x8F, 0x1B, 0x30, 0x80, 0x65, 0xDB, 0x10, 0xDC, 0x92, 0x83, 0xE0,
    0x0B, 0x68, 0xC3, 0x2E, 0x6E, 0x75, 0x50, 0x6F, 0x2D, 0x03, 0x69, 0x1B, 0xFA, 0x28, 0x1C, 0x4D,
    0x18, 0xED, 0x9E, 0x2C, 0x07, 0x63, 0x9C, 0xE4, 0xDF, 0xAD, 0x98, 0x01, 0x84, 0x24, 0x57, 0x1A,
    0xC7, 0x7F, 0x55, 0x35, 0x3B, 0x75, 0xD9, 0x4A, 0xBA, 0x1A, 0xBD, 0x6C, 0xB2, 0xE9, 0xA9, 0x39,
    0x06, 0xB3, 0x77, 0xDD, 0xDD, 0x8B, 0x3D, 0x26, 0xEE, 0xF5, 0xF4, 0xDB, 0x0D, 0x16, 0xC7, 0x65,
    0x30, 0x13, 0xCE, 0x41, 0xB0, 0x70, 0x9C, 0xEC, 0xA0, 0xD1, 0x47, 0x67, 0xA7, 0x2E, 0x00, 0xA0,
    0xC3, 0xE5, 0x82, 0x85, 0x60, 0xCF, 0xAD, 0x95, 0xB3, 0x83, 0x46, 0x85, 0xDD, 0x9D, 0x97, 0x0D,
    0x02, 0x50, 0x09, 0x40, 0xEE, 0x2E, 0x75, 0xB1, 0x49, 0xC8, 0x39, 0xF7, 0x5C, 0x2A, 0x97, 0x4E,
    0xF4, 0xCC, 0xBB, 0x6F, 0x6E, 0x67, 0xC6, 0xAC, 0x64, 0x62, 0x7B, 0x33, 0x5D, 0xFF, 0xEF, 0x3F,
    0x5D, 0xDF, 0xF7, 0xBE, 0xFF, 0xF7, 0x7F, 0xF5, 0x9A, 0x69, 0x5D, 0x7B, 0xE5, 0x95, 0x1A, 0xB5,
    0x46, 0x43, 0xED, 0xBD, 0x3A, 0xF0, 0x12, 0xAC, 0xE3, 0xED, 0xE8, 0xD8, 0x99, 0x65, 0x4F, 0x0F,
    0x60, 0x04, 0x76, 0x1F, 0x25, 0x64, 0xD0, 0x41, 0x27, 0xCE, 0xF8, 0x4E, 0xB3, 0x0E, 0x02, 0x60,
    0x76, 0x08, 0x5B, 0xDB, 0x78, 0xE5, 0xB3, 0x04, 0x39, 0x04, 0xE6, 0xE1, 0xE8, 0xBA, 0x82, 0x9F,
    0x7E, 0x3E, 0xFC, 0x56, 0x3E, 0xD6, 0x48, 0xCD, 0xB1, 0xE1, 0x9C, 0x06, 0x7A, 0x97, 0xCF, 0x77,
    0x9D, 0x9D, 0xF3, 0xF3, 0x06, 0x76, 0x89, 0x4D, 0x81, 0xBC, 0x49, 0x2E, 0xE5, 0x5D, 0x57, 0x9E,
    0xAB, 0x9D, 0x03, 0xAA, 0x78, 0x28, 0xE9, 0x6A, 0x92, 0x10, 0xA3, 0x88, 0x74, 0x5F, 0x74, 0x2C,
    0xFE, 0xFB, 0x05, 0x7C, 0x61, 0x60, 0x2B, 0x25, 0x72, 0x13, 0x4E, 0x6E, 0xDD, 0x80, 0x39, 0x38,
    0xF1, 0xF2, 0x2A, 0xB1, 0xDC, 0x33, 0xC7, 0x41, 0x54, 0x37, 0xF7, 0x5E, 0x55, 0x00, 0xF6, 0xEF,
    0x5E, 0xF2, 0xFE, 0x84, 0xEC, 0x4A, 0x79, 0x22, 0x49, 0x07, 0x92, 0x9C, 0x64, 0x87, 0xA5, 0x24,
    0xED, 0x05, 0xA6, 0xE7, 0x9B, 0xE5, 0xC0, 0xC4, 0xFF, 0xD4, 0x9E, 0x83, 0xC8, 0x10, 0xEC, 0xE2,
    0xED, 0x2B, 0xE9, 0xC6, 0x36, 0xC0, 0xFC, 0x42, 0x36, 0xA8, 0x56, 0x99, 0xBD, 0x0E, 0xDC, 0xBD,
    0x95, 0x12, 0x1A, 0xCF, 0x52, 0x61, 0xA5, 0xC1, 0x52, 0xB4, 0x13, 0xB1, 0xDE, 0xFA, 0x55, 0xA0,
    0x65, 0x2F, 0x7E, 0x5A, 0x8C, 0xF0, 0x4C, 0xBE, 0xB9, 0x4F, 0x6F, 0xF6, 0xF0, 0xCD, 0xBA, 0x22,
    0x48, 0xCF, 0xB7, 0xFF, 0x12, 0xD2, 0x08, 0xC7, 0x15, 0x62, 0x50, 0xF8, 0xF7, 0x67, 0x0B, 0xB8,
    0xE2, 0x34, 0x7B, 0xCF, 0xB6, 0x95, 0xF1, 0xAC, 0xF7, 0xDB, 0xD6, 0x5B, 0xE7, 0x9F, 0x3D, 0xAF,
    0xDA, 0x7F, 0x05, 0x56, 0xE6, 0x3D, 0x3B, 0x0A, 0xEE, 0x15, 0x71, 0x98, 0x76, 0x12, 0x9A, 0x31,
    0xF1, 0x25, 0x23, 0xB7, 0x92, 0x94, 0x92, 0x73, 0x93, 0x9B, 0x37, 0x6F, 0x43, 0xE3, 0x10, 0x80,
    0x6E, 0xD9, 0x2D, 0xBF, 0x65, 0x12, 0x31, 0xD9, 0x9E, 0x88, 0xC9, 0xE6, 0xCB, 0x62, 0xB2, 0x11,
    0x8B, 0xC9, 0x46, 0x2C, 0xFE, 0x5A, 0x77, 0x84, 0xDA, 0xA5, 0x98, 0x6C, 0x28, 0x31, 0xD9, 0x68,
    0x8A, 0xC9, 0x46, 0x2C, 0x26, 0x1B, 0xE1, 0x2F, 0xBF, 0xD3, 0xA4, 0x9C, 0x62, 0xFA, 0x93, 0x9B,
    0x37, 0xF5, 0xEC, 0xB0, 0x3B, 0x5E, 0xAF, 0x6F, 0x56, 0x36, 0x9F, 0xEA, 0x35, 0xA4, 0x5F, 0xB3,
    0x00, 0xBD, 0x03, 0xB0, 0xEB, 0x6D, 0xE7, 0xC6, 0xE1, 0x0C, 0x55, 0x6E, 0xDE, 0xBC, 0x21, 0xF9,
    0x59, 0xDD, 0x2D, 0xE7, 0x15, 0x62, 0x88, 0x4D, 0xDF, 0x44, 0x34, 0xD8, 0x98, 0x9C, 0x5A, 0x9D,
    0xD5, 0x1B, 0xE3, 0xAA, 0x64, 0x4F, 0x64, 0xB1, 0x45, 0x51, 0xA7, 0x71, 0x77, 0xFC, 0xCC, 0xD0,
    0x1F, 0x46, 0x26, 0x46, 0x01, 0x35, 0x66, 0x14, 0xCD, 0xEF, 0x42, 0x47, 0xD0, 0xE1, 0x4E, 0xF7,
    0xDA, 0xF6, 0xB2, 0xAB, 0x2B, 0x38, 0x8C, 0x05, 0x60, 0x6D, 0x35, 0x76, 0x3B, 0x5D, 0x57, 0xD9,
    0x70, 0x95, 0xAD, 0x87, 0x21, 0xC9, 0xB6, 0xAB, 0x84, 0xAE, 0x42, 0x78, 0x14, 0x4E, 0x2E, 0xBE,
    0xD2, 0xE1, 0x49, 0x5A, 0x84, 0x69, 0x60, 0xB6, 0xF4, 0x2A, 0xE8, 0xB0, 0x68, 0x15, 0x0B, 0x05,
    0x87, 0x2F, 0xED, 0x0D, 0x93, 0xDB, 0x4B, 0x95, 0x73, 0xD1, 0x7A, 0x74, 0x3E, 0x52, 0xF5, 0x78,
    0x0C, 0xB5, 0x1F, 0x3D, 0x74, 0x5C, 0x9E, 0x2D, 0x0F, 0x8E, 0x71, 0x66, 0x06, 0x34, 0x55, 0xC2,
    0x9C, 0x4D, 0x5A, 0xB9, 0x97, 0x33, 0x9F, 0x07, 0x06, 0xF2, 0x10, 0xA1, 0x0A, 0x42, 0x0D, 0x84,
    0x7A, 0x75, 0x21, 0xDB, 0x81, 0x0F, 0xCC, 0xBF, 0xE0, 0xF9, 0x57, 0xFF, 0x06, 0x51, 0x58, 0x87,
    0x7A, 0x45, 0x68, 0xA9, 0x25, 0x87, 0xBB, 0xD9, 0x76, 0x29, 0x05, 0x75, 0x02, 0x23, 0xE4, 0x69,
    0x56, 0x88, 0x8C, 0xE8, 0x2D, 0x1B, 0x49, 0xFC, 0xD8, 0x44, 0xE0, 0x99, 0x0A, 0x42, 0x0A, 0xA1,
    0x1E, 0x42, 0x1F, 0xEF, 0xE0, 0xDD, 0x7B, 0xEF, 0x9A, 0xF6, 0xDE, 0x4D, 0x83, 0x94, 0x17, 0x10,
    0xAA, 0x13, 0xC1, 0x12, 0x75, 0xD8, 0xA4, 0x87, 0x97, 0xFB, 0xB9, 0xE8, 0x85, 0xAF, 0xEB, 0x90,
    0xD8, 0xA5, 0xB3, 0x43, 0x66, 0xD8, 0x28, 0x69, 0x50, 0x55, 0xF4, 0xA0, 0x81, 0xE5, 0xC4, 0x48,
    0x66, 0xC4, 0x56, 0x5A, 0x51, 0x11, 0x50, 0xAF, 0x47, 0x9A, 0x86, 0x4A, 0xF4, 0xDD, 0xF1, 0xE6,
    0xCF, 0xF5, 0x33, 0xC3, 0xE2, 0xCF, 0x1A, 0xFF, 0x9D, 0xF7, 0x34, 0xE1, 0xF3, 0x97, 0x34, 0x95,
    0xF8, 0xD6, 0x90, 0x46, 0xE4, 0x0A, 0x96, 0x08, 0x35, 0x56, 0x88, 0x1A, 0xDC, 0x16, 0xC0, 0x02,
    0x20, 0x8C, 0xD4, 0xE8, 0x81, 0x14, 0x73, 0x12, 0x50, 0xD0, 0x87, 0x1E, 0x0C, 0xA0, 0xFB, 0x62,
    0x1E, 0x3B, 0xC3, 0x2A, 0x5C, 0x06, 0x3A, 0x40, 0x0C, 0xC8, 0x70, 0x00, 0x4E, 0x00, 0x71, 0x0A,
    0x89, 0x81, 0xE5, 0x1C, 0x94, 0x85, 0x91, 0x84, 0xED, 0xE3, 0x15, 0x0A, 0x3F, 0x6F, 0x12, 0x98,
    0x39, 0x42, 0xE7, 0x88, 0x9D, 0xD3, 0x09, 0xA1, 0x91, 0x4C, 0xAE, 0xA4, 0xDA, 0x07, 0x5B, 0xC2,
    0x08, 0xAE, 0x83, 0x67, 0x91, 0x85, 0x10, 0x71, 0x7C, 0xBA, 0x27, 0x35, 0xB4, 0x0D, 0xFC, 0xCE,
    0x22, 0x3D, 0xC7, 0xA7, 0x9B, 0x3D, 0x81, 0xE7, 0xDE, 0x22, 0xB8, 0x58, 0x1E, 0x9F, 0xE6, 0x4B,
    0xF3, 0x60, 0x33, 0x58, 0xA9, 0x1E, 0xEF, 0xFE, 0x9F, 0x2B, 0xE0, 0xDC, 0x3A, 0xFC, 0xAC, 0x40,
    0xB4, 0x7E, 0x98, 0x1E, 0xA7, 0xD6, 0xD6, 0x60, 0xCB, 0x39, 0xF8, 0xEA, 0x93, 0x35, 0xFC, 0x0F,
    0x72, 0x08, 0xEE, 0x09, 0x45, 0xAF, 0x0A, 0xC5, 0xBE, 0x50, 0xCB, 0xFF, 0x64, 0x15, 0xE5, 0xBB,
    0x6D, 0xFA, 0xF2, 0x0E, 0xE7, 0x72, 0x3C, 0x21, 0x51, 0x92, 0x6A, 0x68, 0x84, 0x62, 0x2D, 0x94,
    0xE0, 0xBB, 0x9D, 0x8E, 0x90, 0x63, 0xF6, 0x3A, 0x38, 0x97, 0x86, 0x5F, 0x9E, 0x21, 0x4E, 0xA1,
    0x05, 0x28, 0x60, 0x00, 0x64, 0x87, 0xA2, 0xBF, 0x97, 0xEB, 0x00, 0x6D, 0x20, 0x36, 0x10, 0xEC,
    0xDC, 0x42, 0xEC, 0x40, 0xA8, 0x21, 0x4A, 0xC1, 0x2B, 0x00, 0x0B, 0xED, 0x1C, 0x4E, 0x21, 0xFB,
    0x97, 0x91, 0x92, 0x84, 0x1E, 0xC0, 0xDA, 0x9A, 0x16, 0x2B, 0x5F, 0xAF, 0xE9, 0x12, 0x0E, 0x20,
    0xB7, 0xCE, 0x99, 0x87, 0x93, 0x02, 0x64, 0xA5, 0x80, 0x93, 0xD0, 0x82, 0x01, 0x14, 0x8F, 0xAB,
    0xF0, 0x26, 0xC1, 0x98, 0xE8, 0x65, 0x9A, 0x61, 0xFA, 0x78, 0x0A, 0x4F, 0xCC, 0x12, 0xC7, 0x9C,
    0x38, 0xC1, 0xE3, 0xB5, 0x9F, 0x25, 0x21, 0x4A, 0xFD, 0x1C, 0x4E, 0xAD, 0x76, 0x27, 0xA1, 0x09,
    0x8E, 0xB8, 0xCE, 0xE4, 0xDD, 0x09, 0x8B, 0x64, 0x5E, 0x11, 0xA4, 0x8F, 0xB2, 0xD6, 0x4F, 0xE3,
    0xA2, 0x99, 0x8D, 0x9A, 0x8F, 0xB2, 0x76, 0x61, 0x71, 0xA0, 0xAA, 0xB5, 0x47, 0x59, 0xE9, 0xAD,
    0x69, 0x22, 0xB7, 0x4D, 0xF4, 0xFA, 0x96, 0x89, 0x74, 0x60, 0x23, 0x4D, 0x29, 0x31, 0x90, 0x50,
    0x12, 0x9D, 0x0D, 0x97, 0x4A, 0xE8, 0xCE, 0xDE, 0xBD, 0xE4, 0xC9, 0x22, 0xED, 0xC9, 0xBA, 0x28,
    0x8F, 0x9C, 0xD3, 0x91, 0xBB, 0x0F, 0xA3, 0xD3, 0x04, 0x2E, 0x23, 0x0C, 0x2D, 0x00, 0xAB, 0x78,
    0x7A, 0x82, 0x6F, 0x1C, 0x12, 0xDA, 0x37, 0x5F, 0x19, 0xDF, 0xFC, 0xA7, 0xF0, 0x8D, 0x2D, 0x25,
    0x06, 0x12, 0x2D, 0x89, 0xF8, 0xA2, 0xB1, 0xE1, 0x3D, 0x63, 0xFD, 0x8F, 0x8D, 0xE5, 0xBF, 0x12,
    0x57, 0x25, 0xBA, 0x12, 0xB1, 0x44, 0x64, 0x38, 0x0B, 0x24, 0x40, 0x98, 0x82, 0x97, 0x03, 0xC0,
    0x33, 0xD7, 0xF1, 0x76, 0x67, 0xDE, 0x3F, 0x93, 0x27, 0xE2, 0x61, 0x19, 0x32, 0x05, 0x6A, 0x00,
    0x9D, 0x0C, 0x9A, 0x87, 0xA2, 0x33, 0x00, 0xA5, 0x60, 0xD0, 0x86, 0x71, 0x9C, 0x06, 0x36, 0xF8,
    0xE6, 0x96, 0x61, 0x6B, 0x1B, 0x00, 0x58, 0x04, 0x32, 0xF0, 0x0A, 0x08, 0xD2, 0xE3, 0xD5, 0xF6,
    0x53, 0x88, 0x8B, 0x07, 0x2B, 0x47, 0xF5, 0xE3, 0xD5, 0x6E, 0x05, 0xE0, 0xFE, 0x0D, 0xEF, 0x4C,
    0x8E, 0x57, 0x77, 0xE1, 0xF4, 0x83, 0x6A, 0xAD, 0x76, 0xBC, 0xBA, 0x70, 0x9E, 0x73, 0x1D, 0x6C,
    0xFC, 0xBC, 0x09, 0x3E, 0x82, 0x09, 0xDE, 0x36, 0xE1, 0x47, 0x3A, 0x09, 0x72, 0x45, 0x39, 0xCF,
    0xFC, 0x83, 0x61, 0xC3, 0x75, 0x19, 0x66, 0xA3, 0xFB, 0x49, 0x91, 0xE8, 0x50, 0x86, 0xC5, 0x32,
    0x4C, 0xC9, 0xB0, 0x4C, 0x86, 0xD9, 0x66, 0x16, 0x98, 0x66, 0x16, 0xE9, 0x66, 0x36, 0x27, 0xC3,
    0x76, 0x0B, 0x23, 0x19, 0x56, 0xC8, 0x30, 0x13, 0xD8, 0x58, 0x86, 0xB5, 0x64, 0xD8, 0x0C, 0xE0,
    0xBD, 0x09, 0x94, 0x80, 0x02, 0x62, 0x00, 0x58, 0xC1, 0xC3, 0x12, 0xA6, 0x8F, 0x1A, 0x25, 0x51,
    0x9A, 0x11, 0xEB, 0x0E, 0x6D, 0x92, 0xCF, 0x27, 0x84, 0xAE, 0x00, 0x00, 0x6F, 0x08, 0xA1, 0x41,
    0x4A, 0xD0, 0x3C, 0x66, 0xED, 0xA7, 0x81, 0x0D, 0xF0, 0xBE, 0x32, 0x04, 0xA9, 0x3D, 0x56, 0x6D,
    0x2F, 0x1D, 0x12, 0xBC, 0x5F, 0x80, 0xD6, 0xC7, 0xFF, 0x3C, 0x82, 0x1C, 0x29, 0x41, 0x9D, 0x7D,
    0x6D, 0x9D, 0xC9, 0x7A, 0x45, 0x4C, 0x42, 0x47, 0x4A, 0x03, 0x42, 0x53, 0xCA, 0x7C, 0x8B, 0xF7,
    0x85, 0x01, 0x97, 0x42, 0x17, 0x68, 0x1D, 0x1D, 0x2B, 0x50, 0x0A, 0xE0, 0x9B, 0x3F, 0xE0, 0x9C,
    0x29, 0xCF, 0xD8, 0x92, 0xB2, 0x24, 0x2B, 0xE9, 0xEF, 0x32, 0xE5, 0x97, 0xBF, 0x2E, 0x9C, 0xD3,
    0x5F, 0xAF, 0x50, 0xB2, 0x07, 0x7E, 0x03, 0x91, 0x2B, 0x68, 0x5F, 0x18, 0xA3, 0x0E, 0xAE, 0x12,
    0x15, 0x14, 0xA8, 0x58, 0x4B, 0xF0, 0xE0, 0x6F, 0x28, 0xF7, 0xDE, 0x04, 0x45, 0x5B, 0x22, 0xD6,
    0x8A, 0xE8, 0x41, 0x3C, 0x77, 0x05, 0xD5, 0x9D, 0x00, 0x30, 0x9B, 0x12, 0xE4, 0x60, 0x41, 0x01,
    0xB0, 0x46, 0xE2, 0xCC, 0x53, 0xD2, 0x88, 0x15, 0x70, 0xCA, 0xC6, 0xCE, 0x5E, 0xD5, 0xB6, 0xC4,
    0x5A, 0x6C, 0x19, 0xD8, 0xAB, 0x57, 0x6C, 0x7B, 0xBC, 0x09, 0x30, 0xAB, 0x89, 0xA1, 0x03, 0xA3,
    0x29, 0x1B, 0x2F, 0x23, 0x9E, 0x82, 0x8F, 0xA8, 0x04, 0x66, 0xAA, 0xC6, 0x70, 0x38, 0x4C, 0xBE,
    0xC9, 0x17, 0xDB, 0xE9, 0x54, 0x5D, 0xB3, 0xBE, 0x8E, 0x2E, 0xA5, 0x9E, 0x37, 0xA5, 0xC9, 0x1B,
    0x04, 0x7F, 0x27, 0x08, 0x09, 0x7E, 0x21, 0x6E, 0xA7, 0xEB, 0xF5, 0x56, 0xBD, 0x15, 0xDA, 0xEE,
    0x85, 0x1D, 0xCE, 0x86, 0xDB, 0x51, 0x8A, 0x5F, 0x06, 0x06, 0xCF, 0xFA, 0x39, 0x2F, 0x7E, 0xF9,
    0x62, 0x91, 0x38, 0xE7, 0x8A, 0xAB, 0x9E, 0x85, 0x52, 0x08, 0xEB, 0x0B, 0x95, 0xC1, 0x18, 0xAE,
    0x5E, 0xE9, 0x5E, 0x33, 0xED, 0x71, 0xE4, 0x52, 0xF6, 0xE6, 0x85, 0xCE, 0x24, 0xAF, 0xA7, 0x0A,
    0xFA, 0x30, 0x3A, 0x84, 0x01, 0x74, 0x20, 0xF9, 0xDC, 0xC8, 0x02, 0x7A, 0x90, 0xC1, 0x1C, 0x54,
    0xF0, 0xB7, 0x91, 0xC9, 0x7E, 0x4A, 0x50, 0x1C, 0x3A, 0xD1, 0xCB, 0xA2, 0x93, 0x26, 0x17, 0xAD,
    0xA2, 0xEC, 0xD3, 0x7F, 0x7B, 0x2D, 0xDB, 0x72, 0x93, 0xB7, 0xD7, 0x56, 0x32, 0x18, 0xC0, 0x32,
    0xC4, 0x9F, 0x5A, 0xDF, 0x15, 0xFB, 0x27, 0xAA, 0x69, 0x42, 0x6F, 0xCA, 0x46, 0x39, 0xD1, 0x6D,
    0x39, 0x51, 0xE2, 0xC0, 0x4C, 0xD5, 0x78, 0x70, 0x36, 0x53, 0x75, 0x9D, 0x25, 0x21, 0x4C, 0xBD,
    0x1C, 0x3C, 0x7D, 0xD4, 0xBF, 0x79, 0x3F, 0x8D, 0xD2, 0x39, 0x96, 0x80, 0x1A, 0xEA, 0x88, 0x6B,
    0xEF, 0xCB, 0x45, 0xFD, 0xFB, 0x74, 0x16, 0x4E, 0x2B, 0x55, 0xAB, 0x7D, 0xDF, 0x0A, 0x34, 0xFE,
    0x3F, 0x2C, 0x5B, 0x39, 0x5B, 0x3A, 0xF8, 0x2C, 0xF7, 0xB1, 0x90, 0x79, 0x77, 0x55, 0xEC, 0x26,
    0xCB, 0xDC, 0xE9, 0xB3, 0x3C, 0x62, 0x6E, 0x17, 0x34, 0xFB, 0x28, 0xC5, 0x20, 0xF9, 0xA3, 0x95,
    0x7D, 0x02, 0x7E, 0x71, 0x2E, 0xDA, 0xD9, 0x7C, 0x2A, 0xCA, 0x81, 0xEA, 0x29, 0xFD, 0x9C, 0xB3,
    0xDD, 0xD7, 0xA4, 0x45, 0x29, 0x9A, 0x47, 0xC1, 0x1F, 0xE2, 0x59, 0xE8, 0x43, 0xFD, 0xE0, 0x23,
    0x92, 0x27, 0x17, 0x4B, 0x91, 0xED, 0xD3, 0x19, 0xD1, 0x7A, 0x30, 0x2B, 0xA3, 0x39, 0x40, 0x75,
    0xB8, 0x1D, 0xBF, 0x61, 0x7D, 0x97, 0x02, 0xF8, 0x29, 0x51, 0xCA, 0x1C, 0x2C, 0x4D, 0xD9, 0xB8,
    0x08, 0x3B, 0xF8, 0x1F, 0xA6, 0xD1, 0x85, 0x7C, 0xAA, 0x46, 0xD9, 0x5D, 0xBC, 0x63, 0x9F, 0x4C,
    0xCC, 0x74, 0x5D, 0x17, 0xD2, 0xE0, 0x5D, 0xE3, 0x5D, 0xD0, 0x53, 0x75, 0x51, 0x85, 0x4C, 0x00,
    0x55, 0x80, 0xFF, 0xFF, 0x64, 0x72, 0x03, 0x60, 0x1E, 0x6E, 0x43, 0x06, 0xC0, 0xDA, 0xE9, 0xD0,
    0x4D, 0x76, 0xD5, 0xFC, 0x49, 0x3F, 0xBC, 0x33, 0x8A, 0x5B, 0xA3, 0xC6, 0xDC, 0xA8, 0x3F, 0x37,
    0xB2, 0xCD, 0x0D, 0xA3, 0xBA, 0xFA, 0x76, 0xF2, 0x86, 0x5D, 0x76, 0x69, 0x15, 0xBC, 0x87, 0x1F,
    0x72, 0x95, 0x19, 0x85, 0x3A, 0x0A, 0x62, 0xA3, 0x7D, 0x6D, 0x12, 0xB9, 0xC6, 0xFE, 0x43, 0x36,
    0xC4, 0xA0, 0xA6, 0x6C, 0x5C, 0x84, 0x2D, 0xFC, 0xCF, 0xD2, 0xF0, 0x42, 0x31, 0x55, 0xA3, 0xFF,
    0x7B, 0x79, 0x5C, 0xB9, 0xA7, 0xF5, 0xD4, 0x3E, 0xE3, 0x83, 0x0F, 0x03, 0x2B, 0xCC, 0x8C, 0xE8,
    0x0C, 0x50, 0x8A, 0xFE, 0x1C, 0x65, 0x8C, 0x8D, 0x2E, 0x16, 0xE1, 0xBB, 0x26, 0x78, 0x2F, 0xF5,
    0x3E, 0xD4, 0x38, 0xB8, 0x0B, 0x03, 0x50, 0x30, 0x02, 0x4B, 0x98, 0xE3, 0x52, 0x56, 0xA1, 0x06,
    0xEA, 0x30, 0x9E, 0xA6, 0xE3, 0x8A, 0xEE, 0x6B, 0xE3, 0x65, 0x3A, 0x8A, 0x96, 0x22, 0xD9, 0xC7,
    0x5C, 0x87, 0x56, 0x17, 0xD5, 0xFD, 0x74, 0xAC, 0xB6, 0xF2, 0x6F, 0xFF, 0x78, 0xE3, 0x5F, 0x4C,
    0x65, 0x9C, 0xE7, 0xE9, 0x1F, 0x62, 0xE6, 0x7F, 0xAD, 0x99, 0x0B, 0x88, 0x5B, 0xC7, 0x7A, 0xC7,
    0x7F, 0x73, 0xC6, 0xBB, 0x27, 0xDE, 0xD3, 0xF5, 0x04, 0x90, 0xCB, 0xF5, 0xB5, 0xBD, 0xBA, 0x80,
    0x01, 0xDF, 0x8B, 0x65, 0x85, 0xF7, 0xF6, 0x32, 0x5A, 0x4D, 0x5D, 0x7A, 0x0B, 0x94, 0x87, 0x00,
    0xA9, 0x05, 0x4C, 0x7B, 0x0D, 0x18, 0x68, 0x43, 0x89, 0x0D, 0x2C, 0xA0, 0x16, 0xD9, 0x7B, 0x68,
    0x80, 0xF2, 0xC6, 0x85, 0x9A, 0x00, 0x81, 0xB0, 0x80, 0x0B, 0xC9, 0xBA, 0xC1, 0x0B, 0x08, 0xAA,
    0xD0, 0x8D, 0x35, 0x89, 0x0B, 0x05, 0xCA, 0xE3, 0x24, 0x84, 0x67, 0x80, 0x9C, 0xA6, 0x4E, 0x03,
    0x29, 0x0D, 0x93, 0xE4, 0x34, 0x96, 0x1D, 0x49, 0x73, 0xC7, 0xB6, 0x16, 0xEF, 0x2E, 0x59, 0x7B,
    0xB5, 0xD1, 0x99, 0xFF, 0x7F, 0x74, 0xCE, 0x9C, 0x99, 0xEF, 0xFB, 0xED, 0x88, 0xF3, 0xD0, 0x2C,
    0x1B, 0xB7, 0xC0, 0x0F, 0x00, 0x60, 0x0E, 0x50, 0x29, 0x94, 0x2D, 0xAC, 0x64, 0xA0, 0x1D, 0x74,
    0x83, 0x5D, 0x1B, 0x91, 0x6B, 0xA2, 0xAC, 0x82, 0xB4, 0x4B, 0xC4, 0xDE, 0xA3, 0xBC, 0x37, 0x65,
    0x62, 0x1B, 0x5A, 0x32, 0x8D, 0xC8, 0xDB, 0xE0, 0x0A, 0xE8, 0x2E, 0x6C, 0x18, 0xE5, 0x2D, 0x40,
    0x8B, 0xB2, 0xB7, 0x8B, 0x71, 0x0E, 0x0E, 0x1C, 0xC7, 0x9D, 0xF2, 0xEE, 0xBA, 0x71, 0x05, 0xCE,
    0xE1, 0x0A, 0xE9, 0xAE, 0x5F, 0x71, 0xD5, 0xC1, 0x26, 0x80, 0x3D, 0x0B, 0x8F, 0xBA, 0x50, 0xCF,
    0x66, 0x86, 0xF1, 0x7B, 0xC2, 0x26, 0xB7, 0xD3, 0x68, 0xCC, 0x74, 0x24, 0x33, 0xC8, 0x0C, 0xE4,
    0x10, 0x59, 0x90, 0x69, 0x70, 0x06, 0x62, 0x30, 0x15, 0x45, 0x8E, 0xB4, 0x48, 0x83, 0xCC, 0x88,
    0x06, 0x00, 0xFC, 0x15, 0x50, 0x40, 0x94, 0x43, 0x9C, 0x02, 0xC0, 0xFC, 0x2D, 0xF0, 0x3E, 0x8D,
    0xFF, 0xFF, 0x24, 0x2A, 0x85, 0xF3, 0x80, 0x06, 0x3A, 0x40, 0x6F, 0x87, 0xDB, 0x93, 0xB6, 0x1A,
    0x50, 0x05, 0x94, 0x05, 0x39, 0xBE, 0x03, 0x7D, 0x3F, 0x89, 0x63, 0x50, 0x86, 0x1A, 0xAC, 0x4E,
    0x18, 0x63, 0x6F, 0xCB, 0x37, 0x53, 0x0D, 0x6D, 0xE8, 0xEE, 0x50, 0x07, 0x6A, 0x50, 0xFE, 0xCA,
    0x86, 0x0E, 0x00, 0xF3, 0x29, 0xA8, 0x0C, 0x6A, 0x05, 0xB8, 0xCA, 0x6C, 0xA1, 0x2E, 0x23, 0x46,
    0xC8, 0xCF, 0x50, 0xD2, 0x4E, 0x07, 0x25, 0x53, 0x88, 0x2D, 0x44, 0x66, 0xB6, 0x40, 0xAB, 0xD0,
    0x83, 0x5F, 0x30, 0x1D, 0xCD, 0x8D, 0xA3, 0xD0, 0xEE, 0xC0, 0x79, 0x07, 0x89, 0x9D, 0x29, 0xD1,
    0x4B, 0xA4, 0xC9, 0x9F, 0xA4, 0xD1, 0xD7, 0x30, 0x9C, 0x0E, 0x6A, 0x9E, 0x4B, 0xC8, 0x0F, 0x33,
    0xF8, 0x21, 0x85, 0x15, 0x00, 0x68, 0x35, 0xC1, 0xFB, 0x8C, 0x87, 0x17, 0x87, 0x14, 0xD4, 0x83,
    0x95, 0x29, 0x88, 0x6D, 0x81, 0x7C, 0xEC, 0x6C, 0x87, 0xED, 0xD3, 0xF6, 0x24, 0x2D, 0x28, 0x53,
    0xF0, 0x3E, 0xDE, 0x17, 0xF8, 0xB1, 0x01, 0x4A, 0x25, 0xD0, 0xED, 0xE0, 0xCD, 0xE0, 0x3C, 0x18,
    0x2E, 0x6B, 0x12, 0xDF, 0xA1, 0x7A, 0x61, 0x88, 0x66, 0x8B, 0x36, 0x9A, 0xEE, 0x1E, 0x77, 0x82,
    0x6B, 0x6C, 0x51, 0x7E, 0x73, 0x48, 0x3C, 0x3E, 0x07, 0x80, 0x68, 0x19, 0x12, 0x3F, 0x22, 0xB9,
    0xD9, 0xB7, 0x89, 0x91, 0x2E, 0x31, 0x14, 0xC1, 0x9D, 0x60, 0x1D, 0x5C, 0x5B, 0xF3, 0x69, 0xB0,
    0xA9, 0x4D, 0x8E, 0x43, 0x3B, 0xBD, 0xC4, 0x88, 0xD0, 0x2F, 0xC9, 0x12, 0xEF, 0x4D, 0xE2, 0xEF,
    0x03, 0x25, 0x40, 0x43, 0xEB, 0x9A, 0xC1, 0x7B, 0x0B, 0x35, 0x68, 0x4E, 0x78, 0xFE, 0xEC, 0xC7,
    0x79, 0x7A, 0xFB, 0xF0, 0x2C, 0x6C, 0x50, 0xF6, 0x06, 0x68, 0xB5, 0x8C, 0xF7, 0xD9, 0xC3, 0x96,
    0x29, 0x60, 0x5B, 0x84, 0xC3, 0x10, 0x7F, 0x4F, 0x63, 0x01, 0xA1, 0x67, 0xD0, 0xFC, 0xF6, 0xED,
    0x90, 0xCB, 0xC4, 0x3E, 0x2D, 0x5F, 0x70, 0x9A, 0xA2, 0x4D, 0xFB, 0xBD, 0x56, 0xAF, 0xEF, 0x87,
    0xEF, 0xB5, 0x1A, 0x3D, 0xE8, 0xC0, 0x0A, 0xA8, 0xFF, 0x71, 0x91, 0xCF, 0x81, 0x53, 0xD2, 0xA8,
    0x3B, 0xC4, 0x43, 0x0E, 0x97, 0x71, 0x71, 0xFB, 0xCE, 0x37, 0x55, 0x52, 0xD6, 0xC1, 0xC1, 0xFA,
    0x21, 0x93, 0x6E, 0x5F, 0x21, 0x53, 0x24, 0x3D, 0x64, 0xA2, 0x18, 0x16, 0xE1, 0x14, 0x2C, 0x19,
    0x92, 0x83, 0x4F, 0xAC, 0x23, 0xB2, 0xC4, 0x90, 0x04, 0x35, 0x90, 0x0E, 0x28, 0x09, 0xA3, 0x14,
    0xF1, 0x08, 0x51, 0x70, 0x38, 0x98, 0x1D, 0x57, 0xE1, 0x94, 0xB3, 0x1D, 0xDD, 0x80, 0xC4, 0xC1,
    0x52, 0x07, 0xDA, 0x0A, 0x00, 0xE6, 0xFF, 0x19, 0xFA, 0x3E, 0x97, 0x0F, 0x7F, 0x3F, 0x53, 0x29,
    0x54, 0xD9, 0x7B, 0x6B, 0x78, 0x75, 0xBD, 0x47, 0xDF, 0xB5, 0x11, 0xAE, 0x03, 0xAE, 0x16, 0x5C,
    0x0D, 0x56, 0x16, 0x27, 0xC7, 0xB7, 0x1D, 0x6B, 0x3E, 0x07, 0xE0, 0x2C, 0x8C, 0x91, 0x9F, 0x9A,
    0x24, 0xCA, 0x00, 0x2E, 0x1F, 0x49, 0xFC, 0xDF, 0x54, 0x7F, 0x33, 0xD4, 0x6C, 0xB5, 0xD1, 0xDD,
    0x1D, 0x0A, 0x87, 0x35, 0xB6, 0xCA, 0x6F, 0x0C, 0x63, 0xAF, 0xE1, 0xA9, 0x3A, 0xBF, 0x9C, 0x2F,
    0xAA, 0x3E, 0x13, 0x2D, 0x78, 0x65, 0x01, 0x56, 0xDE, 0x05, 0x55, 0xCC, 0x94, 0x6F, 0x81, 0x2C,
    0xBE, 0x6D, 0x85, 0xE7, 0x27, 0xC1, 0x45, 0x76, 0xF2, 0x6C, 0x4D, 0x67, 0x0A, 0xC7, 0x32, 0x74,
    0xE0, 0xCC, 0x4F, 0x81, 0x9B, 0x1D, 0x0C, 0x37, 0x20, 0xCA, 0x40, 0xDA, 0x60, 0x03, 0x00, 0x2F,
    0xC1, 0x39, 0x58, 0x86, 0xD5, 0x9F, 0xC6, 0x78, 0x02, 0x58, 0x33, 0xF0, 0xC0, 0x22, 0xAD, 0x03,
    0xA0, 0x81, 0x30, 0x05, 0x71, 0xFA, 0x63, 0x7E, 0xD8, 0xBA, 0x98, 0x7A, 0xEF, 0x9F, 0x7C, 0x16,
    0xC4, 0xFB, 0x3A, 0x4A, 0x41, 0xE5, 0x50, 0xE9, 0x41, 0x77, 0x09, 0x00, 0x84, 0x01, 0x69, 0xF7,
    0xF8, 0x83, 0x26, 0xF2, 0x33, 0x8F, 0x7C, 0x58, 0xB6, 0x32, 0x97, 0x56, 0xDA, 0x28, 0x7B, 0x91,
    0xE7, 0xA0, 0x84, 0x32, 0xB4, 0x9F, 0x56, 0x77, 0x36, 0x36, 0xC6, 0x8F, 0x99, 0xBC, 0x7D, 0xD6,
    0xA6, 0x6E, 0xB6, 0x7A, 0x28, 0xEF, 0x07, 0x93, 0xBD, 0xD0, 0xF6, 0x82, 0x6A, 0x0E, 0x50, 0xC0,
    0x6F, 0x5B, 0x86, 0x10, 0x0A, 0x05, 0x4F, 0x5D, 0x2D, 0x50, 0x77, 0xC7, 0x28, 0x5B, 0x46, 0x19,
    0x85, 0x22, 0x31, 0xCF, 0x73, 0x62, 0x6C, 0xFD, 0x07, 0xFB, 0xCA, 0x1A, 0xC0, 0x5C, 0x0B, 0xE5,
    0x11, 0x0E, 0x0E, 0xA0, 0xF9, 0x02, 0xE5, 0x49, 0xD2, 0x67, 0xC3, 0x69, 0x1C, 0x68, 0xE0, 0xAB,
    0x6F, 0xF7, 0x47, 0x70, 0xBC, 0x59, 0x1F, 0xC6, 0x56, 0xEE, 0x53, 0x4E, 0x66, 0xF5, 0xE1, 0xAF,
    0xDE, 0x5E, 0x1B, 0x81, 0x30, 0xFB, 0xF5, 0x59, 0x5F, 0xFC, 0xBB, 0xAD, 0xB2, 0x3B, 0x48, 0xA4,
    0xF5, 0xC5, 0x5F, 0x87, 0x9E, 0xCF, 0x8B, 0xF5, 0xE2, 0x18, 0xE4, 0x91, 0x95, 0xA9, 0xFC, 0x44,
    0x0C, 0xE1, 0x18, 0x8A, 0x05, 0x60, 0x0E, 0xB5, 0x4F, 0x39, 0xCD, 0x32, 0xAB, 0xFC, 0x2D, 0x55,
    0x03, 0x61, 0x94, 0x8D, 0xCC, 0x41, 0x38, 0x4B, 0x7A, 0xC7, 0x76, 0xBC, 0x39, 0x57, 0x1F, 0xAA,
    0xD8, 0x2A, 0x79, 0x00, 0x9D, 0xCC, 0x54, 0xE8, 0x0C, 0x0A, 0x96, 0x38, 0xFA, 0x3E, 0xAA, 0x40,
    0x98, 0x65, 0x99, 0xEA, 0xD8, 0x9E, 0x8D, 0x0C, 0x50, 0x12, 0x68, 0x69, 0x5F, 0x28, 0xB6, 0x45,
    0x92, 0x0A, 0x0F, 0x4D, 0x58, 0x27, 0x1A, 0x92, 0xBC, 0xC5, 0xE9, 0x38, 0xDD, 0xF9, 0x1D, 0x4F,
    0xAB, 0x8B, 0x39, 0x3E, 0xA5, 0x04, 0xAC, 0x23, 0x07, 0x24, 0xAF, 0x51, 0x89, 0xCD, 0x21, 0x02,
    0x46, 0x39, 0x6B, 0x96, 0xE3, 0xD0, 0x60, 0x8E, 0x82, 0x4E, 0x70, 0x28, 0x32, 0xA3, 0x50, 0x86,
    0x62, 0x05, 0x8A, 0x1E, 0x7C, 0x9F, 0x83, 0x77, 0x30, 0x1E, 0xC0, 0xA0, 0x06, 0x45, 0x39, 0x38,
    0xB1, 0x14, 0x32, 0xA7, 0xA0, 0x98, 0x8C, 0xAB, 0x02, 0xC0, 0x59, 0x60, 0x19, 0xB8, 0x0A, 0xE4,
    0x00, 0x50, 0x02, 0xBD, 0x4B, 0x2F, 0x6B, 0xE1, 0x74, 0x6C, 0x75, 0x19, 0xDD, 0x41, 0x3B, 0xEA,
    0x41, 0x5B, 0xE8, 0xF3, 0x68, 0x65, 0x1E, 0xB7, 0x47, 0x4E, 0x33, 0x00, 0xB8, 0x0C, 0x5D, 0x70,
    0x60, 0x01, 0x4A, 0x34, 0x26, 0x03, 0x43, 0xB7, 0x1A, 0x7A, 0xC0, 0x4A, 0x11, 0x06, 0x52, 0x7B,
    0x3A, 0x50, 0xDA, 0xC7, 0x67, 0xE9, 0x2D, 0x18, 0xCA, 0xA0, 0x61, 0x13, 0x80, 0x06, 0x14, 0x07,
    0xD5, 0xE4, 0x89, 0x1E, 0xA5, 0x49, 0xBA, 0xC4, 0x32, 0x50, 0x42, 0xBF, 0xB0, 0x1C, 0x22, 0x01,
    0xC0, 0x25, 0x70, 0x90, 0x23, 0x2C, 0x40, 0x49, 0xEF, 0xDD, 0xF8, 0x99, 0x5E, 0xBE, 0x4A, 0x03,
    0x53, 0x44, 0xB6, 0x90, 0x41, 0xA6, 0x10, 0x07, 0x0A, 0x5E, 0x2A, 0xE9, 0x55, 0xBD, 0xA9, 0x73,
    0x6D, 0xA6, 0x65, 0x3E, 0x46, 0x51, 0xA6, 0x38, 0xBA, 0x4F, 0xD8, 0xBD, 0x41, 0x36, 0xB5, 0xD3,
    0xEB, 0xBB, 0xDB, 0xE6, 0x40, 0x99, 0xDD, 0xFA, 0x43, 0xD4, 0x6F, 0x51, 0x23, 0x54, 0xC6, 0x9A,
    0xA1, 0xBA, 0xF3, 0x94, 0x1F, 0x05, 0xED, 0xB9, 0x8B, 0xFC, 0xBB, 0x1C, 0xC6, 0x79, 0xD5, 0xD6,
    0x77, 0xB6, 0x59, 0xC4, 0x3A, 0xC8, 0x0C, 0x92, 0x14, 0x96, 0x00, 0xA0, 0x89, 0x30, 0x43, 0x22,
    0xEB, 0x09, 0x36, 0x91, 0x7D, 0x60, 0x23, 0xFB, 0x6D, 0x1E, 0x59, 0x57, 0x04, 0x77, 0x82, 0xCF,
    0x07, 0xAB, 0x0B, 0xD6, 0xC5, 0x1F, 0x5A, 0x17, 0x7D, 0x6E, 0x1D, 0xDF, 0x07, 0x5F, 0x0F, 0xAE,
    0x07, 0xAB, 0xE0, 0xC4, 0x12, 0xA5, 0xA1, 0x46, 0x81, 0x06, 0x78, 0xF9, 0xB8, 0xF9, 0x03, 0xEF,
    0xEA, 0xFF, 0x38, 0x5C, 0x41, 0x6B, 0x2A, 0xFB, 0x69, 0x26, 0x99, 0x01, 0x16, 0x00, 0x05, 0x9C,
    0x06, 0xCE, 0xC2, 0x14, 0x08, 0x00, 0x27, 0xB6, 0x5F, 0x01, 0xAE, 0x02, 0x44, 0xE6, 0x0C, 0xE2,
    0xBF, 0x1C, 0xFC, 0x9B, 0x85, 0xEA, 0xEC, 0xA6, 0x68, 0x9E, 0x4B, 0xF2, 0x5E, 0x86, 0x37, 0x5C,
    0x9B, 0x82, 0xAF, 0x04, 0xD4, 0x00, 0x0D, 0xB4, 0x81, 0x4D, 0x73, 0x99, 0x6F, 0x3E, 0xF5, 0xA9,
    0x18, 0xC5, 0x99, 0x28, 0x84, 0x13, 0x0E, 0x27, 0xF2, 0xE7, 0x7B, 0x17, 0x7D, 0x3A, 0xA1, 0x77,
    0x81, 0x78, 0x10, 0xAC, 0x83, 0xAB, 0xC1, 0xEA, 0xEF, 0xAD, 0x93, 0x81, 0x5E, 0x7C, 0x6B, 0x1D,
    0x8F, 0x26, 0xE4, 0xE5, 0x09, 0xBD, 0xB4, 0x6C, 0x3B, 0xBA, 0x92, 0x22, 0xC7, 0x40, 0xE3, 0xC0,
    0x53, 0x3C, 0x51, 0x0D, 0x3A, 0x24, 0x03, 0x84, 0xE1, 0x57, 0x6F, 0xC3, 0xDA, 0x08, 0x00, 0x7E,
    0x7E, 0x0B, 0xE1, 0xBD, 0x49, 0xEE, 0x9F, 0xCC, 0xCA, 0x46, 0xB8, 0x15, 0xE8, 0x69, 0xD0, 0x1D,
    0xA8, 0xF5, 0xA0, 0xB2, 0xC3, 0xB5, 0x0E, 0x68, 0x0D, 0x9D, 0x2A, 0x0C, 0x54, 0x2A, 0x9D, 0x7C,
    0x74, 0xC7, 0xD2, 0x1F, 0x01, 0x10, 0x6D, 0xA4, 0xB1, 0xCF, 0x00, 0x5A, 0x84, 0x9D, 0xF2, 0x85,
    0x42, 0xD3, 0x69, 0x53, 0xEB, 0x72, 0xBE, 0xCB, 0x52, 0x50, 0x8F, 0x4A, 0x07, 0x5D, 0x63, 0x4B,
    0xBD, 0xE1, 0x22, 0x9F, 0x02, 0xAC, 0x2F, 0xC2, 0xAF, 0xB7, 0xA0, 0xEC, 0x66, 0x8A, 0xB2, 0x40,
    0x26, 0x27, 0x6F, 0xE4, 0xD3, 0xD0, 0x2C, 0x2C, 0x40, 0xA5, 0x02, 0xED, 0x36, 0xE4, 0xF9, 0x4C,
    0x89, 0x58, 0x5F, 0x8F, 0x3E, 0xCE, 0xE2, 0x7F, 0x48, 0x8F, 0x1D, 0x9B, 0x12, 0xEA, 0xE7, 0x37,
    0x5B, 0xCD, 0x40, 0xE0, 0x87, 0xC9, 0xFD, 0xF2, 0xCD, 0x66, 0xD9, 0x24, 0x86, 0x15, 0x42, 0xA5,
    0x43, 0x45, 0x27, 0x54, 0xF4, 0x48, 0x6E, 0x36, 0x42, 0xE5, 0x8B, 0x27, 0x7B, 0xED, 0xC9, 0x89,
    0x49, 0x97, 0x6A, 0xA8, 0x50, 0x69, 0xA8, 0x02, 0x8F, 0x1F, 0xD0, 0x0F, 0xA1, 0x00, 0xA0, 0xC9,
    0x71, 0x62, 0xFF, 0x81, 0xCF, 0xAB, 0xBF, 0x79, 0xF0, 0xD1, 0x40, 0xD3, 0x47, 0xB7, 0x59, 0x09,
    0x34, 0xAC, 0xB4, 0xAE, 0x15, 0xD4, 0xFD, 0xE8, 0xF1, 0x5E, 0xB3, 0x4B, 0x0D, 0xC2, 0x09, 0xA8,
    0xD1, 0x37, 0xA8, 0x37, 0xFF, 0xFB, 0xE1, 0x96, 0xF4, 0x69, 0x7F, 0x00, 0x00, 0x0B, 0x86, 0x2A,
    0x68, 0x70, 0x00, 0xAD, 0x06, 0x8F, 0xDF, 0xA9, 0x2F, 0xBA, 0x82, 0xA2, 0xA0, 0x57, 0xD0, 0x7E,
    0x52, 0xBB, 0x47, 0xB7, 0x33, 0xEF, 0x29, 0xCA, 0x14, 0x49, 0x5A, 0x48, 0x5B, 0x44, 0x4F, 0x3B,
    0x74, 0x0A, 0x56, 0x38, 0x01, 0x35, 0x28, 0x10, 0xD9, 0xD3, 0xCB, 0x92, 0x65, 0x4F, 0xFD, 0x0B,
    0xEA, 0x50, 0x03, 0xBD, 0x8F, 0x0E, 0x93, 0x08, 0x38, 0xBB, 0x7D, 0x9B, 0xC9, 0xA7, 0xC8, 0x05,
    0xFC, 0x0C, 0xF4, 0xF6, 0x50, 0xC2, 0xA1, 0x48, 0x55, 0x62, 0xE4, 0x08, 0x31, 0x80, 0x43, 0xC1,
    0xFC, 0x62, 0x9E, 0xCA, 0x12, 0xAA, 0x87, 0x74, 0x53, 0x90, 0x4C, 0x56, 0x37, 0x2B, 0xB0, 0x0A,
    0x20, 0xDE, 0x41, 0x79, 0xB7, 0xF2, 0xC7, 0xEB, 0x1D, 0xE8, 0x42, 0x0F, 0xAE, 0x41, 0x35, 0x23,
    0x1E, 0xC1, 0x9A, 0x45, 0x3A, 0x28, 0xA0, 0x1B, 0x64, 0x84, 0x1B, 0xDF, 0xC9, 0xFA, 0xDE, 0x00,
    0x7B, 0x26, 0x5C, 0xFC, 0x13, 0x55, 0x6F, 0xDE, 0x9B, 0xC7, 0x41, 0x17, 0xD6, 0x0C, 0x6A, 0x00,
    0x7D, 0x48, 0x26, 0x6F, 0x7C, 0x0F, 0xAF, 0x98, 0xFE, 0x68, 0xEF, 0x32, 0xE6, 0xA1, 0xB3, 0x8B,
    0x1B, 0xC4, 0x05, 0xAA, 0xC3, 0xB2, 0x9A, 0x2E, 0xFB, 0x61, 0xD2, 0xE5, 0x88, 0x1C, 0x34, 0x9C,
    0x23, 0x1E, 0x20, 0x1A, 0x07, 0x4D, 0x27, 0x2C, 0x51, 0x0E, 0x6D, 0x58, 0x26, 0x29, 0x98, 0x33,
    0x3B, 0xD7, 0x27, 0x0F, 0x0B, 0x03, 0x3B, 0xBF, 0xF4, 0xA9, 0xFE, 0xF6, 0x56, 0xAB, 0x85, 0xF7,
    0x3E, 0x6D, 0x5D, 0x6F, 0x41, 0x85, 0xC3, 0xF9, 0x14, 0xB0, 0x02, 0xC4, 0x29, 0xC8, 0xE0, 0x3E,
    0xD0, 0x04, 0x88, 0x49, 0x50, 0xCD, 0xFE, 0xB8, 0xDC, 0x54, 0xEC, 0x2A, 0x26, 0xFE, 0x22, 0x1A,
    0x93, 0x0B, 0x87, 0xE6, 0x54, 0x3C, 0x10, 0x8D, 0x27, 0x8B, 0xAD, 0x1F, 0xE7, 0xF0, 0x43, 0x0A,
    0x75, 0x98, 0x19, 0x1B, 0x25, 0x68, 0xC3, 0x66, 0x4C, 0x9E, 0x10, 0x60, 0xE8, 0x8F, 0x29, 0x37,
    0x51, 0xFC, 0x98, 0x0C, 0xF1, 0x17, 0x04, 0xB0, 0x03, 0x24, 0x57, 0x7E, 0xC8, 0xC2, 0xDD, 0x5B,
    0x2F, 0x48, 0xBE, 0x7B, 0x02, 0xD6, 0x46, 0x57, 0xDE, 0xD9, 0x35, 0x01, 0x88, 0xFC, 0x0C, 0xF1,
    0xB8, 0xCB, 0x42, 0x92, 0x03, 0xD0, 0x40, 0xE0, 0x88, 0xD3, 0x83, 0xBA, 0x20, 0x49, 0x7B, 0x28,
    0x53, 0xA3, 0x4A, 0xF9, 0xAB, 0x21, 0xB1, 0xCF, 0x01, 0x88, 0xF2, 0x57, 0x92, 0xF1, 0xE6, 0x62,
    0x92, 0x01, 0x2F, 0x73, 0x44, 0xA3, 0xF7, 0x53, 0x8D, 0xAD, 0xEA, 0x9B, 0xC3, 0xC4, 0x9F, 0x03,
    0xA2, 0x8D, 0x1B, 0x48, 0xEF, 0x66, 0x4B, 0x32, 0x79, 0x78, 0x4F, 0x81, 0x21, 0xB9, 0x8A, 0xFC,
    0x2A, 0x83, 0x7E, 0x3A, 0x53, 0x94, 0x98, 0x5C, 0xFE, 0xAF, 0x15, 0xDE, 0x4C, 0x45, 0xC3, 0x2F,
    0x81, 0x2F, 0x53, 0xF8, 0xC0, 0xC2, 0xC7, 0xC1, 0x6B, 0xCC, 0x94, 0x8A, 0xBF, 0x86, 0x2F, 0x8D,
    0xF8, 0x30, 0x15, 0xF7, 0x0C, 0x77, 0x99, 0x8E, 0x6D, 0xFD, 0x12, 0xE2, 0x1B, 0x87, 0xBC, 0x67,
    0x49, 0xE2, 0x19, 0x73, 0x85, 0x17, 0x8B, 0xCF, 0x73, 0xF9, 0x7A, 0x7A, 0x4C, 0x4D, 0x05, 0x35,
    0x03, 0x00, 0x07, 0x22, 0xDB, 0xF1, 0x8F, 0xC1, 0x4F, 0x40, 0x0C, 0x99, 0x8A, 0x62, 0x15, 0x72,
    0x44, 0x86, 0xB8, 0x0F, 0xEF, 0x03, 0x70, 0x02, 0x80, 0xBA, 0x01, 0x78, 0x90, 0x01, 0xD2, 0x6E,
    0x02, 0x93, 0xB0, 0x73, 0x08, 0xD3, 0xA6, 0x4A, 0x6C, 0x35, 0x75, 0x92, 0x54, 0xB3, 0x96, 0x2A,
    0x53, 0xE1, 0x5F, 0xAD, 0x62, 0x89, 0xEF, 0xEC, 0x12, 0x8A, 0xCF, 0xB3, 0x0A, 0x4A, 0x64, 0xB9,
    0x26, 0xF9, 0x23, 0xEB, 0x34, 0xF1, 0xEB, 0xB6, 0xDB, 0x46, 0xFE, 0x47, 0xDA, 0xEE, 0x22, 0xFF,
    0xD3, 0x68, 0x47, 0xF4, 0x19, 0x35, 0x87, 0xF8, 0x9A, 0xA5, 0x1C, 0x46, 0xA8, 0x0C, 0x86, 0x28,
    0x0B, 0x5B, 0x24, 0x16, 0x58, 0x07, 0xE4, 0x00, 0x48, 0x5E, 0x03, 0x2A, 0x71, 0xBA, 0x9D, 0xBE,
    0x81, 0xE9, 0x89, 0x22, 0xCA, 0x3B, 0xD1, 0x40, 0x66, 0x5A, 0x0E, 0xA5, 0xAD, 0xC4, 0xEF, 0xC6,
    0xE9, 0x52, 0xF2, 0x97, 0x89, 0x51, 0x61, 0x43, 0x1D, 0x4B, 0x14, 0xC9, 0x5F, 0xC4, 0x6F, 0x11,
    0xFF, 0x8B, 0xFC, 0x3F, 0xE4, 0x40, 0x0E, 0x91, 0x85, 0x18, 0x12, 0x39, 0x8A, 0xDD, 0x4B, 0x94,
    0xE9, 0xB3, 0x25, 0xCA, 0x1E, 0x49, 0xAA, 0x51, 0x94, 0xA9, 0xA1, 0x4C, 0x87, 0xD8, 0x16, 0xC8,
    0x8F, 0x1C, 0xE2, 0x3B, 0x0B, 0x3E, 0x85, 0x3A, 0x70, 0x7E, 0x5F, 0xEF, 0x58, 0x20, 0xBF, 0x90,
    0x01, 0x0D, 0x8E, 0x74, 0xA9, 0x75, 0xD0, 0x9A, 0xF6, 0x12, 0x85, 0xC2, 0x25, 0x17, 0xF2, 0xF8,
    0x9E, 0x0D, 0x53, 0x20, 0x3E, 0x35, 0x78, 0xB8, 0x0B, 0x1D, 0xD0, 0xD0, 0x05, 0x47, 0x9C, 0xE1,
    0x53, 0x9A, 0x20, 0xD2, 0x1B, 0x44, 0x1F, 0xE5, 0x60, 0xCC, 0xCC, 0xD8, 0x9E, 0xFD, 0xDE, 0x35,
    0x70, 0x1A, 0x00, 0x8E, 0xB7, 0x5A, 0xD4, 0xBD, 0x0F, 0x9F, 0x6B, 0x80, 0x06, 0x0A, 0x88, 0x1C,
    0x48, 0x0B, 0xCA, 0x40, 0x75, 0xFF, 0xE6, 0x30, 0x8E, 0x60, 0x98, 0x37, 0x94, 0xA1, 0x06, 0x5D,
    0x80, 0xB9, 0x96, 0xA9, 0xFA, 0x7C, 0xEE, 0xCF, 0x73, 0x62, 0x8B, 0x82, 0x1A, 0xB4, 0xC1, 0x21,
    0x33, 0x92, 0x94, 0x32, 0xAC, 0x6C, 0xDC, 0xA8, 0x7B, 0xC7, 0x22, 0x50, 0x06, 0x8E, 0xCE, 0x90,
    0x64, 0x15, 0x06, 0x70, 0x69, 0x0A, 0x8C, 0xC8, 0x9C, 0x21, 0xDA, 0xFE, 0x85, 0x5B, 0x9F, 0x1D,
    0xCA, 0x4B, 0x22, 0x4D, 0xFE, 0x34, 0x95, 0x5F, 0xC3, 0x70, 0x0A, 0x1A, 0x71, 0x4B, 0x0D, 0xCF,
    0x1F, 0xD1, 0x3C, 0xAF, 0xFC, 0x0E, 0xC5, 0x98, 0x0D, 0x68, 0x1C, 0xC7, 0x7B, 0xC6, 0x7F, 0xB3,
    0x2B, 0x69, 0xEB, 0x2C, 0xCE, 0x1A, 0xB0, 0x8A, 0xE3, 0xD4, 0xDA, 0xF2, 0x6D, 0x07, 0xDF, 0x5D,
    0x81, 0x00, 0x09, 0xEC, 0xDD, 0x4D, 0x1C, 0x9A, 0x00, 0x01, 0x7A, 0x80, 0xD6, 0x05, 0x0C, 0xD4,
    0x80, 0xF9, 0x0A, 0x05, 0x9B, 0x8F, 0xC2, 0x01, 0x1B, 0x69, 0x9B, 0x02, 0x05, 0x0A, 0xD4, 0x81,
    0xD0, 0x40, 0x0D, 0xC5, 0x80, 0x0B, 0x89, 0x03, 0xD8, 0xC0, 0x15, 0x2E, 0xAD, 0x1C, 0x8D, 0x1D,
    0xA0, 0x7C, 0x77, 0xD3, 0xF2, 0x5D, 0x20, 0x4B, 0x88, 0x0B, 0xA4, 0xD0, 0x4C, 0xCB, 0xC4, 0x39,
    0xC5, 0x27, 0x4D, 0x67, 0xF6, 0x0E, 0x61, 0x19, 0xAB, 0xB6, 0x54, 0xF9, 0xFF, 0xD7, 0xBE, 0xCF,
    0x33, 0xA3, 0xD5, 0xEC, 0xBC, 0xCF, 0x8E, 0x66, 0xDF, 0x99, 0x77, 0x00, 0x21, 0x39, 0xFD, 0x69,
    0x58, 0x09, 0x6B, 0xDF, 0x55, 0xF1, 0x0F, 0xAF, 0xFF, 0xBB, 0x4C, 0xA5, 0xD8, 0xA6, 0x07, 0x63,
    0x32, 0xC8, 0x28, 0xA0, 0xCB, 0x78, 0x4E, 0xAD, 0x5D, 0xEA, 0x52, 0x40, 0x46, 0x06, 0x05, 0x1D,
    0x30, 0x24, 0x65, 0xA0, 0x09, 0x7F, 0xBD, 0xA3, 0x60, 0x73, 0x9B, 0x27, 0x7F, 0x82, 0x9A, 0x3C,
    0xA8, 0x22, 0xFB, 0x6F, 0x2A, 0x7D, 0xC7, 0x36, 0x3D, 0x0E, 0xE9, 0x32, 0xA2, 0xED, 0xB0, 0x32,
    0x47, 0x8B, 0x82, 0xAC, 0xE9, 0x34, 0xF9, 0x1B, 0x4D, 0x60, 0x4B, 0x00, 0x1A, 0x79, 0x03, 0x44,
    0x5C, 0x6A, 0xA2, 0xBF, 0x96, 0x8E, 0xFE, 0x0E, 0x47, 0x13, 0x4F, 0xCA, 0x53, 0xF9, 0x1C, 0x32,
    0xC4, 0x25, 0x63, 0x12, 0x49, 0x97, 0x0E, 0xA4, 0x3F, 0x4E, 0x21, 0xB0, 0x35, 0x7B, 0x7E, 0xB2,
    0x13, 0x2C, 0x64, 0xCE, 0xF9, 0x28, 0xA3, 0x5F, 0x67, 0xF4, 0xC8, 0xF6, 0xB9, 0xBA, 0x6C, 0xD0,
    0xB9, 0x31, 0x25, 0xB6, 0xE7, 0x01, 0x00, 0x38, 0x25, 0x4A, 0x80, 0x24, 0x96, 0x00, 0xE1, 0x36,
    0x00, 0x62, 0x02, 0x00, 0x90, 0xAF, 0x3A, 0xE4, 0x03, 0x6B, 0xFD, 0x00, 0x9B, 0xAD, 0x4B, 0x53,
    0xF2, 0x8B, 0xC6, 0xD0, 0x87, 0xA0, 0x36, 0x5E, 0x57, 0xA4, 0x8C, 0x83, 0xAB, 0x19, 0x42, 0x45,
    0x1B, 0x57, 0x54, 0x14, 0xB3, 0xC2, 0x34, 0x45, 0x50, 0xFB, 0x42, 0x45, 0x0A, 0xDF, 0x32, 0x91,
    0xCD, 0x4B, 0xB5, 0xC1, 0x90, 0x52, 0x80, 0xE1, 0x9E, 0x03, 0xAE, 0xF7, 0xC0, 0xDA, 0x89, 0xDD,
    0x91, 0xBE, 0x00, 0xB8, 0xBC, 0xD4, 0x78, 0xCF, 0x5A, 0x38, 0xEF, 0x24, 0x06, 0xEF, 0x3D, 0xAA,
    0x69, 0xBC, 0x83, 0xF7, 0x9E, 0xE7, 0x4D, 0x9F, 0xD6, 0x36, 0xDE, 0xF3, 0x3F, 0xF1, 0x45, 0xF5,
    0x94, 0x08, 0xDD, 0x78, 0x0F, 0xAA, 0xA6, 0xE5, 0x7C, 0x48, 0x93, 0x99, 0xF7, 0xEE, 0xCC, 0xFB,
    0xB8, 0xF1, 0xCE, 0xAF, 0xB7, 0xA5, 0xF3, 0x2E, 0xAC, 0x2D, 0xE1, 0x64, 0xC0, 0x65, 0xC8, 0x82,
    0x6F, 0x6B, 0xC7, 0x3C, 0x2E, 0x3D, 0xF7, 0xF1, 0x0C, 0x5C, 0xC9, 0x44, 0x3E, 0x88, 0x6D, 0x11,
    0xDB, 0x69, 0xE7, 0xC2, 0x54, 0xE4, 0x93, 0x8C, 0x0D, 0x84, 0x1E, 0x92, 0x11, 0xAA, 0x11, 0x99,
    0x73, 0xE0, 0x39, 0xC5, 0x73, 0xD6, 0xB0, 0xA1, 0x20, 0x13, 0x35, 0x5D, 0x36, 0x42, 0x45, 0x7A,
    0x63, 0x9A, 0xFC, 0xF8, 0x79, 0xB4, 0x73, 0x3E, 0xB1, 0x53, 0x00, 0x18, 0x38, 0x33, 0xA0, 0x0F,
    0x03, 0x6B, 0xAB, 0x06, 0xC0, 0x1C, 0x97, 0x6A, 0x68, 0xDE, 0x82, 0x01, 0xD4, 0xF3, 0x76, 0x37,
    0x1D, 0x70, 0x18, 0x1C, 0xBE, 0x5F, 0x8F, 0xA0, 0x86, 0x75, 0x05, 0xCB, 0x9C, 0x84, 0x2C, 0x2C,
    0xB3, 0x48, 0x65, 0x81, 0xCC, 0x20, 0x13, 0x64, 0xA1, 0x7A, 0xAE, 0xB1, 0x6B, 0x71, 0x29, 0x2C,
    0xAC, 0xBA, 0x4B, 0xC8, 0x85, 0x29, 0x81, 0x5A, 0xB1, 0x0D, 0x49, 0x47, 0xBF, 0x28, 0x47, 0xFF,
    0x53, 0x3B, 0xD2, 0xC6, 0x53, 0xE1, 0xA9, 0xED, 0x29, 0xB9, 0xE0, 0x28, 0x7A, 0xE0, 0x28, 0xF8,
    0xDE, 0x11, 0x8F, 0x3C, 0xAD, 0x79, 0xEA, 0x7B, 0x4A, 0x3C, 0xC5, 0x6A, 0x05, 0xA0, 0x0D, 0xD0,
    0x05, 0x8E, 0x4D, 0x81, 0x54, 0x03, 0x8B, 0x8D, 0xB7, 0x33, 0xDE, 0x5B, 0xCF, 0x7B, 0x3B, 0xE5,
    0xBD, 0xE1, 0xBD, 0x2D, 0x78, 0x6F, 0x2D, 0x6D, 0x3C, 0x15, 0x9E, 0xDA, 0x9E, 0x9C, 0xB7, 0x96,
    0xF7, 0xD6, 0x72, 0xDE, 0x1C, 0xF1, 0xC8, 0xD3, 0x9A, 0xA7, 0xBE, 0xA7, 0xC4, 0x53, 0xAC, 0x5A,
    0x00, 0x7B, 0x69, 0xA1, 0x00, 0x92, 0x09, 0xB0, 0x28, 0x81, 0x40, 0x01, 0x61, 0x05, 0x88, 0x12,
    0x80, 0x13, 0xCB, 0x12, 0xF9, 0xB6, 0xD5, 0xA1, 0xEA, 0x7F, 0x32, 0x0D, 0x55, 0xAF, 0x19, 0x3B,
    0x5A, 0x2F, 0x4E, 0xC0, 0x53, 0xF4, 0x81, 0x27, 0x2B, 0xC1, 0xBF, 0x63, 0x79, 0x0A, 0xF4, 0x08,
    0x7A, 0x35, 0x24, 0x25, 0x00, 0x2C, 0x32, 0xAB, 0xA7, 0x0A, 0x7A, 0x15, 0x64, 0x1A, 0x46, 0x0E,
    0x7A, 0x88, 0xA8, 0x33, 0x82, 0xAA, 0x45, 0xA8, 0x56, 0x88, 0xAC, 0x25, 0xB1, 0x56, 0xA6, 0x44,
    0xCA, 0xDD, 0xA9, 0x32, 0x44, 0x3D, 0x04, 0x6D, 0x60, 0xF4, 0x3B, 0xA2, 0x8C, 0xDF, 0x2F, 0xC3,
    0xFF, 0x82, 0x29, 0x00, 0x39, 0xA9, 0x55, 0xC7, 0xA3, 0x1A, 0xB4, 0xB7, 0x65, 0x9D, 0x58, 0xBD,
    0x26, 0xB5, 0x41, 0x6B, 0xB4, 0x09, 0xF5, 0xDA, 0x55, 0xDD, 0x99, 0xDC, 0x05, 0xAE, 0x1F, 0x1B,
    0x66, 0xA9, 0x8E, 0x2B, 0x58, 0x5E, 0xED, 0x4F, 0x23, 0x15, 0xEE, 0x73, 0xBD, 0x5E, 0xF5, 0xA7,
    0x83, 0x63, 0xD9, 0xBC, 0xAD, 0x90, 0xFB, 0xB5, 0x63, 0x70, 0x0C, 0xB2, 0x0C, 0x52, 0x0D, 0xBE,
    0x29, 0xC0, 0xE9, 0x5B, 0x08, 0x27, 0xDC, 0xAD, 0x02, 0x55, 0x2A, 0x85, 0xEE, 0xC1, 0x38, 0x83,
    0xAC, 0x80, 0xEE, 0x18, 0x5A, 0x4F, 0xA0, 0x5B, 0xCC, 0x9E, 0x2E, 0x3A, 0x30, 0x49, 0xCA, 0x50,
    0x37, 0x81, 0x7F, 0x1E, 0xF7, 0x17, 0xB9, 0x1E, 0xFE, 0x85, 0x12, 0x16, 0xEE, 0x01, 0x90, 0x13,
    0xD9, 0x2A, 0xBD, 0x60, 0x32, 0x8A, 0x21, 0xDD, 0x11, 0xED, 0x11, 0x2B, 0xCE, 0xC6, 0xB4, 0x0A,
    0xB2, 0x2E, 0x1B, 0xC9, 0x67, 0x7A, 0x16, 0xF0, 0x7D, 0xD0, 0x08, 0xFE, 0xB5, 0xA6, 0x09, 0x18,
    0x7D, 0x00, 0x18, 0x20, 0x9A, 0x50, 0xFE, 0xA2, 0xF0, 0xE1, 0xC9, 0x07, 0xFC, 0x2E, 0x9D, 0x26,
    0xDC, 0x47, 0xB6, 0x06, 0x60, 0x89, 0xCB, 0xE1, 0x37, 0x15, 0x56, 0xF2, 0x11, 0x80, 0x0F, 0xF9,
    0x64, 0xFB, 0x98, 0x17, 0xE5, 0xE2, 0xFC, 0x2C, 0xCC, 0x8B, 0x5C, 0x12, 0x5A, 0xED, 0xCA, 0x01,
    0x00, 0xC1, 0xFD, 0xCA, 0xE3, 0x48, 0xC5, 0x81, 0x1F, 0x22, 0xEF, 0x09, 0xC2, 0x07, 0x2A, 0xFC,
    0x46, 0x1D, 0x48, 0x22, 0x00, 0x61, 0x0D, 0x71, 0x09, 0x67, 0x78, 0x79, 0x32, 0x43, 0x45, 0x22,
    0x69, 0xC1, 0x89, 0xC3, 0xC8, 0x14, 0xFE, 0xB1, 0xFB, 0xBB, 0xFF, 0xDE, 0x97, 0x3A, 0x9A, 0x7F,
    0x5E, 0x0B, 0xE7, 0xE5, 0x6B, 0x38, 0x79, 0xD8, 0x01, 0x0D, 0x6A, 0xC0, 0x00, 0xFE, 0xC6, 0xC2,
    0xCB, 0x51, 0x1A, 0x56, 0xA0, 0x21, 0x83, 0x85, 0xC3, 0xC8, 0x5C, 0xFC, 0x94, 0xBE, 0x95, 0x7F,
    0xF6, 0x7A, 0x85, 0xD0, 0x60, 0x60, 0xFC, 0xE1, 0xED, 0xB1, 0xB5, 0x13, 0xC3, 0x78, 0x84, 0x29,
    0x84, 0xEE, 0xDC, 0x50, 0xF1, 0x0E, 0x00, 0xF9, 0x00, 0xEC, 0x04, 0xF2, 0x55, 0x00, 0xD0, 0x23,
    0x8F, 0x23, 0x8B, 0x6B, 0x40, 0x62, 0xD5, 0x62, 0x2E, 0x81, 0x38, 0x92, 0x2E, 0xC6, 0x1D, 0x28,
    0xBA, 0x35, 0xD2, 0x6E, 0xDF, 0x02, 0x80, 0x58, 0x42, 0xE2, 0x20, 0x8E, 0x5A, 0xDA, 0x09, 0x18,
    0xC3, 0x88, 0x83, 0x49, 0xE3, 0x8D, 0x2F, 0x80, 0xFE, 0x0E, 0x00, 0xC0, 0x72, 0x9E, 0xC3, 0xA6,
    0xB5, 0xF0, 0xCB, 0xC3, 0xDC, 0x85, 0xAB, 0x0A, 0xC2, 0x07, 0x8E, 0xE2, 0x8F, 0x1D, 0x25, 0x81,
    0xA3, 0x76, 0xF0, 0x70, 0x95, 0x2C, 0xB0, 0xDB, 0x0C, 0x7D, 0xCD, 0xDA, 0x0A, 0xE1, 0x29, 0xAC,
    0x82, 0x8A, 0x48, 0x39, 0x4A, 0xA4, 0xA3, 0x94, 0xC0, 0xEE, 0x74, 0x1D, 0x59, 0x5E, 0xB9, 0x0D,
    0xA4, 0x56, 0x02, 0x80, 0x58, 0x15, 0x03, 0x3A, 0xF6, 0x8F, 0x76, 0x38, 0x17, 0x6D, 0xC7, 0x25,
    0x81, 0x09, 0x15, 0x42, 0x07, 0x15, 0x17, 0x7F, 0xBE, 0x58, 0xA7, 0xD6, 0xDA, 0x7A, 0x4D, 0x68,
    0x30, 0x9E, 0x74, 0xE0, 0x6B, 0xE1, 0x04, 0xD6, 0xAE, 0xF6, 0x6F, 0xA8, 0xCE, 0x24, 0xB6, 0x25,
    0x00, 0x2C, 0xFD, 0xBD, 0xD7, 0x59, 0x87, 0x5B, 0xBF, 0x5B, 0x25, 0x25, 0xB4, 0x81, 0x0C, 0x28,
    0x80, 0x71, 0x83, 0x4D, 0x3D, 0x03, 0xBA, 0x60, 0xD9, 0x74, 0x59, 0xDF, 0xEE, 0xB8, 0x32, 0x51,
    0xE8, 0x70, 0xE7, 0x4B, 0xCD, 0xBA, 0xBD, 0x0E, 0xC0, 0x95, 0x05, 0x62, 0xFB, 0xA7, 0x74, 0xDE,
    0x9B, 0x92, 0xB1, 0xC1, 0xD8, 0xF1, 0xE8, 0x09, 0xF8, 0xDF, 0x33, 0x0A, 0x3A, 0xEF, 0x4C, 0x49,
    0x6C, 0x81, 0xB8, 0x95, 0xC1, 0xF2, 0x47, 0xF8, 0xA9, 0xC9, 0xF2, 0x3D, 0xCE, 0x09, 0x43, 0xC7,
    0x0F, 0x41, 0x3E, 0xDB, 0x93, 0x92, 0xB5, 0x20, 0x19, 0x43, 0x58, 0x3F, 0x53, 0x67, 0xE7, 0x69,
    0x9D, 0x7C, 0x78, 0xD3, 0xEB, 0x1C, 0x22, 0x74, 0x01, 0xBA, 0xEB, 0xD0, 0x71, 0x78, 0x42, 0x67,
    0x0D, 0x70, 0x8C, 0xEB, 0x91, 0x5B, 0x75, 0x7E, 0x82, 0x8D, 0xB9, 0x6C, 0xA7, 0xDA, 0x89, 0x76,
    0x9A, 0x87, 0x64, 0xA3, 0x27, 0x6C, 0xD8, 0x7C, 0x45, 0xE9, 0x67, 0xD3, 0xC8, 0x66, 0x30, 0xB3,
    0xE2, 0xDC, 0x92, 0xE9, 0xF8, 0x10, 0xEC, 0xFB, 0xC1, 0x75, 0x84, 0xEF, 0x69, 0xDE, 0x15, 0x03,
    0x16, 0x31, 0x14, 0x18, 0x7F, 0x85, 0x15, 0x26, 0x91, 0x98, 0x1E, 0x98, 0x31, 0x3C, 0xAA, 0xC1,
    0x6A, 0xD8, 0x99, 0xC0, 0xA4, 0x0B, 0x26, 0x75, 0x88, 0x15, 0x26, 0xAC, 0x7D, 0xEB, 0xF9, 0x73,
    0x9D, 0x67, 0x2E, 0xB8, 0x42, 0x42, 0xA8, 0x9E, 0x86, 0x70, 0x48, 0x1D, 0x0A, 0xC2, 0xFB, 0x9A,
    0xF0, 0x9F, 0x15, 0xE1, 0xBF, 0x40, 0x68, 0x1D, 0x1E, 0xBB, 0xFA, 0x83, 0x9A, 0x50, 0x19, 0x87,
    0xC2, 0xA1, 0xE3, 0x90, 0x94, 0x47, 0xB2, 0x72, 0x7B, 0xE7, 0x11, 0x10, 0x7B, 0x0C, 0x20, 0xD4,
    0x1C, 0x64, 0xF9, 0x3E, 0x0F, 0xD7, 0xE0, 0x2E, 0xFC, 0x03, 0xF4, 0x01, 0x78, 0xE3, 0x73, 0x58,
    0xDF, 0x3E, 0xBA, 0xAD, 0x45, 0x50, 0x41, 0x28, 0x21, 0xC2, 0xE1, 0x3A, 0x04, 0x06, 0x80, 0xE0,
    0x76, 0xE9, 0x04, 0x1E, 0x5E, 0x69, 0xB3, 0x37, 0xF0, 0xDF, 0xF0, 0x6C, 0x61, 0xEA, 0x31, 0xFF,
    0xCC, 0x57, 0xE9, 0xD8, 0x6D, 0x57, 0x6E, 0x80, 0xD0, 0x10, 0x29, 0x48, 0x81, 0x02, 0x84, 0x99,
    0x67, 0x91, 0x17, 0xA7, 0x40, 0x07, 0x48, 0xE6, 0x48, 0x39, 0x41, 0x8F, 0xDE, 0xDF, 0x4E, 0x9B,
    0x29, 0x0F, 0xE0, 0x77, 0x7C, 0x1F, 0xCC, 0x77, 0x7C, 0x4D, 0xB7, 0x83, 0x75, 0xAB, 0x97, 0xFF,
    0xB8, 0xF6, 0xFD, 0xA5, 0x90, 0x81, 0x26, 0xAC, 0x88, 0x76, 0x10, 0x57, 0x67, 0x71, 0x7C, 0x04,
    0xC3, 0xC6, 0x46, 0x08, 0x7D, 0x2B, 0xAE, 0x36, 0xAD, 0x5C, 0x5C, 0xE5, 0x64, 0x20, 0x93, 0x84,
    0x68, 0x3A, 0x7F, 0x6B, 0x06, 0xA0, 0x0F, 0x60, 0x41, 0xCD, 0xBA, 0x62, 0xF9, 0xB7, 0x96, 0x90,
    0x7A, 0xB7, 0x80, 0x73, 0x0B, 0xE0, 0xDD, 0xC2, 0x6F, 0x26, 0x13, 0x05, 0x20, 0xDB, 0xCB, 0x2F,
    0x31, 0x13, 0x85, 0x73, 0x40, 0x01, 0x68, 0x08, 0xD4, 0x91, 0x86, 0x38, 0x82, 0x92, 0xA4, 0x64,
    0x05, 0xDE, 0xFA, 0x7F, 0x85, 0xB8, 0x01, 0x27, 0xC1, 0x90, 0x3D, 0x4D, 0xD2, 0x51, 0x50, 0x35,
    0xB4, 0x95, 0x17, 0x41, 0x65, 0xED, 0x74, 0x5E, 0x33, 0x64, 0xCF, 0xA0, 0x6E, 0xE8, 0x28, 0xBD,
    0xE3, 0x27, 0xCC, 0x0E, 0x00, 0x0C, 0x4E, 0xCB, 0xFF, 0xB6, 0xE6, 0xF1, 0x27, 0x1B, 0xDB, 0xF4,
    0xA6, 0xA4, 0x86, 0xC4, 0x9B, 0xAF, 0xB4, 0x0D, 0x99, 0xA1, 0x30, 0x68, 0xE3, 0x9E, 0x4A, 0xE5,
    0xCF, 0xDB, 0xD8, 0x9A, 0x1D, 0x30, 0x7B, 0xED, 0x32, 0x70, 0x13, 0x18, 0x03, 0x2D, 0x20, 0x06,
    0xA0, 0x49, 0x3B, 0x7D, 0xD6, 0x69, 0x3D, 0x64, 0xA0, 0x7C, 0xCA, 0xE9, 0x33, 0x4E, 0x6D, 0x1C,
    0x0A, 0x87, 0xB6, 0x83, 0xCB, 0x36, 0x7D, 0xB2, 0xE9, 0x73, 0x4D, 0xCD, 0x23, 0x87, 0x35, 0x87,
    0xBE, 0x43, 0xE2, 0x10, 0x2B, 0x71, 0x1D, 0xA1, 0x61, 0x08, 0x67, 0xE6, 0x29, 0xA4, 0x4B, 0x20,
    0x5D, 0xFA, 0xD8, 0x23, 0xCB, 0x68, 0xED, 0x67, 0x60, 0x20, 0xAC, 0x20, 0x96, 0xB0, 0x08, 0x74,
    0x2A, 0xF8, 0x83, 0xBB, 0x33, 0xF8, 0x7A, 0xAA, 0xA0, 0x55, 0xC1, 0x5B, 0x1A, 0x46, 0x77, 0x77,
    0xF7, 0x26, 0xA1, 0x3A, 0xE3, 0x90, 0x12, 0x5B, 0x2B, 0x93, 0xDB, 0x5F, 0xAA, 0x36, 0xA1, 0xCA,
    0x08, 0x76, 0xF7, 0x25, 0x24, 0x25, 0x5D, 0x18, 0xC0, 0xE7, 0x04, 0xDF, 0x11, 0xBE, 0x4B, 0xF8,
    0x57, 0x88, 0xED, 0x83, 0xEE, 0x4E, 0x78, 0x0D, 0xA0, 0x00, 0xD0, 0x40, 0xA0, 0x5E, 0xE6, 0x3E,
    0x85, 0x57, 0x00, 0x3A, 0x00, 0x19, 0x80, 0xE6, 0x48, 0x77, 0x2C, 0x9C, 0x05, 0xC6, 0xE0, 0x5B,
    0x85, 0xF3, 0x7B, 0xA7, 0xAF, 0x5F, 0x73, 0xA2, 0x74, 0xFC, 0x43, 0x5A, 0xA7, 0x32, 0xD2, 0x3D,
    0x92, 0x71, 0x46, 0x96, 0x15, 0x8C, 0xBB, 0x63, 0x74, 0x6B, 0x1C, 0xAA, 0xD6, 0x38, 0x96, 0xAD,
    0xF1, 0x0A, 0xDD, 0xC2, 0xFF, 0x61, 0x44, 0xD1, 0xA9, 0x99, 0x24, 0x2A, 0xD4, 0x89, 0x5B, 0x38,
    0xDA, 0x9B, 0xDB, 0x2C, 0x00, 0x04, 0x25, 0xF1, 0x13, 0x9F, 0x4E, 0x7E, 0x2A, 0xB2, 0x53, 0xBF,
    0x54, 0x04, 0xD3, 0x61, 0x74, 0x6F, 0x94, 0xB4, 0x47, 0xE7, 0x57, 0x46, 0xC3, 0x95, 0x91, 0x6E,
    0xAD, 0xAB, 0xAC, 0x2F, 0xDD, 0xA7, 0xA3, 0x7B, 0xB6, 0x3C, 0x01, 0x4B, 0xEF, 0x49, 0xA2, 0x6F,
    0x14, 0xE2, 0xDB, 0x1A, 0xAE, 0x5D, 0x3B, 0xB2, 0x1D, 0xF3, 0x95, 0x2B, 0x64, 0x19, 0x2B, 0xAE,
    0xD1, 0xFB, 0xF2, 0x60, 0xFF, 0xF2, 0x4E, 0x05, 0xFF, 0x68, 0x40, 0x9D, 0x3D, 0x32, 0x31, 0x62,
    0x9B, 0xF8, 0xA7, 0xF2, 0xB8, 0x50, 0x07, 0x52, 0x72, 0xF6, 0x2C, 0xED, 0x36, 0x71, 0x4C, 0xF0,
    0x40, 0xCD, 0x96, 0xB6, 0xBE, 0x35, 0xBD, 0x7C, 0xD0, 0x85, 0x5D, 0xEB, 0xF9, 0x9B, 0x7A, 0xEF,
    0x4D, 0x6F, 0xAE, 0xA5, 0xB3, 0xD9, 0x20, 0xBC, 0x9A, 0x10, 0xBD, 0x2B, 0x01, 0xAE, 0x10, 0xD9,
    0x32, 0xBD, 0xA0, 0x33, 0xCC, 0x90, 0xE1, 0x57, 0xF9, 0x78, 0xD3, 0x4E, 0xBF, 0xCA, 0x07, 0x63,
    0x28, 0xA0, 0x07, 0xC9, 0x7F, 0xE8, 0x66, 0xDD, 0x25, 0x98, 0x90, 0xDC, 0xE1, 0xF7, 0x42, 0x09,
    0xE4, 0xB9, 0xB4, 0xD6, 0x85, 0x29, 0x69, 0x60, 0xD7, 0xB6, 0xFC, 0x4D, 0xB5, 0xF7, 0xA6, 0x37,
    0xD7, 0xD2, 0x99, 0xD8, 0x21, 0x6A, 0xDE, 0xF7, 0x20, 0x4E, 0xE7, 0xEF, 0x9B, 0xC4, 0xB8, 0xD3,
    0x0D, 0x40, 0xE4, 0x32, 0xB4, 0x8A, 0x02, 0xB2, 0xE7, 0x9B, 0xB8, 0x87, 0x6B, 0xFC, 0xD4, 0x88,
    0x71, 0xF2, 0x85, 0x9E, 0x8D, 0xEB, 0xDE, 0xC6, 0xDD, 0xE3, 0x2F, 0x72, 0xF2, 0x33, 0x6F, 0xC9,
    0xFE, 0xE7, 0x3E, 0xC1, 0xC7, 0x25, 0xC1, 0xF7, 0x35, 0xDC, 0xBD, 0x0B, 0xE7, 0xCF, 0x1F, 0xE9,
    0xB9, 0xCF, 0xEE, 0xDB, 0xB9, 0x54, 0xF6, 0x40, 0xE7, 0x3E, 0xC4, 0x35, 0xF4, 0x36, 0xE0, 0xDA,
    0xF1, 0x23, 0x15, 0xC4, 0xD7, 0x84, 0xFF, 0xA9, 0x62, 0xAA, 0x03, 0xA9, 0xB9, 0x79, 0x93, 0xA2,
    0xA0, 0xD5, 0x22, 0x8E, 0xE7, 0x99, 0xB3, 0xB5, 0xE5, 0xD6, 0x25, 0x6D, 0x30, 0x86, 0xB1, 0x61,
    0xD8, 0xB0, 0xFE, 0xF5, 0xCB, 0xCA, 0x5A, 0x4C, 0x8A, 0x89, 0x4B, 0x13, 0x2A, 0x13, 0xCC, 0x1A,
    0x14, 0x86, 0xDE, 0x7C, 0x5A, 0xBF, 0x3A, 0xFF, 0xB6, 0x17, 0x16, 0xE5, 0xAB, 0x7D, 0x95, 0x6C,
    0xC9, 0x44, 0x91, 0x48, 0x12, 0x9E, 0x6D, 0xC1, 0x76, 0x33, 0xA7, 0x83, 0xF2, 0x70, 0x4E, 0xA3,
    0x09, 0x9D, 0xAF, 0x79, 0x33, 0x9A, 0x2D, 0x6D, 0xBC, 0x65, 0xE9, 0x3F, 0xA4, 0x0F, 0x5D, 0xC8,
    0xF6, 0xB1, 0xD7, 0x5E, 0x83, 0x24, 0x81, 0xE8, 0x2F, 0x4B, 0xC4, 0x7D, 0x75, 0x94, 0x47, 0x1B,
    0x7E, 0x32, 0xAC, 0xA4, 0xC4, 0x1F, 0xC8, 0xE0, 0xC1, 0x01, 0xCF, 0x5E, 0x36, 0x25, 0xC1, 0xE3,
    0x8A, 0x50, 0x5E, 0x3B, 0x4A, 0x41, 0xBE, 0x5F, 0x37, 0x19, 0x22, 0xEA, 0x03, 0xA9, 0x11, 0x5F,
    0x90, 0x58, 0xDD, 0xFB, 0xC3, 0x9B, 0x05, 0x8C, 0x60, 0x0C, 0x1F, 0x41, 0xA7, 0x22, 0xDA, 0x86,
    0x75, 0x45, 0xA8, 0xC1, 0xC0, 0xC8, 0x99, 0x14, 0x7A, 0xE7, 0x8E, 0xDF, 0xAC, 0x03, 0x5C, 0x06,
    0x0D, 0x35, 0x42, 0x01, 0x88, 0x4F, 0xE9, 0x58, 0xF9, 0xD5, 0x12, 0x1A, 0x46, 0xB0, 0x2E, 0x49,
    0x26, 0xB0, 0x09, 0xB1, 0x22, 0xF4, 0xB6, 0x75, 0x55, 0xCE, 0xA7, 0xEC, 0x4D, 0xA8, 0x09, 0x14,
    0x61, 0x09, 0x90, 0xE7, 0x39, 0xD6, 0xDA, 0x32, 0x5F, 0xCB, 0xA1, 0xC5, 0xE1, 0x00, 0x70, 0x0C,
    0x58, 0x01, 0xCE, 0x03, 0x6F, 0x02, 0x00, 0x44, 0xC4, 0x24, 0xAB, 0x9B, 0x3B, 0xE9, 0x6A, 0xC2,
    0x9E, 0x4B, 0x46, 0x0F, 0x83, 0x1D, 0xE0, 0x32, 0x9A, 0x5A, 0x28, 0xE0, 0x43, 0x99, 0x5A, 0xD3,
    0x93, 0x1B, 0xD0, 0x85, 0x36, 0xB4, 0xA0, 0x60, 0xC9, 0x88, 0xCD, 0x4A, 0xFC, 0x3C, 0x81, 0x2E,
    0xA4, 0x90, 0x34, 0xDC, 0x86, 0x2E, 0x62, 0x4A, 0x5A, 0x2F, 0x59, 0xD9, 0x37, 0xBC, 0x0D, 0x80,
    0xB8, 0x42, 0xC7, 0x96, 0xE7, 0xA2, 0x0A, 0x31, 0xCF, 0x47, 0x88, 0x95, 0xD8, 0xF4, 0x19, 0xAD,
    0x10, 0x4F, 0xE6, 0x29, 0x9A, 0xB8, 0x62, 0x5D, 0x76, 0x26, 0xAC, 0x97, 0x9C, 0x80, 0x80, 0xDF,
    0x27, 0xF0, 0x6B, 0xEF, 0x3F, 0xED, 0x39, 0x13, 0x96, 0x86, 0xA8, 0x7C, 0x16, 0xB6, 0xF2, 0x4B,
    0xA5, 0xB5, 0xD6, 0x97, 0xFE, 0xF7, 0x7D, 0x31, 0x58, 0xDC, 0x4D, 0xC7, 0x89, 0xFE, 0xAF, 0x74,
    0xFC, 0xFE, 0x2A, 0xE1, 0x77, 0x96, 0x70, 0x2B, 0x55, 0x61, 0xDD, 0x84, 0xD0, 0xEA, 0x79, 0xF8,
    0x5F, 0x85, 0x92, 0x01, 0x84, 0x23, 0x67, 0x14, 0xC7, 0x7F, 0x93, 0x5C, 0x36, 0xD7, 0x4C, 0xB3,
    0x09, 0x4D, 0xF4, 0x76, 0x5D, 0x76, 0x06, 0x5B, 0x76, 0xD3, 0x6C, 0x32, 0x47, 0x30, 0x1B, 0xB3,
    0x99, 0x4F, 0x0B, 0x0A, 0x3A, 0xB8, 0x1C, 0x7A, 0x90, 0xB2, 0xA8, 0xD3, 0x6A, 0xB0, 0x38, 0xB5,
    0xD7, 0xF9, 0x14, 0x00, 0x04, 0x40, 0x51, 0x29, 0xE8, 0xC9, 0xA1, 0xC1, 0x22, 0xB8, 0xEB, 0x7E,
    0x2D, 0x00, 0x18, 0x00, 0x4A, 0x0D, 0x5A, 0x14, 0x2A, 0x25, 0x77, 0xDA, 0xBB, 0x6D, 0xA7, 0xDF,
    0xCC, 0xB4, 0x76, 0xCF, 0xA1, 0xEF, 0xFF, 0x4C, 0xFE, 0xF3, 0xBD, 0x97, 0x37, 0xDF, 0x7B, 0xFF,
    0xB7, 0x47, 0x17, 0x53, 0x14, 0x14, 0x14, 0x64, 0x4D, 0x76, 0x71, 0x49, 0x99, 0xB9, 0xEA, 0x2E,
    0x4F, 0x76, 0xC0, 0x94, 0xCA, 0x7F, 0xA1, 0x9C, 0x10, 0xA0, 0xFD, 0x30, 0xFC, 0x0B, 0x9A, 0x23,
    0x91, 0x24, 0xAB, 0xD1, 0x28, 0x98, 0x54, 0x87, 0x8F, 0xAD, 0x35, 0x74, 0xBC, 0xBD, 0xDD, 0x1B,
    0x9E, 0xD7, 0x68, 0x3C, 0xE0, 0xAE, 0x28, 0x4A, 0x8B, 0x0E, 0x0D, 0xB6, 0xC5, 0x20, 0x9A, 0xCC,
    0x26, 0x51, 0x4F, 0x42, 0xA5, 0xC2, 0xCE, 0x0E, 0x9E, 0xC7, 0x62, 0x01, 0x10, 0x94, 0x3C, 0xCF,
    0x5A, 0x97, 0x23, 0xCD, 0x56, 0xAB, 0x55, 0x10, 0xA4, 0xCF, 0x8C, 0x1C, 0x1F, 0x73, 0x7A, 0x4A,
    0xAB, 0x45, 0xB9, 0x0C, 0x00, 0x45, 0x55, 0x54, 0x93, 0xEA, 0x20, 0xFB, 0x8A, 0x19, 0x0F, 0x1F,
    0x4F, 0xAA, 0x70, 0xAD, 0xDA, 0xF1, 0x4E, 0x97, 0xF5, 0x6B, 0x5D, 0xCF, 0x3B, 0x59, 0x10, 0x2C,
    0x4F, 0xBD, 0x83, 0x4D, 0x4A, 0xDD, 0x23, 0xEF, 0xFE, 0x82, 0xAB, 0xAD, 0x98, 0x72, 0x07, 0x17,
    0x40, 0xBF, 0xFB, 0xEA, 0x6D, 0x55, 0x50, 0x75, 0x5C, 0x7C, 0x35, 0x94, 0x2E, 0xA3, 0xE0, 0x7C,
    0xC5, 0x24, 0x07, 0x18, 0xA2, 0x18, 0x95, 0x95, 0x25, 0x1E, 0x00, 0xD7, 0x5D, 0xA7, 0xDF, 0xA2,
    0x42, 0x8D, 0x9E, 0x0C, 0xA3, 0x30, 0xB2, 0x44, 0x8D, 0x0A, 0x25, 0x6A, 0x84, 0xD1, 0xA7, 0xD3,
    0x1A, 0x70, 0x6F, 0x1A, 0x46, 0x45, 0x95, 0xE3, 0x4D, 0xE5, 0x8B, 0x06, 0xAB, 0x1C, 0x3C, 0x25,
    0xA4, 0x44, 0xE3, 0xC8, 0x23, 0x1F, 0xC7, 0xD5, 0x11, 0x6C, 0x75, 0xDC, 0x49, 0x5A, 0x56, 0x5F,
    0xC6, 0x88, 0x7C, 0xD5, 0x84, 0xCE, 0x64, 0xF5, 0x34, 0xCC, 0x27, 0xE0, 0x27, 0xEA, 0xF0, 0x8E,
    0xEA, 0x1B, 0xA9, 0xDB, 0x81, 0xEC, 0xFF, 0xAE, 0xAC, 0x6F, 0xC5, 0x95, 0x41, 0x65, 0xCA, 0xC4,
    0x07, 0xCB, 0xB3, 0x1D, 0xC8, 0x86, 0xBE, 0xBA, 0x1C, 0xC7, 0xBF, 0xFA, 0xF8, 0x97, 0xFA, 0xF8,
    0xC9, 0x45, 0x7B, 0xFE, 0x50, 0xEB, 0xA3, 0x55, 0x02, 0x72, 0x42, 0x96, 0xD9, 0x7B, 0xAE, 0xFA,
    0x3D, 0xC1, 0x15, 0x0D, 0x9B, 0xA3, 0xD1, 0x48, 0x84, 0x49, 0x92, 0x44, 0x19, 0x03, 0x6E, 0x1A,
    0x17, 0x66, 0x34, 0xC4, 0x06, 0x04, 0x05, 0x45, 0x51, 0x51, 0x16, 0x98, 0xB0, 0x09, 0x1D, 0xF0,
    0xE0, 0x04, 0x16, 0x10, 0x63, 0x44, 0x2F, 0x05, 0x5B, 0x59, 0xD0, 0x85, 0x3A, 0xD8, 0x9D, 0xEA,
    0xEB, 0x2E, 0x79, 0x47, 0xBA, 0x35, 0xDD, 0x60, 0x33, 0xFD, 0x4C, 0x34, 0x21, 0x75, 0x4D, 0xC8,
    0xB6, 0x62, 0xF8, 0x5C, 0x4D, 0x66, 0x29, 0xAF, 0x0B, 0x5F, 0x59, 0xF8, 0xCA, 0x96, 0x5B, 0xF7,
    0x4F, 0xBC, 0xD6, 0xC1, 0xF1, 0xAB, 0xD7, 0xFF, 0x88, 0x23, 0x6A, 0x14, 0x25, 0x6C, 0x08, 0x0B,
    0x8F, 0x05, 0x2F, 0x37, 0xBF, 0xFC, 0xA4, 0xBA, 0x07, 0x6B, 0xDE, 0x7A, 0xC6, 0x67, 0x3F, 0xCA,
    0x37, 0xBE, 0x07, 0x60, 0xB5, 0x7A, 0xD2, 0xC8, 0x2B, 0xC4, 0x2C, 0xB4, 0x0B, 0xEA, 0xAF, 0x56,
    0xBE, 0x5C, 0xC0, 0xB6, 0xF4, 0x95, 0xA1, 0x81, 0xA4, 0x8E, 0x79, 0x96, 0x16, 0xBF, 0x95, 0x60,
    0x88, 0xBC, 0x56, 0xEA, 0x1B, 0x42, 0xF6, 0x9E, 0xA9, 0x7E, 0x28, 0xEA, 0x41, 0x76, 0x32, 0x63,
    0x6B, 0x23, 0xFC, 0x6D, 0xBA, 0x6C, 0x18, 0xE1, 0x4F, 0x5F, 0x5F, 0x00, 0x50, 0xB8, 0x8E, 0x95,
    0x08, 0xAD, 0xA0, 0x26, 0x00, 0xD9, 0x2E, 0x99, 0x98, 0x94, 0x68, 0x1A, 0xB7, 0x4B, 0xC2, 0x7F,
    0xE7, 0x0F, 0x4B, 0x39, 0x80, 0x7E, 0x04, 0x28, 0x9A, 0x25, 0x01, 0x0E, 0x0A, 0x24, 0x36, 0x8E,
    0xA0, 0xAE, 0x6E, 0x09, 0x6E, 0xA4, 0x29, 0xD7, 0x94, 0xAD, 0xB0, 0x25, 0xFA, 0x2C, 0x4F, 0xB1,
    0x2B, 0x1F, 0x20, 0xB3, 0xFF, 0xF6, 0xC1, 0x50, 0xFE, 0xBB, 0x17, 0x96, 0x22, 0xFE, 0xDC, 0x5A,
    0x0B, 0x5A, 0xAE, 0xE3, 0xBE, 0x06, 0xD6, 0xFA, 0xF0, 0xE3, 0x0F, 0xDF, 0x4B, 0x97, 0x13, 0x60,
    0xA0, 0x2C, 0xD9, 0x93, 0xFB, 0x0A, 0x30, 0x9F, 0xAC, 0xBB, 0x06, 0x79, 0x2E, 0xF4, 0x4D, 0xAC,
    0xF7, 0x85, 0xF9, 0x95, 0x3C, 0x72, 0x55, 0xBD, 0x2E, 0x70, 0x5B, 0xD5, 0x9B, 0xBB, 0x8B, 0xF5,
    0x18, 0x2A, 0x68, 0x29, 0x44, 0x4F, 0x42, 0xA9, 0x84, 0x16, 0x6E, 0x12, 0x47, 0x5A, 0xA3, 0xE1,
    0x0B, 0xA5, 0x5F, 0xF7, 0x38, 0xD4, 0x42, 0x15, 0x24, 0xB9, 0x9D, 0x01, 0xF1, 0x10, 0x4C, 0x65,
    0xFE, 0x7A, 0xE7, 0x3B, 0x38, 0x4F, 0x62, 0x20, 0xF8, 0xBF, 0xE8, 0xBD, 0xF9, 0x7C, 0x3A, 0x9F,
    0xCF, 0x67, 0xFF, 0xFD, 0x9A, 0x7F, 0x0A, 0xC6, 0xC3, 0xF3, 0xBF, 0xBF, 0x8C, 0x66, 0xDC, 0x4D,
    0x04, 0x00, 0x18, 0xB7, 0xC1, 0x38, 0x4F, 0x7E, 0xA6, 0xF6, 0x4B, 0xF3, 0x9C, 0x23, 0x28, 0xAB,
    0x05, 0x10, 0x43, 0x6E, 0x85, 0x6C, 0x6B, 0xE3, 0xF6, 0x7C, 0xFE, 0x28, 0x06, 0x0C, 0xC8, 0x6D,
    0x4B, 0x31, 0xDD, 0x8F, 0x9C, 0xA8, 0x2D, 0x52, 0xEE, 0x8C, 0x07, 0x53, 0x87, 0x8A, 0xB4, 0xB1,
    0x53, 0x83, 0x7D, 0x7D, 0x34, 0x76, 0x9C, 0xF1, 0xB6, 0x04, 0x67, 0x9C, 0x61, 0xB6, 0x1D, 0xC0,
    0x80, 0xA9, 0xC6, 0x98, 0x36, 0xC0, 0x98, 0x71, 0x3B, 0x1E, 0x6B, 0xCB, 0x63, 0x8E, 0xC6, 0x61,
    0x94, 0x67, 0xDB, 0x75, 0xE0, 0x9B, 0x47, 0x4C, 0x7F, 0x40, 0x7E, 0x41, 0xEE, 0x30, 0xC0, 0xC9,
    0x60, 0xC3, 0xEE, 0xA1, 0x6D, 0xEF, 0x6E, 0x83, 0x4E, 0x55, 0x37, 0xE4, 0xA6, 0xD8, 0x00, 0x76,
    0xD5, 0xA6, 0x30, 0xD9, 0x92, 0x76, 0xF0, 0x0F, 0xBD, 0x9B, 0x0F, 0x88, 0x24, 0xD7, 0x9D, 0xDF,
    0x3F, 0xAF, 0x6A, 0x67, 0x0A, 0xA9, 0x22, 0xBD, 0x01, 0x66, 0xF1, 0x59, 0x3A, 0x4D, 0x39, 0x20,
    0x40, 0x07, 0xDB, 0xDD, 0x07, 0x28, 0xB0, 0x77, 0xBC, 0xEE, 0x7E, 0x2B, 0x5F, 0x22, 0xC0, 0x80,
    0x1B, 0x98, 0x5E, 0x07, 0x16, 0x58, 0x01, 0x0A, 0x60, 0x1B, 0x7B, 0x0F, 0xD0, 0x41, 0x9F, 0xD3,
    0xBB, 0x53, 0x89, 0x81, 0xE3, 0x7F, 0xE6, 0x42, 0x14, 0xC1, 0x09, 0xE2, 0x0D, 0x11, 0x89, 0x33,
    0x0E, 0xB7, 0x0B, 0xF4, 0x25, 0xED, 0xF3, 0xEC, 0xF6, 0xB3, 0x04, 0x18, 0x08, 0x70, 0xE5, 0x3B,
    0x94, 0x03, 0x44, 0xB8, 0xB2, 0x2D, 0xDB, 0x9C, 0x37, 0x41, 0x4F, 0xA7, 0xB7, 0xD9, 0x9E, 0x55,
    0x4F, 0xBF, 0xBC, 0xAA, 0x9E, 0xD9, 0x99, 0x1D, 0xEF, 0x7F, 0x0D, 0xAE, 0xFA, 0x7D, 0xBF, 0x55,
    0xF5, 0xAA, 0xEA, 0xBD, 0x5F, 0xBF, 0x7E, 0xF5, 0x7B, 0xBF, 0x7A, 0xEF, 0x57, 0x4F, 0x6B, 0x12,
    0x83, 0x28, 0xE1, 0x0D, 0x80, 0x7E, 0x5F, 0x7B, 0x5F, 0xEC, 0xF4, 0xB5, 0x83, 0x3B, 0xB2, 0x53,
    0x25, 0x9A, 0x23, 0x89, 0x41, 0xC2, 0x95, 0x41, 0x9E, 0x7E, 0x16, 0x29, 0x79, 0xFA, 0xA9, 0x27,
    0xBC, 0xBD, 0xDF, 0xEF, 0xE3, 0xBD, 0xA7, 0xBF, 0xD3, 0x07, 0xCB, 0xDD, 0xB8, 0xED, 0x35, 0xDE,
    0x5B, 0x1C, 0x53, 0x2C, 0xEA, 0x08, 0xB6, 0xB1, 0x5F, 0xB7, 0xD8, 0x49, 0x01, 0x27, 0xE0, 0x69,
    0x68, 0xC3, 0x08, 0x4A, 0x80, 0xFE, 0xD1, 0x42, 0x1F, 0x2E, 0x2C, 0xBF, 0x83, 0xF0, 0x5E, 0x27,
    0x37, 0x9F, 0x47, 0xE6, 0xD0, 0x04, 0x14, 0x30, 0x04, 0xAE, 0xF5, 0x7B, 0x4C, 0xFC, 0x94, 0xEB,
    0x5B, 0xEF, 0x30, 0xDE, 0x4B, 0x6B, 0x03, 0x2D, 0x40, 0x1A, 0x48, 0xE6, 0x57, 0x34, 0x13, 0x0F,
    0x80, 0xF8, 0xAF, 0x48, 0x6F, 0x3B, 0xFF, 0xF4, 0xF2, 0x10, 0x46, 0x30, 0x86, 0x8B, 0xD0, 0x2A,
    0x48, 0x76, 0x61, 0xC3, 0x10, 0x5B, 0x70, 0x30, 0x0A, 0xA2, 0x85, 0x9D, 0x5F, 0x29, 0x26, 0x5E,
    0x03, 0x3D, 0x77, 0x64, 0x79, 0x71, 0xF3, 0xA2, 0x3D, 0x5D, 0xC2, 0x12, 0x52, 0x3F, 0x78, 0xA5,
    0x87, 0x7D, 0xF8, 0x7A, 0xAE, 0xF4, 0xF9, 0x6A, 0x5D, 0x31, 0x80, 0xF7, 0x25, 0x70, 0xF3, 0x6C,
    0xC5, 0x36, 0xAA, 0xB8, 0x3C, 0x60, 0xB1, 0xCF, 0x7E, 0xA7, 0x66, 0x9F, 0x8B, 0x22, 0x2A, 0x93,
    0x22, 0x0A, 0x2C, 0x6C, 0xC5, 0xD8, 0xC8, 0x54, 0x1C, 0x9B, 0x2A, 0x25, 0x31, 0xD5, 0xD9, 0x89,
    0xAE, 0xAE, 0x9C, 0x53, 0xDD, 0x05, 0x00, 0x3D, 0x96, 0x00, 0x87, 0x7C, 0x28, 0x7B, 0xEF, 0xE7,
    0x9B, 0x15, 0xFB, 0x69, 0x9D, 0x72, 0xA9, 0x66, 0xB9, 0x60, 0x7D, 0x88, 0xA9, 0xB8, 0x5B, 0xB1,
    0x9F, 0xD5, 0x5C, 0xF0, 0x90, 0x06, 0x94, 0xDF, 0xB3, 0x01, 0x1D, 0xC5, 0xB2, 0x06, 0x09, 0x28,
    0xE0, 0x8D, 0x7D, 0xED, 0x57, 0x71, 0xA8, 0x80, 0xB0, 0x46, 0x25, 0x2E, 0x36, 0x38, 0xA9, 0x71,
    0x4D, 0xD8, 0xD9, 0x06, 0x3F, 0x85, 0x9D, 0x21, 0xB8, 0x16, 0x8B, 0xF4, 0xC4, 0xE0, 0x22, 0xBB,
    0xB8, 0x9E, 0x61, 0x40, 0x0B, 0x2E, 0x03, 0x43, 0x60, 0x0D, 0x48, 0xF6, 0xF3, 0x15, 0xDA, 0x91,
    0x1A, 0x47, 0x16, 0xD0, 0x0D, 0xF8, 0x1F, 0x01, 0x9F, 0x18, 0x17, 0xBF, 0x67, 0x5C, 0xFA, 0x6D,
    0xE3, 0x64, 0x6C, 0x9C, 0x0A, 0x18, 0x04, 0xD8, 0xD8, 0xFC, 0x43, 0x11, 0x9B, 0x4F, 0xF3, 0xD8,
    0x78, 0x62, 0xB3, 0x1B, 0x30, 0x0D, 0xE0, 0xF2, 0x4B, 0xE0, 0x06, 0xD0, 0xB5, 0x20, 0xA0, 0x17,
    0x64, 0x88, 0x28, 0xDB, 0xC4, 0x45, 0x46, 0x62, 0xAA, 0x56, 0x11, 0x38, 0x1C, 0x35, 0x11, 0x56,
    0x2D, 0xAE, 0x1D, 0x5A, 0xE8, 0x94, 0x90, 0x15, 0x20, 0x4D, 0x80, 0x86, 0x16, 0x3C, 0x3B, 0x03,
    0x69, 0xEF, 0xE8, 0x86, 0x23, 0xCD, 0x9F, 0x04, 0xDE, 0xFB, 0x1A, 0x34, 0xE0, 0x0E, 0x7E, 0x0B,
    0x58, 0x02, 0x64, 0x0E, 0x99, 0x81, 0x4E, 0x01, 0xCA, 0xC2, 0x28, 0xC0, 0x0E, 0x10, 0xA5, 0x22,
    0x2A, 0x1A, 0xC4, 0x66, 0x8D, 0xC4, 0x7B, 0xA4, 0xF7, 0xBA, 0xD2, 0x3F, 0xA4, 0x14, 0x0A, 0x51,
    0x0E, 0xC0, 0x3A, 0x18, 0xF5, 0xFB, 0x3D, 0xEF, 0xED, 0x4E, 0xBF, 0x77, 0x97, 0xFD, 0x98, 0xE3,
    0x7D, 0xE9, 0x84, 0x73, 0x8C, 0x1D, 0xC3, 0x5A, 0xC6, 0xE1, 0x30, 0x24, 0xFA, 0x39, 0xFD, 0x75,
    0x2A, 0x53, 0x74, 0x6E, 0x5A, 0xA7, 0xAB, 0x5A, 0x06, 0x3B, 0x67, 0xCB, 0xA0, 0xE1, 0xCE, 0xD9,
    0x90, 0xD8, 0x76, 0x34, 0x6B, 0xE9, 0x38, 0xB6, 0xE7, 0x57, 0x5C, 0x48, 0x7F, 0x12, 0x9B, 0x71,
    0xB2, 0xDF, 0x83, 0x89, 0x77, 0xF0, 0xFD, 0x7E, 0xA5, 0x29, 0xA3, 0x3D, 0xBA, 0x5A, 0x91, 0xBD,
    0x0F, 0x89, 0x32, 0x50, 0x54, 0x04, 0x8A, 0x4D, 0xA0, 0x34, 0x0F, 0x34, 0xF1, 0xDE, 0x6B, 0x5F,
    0x91, 0x85, 0xE4, 0x10, 0xBD, 0x06, 0xCB, 0xFA, 0x09, 0x2C, 0xEB, 0x2A, 0x27, 0x58, 0x42, 0xD1,
    0xA0, 0x49, 0x16, 0x58, 0x91, 0xE6, 0x0D, 0x1C, 0xB1, 0x69, 0x44, 0x25, 0xC2, 0x36, 0x62, 0x03,
    0xE3, 0x86, 0xD4, 0xD0, 0xB9, 0xF4, 0x4D, 0xA0, 0xE5, 0x77, 0x81, 0xF6, 0xA5, 0x0B, 0xC0, 0xB4,
    0x21, 0xF3, 0xBD, 0x6B, 0xE2, 0xA2, 0x11, 0xD9, 0xC5, 0xBD, 0x75, 0x3E, 0x43, 0xDA, 0x75, 0x9E,
    0xE3, 0xC0, 0x52, 0x07, 0x6B, 0xD7, 0xF2, 0xF6, 0xF3, 0x62, 0x06, 0xED, 0x5A, 0x14, 0x0C, 0xC5,
    0x57, 0x6C, 0xEC, 0x73, 0x71, 0x76, 0x0A, 0x6D, 0xC8, 0x6A, 0x69, 0xC1, 0xC5, 0xCE, 0xF7, 0xA6,
    0x2D, 0x5F, 0x1C, 0xD3, 0x43, 0x10, 0xE5, 0xAF, 0x11, 0xFD, 0xC4, 0xC2, 0xC4, 0xC0, 0x89, 0xE3,
    0xC9, 0xF3, 0x58, 0x1E, 0xFA, 0xD0, 0x5A, 0xF1, 0xDE, 0x06, 0xF3, 0x6A, 0xB1, 0xC2, 0x52, 0x2E,
    0x20, 0x0E, 0xA3, 0x10, 0x36, 0xDA, 0x87, 0x11, 0x36, 0x0E, 0x48, 0x02, 0x26, 0x55, 0x97, 0x80,
    0xB0, 0x00, 0xEB, 0xB0, 0xC4, 0x1C, 0xBA, 0xB9, 0xAF, 0xE8, 0x53, 0xCD, 0x0F, 0xF2, 0x5B, 0x39,
    0xB7, 0xF2, 0x4F, 0x8C, 0xF8, 0x65, 0xFE, 0x0F, 0x45, 0xF4, 0xA3, 0xDC, 0xDA, 0xB8, 0xA2, 0xE4,
    0xD5, 0xDC, 0x0E, 0x64, 0x92, 0x5B, 0xF5, 0x6C, 0xA0, 0xC6, 0xA9, 0x40, 0x6B, 0x2A, 0x90, 0x1C,
    0x05, 0x4A, 0x6D, 0xA0, 0xB8, 0xAC, 0xA8, 0x48, 0xF2, 0x45, 0x25, 0x25, 0xE6, 0x5E, 0xD8, 0xE9,
    0x9F, 0x33, 0xDE, 0xFB, 0x6A, 0x5B, 0x1D, 0xDF, 0x17, 0x3C, 0xB7, 0x89, 0xF0, 0x73, 0xD2, 0x0F,
    0x33, 0x93, 0xE9, 0xC8, 0xB6, 0xC1, 0x29, 0x18, 0x0F, 0x61, 0x38, 0x06, 0x75, 0x18, 0x55, 0x9A,
    0x82, 0x51, 0x65, 0x87, 0x64, 0x9E, 0x14, 0xF1, 0xED, 0x49, 0xCE, 0x64, 0x17, 0x60, 0xDF, 0x72,
    0xE7, 0xA1, 0xBC, 0xDC, 0x91, 0x3C, 0x11, 0xFA, 0x3D, 0xAA, 0x1C, 0xCE, 0x59, 0xC7, 0xC2, 0x0E,
    0x0C, 0x6A, 0x76, 0xEE, 0x73, 0x65, 0x48, 0xBF, 0xFD, 0xCE, 0x63, 0xF6, 0xF3, 0xE3, 0x03, 0x3C,
    0xB4, 0x9F, 0xDF, 0x57, 0xBF, 0x7F, 0xA9, 0x0F, 0x0D, 0x9E, 0x00, 0xC7, 0x67, 0xB8, 0x11, 0x39,
    0x10, 0x15, 0xC0, 0xE7, 0x7E, 0x0E, 0xB1, 0xF7, 0x25, 0xD9, 0xBF, 0x7D, 0x7F, 0x46, 0x3B, 0x2A,
    0x5A, 0x0C, 0xA2, 0x42, 0x32, 0x8A, 0x8A, 0x54, 0xBB, 0x40, 0x79, 0x45, 0x7A, 0x1C, 0xD2, 0xF4,
    0x30, 0x2A, 0x32, 0x5A, 0xAF, 0x14, 0x17, 0x49, 0x3F, 0xF5, 0x0E, 0x31, 0xF1, 0xF9, 0x22, 0x97,
    0x05, 0xA1, 0x61, 0x15, 0xA1, 0xDB, 0xA4, 0x3A, 0x23, 0x23, 0xCD, 0x15, 0xB1, 0x19, 0x21, 0x3E,
    0xB6, 0x84, 0x87, 0x0B, 0xBA, 0x39, 0xB4, 0x58, 0x6C, 0xC3, 0xB1, 0xF8, 0x89, 0x25, 0x36, 0x63,
    0x52, 0xAD, 0xA8, 0xAE, 0x57, 0x48, 0x3D, 0x26, 0x31, 0x9F, 0xB1, 0x5B, 0x99, 0x56, 0x00, 0x4E,
    0x1F, 0xC2, 0x8B, 0xAB, 0x2C, 0x31, 0x44, 0xDE, 0x13, 0x2A, 0xA0, 0x4B, 0x86, 0xF4, 0x1E, 0x71,
    0xFD, 0x3B, 0x80, 0xBC, 0x27, 0x7A, 0x04, 0x1B, 0xE9, 0x50, 0x34, 0x3F, 0x33, 0xF9, 0xB0, 0xCC,
    0x6B, 0xEA, 0xB1, 0xC2, 0x2A, 0x8E, 0x01, 0xEA, 0x98, 0xD9, 0x57, 0x8B, 0xA9, 0xB9, 0x00, 0x88,
    0x8E, 0x32, 0xA2, 0x7A, 0x1E, 0xF0, 0x16, 0xFA, 0x01, 0x1C, 0x85, 0x9F, 0x43, 0x75, 0xAF, 0x8D,
    0x2C, 0x16, 0x17, 0x30, 0xDE, 0x83, 0xAB, 0xD3, 0xBC, 0x37, 0xD5, 0x35, 0x3D, 0x58, 0x75, 0xA0,
    0xEE, 0x05, 0x3F, 0x0F, 0xF0, 0x85, 0x72, 0xC2, 0x2A, 0xC7, 0x38, 0x60, 0xB0, 0x40, 0xB5, 0x1F,
    0xD9, 0xFA, 0x5C, 0x75, 0x4D, 0x0F, 0xDC, 0x42, 0x8E, 0xF6, 0xD8, 0x45, 0xB8, 0x75, 0xFF, 0x49,
    0x0D, 0x32, 0x0E, 0x77, 0x85, 0x44, 0x3F, 0xAF, 0x1E, 0x4B, 0x26, 0xDE, 0xF0, 0x17, 0x9F, 0x73,
    0xC0, 0x36, 0xD0, 0x01, 0x32, 0x40, 0x6A, 0xD1, 0x3F, 0xAF, 0x2B, 0xE7, 0x60, 0x79, 0xEB, 0x8A,
    0x06, 0x59, 0x01, 0xC8, 0x80, 0x36, 0x88, 0x19, 0xF3, 0x2B, 0x96, 0x85, 0x1F, 0x0D, 0xBD, 0x2A,
    0x27, 0x57, 0x1D, 0xBA, 0xF8, 0xE6, 0xF3, 0xA5, 0x4B, 0x8D, 0x70, 0x4E, 0xC2, 0xB6, 0xCB, 0x40,
    0xB9, 0x26, 0xB4, 0x77, 0x2E, 0x42, 0xC3, 0xEF, 0x42, 0xB3, 0xDA, 0x6B, 0xBA, 0x06, 0xB4, 0xEB,
    0x13, 0xD5, 0x25, 0x43, 0x27, 0x35, 0x53, 0x97, 0x14, 0x91, 0x75, 0x62, 0x7E, 0xC5, 0x38, 0x5A,
    0x73, 0x00, 0x60, 0xA9, 0xBF, 0xB0, 0x1C, 0x7F, 0x1F, 0xB4, 0xD1, 0xA9, 0xCE, 0x38, 0x80, 0xCC,
    0x53, 0x9D, 0xEC, 0x9C, 0xD7, 0xB5, 0x1A, 0xED, 0xB0, 0x9D, 0xA6, 0x5A, 0xD8, 0x54, 0xC7, 0x45,
    0xAA, 0xD3, 0x7C, 0x71, 0x4D, 0x3B, 0x40, 0xBC, 0x4E, 0xD7, 0xE7, 0xBF, 0x93, 0x14, 0x08, 0x0B,
    0x96, 0xBE, 0xCD, 0xBC, 0xBD, 0xA4, 0xAD, 0xC3, 0x5A, 0x61, 0x5D, 0x6C, 0xAF, 0x7F, 0xD3, 0xB6,
    0xA6, 0x57, 0x01, 0xC2, 0xA5, 0x93, 0x69, 0x32, 0xEF, 0x49, 0x4D, 0x03, 0x14, 0xFC, 0xD1, 0x24,
    0xFF, 0xC1, 0x0D, 0x7B, 0x8D, 0xED, 0x19, 0xED, 0x29, 0x8D, 0x11, 0xCD, 0x20, 0x03, 0x1A, 0x0A,
    0xD5, 0x61, 0x2C, 0x3F, 0xB0, 0x91, 0xCF, 0x81, 0x93, 0xEB, 0x74, 0x7D, 0xD1, 0x3E, 0x6B, 0x15,
    0xA3, 0x4A, 0x96, 0x6D, 0x28, 0xB1, 0x3E, 0x1C, 0x28, 0x94, 0x62, 0xDC, 0xF9, 0x5E, 0x95, 0x72,
    0xB2, 0x4F, 0x95, 0xDE, 0x47, 0xF1, 0x20, 0xA1, 0xBF, 0x4E, 0xE4, 0x3D, 0xD1, 0xCF, 0x2F, 0x10,
    0x19, 0x79, 0x07, 0xF1, 0x3E, 0x72, 0x49, 0xA2, 0x25, 0xD5, 0x3A, 0xD9, 0x9A, 0x6C, 0x7A, 0xEF,
    0x4B, 0x8B, 0xB8, 0x03, 0x00, 0x5E, 0x27, 0xF5, 0x79, 0xEB, 0xD5, 0x52, 0x61, 0x47, 0x8C, 0x76,
    0xFA, 0x63, 0xEF, 0xA7, 0x37, 0x6B, 0x77, 0x6E, 0x0C, 0x6D, 0xC8, 0x7E, 0x61, 0x13, 0x5F, 0x02,
    0x2B, 0x68, 0x81, 0x12, 0x65, 0xA8, 0x30, 0x51, 0xAE, 0x91, 0x9E, 0x29, 0x15, 0xF1, 0x0F, 0xCB,
    0xCA, 0xE6, 0xFC, 0xA4, 0x5C, 0xB4, 0x0F, 0x6E, 0x7F, 0x5A, 0x12, 0xFF, 0xB8, 0xB4, 0x24, 0x3F,
    0x2C, 0x87, 0x48, 0x51, 0x36, 0x69, 0x8B, 0x52, 0x32, 0x14, 0x65, 0x62, 0xC4, 0xFA, 0x9D, 0xFA,
    0x2D, 0x2B, 0x79, 0xDE, 0x24, 0x73, 0xC4, 0x39, 0xB3, 0xA8, 0xEE, 0xC0, 0xBF, 0x7F, 0xAE, 0xEC,
    0x7A, 0x0D, 0xAC, 0xB2, 0xAA, 0xB8, 0xA6, 0xC4, 0xAE, 0x8A, 0xFF, 0xAF, 0x4A, 0xBE, 0xA1, 0x64,
    0x43, 0x35, 0x1A, 0xEA, 0x74, 0x43, 0xD9, 0x46, 0xBB, 0x6C, 0x74, 0x4D, 0xA3, 0xAB, 0x1B, 0x1D,
    0x1A, 0xC9, 0x99, 0x32, 0xFE, 0x5B, 0xC3, 0xE3, 0xDC, 0xB2, 0xCA, 0x8A, 0xC2, 0xAA, 0xA8, 0x50,
    0x49, 0xAE, 0x24, 0xAA, 0x41, 0x77, 0x46, 0x67, 0x1B, 0x95, 0xA1, 0xD2, 0x5C, 0xC5, 0x85, 0x12,
    0x56, 0x31, 0xA6, 0xBF, 0x1E, 0xFB, 0x79, 0xFC, 0xFE, 0x37, 0x63, 0xD3, 0xAC, 0x24, 0xDF, 0x93,
    0x24, 0x88, 0x6E, 0x4A, 0x9A, 0x13, 0x9A, 0x33, 0x9A, 0xC0, 0x2A, 0xF4, 0xBA, 0x88, 0x69, 0x57,
    0xC7, 0xD3, 0xAE, 0x89, 0xA7, 0x9D, 0x22, 0x1D, 0xA8, 0x52, 0x9E, 0x0E, 0xE5, 0x9E, 0x56, 0x03,
    0x75, 0x5A, 0xA9, 0xC1, 0x69, 0xD5, 0xB0, 0xA7, 0x95, 0x2C, 0x4F, 0xAB, 0xD4, 0x9C, 0x56, 0x89,
    0x39, 0x5D, 0xEB, 0xAA, 0x0E, 0x4B, 0xD7, 0xCF, 0x3A, 0x5B, 0xDB, 0x47, 0x12, 0xE9, 0x93, 0xFA,
    0xA2, 0xF5, 0x8A, 0x55, 0x0C, 0xC7, 0x28, 0x47, 0xC3, 0xD1, 0xAC, 0xB9, 0x3D, 0x40, 0xB5, 0x19,
    0x67, 0x6F, 0xDB, 0x78, 0xD1, 0xAC, 0xFA, 0xEB, 0x21, 0x87, 0x76, 0x7F, 0xA8, 0x50, 0x0F, 0x90,
    0x95, 0xCF, 0xF3, 0x7B, 0xBE, 0xEC, 0xFE, 0xE9, 0xAC, 0x43, 0x5B, 0xD1, 0x54, 0x64, 0xFB, 0xB2,
    0xD6, 0xA6, 0xD9, 0x65, 0xD8, 0xFD, 0xC5, 0x54, 0x4D, 0x0A, 0x05, 0x87, 0xE5, 0x45, 0xA0, 0x4F,
    0xE2, 0x4D, 0xEB, 0x4C, 0xAE, 0x60, 0x0C, 0x0E, 0x6C, 0x2D, 0x07, 0x8D, 0xE4, 0x3F, 0x9B, 0x70,
    0xC1, 0xC2, 0xE9, 0x9E, 0x78, 0xD7, 0xDF, 0xE9, 0x31, 0xE2, 0x01, 0xD2, 0xE3, 0xC4, 0x88, 0xF6,
    0x10, 0xA5, 0x18, 0xAF, 0x61, 0x25, 0x36, 0x7D, 0xA5, 0x48, 0xBE, 0x6D, 0x82, 0xCF, 0x24, 0x3E,
    0xD0, 0x7C, 0x04, 0xD7, 0x61, 0x08, 0x0A, 0x46, 0x60, 0xF9, 0x4A, 0xC1, 0x24, 0x67, 0x1D, 0x10,
    0x40, 0xAA, 0xEF, 0x46, 0xB6, 0x49, 0xEC, 0xE7, 0x64, 0x6F, 0xBF, 0x6D, 0xDA, 0xE9, 0x2B, 0x76,
    0x9C, 0x6A, 0xE7, 0x52, 0x3D, 0x0E, 0x18, 0x56, 0x18, 0x85, 0xFD, 0x61, 0x48, 0xEB, 0x84, 0x73,
    0xF2, 0x83, 0x2B, 0x26, 0xF2, 0x73, 0x48, 0xF3, 0x5F, 0xCF, 0x67, 0x99, 0xAA, 0x83, 0x50, 0x8C,
    0x33, 0x6C, 0xFA, 0xED, 0x22, 0xFE, 0x20, 0xC7, 0xC3, 0x35, 0x98, 0x13, 0x7D, 0xA4, 0x93, 0xF7,
    0x4C, 0xDD, 0xA0, 0xDD, 0x10, 0xB5, 0xCA, 0x2A, 0xEA, 0x11, 0xD7, 0xCE, 0xD6, 0xF5, 0xBC, 0xEB,
    0xBD, 0x81, 0xF8, 0x10, 0x60, 0x85, 0x95, 0x11, 0x83, 0x3B, 0x32, 0x66, 0x30, 0x64, 0xDC, 0xF2,
    0xD3, 0xE5, 0x9D, 0x31, 0x0C, 0xEE, 0xC8, 0x2A, 0x2B, 0x68, 0x85, 0x13, 0xE5, 0x63, 0x51, 0x67,
    0x6B, 0xFE, 0xBD, 0x32, 0x14, 0xEB, 0xCB, 0xBD, 0x0C, 0x6C, 0x54, 0x3C, 0x16, 0x55, 0x19, 0x4C,
    0xAB, 0x0C, 0x76, 0x01, 0x1A, 0x77, 0x13, 0x27, 0x35, 0x4C, 0x2C, 0x9C, 0x0D, 0x10, 0xFB, 0xF0,
    0x0B, 0xEF, 0x4D, 0xD8, 0xB4, 0xF2, 0x9B, 0x0F, 0x7C, 0xE7, 0xDB, 0x13, 0x2D, 0xFC, 0x0E, 0xAB,
    0xB0, 0xA2, 0x60, 0x74, 0x18, 0xDD, 0xDB, 0x01, 0xBE, 0x18, 0x29, 0x61, 0xC3, 0xB1, 0x5B, 0x20,
    0xEC, 0x77, 0xAE, 0x94, 0xA3, 0xEE, 0x5C, 0x8F, 0x56, 0x41, 0x1D, 0x92, 0xEE, 0xAF, 0x08, 0x57,
    0x2B, 0xB1, 0x6F, 0x3F, 0xB1, 0xE1, 0xC2, 0xAE, 0xD7, 0x4B, 0x9B, 0x21, 0x9D, 0x93, 0x99, 0x21,
    0x2A, 0xC1, 0x82, 0x95, 0xDE, 0x2E, 0x6F, 0xED, 0xD9, 0x15, 0xE2, 0xE2, 0xF7, 0x2F, 0xE4, 0xDD,
    0x5D, 0x80, 0xD5, 0x4A, 0x75, 0x15, 0x79, 0x8B, 0x4A, 0x8B, 0x6D, 0x94, 0xA4, 0x89, 0x5A, 0xA3,
    0x36, 0x05, 0x92, 0x70, 0x8D, 0xA4, 0x73, 0xAD, 0x3A, 0x6C, 0x56, 0x54, 0xBB, 0x4A, 0x52, 0xB7,
    0x51, 0xC9, 0x2F, 0x66, 0x28, 0x7C, 0x09, 0x50, 0x1B, 0xF2, 0xD8, 0xEF, 0xCA, 0x37, 0x2F, 0xAE,
    0xD1, 0x68, 0xD2, 0xC8, 0x68, 0xC8, 0xF7, 0x2F, 0x46, 0x7E, 0x97, 0x9B, 0x17, 0xE3, 0xA2, 0x91,
    0x98, 0x86, 0xA4, 0xD1, 0xA6, 0x11, 0xE5, 0xB5, 0x3E, 0x23, 0x38, 0xF5, 0x78, 0xB6, 0x36, 0x8A,
    0x74, 0xFA, 0x27, 0x26, 0xF0, 0x63, 0xDD, 0xB5, 0x04, 0x48, 0xE0, 0x7C, 0x1F, 0xBC, 0xD7, 0x48,
    0x58, 0xA0, 0xE5, 0x90, 0xD7, 0xE7, 0x48, 0x93, 0x2D, 0x46, 0xAC, 0x48, 0x1F, 0x08, 0xEE, 0x40,
    0x82, 0x68, 0x41, 0xB2, 0x0B, 0xA2, 0xB7, 0x3F, 0x90, 0x37, 0x80, 0x12, 0xE0, 0x51, 0x7B, 0xA9,
    0xAF, 0x92, 0xDE, 0x6D, 0x3C, 0xBC, 0xE7, 0xF6, 0xD6, 0x3D, 0x8C, 0x07, 0xFF, 0x02, 0xE9, 0x8B,
    0xCE, 0x92, 0x59, 0xDC, 0x98, 0xE5, 0x75, 0xC1, 0x17, 0x0C, 0x71, 0x89, 0xA8, 0xA4, 0x73, 0xCE,
    0xB4, 0x3C, 0x80, 0x52, 0x2F, 0xB1, 0xAA, 0x0E, 0x2D, 0xFF, 0xC4, 0x7C, 0xAB, 0xF8, 0xC7, 0x39,
    0x2C, 0x21, 0xEF, 0xB3, 0x52, 0x62, 0xB9, 0x0C, 0x0F, 0x1B, 0x92, 0x8B, 0xCA, 0x0D, 0x73, 0xB2,
    0xEE, 0x5A, 0x89, 0xFD, 0x2C, 0xD0, 0xFB, 0xC3, 0x40, 0x46, 0xED, 0x53, 0x1E, 0x9A, 0x65, 0x20,
    0x5F, 0xC6, 0xB9, 0xC2, 0x25, 0x81, 0xC6, 0x89, 0x56, 0x0C, 0x24, 0x0A, 0x37, 0xA1, 0x7B, 0xC5,
    0xCE, 0xA8, 0x7B, 0xB1, 0x45, 0xA7, 0x04, 0x0A, 0x75, 0x94, 0x68, 0xF7, 0xAF, 0x55, 0x9D, 0xA1,
    0xF7, 0x46, 0x31, 0x5C, 0xB6, 0x0A, 0x85, 0xBB, 0x43, 0x56, 0x11, 0x5A, 0xB5, 0x22, 0x14, 0x74,
    0xF0, 0x8F, 0x6A, 0xBC, 0xCF, 0x91, 0xB0, 0x40, 0x36, 0x45, 0x5E, 0xBF, 0x8E, 0x34, 0x12, 0xA9,
    0xD3, 0x87, 0xFF, 0xA3, 0x51, 0x8E, 0xCC, 0x59, 0x83, 0xD3, 0x00, 0x8F, 0xD8, 0x0B, 0x8A, 0x4D,
    0xB0, 0xA0, 0xE0, 0x59, 0x1E, 0xA7, 0x57, 0x2E, 0x42, 0xAF, 0x2C, 0x3C, 0xF0, 0xE4, 0x76, 0x7E,
    0xD1, 0x45, 0x3E, 0x40, 0x42, 0x77, 0x19, 0xBA, 0x3C, 0x14, 0x0B, 0x59, 0xA8, 0x87, 0x60, 0x48,
    0x9B, 0x54, 0x0F, 0x69, 0x04, 0x56, 0x34, 0x91, 0x81, 0xD7, 0x90, 0xB4, 0xC9, 0x90, 0x34, 0x69,
    0x21, 0xC9, 0xE8, 0xEA, 0xEA, 0x68, 0x23, 0xAF, 0xCE, 0xDF, 0x32, 0x6D, 0xD2, 0xFC, 0x67, 0x85,
    0x22, 0x7E, 0xF7, 0xC7, 0xE5, 0x80, 0xF8, 0x6F, 0x8C, 0x1D, 0x21, 0x3E, 0xC9, 0xC7, 0x16, 0x3E,
    0xD5, 0x9D, 0x02, 0x36, 0x68, 0x19, 0xE8, 0x20, 0x35, 0x00, 0xB0, 0x82, 0x46, 0x8F, 0x44, 0x19,
    0x15, 0x03, 0x6C, 0x4D, 0xB1, 0x51, 0x0B, 0x72, 0xB1, 0x69, 0x88, 0x69, 0x92, 0xCB, 0x78, 0x26,
    0x91, 0xC9, 0x37, 0x24, 0xC9, 0xBF, 0x59, 0x6B, 0x10, 0xFF, 0x6F, 0xA9, 0x10, 0xB3, 0xC4, 0x81,
    0x8B, 0x4B, 0xE8, 0x1D, 0xD8, 0x4D, 0xEF, 0x1D, 0xDF, 0xBB, 0xFD, 0xCE, 0x81, 0x1D, 0xBD, 0xD9,
    0x5B, 0xD8, 0xD1, 0x9B, 0xE7, 0x0A, 0x61, 0xAB, 0x95, 0x0A, 0x6E, 0xB1, 0x8D, 0x6D, 0xB0, 0xA7,
    0x46, 0xF8, 0x5D, 0xE2, 0x1C, 0x62, 0x03, 0x9F, 0x7B, 0x1F, 0xBC, 0x37, 0x7C, 0xE5, 0x7D, 0x5D,
    0x1D, 0x1F, 0xC0, 0xCF, 0x89, 0xDF, 0xBF, 0x60, 0xE2, 0x7A, 0x8D, 0x8A, 0x7A, 0xFB, 0xAB, 0x49,
    0x1E, 0xFB, 0x1D, 0x7A, 0x88, 0xAF, 0x6A, 0x47, 0xE6, 0xAD, 0xE3, 0xFA, 0x99, 0xAB, 0x2E, 0xB2,
    0xE0, 0xE2, 0x22, 0x50, 0x62, 0x02, 0xA5, 0x1A, 0x76, 0xCE, 0xBF, 0xD9, 0xC7, 0x87, 0x65, 0xB1,
    0xE7, 0xA4, 0xAE, 0x4E, 0xE4, 0xFB, 0x97, 0xC4, 0x65, 0x20, 0x31, 0x0D, 0xC4, 0x64, 0xCB, 0x3A,
    0x9E, 0xF7, 0x25, 0x00, 0xAB, 0x2C, 0xF5, 0x14, 0x93, 0x99, 0x8A, 0x6E, 0xFE, 0x73, 0x95, 0x18,
    0x54, 0xAA, 0x51, 0x52, 0xD3, 0xF5, 0x3E, 0x18, 0xEB, 0xAD, 0xCB, 0xD5, 0xBE, 0x4A, 0x73, 0x54,
    0x6C, 0x50, 0xE2, 0xF6, 0x7F, 0x53, 0x6C, 0xCC, 0x00, 0x10, 0x1A, 0x52, 0x03, 0xB2, 0x84, 0x35,
    0x0B, 0x6A, 0x14, 0xA0, 0x60, 0xD4, 0x86, 0x9B, 0xDF, 0x44, 0x78, 0x4F, 0x7C, 0xE3, 0x83, 0x3C,
    0x79, 0xEF, 0x3D, 0x93, 0x7E, 0xF1, 0xBD, 0x42, 0xC6, 0x3F, 0xB4, 0xCD, 0xD8, 0xD8, 0x90, 0xCF,
    0x78, 0x18, 0x1B, 0x55, 0xD5, 0x3B, 0x27, 0x80, 0x2E, 0xF0, 0x2F, 0x73, 0xF8, 0xC4, 0x20, 0x7E,
    0x5A, 0x10, 0x19, 0x4B, 0xEC, 0x2D, 0xE9, 0x64, 0x8C, 0x7C, 0x41, 0xB1, 0xF6, 0x42, 0x13, 0xF5,
    0x82, 0x64, 0xF8, 0x42, 0xAA, 0x47, 0x2F, 0x2C, 0xDE, 0x80, 0x71, 0x48, 0x13, 0x28, 0x2B, 0x02,
    0x35, 0xCA, 0x40, 0xCA, 0x06, 0x1A, 0x8D, 0x03, 0x59, 0xC5, 0xCE, 0xD9, 0x9B, 0x17, 0xF7, 0x6A,
    0xE2, 0xDC, 0x07, 0xDF, 0xC1, 0xA5, 0xAF, 0x7E, 0x29, 0x77, 0x32, 0xF9, 0xA2, 0x71, 0x6B, 0xC9,
    0x17, 0x0B, 0xD7, 0x4E, 0xCE, 0x58, 0x37, 0x4C, 0xB4, 0x73, 0xA3, 0x44, 0x8F, 0x9D, 0x4D, 0xB4,
    0xDA, 0x7B, 0xF0, 0x37, 0x2A, 0xFA, 0x81, 0x46, 0xF1, 0x49, 0x8E, 0x8A, 0xFE, 0xC6, 0xA0, 0x82,
    0xC7, 0x5C, 0x57, 0x05, 0x9D, 0x2B, 0xD7, 0x1D, 0x2A, 0x3B, 0xA5, 0x50, 0x8D, 0x53, 0x6D, 0x94,
    0x3A, 0xB5, 0x86, 0x1A, 0x9F, 0x92, 0x28, 0x7B, 0x2A, 0xCD, 0x97, 0xFA, 0xFD, 0x75, 0xA4, 0xF7,
    0x33, 0xE4, 0x9B, 0xFD, 0x29, 0x55, 0x47, 0x4A, 0xD5, 0x9F, 0xC2, 0x40, 0x02, 0xCD, 0x36, 0x90,
    0x4D, 0x41, 0x78, 0x6F, 0x88, 0x7F, 0xF9, 0x0B, 0x4B, 0xFA, 0xAF, 0x0B, 0x87, 0x8C, 0x8A, 0x21,
    0x59, 0x54, 0x28, 0x1A, 0x51, 0xD1, 0x40, 0x45, 0xC5, 0x1A, 0xC3, 0xA8, 0x90, 0x8C, 0x03, 0xE9,
    0x90, 0xA9, 0xCE, 0xC2, 0x0D, 0xF2, 0xCD, 0xF3, 0x3A, 0x36, 0x4D, 0xB0, 0x03, 0x68, 0x97, 0x54,
    0x1D, 0x57, 0xFA, 0xF6, 0x79, 0x2D, 0xD3, 0x57, 0xF3, 0x66, 0xFA, 0x45, 0xA3, 0xD2, 0x57, 0xCA,
    0x41, 0xAA, 0xED, 0x28, 0xD4, 0x50, 0xAF, 0xD6, 0xC4, 0x65, 0x95, 0x2A, 0xAE, 0xD6, 0xC5, 0xD5,
    0xCA, 0xB8, 0xAA, 0x67, 0xC7, 0xD5, 0xEA, 0xB8, 0x5A, 0x9F, 0x9D, 0xFE, 0xF9, 0x29, 0xF8, 0xB0,
    0x18, 0x76, 0xBE, 0x52, 0xA9, 0xE4, 0xC2, 0xC3, 0x3E, 0xC2, 0xD5, 0x4A, 0xB9, 0xB5, 0x4A, 0x2B,
    0x57, 0xAB, 0xE5, 0x6A, 0xBD, 0x5C, 0xAD, 0x98, 0x0B, 0x9A, 0xA5, 0x7A, 0x35, 0x94, 0x82, 0x6A,
    0x55, 0xF6, 0xB0, 0x52, 0x4E, 0x55, 0xFF, 0xA5, 0xC2, 0x8E, 0x50, 0x5C, 0xAA, 0xEB, 0x6B, 0x16,
    0xEA, 0xEB, 0x3B, 0x17, 0x50, 0x99, 0x4C, 0x73, 0xD5, 0x90, 0xB1, 0x51, 0x2A, 0x64, 0xAB, 0x06,
    0x52, 0x58, 0x65, 0x25, 0x56, 0xF0, 0x22, 0xF1, 0x0F, 0xA7, 0xF0, 0x69, 0x0E, 0x13, 0x4D, 0xE6,
    0x1D, 0x1D, 0x7D, 0x0D, 0x68, 0x02, 0x19, 0xB0, 0x06, 0xB4, 0x11, 0x67, 0x1D, 0x89, 0xCF, 0xC3,
    0x76, 0xBA, 0x77, 0x4E, 0x1E, 0x42, 0x07, 0xF1, 0xF5, 0x19, 0x99, 0x2F, 0xE8, 0x68, 0x18, 0x02,
    0x9D, 0xFE, 0x7A, 0x38, 0x9E, 0x23, 0x82, 0x7E, 0xC0, 0xB3, 0x89, 0x8D, 0xFF, 0x4E, 0x47, 0xBB,
    0x8B, 0x17, 0x99, 0x12, 0xEC, 0xE2, 0x45, 0x26, 0xF6, 0x88, 0x73, 0x05, 0xD8, 0x85, 0x88, 0xAF,
    0x57, 0x4E, 0xC9, 0xF7, 0xE1, 0x2A, 0x5C, 0xDA, 0xDA, 0x6C, 0x79, 0x0B, 0xF4, 0x04, 0xAB, 0x36,
    0xD5, 0x83, 0x7B, 0xA1, 0x72, 0x57, 0x2B, 0xB7, 0x55, 0xA5, 0x67, 0x6C, 0xEB, 0x4B, 0xAF, 0x16,
    0xA9, 0xF7, 0x9A, 0x0B, 0x1F, 0xFE, 0xBA, 0x8B, 0x2A, 0x80, 0x24, 0xBF, 0x0B, 0x2B, 0x49, 0xDE,
    0xAB, 0x86, 0x14, 0xF7, 0x30, 0x0A, 0x18, 0x1C, 0x41, 0x95, 0x66, 0x5B, 0xC9, 0xB7, 0x4B, 0x79,
    0xE3, 0x23, 0x53, 0xFD, 0xDB, 0xA4, 0xD5, 0xBD, 0x47, 0x10, 0x69, 0x78, 0x6E, 0xE1, 0xC2, 0xA5,
    0x1F, 0x3E, 0x5F, 0x64, 0x5A, 0xD8, 0x0E, 0x8C, 0x15, 0xA8, 0x21, 0xB4, 0xC7, 0x01, 0x13, 0xEF,
    0x77, 0xAF, 0x6F, 0x6D, 0x5D, 0xAB, 0xF6, 0x87, 0xA0, 0x14, 0x0C, 0x5B, 0x30, 0x95, 0x79, 0x64,
    0xE3, 0xDB, 0x57, 0xCC, 0xFE, 0xF8, 0x21, 0x7D, 0x12, 0x5F, 0x64, 0x67, 0x9C, 0x42, 0x0D, 0xAA,
    0x5B, 0x9B, 0x13, 0x3F, 0xFF, 0xCB, 0xAD, 0xEB, 0x23, 0x1A, 0x03, 0x54, 0x9B, 0xA1, 0xFC, 0xF7,
    0x7B, 0x6F, 0xC4, 0x3D, 0x58, 0x1F, 0x21, 0x76, 0x87, 0xC4, 0x85, 0x22, 0xA9, 0x2C, 0x32, 0x59,
    0x80, 0x64, 0x8D, 0x34, 0x6F, 0x13, 0x1B, 0x45, 0x5C, 0x0C, 0x10, 0xE5, 0x08, 0xAC, 0x85, 0xBF,
    0x28, 0xE1, 0x5B, 0x05, 0x74, 0x0D, 0xB4, 0x72, 0xC8, 0x34, 0x3D, 0x96, 0x18, 0xD1, 0xD2, 0x03,
    0x86, 0x28, 0x46, 0x34, 0xB0, 0x48, 0x51, 0x22, 0xA3, 0x82, 0xD0, 0xD9, 0x10, 0x7A, 0x1B, 0xA2,
    0xFF, 0xA9, 0x11, 0x1F, 0x01, 0x73, 0xE0, 0x1A, 0x3C, 0xBD, 0x0C, 0xC9, 0x8F, 0x0C, 0xD1, 0x5F,
    0x17, 0x70, 0xF5, 0x2A, 0x1C, 0x93, 0x2E, 0x2F, 0xBD, 0x04, 0xCD, 0x26, 0xA4, 0x29, 0xC4, 0xEF,
    0x1A, 0x80, 0x27, 0xD2, 0xAF, 0x1A, 0xC9, 0x05, 0xEA, 0x3F, 0x0B, 0xD2, 0x0F, 0x2F, 0x68, 0x20,
    0x23, 0x31, 0x40, 0x9B, 0xA8, 0xD4, 0xAC, 0x28, 0xC4, 0xC7, 0x25, 0xE3, 0x01, 0x58, 0x8B, 0x1D,
    0x83, 0x1B, 0x89, 0x7A, 0xA3, 0xA2, 0xA2, 0xDE, 0xC4, 0x66, 0x0C, 0x76, 0x2D, 0xC9, 0x87, 0x60,
    0x65, 0xAA, 0x15, 0xC2, 0xA6, 0x5F, 0xA6, 0x49, 0x5C, 0xC4, 0xFF, 0x01, 0x99, 0xA7, 0x26, 0xFE,
    0x3F, 0x24, 0xB7, 0x27, 0x88, 0x19, 0x4C, 0xA6, 0xE0, 0x00, 0xC0, 0x02, 0x20, 0x4A, 0x00, 0xE2,
    0x02, 0x80, 0x2C, 0x5F, 0xA8, 0x03, 0x00, 0xEB, 0x40, 0x9F, 0x15, 0x96, 0x48, 0x7C, 0x65, 0x71,
    0xC8, 0x5E, 0x71, 0x6D, 0x1A, 0x28, 0x86, 0x6B, 0x28, 0x06, 0xB4, 0x65, 0xA0, 0x11, 0xCD, 0x54,
    0x3B, 0x46, 0xAC, 0x25, 0xC6, 0x56, 0x9B, 0xF8, 0xDD, 0x92, 0x31, 0x0D, 0xF1, 0x33, 0xC3, 0x10,
    0xC5, 0x27, 0x86, 0x36, 0xDB, 0x95, 0x81, 0x94, 0x6F, 0x59, 0xBA, 0x10, 0xF9, 0x9C, 0x0E, 0x00,
    0xB4, 0x01, 0x40, 0x01, 0xC0, 0x08, 0x80, 0xC8, 0x02, 0xB0, 0x61, 0x00, 0x38, 0x09, 0x20, 0x36,
    0x81, 0xC4, 0x01, 0xDE, 0xE7, 0x24, 0xB7, 0x6E, 0x59, 0x64, 0xAE, 0xB7, 0x69, 0x42, 0x07, 0x05,
    0x19, 0x43, 0x90, 0x8C, 0x41, 0xEA, 0x03, 0x1A, 0x54, 0x54, 0x9F, 0x68, 0x43, 0x8B, 0x16, 0xB4,
    0x91, 0x3F, 0xFC, 0xD3, 0xE9, 0x62, 0x74, 0x96, 0x8D, 0xB9, 0x86, 0xD8, 0x02, 0x68, 0xE0, 0x04,
    0xB0, 0xA1, 0x49, 0xBC, 0x23, 0x9B, 0x5C, 0x44, 0x21, 0x19, 0x90, 0xEA, 0x11, 0x49, 0x3E, 0x22,
    0x36, 0x61, 0x6B, 0xC6, 0x54, 0x95, 0x9C, 0xEA, 0xCE, 0x89, 0x0C, 0xE9, 0x67, 0x44, 0xBE, 0x84,
    0x16, 0x00, 0xC0, 0x3B, 0x00, 0xB1, 0xFF, 0x10, 0x48, 0xCE, 0x6C, 0x03, 0x34, 0x01, 0x90, 0x00,
    0x3C, 0x03, 0xC0, 0x17, 0x00, 0xBE, 0xCA, 0x73, 0x9A, 0xD8, 0x17, 0xDE, 0x21, 0x7F, 0x9C, 0xBF,
    0x76, 0x91, 0x16, 0x90, 0xA1, 0xA0, 0xF6, 0x69, 0x20, 0x31, 0x03, 0x20, 0x36, 0xE3, 0xBB, 0xF8,
    0xA9, 0xC0, 0x03, 0xB2, 0xC0, 0xC3, 0xBA, 0x89, 0xA8, 0xC0, 0x69, 0xDE, 0x5C, 0xB4, 0xDD, 0xBC,
    0x45, 0x87, 0xE4, 0xB6, 0xBF, 0x31, 0x43, 0xF8, 0x9F, 0xF8, 0x92, 0xC3, 0x8B, 0x9C, 0x02, 0x8D,
    0x0B, 0x25, 0xAC, 0xFE, 0xC7, 0x1E, 0xE0, 0x00, 0x5E, 0x06, 0x28, 0x00, 0x00, 0x5E, 0x0F, 0x6B,
    0x3A, 0x8F, 0xBD, 0x6E, 0xFD, 0x81, 0x78, 0xB5, 0x50, 0x20, 0xEC, 0x00, 0xB0, 0x63, 0xC0, 0x8D,
    0x58, 0x61, 0x34, 0x22, 0xAC, 0xE3, 0x40, 0x6E, 0x18, 0xC8, 0x76, 0x98, 0x46, 0x65, 0xF6, 0xB6,
    0xBF, 0x62, 0x12, 0xFF, 0xA5, 0xF9, 0xDD, 0xC5, 0xF9, 0x19, 0xB0, 0xFC, 0x8F, 0x7E, 0x0B, 0xE0,
    0x37, 0xED, 0xB3, 0x01, 0xC0, 0xC4, 0x17, 0xF0, 0xBB, 0x9B, 0xE6, 0xB8, 0xFC, 0xB8, 0xBD, 0xA1,
    0xD1, 0x64, 0xE7, 0xF9, 0xFC, 0x71, 0x67, 0x2C, 0xE2, 0x79, 0x75, 0xAF, 0x03, 0x2A, 0x8C, 0x8E,
    0xE0, 0xB5, 0x7D, 0x23, 0xFA, 0x66, 0xAE, 0x60, 0x00, 0xA3, 0x43, 0x32, 0x84, 0x36, 0x64, 0xBF,
    0x22, 0xF1, 0x1A, 0x79, 0xB7, 0x2C, 0x03, 0xC0, 0x1B, 0x68, 0x1B, 0x7D, 0x5C, 0xB0, 0x61, 0x90,
    0x25, 0xCF, 0x5E, 0xE3, 0xD4, 0x33, 0xE3, 0x37, 0x68, 0x59, 0xE2, 0x20, 0x73, 0xD2, 0x54, 0x3F,
    0x0B, 0xBF, 0x0D, 0x00, 0x82, 0x93, 0xE7, 0xF2, 0x0D, 0x9F, 0xBF, 0x01, 0x7C, 0x93, 0xD6, 0xA7,
    0xF9, 0x1F, 0x47, 0xE6, 0x0D, 0x77, 0xF9, 0x25, 0xDE, 0x18, 0xBE, 0x74, 0x19, 0xA0, 0xF5, 0x21,
    0xBF, 0xB7, 0x61, 0xBE, 0x20, 0x72, 0xE0, 0x1A, 0x00, 0xD1, 0x0D, 0x0D, 0x10, 0x09, 0x7D, 0xA8,
    0x6E, 0x41, 0xEC, 0x22, 0xFE, 0x57, 0x4E, 0xFC, 0x16, 0x82, 0x1C, 0x21, 0x34, 0xF7, 0x5A, 0x96,
    0x35, 0x20, 0x36, 0x5B, 0x16, 0x90, 0xEE, 0x77, 0x5F, 0x02, 0x5E, 0xFA, 0x6D, 0x1E, 0xB4, 0x5C,
    0x02, 0xC6, 0x88, 0x1B, 0x39, 0xF1, 0x0D, 0x84, 0xCE, 0x89, 0xA2, 0x43, 0x59, 0xCF, 0x01, 0x88,
    0xDE, 0xD2, 0x00, 0x02, 0xCD, 0x9D, 0x66, 0x0C, 0x7F, 0x08, 0x00, 0x57, 0x01, 0x7A, 0xD8, 0x7A,
    0x5F, 0x94, 0xAC, 0xC2, 0x69, 0x88, 0x1C, 0xB4, 0x41, 0x1A, 0x78, 0x01, 0x96, 0x80, 0x13, 0xFC,
    0xFA, 0xD2, 0x03, 0xF8, 0xC2, 0xC2, 0xEE, 0x74, 0x75, 0x6A, 0x80, 0xE7, 0x4B, 0x1E, 0xB4, 0x2C,
    0x41, 0x02, 0xB4, 0x20, 0xC9, 0x11, 0xBB, 0xAC, 0xC4, 0x06, 0xB1, 0xC9, 0x88, 0x12, 0xC0, 0xB2,
    0x09, 0x50, 0x02, 0x20, 0x0C, 0x00, 0x68, 0x00, 0xAA, 0x1B, 0x14, 0x71, 0x31, 0x46, 0xF8, 0x12,
    0x96, 0x16, 0x73, 0xA7, 0x96, 0xA4, 0xB0, 0xC8, 0x80, 0x6E, 0xC0, 0xC5, 0x80, 0x8F, 0x0B, 0x1B,
    0xFF, 0xB4, 0xB0, 0xC9, 0xBB, 0x85, 0x95, 0x51, 0x61, 0x3B, 0x01, 0xC3, 0x00, 0x1B, 0x15, 0x9F,
    0x94, 0x51, 0x71, 0xCB, 0x44, 0x85, 0x27, 0x2A, 0xE6, 0x44, 0xBB, 0xB3, 0x00, 0x40, 0x01, 0x03,
    0x60, 0x04, 0xEC, 0x7B, 0x23, 0xA4, 0xFA, 0x34, 0xF1, 0xFB, 0x0E, 0xE1, 0x0B, 0x00, 0x56, 0x38,
    0x81, 0xA2, 0x1B, 0xE0, 0x51, 0xE2, 0x23, 0x54, 0xFC, 0x57, 0x28, 0x29, 0x51, 0x6B, 0x01, 0x2A,
    0x60, 0x24, 0x69, 0x97, 0x92, 0xAE, 0x09, 0xD0, 0xF2, 0x72, 0x07, 0x59, 0x82, 0x28, 0x20, 0x32,
    0x10, 0x07, 0x24, 0x39, 0xC0, 0x12, 0x20, 0x35, 0x64, 0x7D, 0xD8, 0xF0, 0x90, 0xBD, 0x59, 0x1F,
    0x2F, 0xF0, 0xA6, 0x46, 0xFA, 0x69, 0xD8, 0x4E, 0x90, 0x5A, 0xE6, 0xD5, 0xAC, 0xDA, 0x01, 0x32,
    0x2D, 0x6F, 0xCC, 0x91, 0xFE, 0xC3, 0x45, 0x1E, 0x7B, 0xB8, 0xF2, 0x5D, 0x98, 0xEC, 0x82, 0xE4,
    0x1E, 0x58, 0x67, 0x91, 0x5F, 0x7F, 0x82, 0x64, 0x7F, 0x70, 0x23, 0xAC, 0x5B, 0x55, 0x3E, 0x8E,
    0x43, 0xD3, 0x90, 0x53, 0xC7, 0xB0, 0x92, 0x95, 0xA1, 0x53, 0xCE, 0xB5, 0xAC, 0xF7, 0xE6, 0xF6,
    0x7F, 0x31, 0x8E, 0xC2, 0xC1, 0x61, 0x79, 0xD0, 0x38, 0x69, 0xDA, 0xEC, 0x26, 0xB3, 0xEE, 0x2F,
    0xA7, 0x6A, 0x62, 0x15, 0x4A, 0xB1, 0x7A, 0xD7, 0x38, 0x29, 0x9B, 0x88, 0x32, 0x48, 0xBF, 0x8A,
    0x66, 0x28, 0x17, 0x51, 0x11, 0x8F, 0x28, 0x24, 0x7A, 0x21, 0x27, 0xCF, 0xE9, 0xAE, 0xD7, 0x0F,
    0x1D, 0x56, 0x59, 0xEA, 0xAF, 0x4B, 0x3F, 0x0F, 0x1E, 0xF9, 0x91, 0xC7, 0x7F, 0xC3, 0x9B, 0x20,
    0xD5, 0xFE, 0x51, 0x09, 0xB7, 0x68, 0xE9, 0x0B, 0x19, 0x18, 0x16, 0x32, 0x99, 0x73, 0x65, 0x0B,
    0xC9, 0x5D, 0xB2, 0x98, 0x24, 0x2F, 0x09, 0xEA, 0xE3, 0xE0, 0x28, 0xF0, 0x73, 0x5D, 0x9F, 0x77,
    0xD1, 0x14, 0xC7, 0xC5, 0x80, 0x66, 0x40, 0x16, 0x20, 0xEF, 0x00, 0x32, 0xA0, 0x09, 0xB4, 0x11,
    0xA2, 0xEA, 0x58, 0x4B, 0xC4, 0xD6, 0xBD, 0xC6, 0x8C, 0xBA, 0x73, 0x3A, 0x57, 0x8C, 0x8A, 0xAC,
    0x22, 0xC8, 0x48, 0x31, 0x0E, 0x02, 0x23, 0x70, 0x60, 0xA3, 0x57, 0xCB, 0xD8, 0xE7, 0x7C, 0x97,
    0xD5, 0x7A, 0x55, 0x54, 0x27, 0x33, 0x94, 0xB0, 0x24, 0x46, 0xC5, 0x86, 0xA8, 0x54, 0x12, 0x70,
    0xAA, 0x0D, 0x28, 0x35, 0x06, 0xB2, 0x8B, 0x16, 0x48, 0xBD, 0x01, 0xE4, 0xA5, 0x12, 0x68, 0x2B,
    0x07, 0x8C, 0x55, 0x1B, 0x84, 0x55, 0x19, 0xD5, 0xBD, 0xA9, 0x41, 0x6A, 0x15, 0x95, 0x74, 0x50,
    0x78, 0xB6, 0x51, 0x74, 0x35, 0x40, 0x7A, 0x1F, 0x16, 0xAC, 0xA0, 0xC5, 0x62, 0x3E, 0x43, 0x8A,
    0xC5, 0xE4, 0x87, 0x43, 0x7C, 0xFC, 0xD3, 0x02, 0xFE, 0xF8, 0x46, 0x0E, 0x2D, 0x0F, 0xB4, 0x3F,
    0xD2, 0xF0, 0xF1, 0xCF, 0xCC, 0x62, 0x1A, 0x44, 0x9E, 0x29, 0x87, 0x34, 0x45, 0x99, 0x5D, 0x1E,
    0x8B, 0x32, 0xB5, 0x00, 0xF7, 0x22, 0x9E, 0x24, 0x54, 0xE3, 0x14, 0x3C, 0x0B, 0x29, 0x64, 0x70,
    0x0D, 0xE0, 0x51, 0xE7, 0x57, 0xAE, 0x82, 0x82, 0x53, 0x30, 0x44, 0xB8, 0xBD, 0x51, 0x1A, 0x1C,
    0xC3, 0x00, 0x8B, 0x8B, 0x8B, 0x45, 0xF8, 0x44, 0x07, 0xDC, 0x14, 0xFE, 0x5F, 0x09, 0xDE, 0xC0,
    0xAD, 0x12, 0x9C, 0x0B, 0xB8, 0x18, 0x90, 0x71, 0x28, 0xBC, 0x62, 0x62, 0x1C, 0x2D, 0x03, 0xF1,
    0x11, 0x08, 0xBD, 0x4A, 0x4F, 0x89, 0x52, 0x25, 0x46, 0x65, 0x28, 0x85, 0xAA, 0xCC, 0x17, 0x6D,
    0x8B, 0x1A, 0xA2, 0x9A, 0x8B, 0x91, 0xA6, 0x1D, 0xC5, 0x2E, 0x34, 0x0E, 0xC9, 0x89, 0xBB, 0xB4,
    0x79, 0xAF, 0xE0, 0xE6, 0x5F, 0x69, 0x6E, 0xCE, 0xE1, 0xE6, 0x11, 0x6D, 0x6E, 0xBA, 0x80, 0xDD,
    0x80, 0xBF, 0x0B, 0xF8, 0xD1, 0xBE, 0x36, 0xDB, 0x01, 0x4D, 0xAA, 0x92, 0xCF, 0x94, 0xEA, 0x97,
    0x46, 0x79, 0xD4, 0xAC, 0x2E, 0xB9, 0xA4, 0x6D, 0xEB, 0xFD, 0x39, 0xEA, 0x46, 0xAE, 0xFE, 0x53,
    0xA9, 0x70, 0x4B, 0x08, 0x2D, 0x75, 0x6C, 0xCE, 0x6F, 0x4A, 0x3D, 0x71, 0x4D, 0xCE, 0x6F, 0xAA,
    0x45, 0x38, 0xDB, 0x2B, 0x25, 0xF2, 0x6D, 0x83, 0xF4, 0x39, 0xF2, 0x2D, 0x13, 0x8E, 0xED, 0x22,
    0x5D, 0x0F, 0x03, 0x5A, 0x01, 0x7B, 0xD1, 0x00, 0x3A, 0xB2, 0x4B, 0x20, 0xE1, 0x7C, 0x1F, 0xEF,
    0x91, 0x20, 0x59, 0x95, 0x54, 0xAF, 0xA5, 0x32, 0x9C, 0x96, 0x48, 0x85, 0x74, 0xC8, 0x21, 0x32,
    0x43, 0xA6, 0xB9, 0x8C, 0x4A, 0xC9, 0x54, 0xD2, 0xEE, 0xF7, 0x58, 0xF5, 0x96, 0xED, 0xB3, 0x56,
    0x58, 0x6C, 0x62, 0xB0, 0x19, 0xD8, 0x61, 0x80, 0x83, 0x4F, 0x0A, 0xF0, 0x39, 0xDC, 0x2A, 0xE0,
    0x63, 0x0B, 0x76, 0x3B, 0xA0, 0x15, 0x90, 0xE6, 0xD8, 0xB8, 0xC4, 0x32, 0x0D, 0x68, 0x9F, 0xEC,
    0x11, 0xB4, 0x8E, 0xCD, 0x49, 0x27, 0x61, 0xD4, 0x0E, 0x18, 0xC1, 0x7F, 0x2F, 0x61, 0x52, 0xCD,
    0xF9, 0x17, 0x30, 0xB2, 0x01, 0xC3, 0x80, 0x2C, 0x20, 0x31, 0x8C, 0xA2, 0x72, 0x2F, 0xC8, 0x24,
    0xBF, 0x17, 0xAA, 0x60, 0x8F, 0x87, 0x04, 0x7D, 0x4C, 0x2B, 0x00, 0x83, 0x23, 0x58, 0x59, 0xE5,
    0x04, 0x8A, 0xB5, 0xA3, 0xA0, 0xEB, 0xE7, 0x74, 0xB6, 0xFE, 0xFC, 0x48, 0x7A, 0xB6, 0x19, 0x50,
    0x40, 0x74, 0x04, 0xD0, 0x43, 0xF4, 0xA9, 0x5F, 0xD1, 0x03, 0xBD, 0x4F, 0xA0, 0xFC, 0x28, 0x55,
    0xEA, 0xE1, 0xBD, 0x5F, 0xEC, 0x55, 0x69, 0x0F, 0xA3, 0x55, 0x96, 0xD6, 0x15, 0xD9, 0x3C, 0x60,
    0xFD, 0xE1, 0xCA, 0x2D, 0x50, 0x85, 0x90, 0x50, 0x15, 0x03, 0xA1, 0x9C, 0x0B, 0x8F, 0x12, 0x2D,
    0xE9, 0x37, 0x0F, 0xA2, 0x1F, 0xD9, 0xA8, 0x59, 0xE6, 0x15, 0x27, 0xA6, 0xE2, 0x78, 0xC1, 0xC5,
    0x61, 0x06, 0x88, 0x0D, 0x40, 0x52, 0xB3, 0xCC, 0x81, 0xDE, 0x06, 0x80, 0x9F, 0x01, 0x7C, 0x6D,
    0xB3, 0x9A, 0xDC, 0x83, 0x6E, 0x75, 0xD8, 0xEE, 0x0F, 0xEF, 0x31, 0x9C, 0xDC, 0xDD, 0x45, 0xD1,
    0x99, 0xE4, 0x0A, 0x15, 0x17, 0x81, 0x44, 0x19, 0x08, 0x7B, 0x40, 0xC0, 0x01, 0x45, 0x65, 0xC0,
    0xAB, 0x06, 0x62, 0xAF, 0x81, 0x77, 0xEA, 0x17, 0xCD, 0xC8, 0x5B, 0xD2, 0x0F, 0x7B, 0x64, 0x08,
    0xDA, 0x6C, 0x94, 0x8A, 0x9D, 0xE9, 0x30, 0x2A, 0xD5, 0x38, 0x2E, 0xDA, 0xE3, 0xD8, 0x34, 0xF6,
    0x31, 0x0C, 0x05, 0xA8, 0xA8, 0x1C, 0xB6, 0xB0, 0x4E, 0xE6, 0xD7, 0x6D, 0x08, 0x19, 0x32, 0x4C,
    0xBC, 0x07, 0x71, 0x9D, 0xD7, 0x21, 0xDD, 0x85, 0xD6, 0x1F, 0x80, 0x12, 0xEF, 0x30, 0x48, 0xE7,
    0x8C, 0xA4, 0x64, 0xB4, 0x96, 0xEA, 0x51, 0x23, 0xD1, 0xD5, 0x76, 0x28, 0x25, 0xED, 0xF4, 0xCF,
    0x91, 0x6F, 0x4F, 0x89, 0xBC, 0x37, 0xF0, 0x5C, 0x5E, 0x7B, 0xD0, 0xDE, 0xE7, 0x0F, 0x8B, 0xF9,
    0x19, 0xDC, 0xD3, 0x83, 0xBE, 0x02, 0x13, 0x0F, 0x89, 0x86, 0xC8, 0x80, 0x28, 0x60, 0xD9, 0x40,
    0x96, 0x03, 0xFB, 0xF3, 0x96, 0x0F, 0xF4, 0xA0, 0x4D, 0xB8, 0x80, 0x01, 0x9C, 0x82, 0x67, 0xE0,
    0x1B, 0x30, 0xFD, 0xCC, 0x01, 0x44, 0xAD, 0x62, 0x81, 0xE8, 0x08, 0xD0, 0x7B, 0xD3, 0xA3, 0x27,
    0xBF, 0x7F, 0xFF, 0xE9, 0xD1, 0xEB, 0x30, 0x01, 0x79, 0x48, 0x16, 0x2E, 0xE0, 0x98, 0x34, 0x57,
    0x48, 0x32, 0xDA, 0xB5, 0x19, 0x4A, 0x8C, 0x23, 0xFE, 0xB1, 0x45, 0x7C, 0x62, 0xC0, 0xE7, 0xD0,
    0x05, 0x9A, 0xF7, 0xC7, 0xE1, 0x91, 0xF8, 0x26, 0x56, 0x8A, 0x83, 0x91, 0xF8, 0xE8, 0x03, 0xF8,
    0x08, 0x76, 0x61, 0x08, 0x47, 0x27, 0x7F, 0x1F, 0xAB, 0xF0, 0xA7, 0x27, 0xDF, 0x45, 0xFA, 0xD9,
    0x93, 0x16, 0x9E, 0x79, 0xFB, 0xF4, 0xF5, 0xCD, 0xC3, 0x85, 0x2F, 0x42, 0x9C, 0xA4, 0xCE, 0x58,
    0xBB, 0x3B, 0xC4, 0xE9, 0x96, 0x81, 0xAE, 0x3E, 0x08, 0x71, 0xBA, 0xB5, 0x1F, 0xE2, 0x34, 0xDA,
    0x0B, 0x71, 0x6A, 0xA2, 0x90, 0x76, 0x4C, 0x62, 0x81, 0xA3, 0xE8, 0x55, 0xE6, 0xAA, 0xCD, 0x10,
    0x89, 0x25, 0x79, 0xB7, 0x24, 0xFA, 0x5B, 0x03, 0x1E, 0xB8, 0x08, 0x4C, 0x40, 0x7C, 0x9A, 0x13,
    0xBF, 0x67, 0x90, 0x67, 0x2C, 0x4D, 0xAE, 0x33, 0xAC, 0x0B, 0x4B, 0x8F, 0x40, 0x54, 0xED, 0x44,
    0x68, 0xEF, 0x7D, 0x6C, 0xFA, 0xD7, 0xFA, 0xB1, 0x41, 0xF1, 0xE4, 0x54, 0x8D, 0x72, 0x2E, 0x08,
    0x38, 0x75, 0x0F, 0x3A, 0x11, 0x5A, 0xCF, 0x0A, 0x13, 0x6F, 0x47, 0x9C, 0xBC, 0xD9, 0x1B, 0x81,
    0xE5, 0xD1, 0xE8, 0xF6, 0xD6, 0x7C, 0xDF, 0x94, 0x21, 0xEF, 0x41, 0xD4, 0xF5, 0xAC, 0x48, 0xCC,
    0xFD, 0xD0, 0x26, 0x35, 0xAD, 0x2D, 0x6F, 0x52, 0x7F, 0xC3, 0xB0, 0x9A, 0x18, 0xB8, 0x0B, 0xD3,
    0x80, 0x19, 0xA0, 0x8E, 0x60, 0x65, 0x85, 0x55, 0x06, 0xA8, 0xBB, 0x30, 0x0C, 0x50, 0x6C, 0xD3,
    0xFA, 0x68, 0x46, 0xB2, 0x73, 0xF8, 0xF2, 0x4E, 0x0E, 0xDD, 0x7B, 0x79, 0x12, 0xF7, 0xD6, 0xEF,
    0x44, 0xC0, 0x33, 0x0B, 0xB4, 0x03, 0x5A, 0x57, 0xBC, 0x49, 0x2A, 0xFD, 0xD6, 0x12, 0xC3, 0x33,
    0x7B, 0x78, 0xEA, 0x40, 0xCF, 0xA0, 0xCB, 0x00, 0xB5, 0x27, 0x2F, 0xAB, 0xE1, 0xCB, 0x4A, 0xBD,
    0x3C, 0x6B, 0xF9, 0x59, 0xBA, 0xAB, 0x78, 0xB9, 0x96, 0x2F, 0x28, 0x50, 0x3D, 0xC0, 0xDD, 0x0B,
    0xC1, 0x14, 0x7B, 0x3F, 0x63, 0xAE, 0x6B, 0xD3, 0xFE, 0x40, 0xAC, 0x82, 0x3A, 0x2C, 0x27, 0x75,
    0xDB, 0xDB, 0xFA, 0x7D, 0x42, 0x29, 0x1A, 0xF7, 0x93, 0xDA, 0x14, 0x2F, 0x46, 0xFC, 0x64, 0x35,
    0xDE, 0xD7, 0x22, 0x31, 0x28, 0xA2, 0xE2, 0xC5, 0x01, 0xC2, 0xBE, 0x31, 0x02, 0x3B, 0x74, 0x08,
    0xDB, 0xF5, 0xDE, 0xDB, 0xE5, 0xDB, 0x5B, 0x5B, 0x97, 0x71, 0x00, 0x63, 0x80, 0x21, 0x40, 0x1B,
    0x20, 0xCB, 0xD1, 0x24, 0xD5, 0x60, 0x2C, 0x13, 0x9F, 0xC3, 0x9E, 0x6B, 0x48, 0xE6, 0xE1, 0x62,
    0x6A, 0xBE, 0xE0, 0xA2, 0xF2, 0x0F, 0x2D, 0xF6, 0x5B, 0x37, 0xFB, 0xB6, 0xE5, 0xBD, 0x8D, 0x7E,
    0xDE, 0xEF, 0x09, 0x0B, 0x54, 0x18, 0x03, 0xDD, 0x3F, 0x2B, 0x49, 0x7D, 0x01, 0x70, 0x7F, 0x8D,
    0xC6, 0x9F, 0x45, 0xA3, 0x34, 0x80, 0x54, 0xDF, 0x45, 0xE2, 0x90, 0x96, 0xED, 0xC7, 0xD1, 0xD2,
    0x72, 0x37, 0xE0, 0xE4, 0x7A, 0x77, 0x96, 0x98, 0xF8, 0x3E, 0xEB, 0xF3, 0x45, 0x77, 0x46, 0xA4,
    0x2F, 0x03, 0xF1, 0x5F, 0x97, 0x00, 0x3E, 0x07, 0x38, 0x01, 0xFC, 0x66, 0xE2, 0xB2, 0x39, 0x95,
    0x02, 0x6B, 0xE7, 0x81, 0x64, 0x0A, 0x70, 0x1C, 0xC1, 0x55, 0x3D, 0x4E, 0x2E, 0xBC, 0x66, 0x71,
    0xC8, 0x87, 0x6F, 0x83, 0x73, 0x7B, 0x5E, 0xF3, 0xDF, 0x07, 0x78, 0x8B, 0x13, 0x33, 0x1C, 0xAD,
    0x00, 0xA9, 0x1D, 0xE9, 0xBE, 0x63, 0x67, 0xAA, 0x2D, 0xE1, 0x78, 0x3F, 0x86, 0x55, 0x9C, 0xB9,
    0x46, 0xE4, 0x1D, 0x6C, 0xE9, 0x7A, 0xBA, 0x58, 0xD8, 0xBB, 0xFC, 0xF8, 0xF9, 0x9D, 0x38, 0x8C,
    0xB1, 0x42, 0x2D, 0x84, 0x3D, 0x19, 0x8B, 0x57, 0x6C, 0xE4, 0x0D, 0x5F, 0xDD, 0x8B, 0xC1, 0xEF,
    0x7A, 0x0B, 0xED, 0xBE, 0x85, 0x01, 0x16, 0xDE, 0xA8, 0x68, 0x54, 0xD1, 0xD5, 0x8A, 0xEC, 0x5D,
    0x24, 0x4A, 0x2C, 0x51, 0xB1, 0x4F, 0xB1, 0xC1, 0x92, 0x54, 0x74, 0x45, 0xE3, 0x99, 0x83, 0x07,
    0x78, 0x16, 0xA0, 0x01, 0xA0, 0x00, 0x86, 0x00, 0x2B, 0xD0, 0x5F, 0x07, 0xBF, 0x8B, 0xB8, 0x79,
    0x11, 0x51, 0x36, 0x10, 0x45, 0x83, 0xA8, 0x82, 0x69, 0x10, 0xEF, 0x21, 0xC9, 0x1B, 0x48, 0x1A,
    0x6C, 0xD0, 0xCA, 0x67, 0x07, 0xAF, 0x2D, 0xF9, 0x9D, 0x70, 0x07, 0xE0, 0x33, 0xFA, 0xC8, 0x35,
    0xA8, 0x21, 0x35, 0x64, 0x08, 0x7D, 0xB8, 0x2A, 0x4F, 0x28, 0xD6, 0x0E, 0x4B, 0xD7, 0xCF, 0x83,
    0x0F, 0x7A, 0x24, 0x91, 0x4A, 0x1A, 0xA0, 0xE8, 0x6D, 0x33, 0xB1, 0x3C, 0xA7, 0x8F, 0xC9, 0x71,
    0x7F, 0x03, 0xB0, 0x20, 0x02, 0xA2, 0x12, 0x84, 0x7E, 0x42, 0xC7, 0xFD, 0x48, 0xC5, 0x7D, 0xD6,
    0x1E, 0xA4, 0x5B, 0xE3, 0x1E, 0x1D, 0x08, 0x77, 0x59, 0x6D, 0xD4, 0x10, 0xA5, 0xD8, 0x0E, 0x5D,
    0x47, 0xDD, 0x73, 0xD4, 0x22, 0xB6, 0x89, 0x66, 0x44, 0xC5, 0x81, 0xA0, 0x3F, 0x53, 0x80, 0x7E,
    0xF6, 0x6B, 0x01, 0xFA, 0xD3, 0x2A, 0x40, 0xDF, 0x01, 0x5C, 0x05, 0xB0, 0x80, 0x28, 0x81, 0xB8,
    0x60, 0x51, 0x87, 0xF4, 0xE8, 0x12, 0x5B, 0xBA, 0x3A, 0x09, 0x94, 0xA7, 0x96, 0x8E, 0x91, 0x57,
    0x69, 0x97, 0x2F, 0x5C, 0x45, 0x59, 0x15, 0x68, 0x34, 0x08, 0x74, 0xFA, 0x6A, 0xA0, 0x53, 0x36,
    0x50, 0x56, 0x04, 0x92, 0xE6, 0x2F, 0x51, 0x69, 0x3E, 0xB9, 0xD3, 0xA4, 0x5F, 0xB8, 0xD3, 0xD7,
    0x2B, 0x1E, 0xD5, 0x94, 0x6D, 0xBE, 0x04, 0x6E, 0x0C, 0x1B, 0x25, 0x88, 0xE3, 0xF9, 0xA6, 0x47,
    0xC6, 0x26, 0xF9, 0x93, 0x3C, 0x9A, 0x03, 0xD0, 0x27, 0xF3, 0xE6, 0x99, 0xA4, 0x04, 0x5B, 0xC9,
    0x49, 0x2B, 0xEF, 0x04, 0xC5, 0x62, 0x5D, 0x6C, 0x2F, 0x5D, 0xD8, 0x0F, 0x8A, 0x7D, 0xED, 0x35,
    0xB0, 0x23, 0xE8, 0xAD, 0x00, 0xC7, 0xA3, 0xC9, 0x72, 0xA4, 0xE5, 0xAB, 0xB9, 0x10, 0x8F, 0xA9,
    0x09, 0x27, 0xFB, 0x7D, 0x98, 0x78, 0x0F, 0xB7, 0x7E, 0xDE, 0x5F, 0xCC, 0xF1, 0xC5, 0xEF, 0x16,
    0x54, 0x93, 0xE4, 0x20, 0xA3, 0x40, 0xCD, 0xE8, 0xE7, 0xEB, 0xA8, 0xAA, 0x6B, 0x1B, 0x54, 0x7B,
    0xDE, 0x17, 0x88, 0x8A, 0xE2, 0x22, 0x2A, 0x48, 0x4C, 0x20, 0xA9, 0x03, 0x65, 0x44, 0x7E, 0xDE,
    0x0E, 0xE4, 0xC5, 0xBA, 0xE8, 0xD1, 0xF2, 0x5F, 0x9E, 0xF3, 0x3B, 0xC9, 0x6E, 0x9A, 0x13, 0xB9,
    0xD8, 0x20, 0x6C, 0x54, 0x70, 0x36, 0x7C, 0xAC, 0x97, 0x79, 0xEF, 0xCB, 0x4B, 0xC2, 0x82, 0xAB,
    0xC8, 0x2E, 0xE2, 0x29, 0xA6, 0x70, 0xE9, 0x42, 0xF7, 0x6D, 0xD3, 0x9A, 0xA6, 0x3E, 0x07, 0xE0,
    0xF3, 0x91, 0x96, 0x52, 0x27, 0xBB, 0xB0, 0xF2, 0x24, 0x9F, 0x64, 0xA6, 0x91, 0x49, 0xDE, 0x32,
    0x62, 0x0E, 0xC0, 0xEB, 0x24, 0x3E, 0xCF, 0x5E, 0xB1, 0x0A, 0x37, 0x60, 0xF0, 0xFD, 0xFE, 0x78,
    0xE2, 0x67, 0xDF, 0xEF, 0xF7, 0xC6, 0x30, 0x84, 0x0E, 0xC8, 0x5F, 0xD8, 0xC8, 0x97, 0x80, 0xF8,
    0x9A, 0xA6, 0xE5, 0x67, 0x34, 0xF5, 0x86, 0x86, 0xC4, 0x40, 0x54, 0x02, 0x16, 0x70, 0xC0, 0x68,
    0xE2, 0xFD, 0x34, 0xC0, 0x8D, 0x61, 0x34, 0x00, 0xAB, 0x10, 0xB6, 0x4D, 0x5C, 0x66, 0x3A, 0x35,
    0x69, 0x35, 0x3D, 0xE8, 0xA7, 0x00, 0x2C, 0xFD, 0x3B, 0xBA, 0x5E, 0xFF, 0xD1, 0xF3, 0x05, 0xC2,
    0x82, 0x83, 0xF1, 0xD7, 0xB6, 0xC6, 0xE1, 0x5E, 0xC7, 0x78, 0x84, 0x1B, 0x0A, 0xDB, 0x7A, 0xDB,
    0xA4, 0x73, 0x00, 0x36, 0x5F, 0x03, 0x6B, 0xA1, 0xD7, 0x83, 0x63, 0xD4, 0x60, 0x79, 0x19, 0x99,
    0xEA, 0x25, 0xF1, 0x98, 0xDA, 0x88, 0x3C, 0x3F, 0xE8, 0xEE, 0xB5, 0x06, 0xE0, 0x37, 0xD7, 0xDD,
    0x3F, 0xF5, 0x14, 0xB0, 0x26, 0x81, 0x13, 0x4B, 0xC7, 0xD5, 0xDD, 0x47, 0xAF, 0x84, 0x40, 0x18,
    0x23, 0x84, 0x7E, 0xC2, 0xC1, 0x43, 0x58, 0x8E, 0x90, 0x5F, 0xCA, 0x85, 0x78, 0x9C, 0x91, 0xC3,
    0x3A, 0xD2, 0xB8, 0xAA, 0x85, 0xB0, 0xDD, 0x06, 0x61, 0x21, 0x31, 0x90, 0x01, 0x43, 0x10, 0x0E,
    0xEA, 0x06, 0x77, 0x76, 0x06, 0xB4, 0x00, 0xB9, 0x87, 0x8C, 0x15, 0x3A, 0x74, 0xFE, 0x6C, 0xC6,
    0xA2, 0xEC, 0xDA, 0x31, 0xD8, 0xF0, 0xF6, 0xE4, 0x57, 0x4A, 0x12, 0x43, 0x06, 0x0A, 0x2C, 0x71,
    0x41, 0x55, 0xEE, 0x85, 0xC5, 0x3F, 0x3A, 0x82, 0x41, 0x2D, 0x23, 0x84, 0x7D, 0x27, 0x2D, 0x26,
    0x5E, 0x2F, 0xAD, 0x23, 0xB6, 0x2E, 0x13, 0x79, 0x0B, 0xC7, 0xF5, 0xA9, 0xDA, 0xD6, 0x66, 0xE2,
    0xCB, 0x47, 0x8F, 0x6E, 0x23, 0xDF, 0x24, 0x2A, 0x2D, 0xE8, 0xDE, 0xF1, 0xE9, 0xF0, 0xAF, 0xF2,
    0xF8, 0xBD, 0x42, 0x68, 0xFD, 0x18, 0x6A, 0xBC, 0xF8, 0x5B, 0xA0, 0x14, 0xAC, 0xAE, 0x02, 0x3C,
    0x2C, 0x70, 0xA3, 0x71, 0x80, 0xA3, 0x81, 0x1B, 0xF1, 0x5D, 0x81, 0x1B, 0x87, 0xDB, 0xD5, 0xDE,
    0xFC, 0xE3, 0x2B, 0x4E, 0x31, 0x1C, 0xD0, 0x1E, 0xD1, 0x1C, 0xB1, 0x16, 0x64, 0x4C, 0x63, 0x88,
    0x6A, 0xB3, 0x2D, 0xDF, 0xDA, 0x0B, 0xE2, 0xF8, 0xCD, 0x87, 0x8D, 0x1C, 0xFD, 0xFD, 0xC7, 0xA4,
    0xC1, 0xC1, 0xEF, 0x7F, 0x2C, 0x6D, 0x9E, 0x7A, 0x1A, 0x32, 0x79, 0xF0, 0x7C, 0x1F, 0xD7, 0xF7,
    0x32, 0x21, 0xDF, 0x4C, 0xEE, 0xE5, 0xFA, 0xE8, 0x21, 0xCE, 0x6C, 0x55, 0x75, 0x31, 0x05, 0x8E,
    0xEF, 0x2B, 0xB6, 0xE5, 0xAD, 0x3C, 0xF5, 0xE6, 0xB3, 0x44, 0x74, 0x72, 0xF9, 0x35, 0xB0, 0x0E,
    0x7A, 0x2B, 0xC7, 0xAA, 0x59, 0xF5, 0x8F, 0x7D, 0xBB, 0xFA, 0xC7, 0x3E, 0x93, 0x72, 0xCB, 0xFF,
    0x4C, 0x23, 0xBF, 0xAC, 0x69, 0xBC, 0x00, 0x2F, 0xBF, 0x7C, 0xAC, 0x0A, 0x56, 0x21, 0x41, 0xE3,
    0x31, 0xA5, 0x8D, 0xDF, 0x3D, 0x52, 0x81, 0x83, 0x35, 0x5C, 0xAD, 0x63, 0x99, 0xBC, 0xB7, 0xAF,
    0xA3, 0x3F, 0xAA, 0x63, 0x52, 0xE0, 0x6B, 0x1D, 0x45, 0x65, 0x79, 0x7E, 0x5C, 0xDE, 0xE9, 0xC0,
    0x8E, 0xE3, 0x33, 0xBB, 0xE0, 0x5F, 0xA5, 0x95, 0x7F, 0xF5, 0x18, 0xDF, 0x23, 0xF4, 0xFB, 0xFA,
    0xD1, 0xA7, 0x36, 0x7D, 0x2D, 0xE9, 0x21, 0x11, 0x95, 0xED, 0xE7, 0xC1, 0x13, 0x9C, 0x9D, 0x9C,
    0xAE, 0x21, 0x3E, 0x24, 0x00, 0x2F, 0xBE, 0x08, 0x03, 0x05, 0x2B, 0xAB, 0x00, 0xC7, 0xF2, 0x29,
    0xDC, 0x91, 0x3C, 0x9F, 0xE8, 0x0B, 0x85, 0xC7, 0x9B, 0x87, 0xB5, 0x95, 0x70, 0xB5, 0x92, 0x25,
    0x8B, 0x2C, 0x59, 0x7E, 0x94, 0x69, 0xD9, 0x4D, 0x64, 0x09, 0xB5, 0x44, 0x25, 0x99, 0x61, 0x89,
    0x63, 0x1E, 0x1A, 0x5D, 0x0A, 0x90, 0x05, 0x41, 0x9D, 0xCF, 0x36, 0x34, 0x2A, 0x01, 0x0F, 0xBC,
    0x7E, 0x6F, 0xFD, 0x7E, 0xB2, 0xD0, 0xEF, 0xB9, 0xC9, 0xAF, 0x68, 0x79, 0xCF, 0xD2, 0xC6, 0x9B,
    0xF7, 0xD3, 0xAF, 0xFE, 0x3A, 0x35, 0xE8, 0x52, 0x99, 0x59, 0x6C, 0x50, 0xA4, 0xD2, 0xC3, 0x57,
    0x4E, 0xE4, 0x49, 0xBF, 0x1E, 0x74, 0x08, 0x2A, 0x04, 0x0D, 0x9A, 0x8C, 0x87, 0xB4, 0xFF, 0x3F,
    0xB5, 0xD8, 0x01, 0x84, 0x65, 0xD7, 0xFD, 0x07, 0xF0, 0xCF, 0xBD, 0x77, 0x26, 0x37, 0xFF, 0x7D,
    0x99, 0xB9, 0x83, 0xD9, 0xBF, 0x34, 0xD9, 0x99, 0x07, 0xC5, 0x44, 0x77, 0x66, 0x16, 0xC1, 0xE0,
    0xBE, 0x9D, 0x93, 0x2D, 0x28, 0xAA, 0x83, 0x1D, 0xB0, 0x48, 0x11, 0x00, 0x49, 0x10, 0x35, 0xA9,
    0x97, 0xE4, 0x56, 0x15, 0xA0, 0x1D, 0xB4, 0x2D, 0x42, 0x05, 0x05, 0x4A, 0x3B, 0x18, 0x3A, 0xCB,
    0xA6, 0x7B, 0xAB, 0x08, 0xC0, 0xAD, 0x00, 0x42, 0x72, 0xCB, 0xA6, 0x68, 0xD0, 0x1B, 0x7D, 0xD5,
    0x49, 0xFA, 0x76, 0x6E, 0xDF, 0xEB, 0x8E, 0xA7, 0x96, 0x95, 0xBE, 0x99, 0xF7, 0xE6, 0x9E, 0x73,
    0x78, 0xD7, 0xF5, 0xEE, 0xE7, 0x7D, 0x7F, 0xEF, 0x77, 0xEE, 0xCC, 0x58, 0x44, 0x56, 0xD0, 0x2D,
    0xB9, 0x59, 0x91, 0x37, 0x1C, 0x37, 0x34, 0x07, 0xA2, 0x3A, 0x17, 0x57, 0x9B, 0x92, 0x72, 0x5D,
    0xDA, 0xB6, 0xB2, 0xB6, 0x0D, 0x5D, 0x69, 0xB9, 0x29, 0xA9, 0x72, 0x51, 0x7D, 0x40, 0x33, 0xE0,
    0x18, 0x44, 0xC8, 0x0A, 0x3A, 0x01, 0xD8, 0xD7, 0x6D, 0xCB, 0xA5, 0xB4, 0xA6, 0xA1, 0x71, 0xB5,
    0xC9, 0xDA, 0xE6, 0xED, 0xD0, 0x0C, 0x34, 0x8D, 0x66, 0x90, 0x34, 0x6F, 0xBF, 0xD6, 0x6C, 0x9F,
    0x1E, 0xC1, 0x0A, 0x27, 0x1C, 0x83, 0x6E, 0xE0, 0xFF, 0x2B, 0xD4, 0xA4, 0x25, 0x1D, 0x2C, 0x32,
    0x0B, 0x65, 0x74, 0xCA, 0xAB, 0x2C, 0xF3, 0x16, 0x47, 0xAC, 0x4C, 0x63, 0x14, 0x05, 0x92, 0x42,
    0xF6, 0xE3, 0x47, 0xF7, 0x3F, 0x7A, 0x83, 0xB0, 0x30, 0x13, 0x17, 0xCF, 0xB2, 0x63, 0x58, 0x27,
    0x1F, 0xCB, 0x92, 0x62, 0xAA, 0xEC, 0x56, 0xB1, 0x8C, 0xF4, 0x3B, 0xC5, 0xCC, 0x5D, 0xAF, 0x90,
    0x73, 0x65, 0x97, 0x7F, 0x16, 0x71, 0x59, 0xC3, 0xD5, 0x90, 0xB6, 0x4D, 0xF2, 0xD2, 0x29, 0x39,
    0xB9, 0xC5, 0x7E, 0xD2, 0x0E, 0xBB, 0x87, 0x79, 0x4F, 0x9E, 0x1B, 0xAD, 0xC3, 0xEE, 0xBB, 0xC3,
    0xCE, 0xD9, 0x75, 0xF0, 0x1C, 0x92, 0x82, 0x34, 0xC8, 0xBE, 0xCD, 0x6E, 0x45, 0x73, 0x44, 0x30,
    0xA3, 0xCC, 0x06, 0x5C, 0xE3, 0x0D, 0xC3, 0xC3, 0xE4, 0x13, 0x9D, 0x29, 0x63, 0x03, 0x6F, 0x5D,
    0xE3, 0xB3, 0x01, 0x61, 0xEF, 0x11, 0x67, 0x6B, 0xD6, 0x65, 0x95, 0x7E, 0x5A, 0x2E, 0xBD, 0x13,
    0x60, 0x28, 0xF9, 0x78, 0x7A, 0xE5, 0x95, 0xF0, 0x48, 0xF0, 0x56, 0x43, 0x9D, 0x83, 0xB9, 0xB5,
    0xEB, 0x2B, 0xA2, 0x87, 0x46, 0x51, 0x2E, 0x27, 0xE5, 0xD4, 0xDD, 0x3B, 0x79, 0x53, 0x88, 0x6A,
    0x92, 0x82, 0x1F, 0xAC, 0xF2, 0xE0, 0x0D, 0x76, 0xEB, 0x99, 0x75, 0xB0, 0x45, 0xD6, 0xD9, 0xB1,
    0x14, 0x15, 0x9D, 0x77, 0x43, 0x7C, 0x66, 0xFA, 0xAA, 0xE7, 0x58, 0x32, 0x17, 0x5E, 0x44, 0x52,
    0x52, 0x5B, 0x8A, 0x8B, 0xCE, 0x9D, 0xE9, 0x79, 0x59, 0x20, 0x2A, 0x49, 0x0B, 0x7E, 0x34, 0x7B,
    0x1E, 0x9C, 0xF2, 0x0C, 0x07, 0xFE, 0x6F, 0xFA, 0x00, 0x1F, 0x6F, 0x99, 0xE2, 0x5C, 0xF8, 0xCE,
    0x4C, 0x85, 0xE9, 0x9F, 0xC7, 0x2D, 0xB3, 0xC0, 0x52, 0x74, 0xA1, 0x0C, 0xCB, 0x6B, 0x7C, 0x79,
    0xC2, 0x76, 0x3D, 0xD7, 0x76, 0x59, 0x8A, 0xCA, 0xCE, 0xAF, 0x8B, 0xA9, 0x75, 0x7B, 0x34, 0x34,
    0xB0, 0xBF, 0x1F, 0xDA, 0xB6, 0xFA, 0x62, 0x3F, 0x0C, 0x98, 0x8C, 0x2F, 0xC6, 0x27, 0xCB, 0xC9,
    0xC9, 0xC9, 0x18, 0x5D, 0x39, 0x1A, 0xB0, 0x27, 0x6A, 0x68, 0xC0, 0x2B, 0xD2, 0xB6, 0xE8, 0xDE,
    0x6A, 0x72, 0x83, 0x03, 0x07, 0x77, 0xF7, 0x4F, 0xEE, 0xB7, 0xC3, 0xBB, 0xFB, 0x7B, 0x27, 0xF4,
    0xB9, 0x49, 0xF6, 0x97, 0x26, 0x6E, 0x6B, 0x58, 0xA5, 0x4F, 0x0E, 0xF1, 0x03, 0x51, 0x9F, 0x35,
    0xEE, 0x51, 0x13, 0x2E, 0x24, 0xB9, 0xCB, 0xCB, 0xA4, 0xC1, 0x36, 0x3B, 0xAC, 0x4C, 0x81, 0xE9,
    0x14, 0xE5, 0xEE, 0xBF, 0xCA, 0x1B, 0xBB, 0x17, 0x0C, 0x21, 0x3D, 0xFC, 0x6E, 0x76, 0x56, 0x6D,
    0x6C, 0x17, 0xD3, 0x25, 0x60, 0x95, 0xE3, 0xE8, 0xF3, 0x2A, 0xBD, 0x67, 0x39, 0x23, 0xBA, 0x58,
    0xFE, 0x5F, 0x23, 0x37, 0x3C, 0x8A, 0x3F, 0xD1, 0x89, 0xCB, 0xA9, 0x00, 0xAB, 0x6C, 0xD2, 0xE9,
    0xF2, 0x4E, 0xA9, 0x6E, 0x58, 0x59, 0xDC, 0xBF, 0x9D, 0xB5, 0x0F, 0xB3, 0x9F, 0xDD, 0xCE, 0x82,
    0xC9, 0x18, 0xBF, 0x6C, 0x87, 0x8F, 0x9F, 0x0C, 0x46, 0x57, 0x8E, 0xC6, 0x06, 0x9B, 0xA4, 0xBB,
    0xFC, 0xAE, 0x8C, 0xAA, 0x23, 0xC6, 0xA2, 0xA8, 0xAD, 0xD3, 0xEA, 0x5E, 0xA6, 0xB7, 0x6E, 0x7D,
    0x6B, 0xFF, 0xD5, 0xED, 0xB6, 0xDD, 0xDA, 0xBF, 0xBD, 0x45, 0x97, 0xAC, 0x90, 0x7C, 0x71, 0xCF,
    0xFD, 0x53, 0x88, 0x0F, 0x79, 0x9D, 0xA3, 0xF8, 0xF3, 0xF2, 0x72, 0x21, 0x0C, 0xB8, 0xC6, 0xC1,
    0xE4, 0xC9, 0x3B, 0x65, 0x21, 0x64, 0x3F, 0x0C, 0x9B, 0xAD, 0x95, 0x55, 0x51, 0x23, 0x1D, 0x5A,
    0x5E, 0xBE, 0xB0, 0x44, 0xFA, 0x8F, 0x72, 0xE9, 0xB5, 0x62, 0x01, 0x43, 0xF1, 0x05, 0x30, 0xEF,
    0x89, 0x87, 0x3A, 0xBF, 0xB1, 0x96, 0x16, 0xB3, 0x6A, 0x49, 0xE3, 0xA7, 0xA8, 0x2C, 0x2E, 0x2F,
    0xDC, 0xA1, 0x4F, 0x15, 0x4F, 0x35, 0x5E, 0x8C, 0x9A, 0xA4, 0x8C, 0xC3, 0xD5, 0xDB, 0xBB, 0xC3,
    0xB4, 0x4C, 0x9E, 0x70, 0x3C, 0x5F, 0xED, 0x0E, 0xDF, 0x74, 0x27, 0x24, 0xA1, 0x6B, 0xC7, 0xAA,
    0x55, 0xF9, 0x13, 0x8E, 0xAF, 0x7E, 0x1F, 0xA2, 0x30, 0xBE, 0x82, 0x9D, 0x7C, 0xC3, 0x6A, 0xFE,
    0x5F, 0x3F, 0xE3, 0x57, 0x3C, 0xF7, 0x2B, 0x51, 0xDB, 0x86, 0xCE, 0x83, 0xE7, 0xAB, 0x6E, 0x88,
    0x9A, 0x9B, 0x9C, 0xE4, 0xE4, 0x7D, 0x7A, 0x27, 0x6C, 0x4E, 0x26, 0xBD, 0x3E, 0x79, 0x4E, 0x7F,
    0x9B, 0xD3, 0xAC, 0x48, 0x9A, 0xE4, 0xCB, 0xDF, 0x96, 0xEE, 0x3F, 0x64, 0xF2, 0x8B, 0x74, 0xF9,
    0x68, 0xC2, 0xBE, 0xB4, 0xAD, 0xBA, 0xB7, 0x06, 0xB9, 0xFE, 0x81, 0xDE, 0xB1, 0xAD, 0x63, 0xEB,
    0xA3, 0x71, 0x62, 0xB3, 0x2F, 0xEF, 0xB9, 0x97, 0xFD, 0x62, 0x94, 0x51, 0xF1, 0x58, 0x46, 0xA3,
    0x90, 0x46, 0x73, 0x80, 0x1D, 0xA2, 0x23, 0x92, 0x92, 0x28, 0xCC, 0x4E, 0xF9, 0x26, 0x77, 0x82,
    0x24, 0xE8, 0xB2, 0xC3, 0xEA, 0x34, 0x4E, 0xF6, 0x88, 0x2B, 0xE9, 0x87, 0x41, 0xD6, 0xB0, 0x73,
    0x9D, 0x95, 0x85, 0xD9, 0xD9, 0x5C, 0xE1, 0xBA, 0xF7, 0x5F, 0x8F, 0x3E, 0x93, 0xDE, 0x2A, 0xA7,
    0xCA, 0x70, 0x11, 0x69, 0x20, 0xFA, 0xA0, 0x32, 0x0F, 0xDB, 0x06, 0xD6, 0x91, 0x6E, 0x07, 0xBE,
    0x5F, 0x51, 0x1D, 0x01, 0x57, 0x83, 0xA8, 0x1D, 0x48, 0xAB, 0xF7, 0x65, 0xBA, 0xD6, 0x65, 0x61,
    0x53, 0xA7, 0xD8, 0x94, 0xFE, 0x67, 0x6E, 0xE9, 0x84, 0xAE, 0x4C, 0x16, 0xB6, 0x25, 0x9F, 0x0E,
    0xB9, 0x5F, 0x03, 0xAE, 0x04, 0xA2, 0x8A, 0xA8, 0x1C, 0xE5, 0x79, 0x6E, 0xCE, 0x67, 0x9C, 0xE7,
    0x09, 0x4B, 0xC6, 0x91, 0xDE, 0xB8, 0x40, 0xA4, 0x60, 0xEB, 0x5B, 0x7C, 0x6F, 0x48, 0x58, 0x21,
    0x2D, 0xE7, 0x12, 0x2D, 0x92, 0x41, 0x95, 0x6E, 0x97, 0xF0, 0xBE, 0x8B, 0x48, 0xE3, 0x82, 0xAC,
    0x7E, 0x74, 0xAF, 0xE3, 0x75, 0x98, 0x5F, 0x5B, 0x6F, 0x70, 0x26, 0xFE, 0xA8, 0xE8, 0xBC, 0x54,
    0x5F, 0xBC, 0xCB, 0x6D, 0xC0, 0x29, 0xA2, 0x1A, 0x49, 0x01, 0xA2, 0xE0, 0xB9, 0x9F, 0x26, 0xD5,
    0x88, 0xFD, 0xCD, 0x72, 0xE4, 0xFE, 0x28, 0x8C, 0xE0, 0x0F, 0x8D, 0xE5, 0x72, 0x72, 0x63, 0xBB,
    0x93, 0xF3, 0x65, 0x73, 0xB2, 0xF4, 0xF4, 0xC9, 0xE5, 0xF4, 0x6D, 0x33, 0x90, 0x15, 0x71, 0x63,
    0xFC, 0x21, 0x98, 0x64, 0xFC, 0x28, 0xA3, 0x82, 0x75, 0xEC, 0x40, 0x5C, 0xDB, 0x8F, 0xAB, 0xB4,
    0xFD, 0xB0, 0xEC, 0xBE, 0xD4, 0xCA, 0xF5, 0x1D, 0xE8, 0x39, 0xB6, 0x65, 0xE4, 0x3F, 0x9F, 0x9B,
    0xFA, 0x72, 0x3D, 0x7D, 0xD9, 0xCF, 0x1B, 0x93, 0xEF, 0xC5, 0x0B, 0xD0, 0x85, 0xB4, 0x40, 0x54,
    0xCD, 0x9D, 0x1F, 0x1F, 0x12, 0x35, 0x38, 0xC1, 0xDA, 0x25, 0xF9, 0x9D, 0x43, 0x2C, 0x36, 0xF0,
    0x3A, 0xE2, 0x06, 0x49, 0x40, 0x34, 0xDF, 0x12, 0xDC, 0xC5, 0xCB, 0x48, 0xB1, 0x85, 0x17, 0xB1,
    0x72, 0x89, 0xCF, 0xB1, 0x95, 0xA0, 0xFD, 0x1B, 0xFE, 0x30, 0x9C, 0x7F, 0x05, 0xAA, 0x1B, 0xB2,
    0xB3, 0xC6, 0x33, 0xDD, 0xF2, 0x12, 0xE9, 0xCF, 0x9D, 0x29, 0x0A, 0x48, 0x4B, 0x26, 0x1D, 0x0B,
    0x97, 0x23, 0xAF, 0xA2, 0x8F, 0x1C, 0xD8, 0x13, 0x69, 0xA4, 0xC5, 0xFF, 0x3A, 0x07, 0x3A, 0xC5,
    0x89, 0x2C, 0xF4, 0x6C, 0xEB, 0xFE, 0x75, 0x28, 0x6D, 0x6B, 0x60, 0x01, 0x3D, 0x6C, 0x02, 0x2B,
    0x16, 0x72, 0xF9, 0x93, 0x46, 0xCF, 0xBD, 0xED, 0x77, 0x87, 0x9D, 0xF6, 0x3A, 0xAC, 0xD0, 0xE7,
    0x60, 0xD2, 0x8D, 0xDF, 0x28, 0x88, 0x4B, 0x3A, 0x05, 0x6B, 0x78, 0x76, 0x86, 0xCA, 0xBB, 0xDC,
    0x09, 0x92, 0xC9, 0xDF, 0x44, 0xD3, 0x38, 0xE3, 0x43, 0xA4, 0x25, 0x32, 0xB8, 0x0E, 0x44, 0x61,
    0x84, 0xEB, 0x8C, 0xEF, 0xFA, 0x93, 0x30, 0x5A, 0x7E, 0x69, 0xB4, 0x9C, 0x8E, 0x97, 0xD2, 0x58,
    0xF2, 0x15, 0xCB, 0x18, 0x6A, 0x2C, 0x35, 0xA6, 0x1A, 0x5B, 0xC5, 0xE7, 0x58, 0xC4, 0x05, 0x9D,
    0xC9, 0x46, 0x07, 0xF9, 0x18, 0x9C, 0xEB, 0x1D, 0xE7, 0x76, 0xEB, 0xDC, 0x4D, 0xF9, 0x13, 0x8E,
    0x11, 0xDD, 0xC8, 0xEE, 0x1C, 0x2F, 0x7A, 0x0F, 0x06, 0x90, 0xC3, 0xF2, 0xFC, 0xF9, 0xD1, 0xF9,
    0x46, 0xE7, 0x00, 0x6B, 0x97, 0xE3, 0x7B, 0xC1, 0xF9, 0x57, 0x43, 0x5C, 0x22, 0x2D, 0xB0, 0x06,
    0x4F, 0xCF, 0xB7, 0x04, 0x6F, 0xE2, 0x4E, 0x20, 0x09, 0x74, 0xB1, 0x83, 0xD5, 0x4B, 0x94, 0xA1,
    0xFE, 0x3A, 0xE9, 0xD9, 0x11, 0x57, 0x3A, 0xF5, 0xDC, 0x2B, 0x10, 0xD7, 0x37, 0x74, 0x46, 0x37,
    0x5B, 0xEA, 0x54, 0x97, 0x48, 0x7F, 0xEE, 0x4C, 0x0B, 0xB0, 0x05, 0x6B, 0x00, 0xB8, 0x1C, 0x79,
    0x05, 0x7D, 0x1C, 0x00, 0xDE, 0xC3, 0x29, 0x72, 0x64, 0x93, 0xCD, 0x2F, 0x9C, 0xE8, 0x14, 0xB9,
    0x4C, 0x57, 0x4F, 0x16, 0xFA, 0xD2, 0x72, 0x20, 0xF9, 0x53, 0x23, 0xFA, 0x7B, 0x49, 0x5B, 0xB0,
    0x8B, 0xAD, 0x27, 0xCF, 0xB8, 0x10, 0x35, 0x9C, 0x70, 0x1D, 0xF6, 0x2C, 0x1C, 0xEB, 0xF5, 0xE5,
    0xB9, 0x83, 0x75, 0x83, 0x4C, 0xD3, 0xB9, 0x55, 0xA7, 0x7F, 0x2C, 0x93, 0x0F, 0x8A, 0xE8, 0xA3,
    0xA0, 0xE5, 0xF7, 0xF4, 0xC9, 0x39, 0xA6, 0x91, 0x56, 0xDA, 0xC2, 0xED, 0xD9, 0x58, 0x26, 0x59,
    0x6E, 0x61, 0x8D, 0x69, 0x41, 0x7B, 0x3E, 0x6F, 0xD2, 0xAA, 0x19, 0x83, 0x1E, 0xDB, 0x8B, 0xD3,
    0x82, 0x35, 0x3C, 0x3D, 0x23, 0xE8, 0xE3, 0xFF, 0x9B, 0xBA, 0x78, 0x6E, 0xD1, 0x83, 0x0D, 0xE9,
    0xD9, 0xF1, 0xB8, 0x9D, 0x66, 0x57, 0xD3, 0xEA, 0x46, 0x76, 0x56, 0x5F, 0xEB, 0x96, 0x5C, 0x1C,
    0xF6, 0x6F, 0x95, 0x96, 0x01, 0x84, 0x64, 0xC9, 0x19, 0xC7, 0x7F, 0x55, 0x35, 0x3D, 0x6F, 0x6F,
    0xDF, 0x6C, 0xBF, 0x46, 0x77, 0x9C, 0x64, 0x7B, 0x66, 0x70, 0xA4, 0xAD, 0xEE, 0xDD, 0xC5, 0xA0,
    0xF1, 0x7A, 0xBA, 0x72, 0x8B, 0x83, 0x90, 0x47, 0x76, 0x40, 0x88, 0x0D, 0x1B, 0xE2, 0x24, 0x0C,
    0x1A, 0x93, 0x98, 0xD6, 0x2F, 0x19, 0x2C, 0x0E, 0x06, 0x02, 0x4E, 0x58, 0x2C, 0x64, 0xC1, 0x84,
    0x41, 0x8B, 0x8E, 0xAE, 0xBD, 0xC5, 0x60, 0x70, 0x95, 0x0D, 0x60, 0x71, 0xEF, 0xAC, 0x3B, 0x38,
    0xCE, 0x73, 0x1A, 0x73, 0x9B, 0x99, 0x79, 0xA9, 0xA9, 0x74, 0xCF, 0x4E, 0x76, 0x76, 0x67, 0x36,
    0xFF, 0xEF, 0x7B, 0x55, 0x5F, 0xFD, 0xBF, 0xFF, 0xF7, 0x55, 0x35, 0x5E, 0xF5, 0x93, 0xC8, 0x74,
    0x90, 0xFD, 0xCA, 0xFC, 0x9C, 0xE4, 0x02, 0x83, 0x2B, 0x7C, 0xC0, 0xD8, 0xAE, 0x6C, 0x2F, 0x24,
    0x97, 0x08, 0xE9, 0x4E, 0xBA, 0x93, 0xD9, 0x08, 0xDD, 0xA2, 0xE0, 0xC6, 0xE3, 0xC7, 0xF8, 0xF0,
    0xA0, 0x5B, 0x78, 0x12, 0x17, 0x3B, 0xE4, 0xFF, 0x1D, 0xCF, 0x33, 0xD5, 0x52, 0xBB, 0xFC, 0xEE,
    0xF6, 0xC1, 0x7B, 0xB5, 0xB5, 0xC4, 0x77, 0xE6, 0x34, 0x98, 0x2B, 0xB7, 0xE2, 0xCD, 0x61, 0x65,
    0xEE, 0x66, 0x1C, 0xF7, 0x76, 0x28, 0xB1, 0xC4, 0x22, 0x2D, 0x62, 0xDA, 0x54, 0xA8, 0x8C, 0xE2,
    0xB8, 0x5E, 0x66, 0x4E, 0x94, 0xA3, 0xD6, 0x62, 0xDC, 0xDA, 0x8C, 0x87, 0x9B, 0x95, 0xCA, 0x5C,
    0xE9, 0xE6, 0x52, 0xDC, 0x72, 0xEA, 0xF6, 0x4E, 0x8F, 0x4A, 0xC9, 0x55, 0x44, 0x2C, 0x46, 0xB4,
    0x16, 0x89, 0x9B, 0xB4, 0x5D, 0x99, 0xAB, 0xAB, 0x0E, 0x37, 0xE3, 0x38, 0x6E, 0xD5, 0x17, 0xCB,
    0x11, 0x90, 0x20, 0x72, 0xC8, 0xBC, 0x5B, 0xC6, 0x85, 0xFD, 0xC3, 0x37, 0x06, 0xCB, 0xD4, 0xB3,
    0xB3, 0xEE, 0x94, 0x53, 0x27, 0x81, 0x59, 0xD5, 0xDD, 0xAF, 0xB4, 0xAB, 0xBA, 0xFB, 0xA5, 0x26,
    0xF3, 0xE4, 0x8C, 0xFF, 0xFB, 0x4B, 0xEB, 0x78, 0x7C, 0x8C, 0xAF, 0x82, 0x5B, 0xA6, 0x9B, 0x75,
    0xF3, 0x6E, 0x7E, 0xCB, 0x96, 0x48, 0xD8, 0x64, 0x90, 0x0E, 0xF2, 0x41, 0xBA, 0x41, 0x42, 0x63,
    0x34, 0xAA, 0x34, 0x64, 0xDA, 0x57, 0x59, 0x47, 0x59, 0xD0, 0x2E, 0x6E, 0xF4, 0x03, 0xDB, 0x77,
    0xAB, 0x0E, 0x40, 0xA3, 0xDF, 0x61, 0x90, 0xDD, 0x23, 0xB9, 0xD0, 0x60, 0x6C, 0xD9, 0xBE, 0x4C,
    0x34, 0xCE, 0x66, 0x76, 0x95, 0xD2, 0x5B, 0x0D, 0xA7, 0xDB, 0x26, 0x75, 0x76, 0xB9, 0x8E, 0x7B,
    0x2C, 0xB3, 0x7C, 0x99, 0x6E, 0x5E, 0x93, 0x00, 0xDD, 0x5C, 0x58, 0xA0, 0xD7, 0x53, 0x06, 0xD8,
    0x69, 0x07, 0x1A, 0xC8, 0xE3, 0x08, 0x3F, 0x35, 0xF1, 0x53, 0x1B, 0x9F, 0xFB, 0xDB, 0x91, 0x38,
    0x72, 0xCA, 0x17, 0x5F, 0xA8, 0x2F, 0xE8, 0x7E, 0xB7, 0xAF, 0x3E, 0x51, 0xE9, 0xD5, 0x07, 0x3F,
    0x53, 0x9F, 0xAB, 0x94, 0x28, 0x72, 0x93, 0xA1, 0xEE, 0x27, 0x62, 0x3F, 0xB1, 0x1B, 0x9E, 0x48,
    0xC8, 0xD4, 0xA7, 0x1F, 0x7D, 0x8A, 0x34, 0xE2, 0x58, 0x1E, 0xE1, 0x31, 0xDB, 0xDD, 0xEF, 0x4F,
    0x06, 0xFE, 0x04, 0xD2, 0x80, 0xDF, 0x4E, 0xE9, 0x69, 0x10, 0x31, 0x0D, 0xEA, 0xB3, 0x20, 0x9E,
    0x05, 0xBD, 0x63, 0x9C, 0xD1, 0xDB, 0x78, 0xF1, 0xCD, 0x96, 0xB3, 0xB4, 0xFB, 0xDD, 0xDE, 0x9D,
    0xBD, 0xAD, 0xBD, 0x2D, 0x73, 0x75, 0xEB, 0x13, 0xB9, 0xFF, 0xE1, 0xFE, 0x87, 0x86, 0x30, 0x14,
    0xCF, 0x9D, 0x59, 0xAE, 0xCD, 0x82, 0x38, 0x94, 0xFB, 0xF2, 0xB9, 0xB4, 0xF4, 0x82, 0x3B, 0x7B,
    0xCE, 0x0C, 0xB9, 0x7A, 0xBE, 0xE5, 0x2C, 0x15, 0x56, 0x14, 0x38, 0xE3, 0x15, 0x12, 0x69, 0x55,
    0x1A, 0x52, 0xA6, 0xC9, 0x32, 0x24, 0x89, 0x7C, 0x66, 0xD5, 0x96, 0x09, 0x1D, 0xE3, 0x28, 0xC7,
    0x79, 0xD2, 0xB1, 0x27, 0xF4, 0x53, 0x13, 0xFA, 0x84, 0xCB, 0xF8, 0x54, 0x95, 0x0A, 0x31, 0x75,
    0x22, 0x94, 0x96, 0x86, 0xB4, 0x92, 0x10, 0x6F, 0x50, 0x6F, 0x12, 0x95, 0x51, 0x1F, 0x21, 0x9F,
    0xA6, 0xA4, 0x8E, 0x3C, 0x61, 0x77, 0x1D, 0x1D, 0x3B, 0xBE, 0xEE, 0x12, 0xA1, 0xCB, 0x6C, 0x69,
    0xD2, 0x3F, 0x6A, 0x0C, 0x32, 0x43, 0xAD, 0x13, 0x36, 0xB8, 0xB6, 0x40, 0xF3, 0x2A, 0x2B, 0x8A,
    0x8A, 0xD0, 0x24, 0x22, 0x57, 0x26, 0xA2, 0x43, 0x8B, 0x48, 0x2B, 0x23, 0x72, 0x92, 0xEA, 0x69,
    0x3C, 0xCB, 0xCD, 0x01, 0x29, 0xAC, 0xC8, 0x4C, 0xE9, 0x96, 0xCC, 0x22, 0x97, 0x26, 0x46, 0x59,
    0x72, 0x98, 0x28, 0x03, 0x9D, 0x08, 0x2A, 0xD1, 0x48, 0x70, 0xA0, 0xF2, 0xC0, 0x0C, 0xD5, 0x24,
    0x30, 0x44, 0x1D, 0x20, 0x76, 0x4A, 0x72, 0xA7, 0x74, 0xAA, 0x09, 0x11, 0xBA, 0x43, 0xEC, 0x1A,
    0xE8, 0xDB, 0x32, 0x93, 0x80, 0x86, 0x6A, 0xC9, 0x55, 0xA7, 0x4E, 0x17, 0x87, 0x67, 0x9D, 0x38,
    0xA0, 0x39, 0xF3, 0x39, 0x01, 0xD0, 0x98, 0xD7, 0xFD, 0x28, 0x75, 0x62, 0x04, 0xA5, 0x47, 0x0C,
    0x0A, 0xFD, 0xE3, 0x3D, 0xA3, 0x9E, 0xD8, 0xA9, 0x3F, 0x35, 0xEA, 0x73, 0xAD, 0x8E, 0x90, 0x39,
    0xD2, 0x22, 0x0D, 0x68, 0x00, 0xA1, 0x51, 0xD6, 0xF9, 0xF4, 0xFE, 0x4A, 0xDD, 0x45, 0xE7, 0xF9,
    0xDB, 0x60, 0x1A, 0xC8, 0x34, 0x62, 0x09, 0xF9, 0xF2, 0x00, 0x6A, 0x9E, 0x86, 0x71, 0x46, 0x90,
    0xB6, 0xB8, 0x8E, 0xD2, 0x27, 0x9A, 0x0A, 0xF8, 0x44, 0x08, 0xD7, 0x70, 0x2C, 0x6D, 0x58, 0x87,
    0x87, 0xE0, 0x37, 0x51, 0x86, 0x20, 0xA3, 0xBC, 0xCE, 0xF5, 0x15, 0xDA, 0x4D, 0x6E, 0x2F, 0x90,
    0x94, 0x00, 0x12, 0x3C, 0x72, 0x3C, 0xB2, 0x33, 0x93, 0x98, 0x7C, 0x9D, 0x03, 0x62, 0x7A, 0xAB,
    0xCA, 0x09, 0x00, 0xC1, 0x08, 0x80, 0x68, 0x11, 0x80, 0xD5, 0x48, 0x03, 0x5C, 0xF1, 0xAD, 0x36,
    0x40, 0x99, 0xD3, 0xA9, 0x0D, 0x2A, 0xE5, 0xFE, 0xCA, 0x6F, 0xE4, 0x9D, 0x3F, 0x99, 0x71, 0x71,
    0x18, 0x14, 0x85, 0xA9, 0x1D, 0x27, 0xE2, 0x17, 0x5F, 0x69, 0xBE, 0x85, 0x28, 0x43, 0xED, 0x6B,
    0x5A, 0x43, 0xC2, 0x07, 0x86, 0xCD, 0x0E, 0xA1, 0x53, 0xF7, 0x5A, 0xCC, 0x30, 0xBD, 0xF4, 0x05,
    0x10, 0x01, 0x4D, 0x7C, 0x47, 0x76, 0x40, 0x58, 0xDF, 0x99, 0x10, 0x28, 0x03, 0x31, 0xD0, 0x03,
    0x32, 0x90, 0x06, 0x94, 0x86, 0x08, 0xA8, 0x4F, 0x2B, 0x6A, 0x49, 0x37, 0x6F, 0xF3, 0xBF, 0xD6,
    0xCD, 0x3B, 0xC9, 0xEB, 0xCC, 0x8D, 0x87, 0xB5, 0x64, 0x90, 0xD5, 0x32, 0xCE, 0x98, 0xC8, 0x06,
    0xD9, 0x0F, 0xCE, 0x31, 0x1F, 0x6F, 0xCF, 0x3F, 0xE2, 0x63, 0x3D, 0x28, 0xC2, 0x22, 0xFB, 0xFD,
    0x8F, 0xF6, 0x7F, 0x72, 0x80, 0xB2, 0xC4, 0x48, 0x37, 0xA0, 0x0C, 0x31, 0x81, 0x61, 0x97, 0x25,
    0x64, 0xC6, 0x88, 0x28, 0x15, 0x39, 0x37, 0x91, 0x06, 0x9F, 0x6C, 0x23, 0x34, 0x15, 0x3C, 0x64,
    0x4A, 0x83, 0xC0, 0x32, 0x42, 0xB9, 0x01, 0xA0, 0xC2, 0xFC, 0x23, 0x91, 0x0C, 0x0A, 0xE9, 0xFA,
    0x7E, 0x96, 0xA1, 0x9E, 0x65, 0x48, 0xF7, 0xA8, 0xCF, 0x2C, 0xC1, 0x13, 0xCB, 0x92, 0x70, 0x3A,
    0x61, 0x45, 0x2E, 0xAC, 0x34, 0xC2, 0x28, 0x83, 0x11, 0x1A, 0x8D, 0xEF, 0x25, 0xB6, 0x03, 0xAB,
    0x72, 0x65, 0x55, 0x06, 0xE8, 0xAA, 0xF8, 0x2B, 0x9D, 0x5B, 0x85, 0x89, 0x5B, 0x41, 0x16, 0x43,
    0xFE, 0xEA, 0x91, 0x6E, 0x1D, 0xA6, 0x31, 0xAB, 0x34, 0x19, 0xBA, 0x27, 0x77, 0x4F, 0xC6, 0x1C,
    0x1A, 0x80, 0x06, 0x0F, 0xE9, 0xCB, 0x9C, 0x8E, 0xC8, 0x01, 0x4D, 0x6D, 0x6D, 0xAD, 0x5B, 0x14,
    0xD0, 0x82, 0x18, 0x76, 0x11, 0x19, 0xCA, 0x10, 0x6A, 0x22, 0xE8, 0xC0, 0x06, 0xE4, 0x48, 0xCB,
    0xDA, 0x1A, 0x45, 0x91, 0xD9, 0xE2, 0xC0, 0x16, 0x87, 0xB6, 0x38, 0x3A, 0xEB, 0x9E, 0x99, 0xD8,
    0x62, 0xDB, 0x1A, 0xDE, 0xE6, 0xD4, 0xEE, 0x86, 0xC5, 0x71, 0xB7, 0x28, 0x0F, 0x8A, 0xF2, 0xD8,
    0x7B, 0x31, 0x0B, 0x1C, 0x73, 0xAB, 0xF8, 0xA5, 0xCB, 0x02, 0x6B, 0x77, 0x29, 0x0A, 0xFB, 0x65,
    0x31, 0xF9, 0x67, 0x71, 0xE8, 0xFD, 0x68, 0xEA, 0x7E, 0xF9, 0x75, 0x31, 0x71, 0x59, 0x80, 0x2A,
    0x74, 0xA0, 0x89, 0xF3, 0xD5, 0xDF, 0xFE, 0xAE, 0xEB, 0x6A, 0x07, 0xF0, 0x6F, 0x2D, 0x5F, 0x98,
    0xE0, 0x49, 0x2E, 0xD2, 0xF4, 0xDE, 0xE1, 0x61, 0x05, 0x8F, 0xFB, 0x9B, 0xFE, 0xEF, 0xFB, 0x82,
    0xD7, 0xE9, 0xFF, 0xC7, 0x5B, 0x5E, 0xD9, 0xCB, 0x0E, 0x05, 0x97, 0x6B, 0x96, 0x05, 0x87, 0x21,
    0xC3, 0xB2, 0xD7, 0xC4, 0xD0, 0x83, 0x1D, 0xC8, 0x90, 0xD6, 0xBF, 0xDF, 0x9A, 0x10, 0xCA, 0x50,
    0x87, 0x78, 0x9E, 0x8D, 0x48, 0xEF, 0x44, 0x00, 0xE2, 0xD7, 0x20, 0x88, 0x8A, 0xEF, 0x09, 0x69,
    0x89, 0xF1, 0xF7, 0x7D, 0x56, 0x10, 0xE3, 0x09, 0x53, 0xFC, 0x50, 0xFB, 0x43, 0x46, 0xCE, 0x4E,
    0x0E, 0xBD, 0x0E, 0x06, 0x80, 0x2B, 0xC0, 0x02, 0x94, 0x17, 0x9A, 0x04, 0x7F, 0xD9, 0x45, 0x14,
    0x96, 0xDA, 0xF8, 0xCF, 0x0C, 0x8A, 0x42, 0x33, 0x4E, 0x91, 0xDF, 0x66, 0x84, 0x3F, 0xDD, 0xA0,
    0xB4, 0x50, 0xF5, 0x3A, 0x0F, 0x91, 0xA2, 0xFC, 0x71, 0xCE, 0xA0, 0x02, 0x23, 0x18, 0xF2, 0x1A,
    0x34, 0x4E, 0xE9, 0x1C, 0x4D, 0xA2, 0xB5, 0x96, 0xCF, 0xFE, 0xE5, 0x2E, 0xC6, 0xAD, 0x07, 0x0F,
    0x74, 0x18, 0x46, 0x11, 0xE5, 0x6B, 0xF5, 0xEB, 0x34, 0x9B, 0xED, 0x36, 0xCB, 0x0E, 0xBE, 0x31,
    0x5E, 0x8D, 0xB2, 0xBC, 0x11, 0x15, 0x10, 0x1C, 0x42, 0x94, 0x0E, 0x21, 0xD2, 0xBC, 0x11, 0xFA,
    0xB4, 0x4B, 0x36, 0x5D, 0xDE, 0x87, 0x79, 0x7D, 0x52, 0x66, 0x86, 0x10, 0xA6, 0x9C, 0xC7, 0xD9,
    0xCD, 0xE5, 0x45, 0x9B, 0x8F, 0x20, 0xD2, 0x7E, 0x73, 0xBF, 0x5C, 0x1E, 0x9D, 0xFD, 0xCD, 0xA7,
    0xAB, 0x9B, 0xC0, 0x2A, 0xF0, 0x3E, 0xE7, 0xD0, 0x23, 0xD0, 0x87, 0x44, 0x66, 0x83, 0xF0, 0xDC,
    0xF9, 0xBD, 0x7E, 0x75, 0xFA, 0x78, 0xEC, 0x00, 0xE4, 0xA0, 0x4C, 0xDE, 0x24, 0xB0, 0xF9, 0x2A,
    0x2E, 0x6A, 0x79, 0xEE, 0xD5, 0xE0, 0x3F, 0x85, 0xED, 0x8D, 0xC7, 0x2F, 0x1F, 0x6F, 0xBF, 0x96,
    0x70, 0xE2, 0x0E, 0x81, 0x1B, 0x10, 0x3A, 0xAF, 0xCE, 0x12, 0x09, 0xC4, 0xFD, 0x18, 0x98, 0xEB,
    0xF4, 0x1B, 0xD3, 0x2F, 0xBE, 0xF7, 0xFB, 0x9D, 0xAA, 0x67, 0xAB, 0x8E, 0xF3, 0xCC, 0xEC, 0x1B,
    0xEB, 0x1D, 0xBE, 0xDD, 0xEE, 0xA5, 0xCB, 0xE9, 0xF2, 0x65, 0xBA, 0x81, 0xED, 0x9A, 0x25, 0x1D,
    0xE1, 0x54, 0x17, 0xEA, 0x70, 0x8A, 0x25, 0xDD, 0x35, 0x03, 0x7B, 0x71, 0xBF, 0x92, 0x53, 0xAD,
    0xDB, 0x1B, 0xE9, 0x65, 0xFD, 0xFE, 0xC1, 0x7B, 0xEF, 0xF4, 0x3B, 0xFE, 0x03, 0xDD, 0x91, 0x81,
    0x86, 0x1B, 0x51, 0x14, 0x40, 0xCF, 0x24, 0x4D, 0x52, 0x99, 0xCE, 0x4C, 0x20, 0xB0, 0x5E, 0x9A,
    0xA2, 0x18, 0xF1, 0x24, 0x8B, 0x57, 0x46, 0x4D, 0x93, 0xF7, 0x09, 0x41, 0x00, 0x4A, 0xD1, 0x0F,
    0x18, 0x3C, 0x55, 0xAC, 0x4D, 0x3E, 0x21, 0x00, 0x14, 0xA6, 0x6D, 0xD1, 0x6A, 0x9B, 0x0E, 0x82,
    0xC5, 0xDA, 0xCD, 0x27, 0xE4, 0x07, 0x4A, 0x50, 0x40, 0x31, 0x18, 0x3A, 0x48, 0x6D, 0xE7, 0x89,
    0xAE, 0xA8, 0x7E, 0xC1, 0xDE, 0x33, 0xE6, 0x72, 0x5C, 0xD7, 0xBD, 0xF7, 0x39, 0xBA, 0x5F, 0xC4,
    0xB1, 0xE9, 0x65, 0xBE, 0xC5, 0xF4, 0x22, 0x39, 0x2A, 0x9B, 0xCB, 0xE9, 0x92, 0xF4, 0x10, 0x9A,
    0x0E, 0x45, 0xAD, 0x68, 0x19, 0xCF, 0x48, 0x63, 0xCC, 0xCD, 0x4D, 0xF7, 0x35, 0x86, 0x4E, 0x77,
    0x36, 0xD9, 0x47, 0x28, 0xC6, 0xCB, 0x41, 0x89, 0xA4, 0x87, 0x3C, 0x2F, 0x4F, 0x96, 0xCE, 0xCB,
    0xA0, 0x94, 0x28, 0x5E, 0xFD, 0xB8, 0x3A, 0xCB, 0xFC, 0xC4, 0x8F, 0x7A, 0xFD, 0xCB, 0xE6, 0xB2,
    0x3B, 0x9B, 0xFF, 0x46, 0x12, 0x91, 0xB0, 0x73, 0xB6, 0xF5, 0x4D, 0x4B, 0xBB, 0x34, 0x70, 0xA6,
    0xA3, 0x32, 0x92, 0x91, 0x1C, 0xAE, 0x83, 0x3C, 0x3E, 0x4B, 0x3C, 0xD3, 0x1B, 0x57, 0xB5, 0xCD,
    0xC5, 0xA8, 0x30, 0x32, 0xF3, 0x32, 0xFF, 0xD9, 0x79, 0xFF, 0x3B, 0x82, 0x78, 0x90, 0x9F, 0xE8,
    0x5A, 0x45, 0x7D, 0x31, 0xD9, 0xDB, 0xEC, 0x00, 0x93, 0xFD, 0xE0, 0xC3, 0xE0, 0xA3, 0xCD, 0xD0,
    0x46, 0x60, 0x27, 0x49, 0xC8, 0x2C, 0x55, 0x56, 0x48, 0x3C, 0x1A, 0xBC, 0x88, 0x84, 0xE7, 0xB7,
    0xDD, 0xB6, 0xEF, 0x49, 0x35, 0x85, 0x37, 0xF9, 0x5A, 0xA6, 0xE2, 0x2F, 0xFA, 0xDE, 0xFF, 0x37,
    0x47, 0xB7, 0x76, 0xC3, 0xDD, 0xE3, 0x1D, 0xC7, 0xE8, 0xA6, 0x9E, 0x14, 0x8F, 0x62, 0xEC, 0x12,
    0x59, 0x6D, 0xE3, 0x22, 0x99, 0xEF, 0xBB, 0xB3, 0xA6, 0x9E, 0x97, 0x9D, 0xCA, 0x36, 0x2E, 0x82,
    0x9C, 0xD8, 0x1E, 0xE1, 0xAA, 0x3A, 0xC2, 0x5D, 0x39, 0x98, 0x0E, 0x2E, 0x10, 0x88, 0xFE, 0x17,
    0xF5, 0x20, 0x91, 0xE3, 0x9F, 0x0D, 0xAC, 0x09, 0x3D, 0xE5, 0x8F, 0x3F, 0x29, 0x22, 0x82, 0xAF,
    0x54, 0x35, 0x04, 0x97, 0x84, 0x2E, 0xAA, 0xC5, 0x69, 0xDD, 0xFE, 0x43, 0xD7, 0x1A, 0x34, 0xA0,
    0xA4, 0x48, 0xDC, 0x6A, 0x7A, 0x77, 0x27, 0x94, 0x12, 0xE0, 0x30, 0x2E, 0x10, 0x78, 0x83, 0xD5,
    0x93, 0xE7, 0x4A, 0x3C, 0x5C, 0x3B, 0x1A, 0x52, 0x8B, 0xFE, 0x56, 0x64, 0x47, 0x2F, 0x03, 0x07,
    0x5F, 0x91, 0xBD, 0xDB, 0x7C, 0xE6, 0x9A, 0xF7, 0x8B, 0x74, 0x9B, 0x1A, 0xAB, 0x6F, 0x03, 0x47,
    0x4F, 0x57, 0xBF, 0xF6, 0x59, 0xEC, 0xA7, 0x61, 0xFB, 0xF8, 0x03, 0x9C, 0x7F, 0x1A, 0xDE, 0x1A,
    0xCF, 0x92, 0xC9, 0x55, 0xF1, 0x56, 0xDB, 0xF6, 0xD3, 0xCA, 0x0F, 0xF3, 0x53, 0x22, 0xDC, 0x2D,
    0x06, 0xF5, 0x34, 0x6F, 0x70, 0x9F, 0x90, 0xEB, 0x4D, 0xC8, 0x01, 0x89, 0xBF, 0x70, 0xF4, 0x1F,
    0x8D, 0xD3, 0x01, 0x84, 0x24, 0xD9, 0x1D, 0xC7, 0xF1, 0x6F, 0xD5, 0x9B, 0x99, 0x62, 0x4B, 0xE6,
    0x0D, 0xB6, 0xDD, 0xE6, 0x6E, 0xBA, 0x2B, 0x00, 0x5C, 0xCF, 0x74, 0x30, 0x64, 0xD7, 0xBD, 0x9E,
    0x7E, 0x97, 0x45, 0x10, 0xDC, 0x84, 0xED, 0x85, 0x43, 0x03, 0xE4, 0x2E, 0xCB, 0x2C, 0x06, 0x85,
    0xDE, 0x9D, 0x8A, 0x20, 0x38, 0x98, 0x60, 0x03, 0x87, 0x2C, 0x42, 0xEC, 0xEC, 0xB1, 0x83, 0x4E,
    0xB4, 0xCB, 0xEC, 0xF6, 0xDB, 0x5B, 0x2C, 0x42, 0x54, 0x12, 0x12, 0x71, 0x50, 0xC7, 0xAE, 0x8B,
    0x4B, 0xDC, 0x56, 0xA8, 0xCD, 0xDD, 0xAE, 0xEE, 0xFE, 0xE7, 0x55, 0x8F, 0xCD, 0xB8, 0xAC, 0xC8,
    0xE9, 0xF7, 0xF9, 0xF5, 0xFB, 0xD7, 0xBF, 0x5E, 0x7B, 0x55, 0x5D, 0xC5, 0x3B, 0x10, 0x49, 0x86,
    0x7E, 0x13, 0x36, 0x00, 0x53, 0x5B, 0xEE, 0x63, 0xB4, 0x78, 0x2C, 0x74, 0xBC, 0x58, 0x0E, 0x09,
    0x26, 0x02, 0x1A, 0x4E, 0x1D, 0x7A, 0x02, 0x4B, 0x6B, 0xAC, 0x6F, 0xB1, 0x31, 0x0A, 0x65, 0xA6,
    0xBF, 0x3C, 0xEE, 0x6C, 0x15, 0xE6, 0x6A, 0x3E, 0x3E, 0x72, 0xA3, 0x4F, 0x5C, 0xF9, 0x47, 0x57,
    0xFE, 0x29, 0xFB, 0xF5, 0x03, 0xFB, 0xE1, 0x03, 0x7A, 0x3F, 0xA5, 0xF3, 0x1E, 0xFA, 0xC9, 0x95,
    0x48, 0xA6, 0x71, 0xD3, 0xAE, 0xAE, 0xB3, 0xB4, 0x04, 0xAF, 0xEE, 0x84, 0x32, 0xD5, 0xF9, 0x0F,
    0x13, 0xE8, 0xC2, 0x10, 0xC6, 0x30, 0x6A, 0x4F, 0x47, 0x9D, 0xBF, 0x8D, 0x3A, 0x8C, 0x36, 0x48,
    0xDB, 0x98, 0x36, 0xDD, 0x36, 0x49, 0x9B, 0x78, 0x3E, 0x0E, 0xA4, 0x02, 0x96, 0xFB, 0x97, 0xB4,
    0x5F, 0xE5, 0x13, 0xBE, 0x32, 0xA4, 0xAA, 0x07, 0x68, 0x18, 0x5C, 0x42, 0x66, 0xA7, 0x2D, 0x56,
    0x0E, 0x60, 0x32, 0x27, 0xA8, 0xCE, 0x11, 0xE6, 0xA0, 0xDC, 0xA9, 0x9E, 0x14, 0xBC, 0xF2, 0x78,
    0x67, 0x31, 0x7F, 0xFD, 0xF9, 0xCD, 0x45, 0xFD, 0xA2, 0xA7, 0x6D, 0xDD, 0x17, 0xF6, 0x45, 0x2C,
    0x00, 0x40, 0x01, 0x84, 0x8E, 0xB5, 0x6F, 0xAA, 0xBF, 0x72, 0x41, 0x3E, 0x95, 0xBC, 0xF7, 0x33,
    0xF9, 0x6E, 0xB9, 0xCD, 0x5D, 0x46, 0x86, 0x21, 0xE9, 0x49, 0x30, 0x7D, 0x11, 0x61, 0x1D, 0xEA,
    0xD8, 0x47, 0x5C, 0x37, 0x56, 0x8D, 0x8F, 0xB6, 0x0F, 0xCE, 0x03, 0x5C, 0x05, 0xD8, 0x01, 0x96,
    0x39, 0x8B, 0xCE, 0xDA, 0x68, 0xE7, 0x15, 0x6D, 0x56, 0x4B, 0x6F, 0xD4, 0xE6, 0xCE, 0xFC, 0x5E,
    0x36, 0x11, 0xC9, 0x74, 0xB3, 0xCD, 0x60, 0x70, 0xCD, 0x8A, 0x88, 0xD3, 0xD1, 0x07, 0x68, 0xF5,
    0x0F, 0x74, 0x38, 0x45, 0xF3, 0xC2, 0x31, 0x0D, 0x0B, 0xFB, 0x73, 0xB8, 0xB6, 0x9B, 0x91, 0x2A,
    0x47, 0x1A, 0xE6, 0xA4, 0x41, 0xE1, 0xD2, 0xF0, 0x0F, 0x2E, 0x55, 0x0F, 0x1F, 0x0F, 0x93, 0x5F,
    0xCC, 0xF7, 0xE7, 0xCA, 0x5D, 0x3F, 0x08, 0x5D, 0xCA, 0x57, 0xE4, 0xDE, 0xBF, 0x52, 0x10, 0x80,
    0xC6, 0x0E, 0xD0, 0x9B, 0x03, 0xDD, 0x5D, 0x0B, 0x26, 0x72, 0x3E, 0x94, 0x6B, 0xF8, 0xF8, 0x48,
    0x9C, 0x51, 0x0F, 0xEF, 0x67, 0x26, 0xFA, 0x9D, 0x65, 0xFB, 0x4E, 0x9C, 0xD1, 0x9B, 0xAA, 0x02,
    0x63, 0x82, 0x19, 0x66, 0x93, 0x8E, 0x35, 0x9A, 0xC8, 0x99, 0xD8, 0x2A, 0xE7, 0x97, 0xF9, 0x50,
    0x1F, 0xBF, 0x9D, 0x99, 0xE0, 0x0B, 0x01, 0x80, 0xB5, 0xC0, 0x9E, 0xDD, 0x8B, 0x9D, 0x49, 0x63,
    0x77, 0xFE, 0xBC, 0xCE, 0xF7, 0xCC, 0x37, 0x6A, 0xC5, 0x51, 0x7B, 0xFD, 0xA8, 0x6C, 0xB6, 0x8F,
    0x4A, 0x11, 0x99, 0x0E, 0xAE, 0x7D, 0xF8, 0x48, 0x6F, 0x5D, 0xC8, 0xE3, 0xBD, 0x0B, 0x2E, 0xBE,
    0xBA, 0xE9, 0xA2, 0xA3, 0x96, 0x53, 0x65, 0x92, 0xA9, 0x42, 0x5B, 0x95, 0x6B, 0xDB, 0xB8, 0xC4,
    0x52, 0x4F, 0xF2, 0xA6, 0x59, 0xA9, 0x9A, 0x86, 0xA1, 0x67, 0x9A, 0xC6, 0xB4, 0xFF, 0x0F, 0xDA,
    0xDE, 0xD0, 0x6C, 0xDF, 0xAE, 0x4C, 0x4F, 0x32, 0x38, 0x0B, 0x18, 0xE8, 0x5F, 0xB3, 0x88, 0x38,
    0xE8, 0xC2, 0x25, 0x43, 0x2C, 0x43, 0x3A, 0x97, 0xA7, 0x18, 0x8E, 0x49, 0x7D, 0x8E, 0x38, 0x35,
    0xF6, 0x86, 0x5E, 0x97, 0x63, 0x92, 0xF7, 0xA7, 0x44, 0xF3, 0x36, 0x00, 0x00, 0x89, 0x08, 0x67,
    0x0E, 0x6F, 0x41, 0xF0, 0x4B, 0xA8, 0x7F, 0x7F, 0xF6, 0x9A, 0x0D, 0x0B, 0x50, 0x0E, 0xA2, 0x0C,
    0x92, 0x1B, 0x3B, 0xEC, 0x4B, 0x89, 0x06, 0xB4, 0xC5, 0xCF, 0x73, 0x5E, 0xBB, 0x61, 0x17, 0x3D,
    0xE5, 0x20, 0x28, 0x81, 0xC9, 0x6D, 0x4B, 0x22, 0x00, 0x04, 0x04, 0x36, 0xB6, 0x9A, 0xD8, 0x76,
    0xBD, 0x31, 0xF1, 0x9B, 0x05, 0xF1, 0xF7, 0x1C, 0xF1, 0x5B, 0x10, 0x5F, 0x83, 0x89, 0x08, 0xC9,
    0x93, 0x3E, 0xF1, 0x7B, 0x96, 0xF8, 0xA2, 0xF3, 0xFD, 0xF2, 0xE4, 0xBC, 0xC5, 0xF9, 0xDA, 0x8B,
    0xB3, 0x46, 0xBF, 0x6F, 0xEB, 0x27, 0xA7, 0xB1, 0xDB, 0xB7, 0xB4, 0x80, 0xD6, 0x92, 0x37, 0x84,
    0xA4, 0x80, 0x8E, 0x85, 0xF9, 0x12, 0xF1, 0xE7, 0x43, 0x56, 0xFE, 0x53, 0x43, 0xF4, 0x39, 0x9C,
    0x69, 0x01, 0x27, 0x58, 0xBE, 0x05, 0xB0, 0x2F, 0x05, 0x70, 0x61, 0x65, 0x0A, 0x60, 0xB7, 0x81,
    0xA0, 0xD0, 0x40, 0x98, 0xC7, 0x59, 0x9D, 0x27, 0x57, 0x11, 0xB9, 0x45, 0x66, 0x10, 0x65, 0x51,
    0xF6, 0x4E, 0xBD, 0x87, 0x8B, 0x92, 0x69, 0xB4, 0xBE, 0xE8, 0x34, 0x9B, 0xAD, 0x30, 0xD7, 0x1C,
    0x6F, 0x84, 0x79, 0x2B, 0x2A, 0xBB, 0xCA, 0x75, 0xC4, 0xF5, 0x06, 0xB6, 0xF7, 0x8C, 0xDE, 0x0C,
    0x20, 0x05, 0x60, 0x04, 0x40, 0xC9, 0x69, 0x16, 0x00, 0x1C, 0x00, 0xC1, 0x4D, 0xE2, 0x29, 0xAD,
    0x16, 0x4D, 0x4D, 0x73, 0xB5, 0x9E, 0xAC, 0x36, 0xD1, 0x86, 0x78, 0x4C, 0x54, 0xA2, 0xF2, 0x50,
    0x15, 0xD1, 0xF7, 0x4B, 0xFD, 0xFB, 0x51, 0x6B, 0x6A, 0xCC, 0xC8, 0xEC, 0x7D, 0x7B, 0x03, 0x56,
    0x41, 0x2F, 0xC6, 0x26, 0xD1, 0x94, 0x60, 0x67, 0xF9, 0x12, 0x68, 0xC9, 0xD1, 0x97, 0x2B, 0x34,
    0x43, 0x16, 0x2F, 0x13, 0x9B, 0x68, 0x36, 0xA8, 0x6F, 0xD5, 0xA0, 0x7F, 0xD7, 0xEA, 0xA0, 0x3A,
    0x39, 0xE7, 0x16, 0x68, 0x5E, 0x06, 0x16, 0x56, 0x1E, 0xC3, 0x44, 0x0A, 0xF5, 0xFC, 0xCF, 0xB9,
    0xFE, 0xB1, 0xA3, 0x13, 0x38, 0x8C, 0x37, 0xF4, 0xC6, 0x0B, 0x9F, 0xDD, 0x1C, 0x07, 0x52, 0xA6,
    0xC1, 0xFD, 0xD2, 0x1F, 0x2B, 0xBB, 0x5E, 0xC7, 0xD3, 0xF7, 0x5D, 0xA9, 0xE4, 0xEF, 0xE5, 0xE2,
    0x8E, 0x86, 0x0E, 0x02, 0x6F, 0x19, 0x48, 0x2C, 0xF4, 0x32, 0xCF, 0xC1, 0x6F, 0x72, 0xF8, 0x67,
    0x49, 0xE3, 0xE9, 0x53, 0x2B, 0x22, 0x85, 0xCA, 0x87, 0x44, 0xCE, 0x30, 0xF1, 0xF3, 0xDD, 0xC3,
    0x3B, 0x07, 0x2D, 0xB4, 0xDD, 0x20, 0xCA, 0x0C, 0xCA, 0xA5, 0xA8, 0xBC, 0x22, 0x28, 0x78, 0xD7,
    0xA2, 0xA5, 0x62, 0xF5, 0x07, 0x53, 0xA0, 0x0B, 0x6C, 0x00, 0xDD, 0x7A, 0x8D, 0x7D, 0xF7, 0xF6,
    0x73, 0xD8, 0xCF, 0x88, 0xBE, 0x04, 0xF1, 0xF5, 0x76, 0xBF, 0x8F, 0x81, 0x85, 0x0E, 0xA0, 0x3F,
    0xBB, 0x4B, 0x28, 0xBE, 0x09, 0x10, 0x58, 0x88, 0x1E, 0x81, 0x48, 0x16, 0x7D, 0xF1, 0x31, 0xFA,
    0x27, 0x19, 0x9B, 0x2A, 0xC3, 0x78, 0x43, 0x6F, 0xFC, 0x5F, 0x86, 0x5E, 0xD7, 0xEB, 0x78, 0xFA,
    0x41, 0x86, 0x92, 0x27, 0x30, 0x11, 0xF0, 0x35, 0xA1, 0x07, 0x28, 0x6E, 0x12, 0x51, 0x10, 0xF7,
    0x9F, 0xDA, 0x7D, 0x11, 0x97, 0x5C, 0x7E, 0x6A, 0x75, 0x50, 0xF0, 0xBF, 0x95, 0x68, 0x9E, 0x1D,
    0x68, 0xF6, 0x73, 0x00, 0x78, 0xD5, 0xA2, 0x64, 0x8A, 0xCE, 0xAF, 0x90, 0x00, 0x9B, 0x9C, 0xD0,
    0x16, 0xE2, 0x0A, 0x02, 0xB1, 0x90, 0x94, 0xC0, 0x94, 0xB5, 0xB5, 0xEE, 0xF5, 0xF9, 0xAC, 0xF5,
    0xA3, 0x38, 0x6A, 0xBE, 0x11, 0x45, 0x26, 0x79, 0x3F, 0xAA, 0xA2, 0x89, 0x1C, 0x44, 0x51, 0xC4,
    0xCA, 0xCA, 0x0A, 0xFE, 0x95, 0x60, 0x22, 0x42, 0xDF, 0x7F, 0x03, 0xF8, 0xFD, 0x2C, 0x6A, 0xBA,
    0x7C, 0x6D, 0x8D, 0xFE, 0x4E, 0x4F, 0xAA, 0xA0, 0x02, 0x43, 0xE3, 0x7A, 0x3D, 0xC7, 0xC0, 0x90,
    0xD7, 0x4B, 0xB6, 0x2D, 0x9B, 0xA0, 0x21, 0x72, 0xA8, 0x9C, 0xA0, 0x84, 0x31, 0x18, 0x02, 0x0B,
    0xCA, 0xD5, 0xD6, 0x50, 0x0F, 0x0B, 0xD4, 0xDC, 0x2E, 0x2E, 0xEE, 0x57, 0x1F, 0xF9, 0xB9, 0x64,
    0x24, 0x8F, 0xE0, 0xB7, 0x2E, 0xB6, 0x6A, 0x41, 0x73, 0xA2, 0xEB, 0x1D, 0xA3, 0x9E, 0x94, 0x28,
    0xB1, 0x00, 0xAC, 0x58, 0xA0, 0x57, 0x00, 0x47, 0x47, 0x75, 0xEC, 0x01, 0x69, 0x0A, 0xF4, 0x44,
    0x66, 0x2C, 0xDF, 0x3B, 0xBC, 0x93, 0xB1, 0x47, 0xE8, 0x7C, 0x90, 0xB3, 0xF5, 0x89, 0xCB, 0x79,
    0x43, 0xCA, 0x9C, 0xED, 0x66, 0xC7, 0x71, 0x4C, 0x40, 0x38, 0x03, 0x82, 0xB7, 0x00, 0xA2, 0xE7,
    0x47, 0x10, 0x48, 0xC9, 0xE9, 0x1F, 0x8F, 0x72, 0x2F, 0xC7, 0x2B, 0x8F, 0x20, 0x14, 0x71, 0xE8,
    0x4F, 0xFF, 0x52, 0xD1, 0xA9, 0xB7, 0x64, 0xEA, 0xBD, 0xA5, 0xCA, 0x25, 0x8C, 0xEB, 0x9D, 0x8E,
    0x16, 0x01, 0x2F, 0xC5, 0x72, 0x1F, 0xB4, 0x54, 0xE8, 0x1B, 0xF7, 0xD0, 0x36, 0xF1, 0xEA, 0x4F,
    0xBC, 0xC8, 0xBA, 0x1E, 0xFC, 0x7C, 0x86, 0xF8, 0xFE, 0xE0, 0x06, 0xBE, 0x07, 0xBB, 0x87, 0x30,
    0x91, 0x7A, 0x7E, 0x8A, 0x73, 0xDF, 0x82, 0xF5, 0x2D, 0xD8, 0x9F, 0xA1, 0xE6, 0x93, 0x4C, 0x7F,
    0xF0, 0x9D, 0x62, 0x73, 0x7D, 0xAB, 0x32, 0xEB, 0x5B, 0xE9, 0x70, 0x7D, 0xCB, 0xA4, 0xDE, 0x78,
    0x7D, 0xAB, 0x9B, 0x02, 0x43, 0xC0, 0x70, 0xFA, 0x70, 0xA8, 0x1C, 0xCE, 0xC8, 0xE1, 0xCD, 0x44,
    0xA4, 0x5A, 0x39, 0x47, 0xDC, 0x66, 0x70, 0x05, 0x11, 0xFB, 0x6C, 0x37, 0xAF, 0xC2, 0xA2, 0x0A,
    0xCA, 0x2A, 0x28, 0xAA, 0x30, 0x7F, 0x36, 0xC8, 0x64, 0xCE, 0xB3, 0xB7, 0xF3, 0xFA, 0x08, 0x7E,
    0x54, 0x75, 0xAA, 0x72, 0x3E, 0x71, 0x32, 0xAF, 0x57, 0xF9, 0x01, 0xD0, 0x27, 0x16, 0xD7, 0xB9,
    0x6C, 0x87, 0x30, 0x86, 0x0A, 0xCA, 0xC5, 0xA8, 0x16, 0x65, 0x17, 0x92, 0x43, 0x17, 0x49, 0x06,
    0x34, 0xFA, 0x56, 0xC4, 0xF5, 0xFB, 0xF6, 0xDF, 0xFB, 0xFF, 0xFF, 0xCF, 0xAA, 0x55, 0x2B, 0x00,
    0xA5, 0x8F, 0x21, 0x4C, 0xC3, 0x50, 0x14, 0x45, 0x6F, 0xE9, 0x46, 0xB3, 0x3C, 0xF1, 0x35, 0x59,
    0xD2, 0x79, 0x55, 0x9F, 0x54, 0x54, 0xA1, 0x31, 0x78, 0x0C, 0x1A, 0x6F, 0xE0, 0x67, 0x96, 0x64,
    0x98, 0xAF, 0xC1, 0x7B, 0x04, 0x18, 0x3A, 0xAF, 0x8A, 0x37, 0xF3, 0xAA, 0x62, 0x24, 0x20, 0xD8,
    0xE7, 0xBC, 0x84, 0xCC, 0x41, 0x58, 0xF8, 0x7D, 0xF7, 0x34, 0x7D, 0x6D, 0x4F, 0x72, 0x75, 0xC2,
    0x55, 0xE4, 0x65, 0x8E, 0xE5, 0x50, 0xBE, 0xAA, 0x8A, 0x55, 0x04, 0xD6, 0xC9, 0x92, 0x25, 0xF5,
    0xBB, 0x7E, 0xA7, 0x79, 0x9A, 0x27, 0x19, 0xBB, 0xC3, 0x80, 0x17, 0xF1, 0x4A, 0xE5, 0xB0, 0xC0,
    0x38, 0x23, 0x42, 0x3A, 0xC1, 0x19, 0x50, 0x06, 0x3E, 0xFA, 0x53, 0xF0, 0x4C, 0x8B, 0x7C, 0x57,
    0x0E, 0xA1, 0x8A, 0x3E, 0x96, 0x02, 0x06, 0x04, 0x16, 0x7F, 0x9B, 0x7D, 0xAF, 0x95, 0xF7, 0x5A,
    0x78, 0xAF, 0xD9, 0xBE, 0xD7, 0xC4, 0x7B, 0xD5, 0xDE, 0xAB, 0x36, 0x76, 0x87, 0xC1, 0xCD, 0x53,
    0x37, 0xDF, 0xBB, 0xB9, 0x76, 0x33, 0xF0, 0xB7, 0x98, 0xEB, 0x7F, 0x99, 0x2F, 0x25, 0xCB, 0x6B,
    0x35, 0xA7, 0xA3, 0x5A, 0x6D, 0xC9, 0x23, 0x79, 0xEB, 0xDA, 0x2A, 0x8F, 0x6D, 0xC1, 0x9D, 0xE7,
    0x9F, 0xF3, 0x44, 0xAE, 0x2F, 0x5A, 0x35, 0xA3, 0xFC, 0xE8, 0x9C, 0x1C, 0x61, 0x93, 0x2D, 0xD9,
    0x04, 0x7D, 0xA3, 0x78, 0xC0, 0xD8, 0xE4, 0xDB, 0xBC, 0x79, 0x3E, 0xC6, 0xC9, 0x76, 0xE4, 0x77,
    0x70, 0xD3, 0x81, 0xF0, 0x0E, 0xD4, 0x3B, 0x6C, 0x0D, 0x4A, 0x00, 0xB6, 0xFA, 0xB8, 0xEA, 0x5E,
    0xCE, 0xFA, 0x4F, 0x35, 0x1B, 0xF9, 0xF9, 0x02, 0x62, 0x80, 0x02, 0x40, 0x45, 0x52, 0x41, 0x80,
    0x00, 0x10, 0xC4, 0x86, 0x5B, 0x88, 0x8B, 0xF0, 0x11, 0xB0, 0x18, 0x64, 0x41, 0x13, 0x50, 0x07,
    0xAF, 0xF0, 0x11, 0xAE, 0x01, 0xEE, 0x32, 0x76, 0x36, 0xAD, 0x75, 0x02, 0x2D, 0x07, 0x8E, 0x2F,
    0x82, 0x02, 0xBF, 0x11, 0xCF, 0x4D, 0x85, 0xA1, 0xA4, 0x62, 0x3C, 0xE8, 0x5D, 0x14, 0x73, 0xF6,
    0x45, 0x8D, 0xEC, 0xB3, 0x63, 0xFC, 0xB6, 0x98, 0x13, 0x2F, 0x89, 0xDE, 0xE2, 0x61, 0xC7, 0x49,
    0x91, 0x07, 0xFE, 0x80, 0x1D, 0xF9, 0x00, 0xD2, 0x8B, 0x0E, 0xB4, 0x7C, 0x3C, 0x01, 0x8A, 0x3E,
    0x82, 0x66, 0xA9, 0x58, 0x85, 0x62, 0x15, 0x93, 0xC0, 0x82, 0xFE, 0x0F,
};

static const EpdGlyph notosans_11_regularGlyphs[] = {
    { 0, 0, 0, 0, 0, 0, 0 }, // U+0000
    { 0, 0, 95, 0, 0, 0, 0 }, // U+000D
    { 0, 0, 95, 0, 0, 0, 0 }, // U+0020
    { 4, 18, 99, 1, 17, 18, 0 }, // !
    { 7, 7, 150, 1, 17, 13, 18 }, // "
    { 15, 17, 237, 0, 17, 64, 31 }, // #
    { 11, 20, 210, 1, 18, 55, 95 }, // $
    { 17, 18, 305, 1, 17, 77, 150 }, // %
    { 16, 18, 268, 1, 17, 72, 227 }, // &
    { 3, 7, 83, 1, 17, 6, 299 }, // '
    { 7, 21, 110, 0, 17, 37, 305 }, // (
    { 6, 21, 110, 0, 17, 32, 342 }, // )
    { 12, 11, 202, 0, 18, 33, 374 }, // *
    { 11, 12, 210, 1, 14, 33, 407 }, // +
    { 5, 6, 98, 0, 3, 8, 440 }, // ,
    { 7, 3, 118, 0, 8, 6, 448 }, // -
    { 4, 4, 98, 1, 3, 4, 454 }, // .
    { 9, 17, 136, 0, 17, 39, 458 }, // /
    { 12, 18, 214, 1, 17, 54, 497 }, // 0
    { 7, 17, 162, 0, 17, 30, 551 }, // 1
    { 12, 17, 204, 0, 17, 51, 581 }, // 2
    { 11, 18, 210, 1, 17, 50, 632 }, // 3
    { 13, 17, 210, 0, 17, 56, 682 }, // 4
    { 11, 18, 210, 1, 17, 50, 738 }, // 5
    { 12, 18, 210, 1, 17, 54, 788 }, // 6
    { 12, 17, 187, 0, 17, 51, 842 }, // 7
    { 12, 18, 216, 1, 17, 54, 893 }, // 8
    { 11, 18, 210, 1, 17, 50, 947 }, // 9
    { 4, 14, 98, 1, 13, 14, 997 }, // :
    { 5, 16, 98, 0, 13, 20, 1011 }, // ;
    { 11, 12, 210, 1, 14, 33, 1031 }, // <
    { 11, 8, 210, 1, 12, 22, 1064 }, // =
    { 11, 12, 210, 1, 14, 33, 1086 }, // >
    { 10, 18, 159, 0, 17, 45, 1119 }, // ?
    { 19, 20, 330, 1, 17, 95, 1164 }, // @
    { 15, 17, 234, 0, 17, 64, 1259 }, // A
    { 12, 17, 238, 2, 17, 51, 1323 }, // B
    { 13, 18, 232, 1, 17, 59, 1374 }, // C
    { 14, 17, 268, 2, 17, 60, 1433 }, // D
    { 10, 17, 204, 2, 17, 43, 1493 }, // E
    { 10, 17, 190, 2, 17, 43, 1536 }, // F
    { 14, 18, 267, 1, 17, 63, 1579 }, // G
    { 13, 17, 272, 2, 17, 56, 1642 }, // H
    { 7, 17, 124, 0, 17, 30, 1698 }, // I
    { 7, 22, 100, -2, 17, 39, 1728 }, // J
    { 13, 17, 227, 2, 17, 56, 1767 }, // K
    { 10, 17, 192, 2, 17, 43, 1823 }, // L
    { 17, 17, 333, 2, 17, 73, 1866 }, // M
    { 14, 17, 279, 2, 17, 60, 1939 }, // N
    { 16, 18, 286, 1, 17, 72, 1999 }, // O
    { 11, 17, 222, 2, 17, 47, 2071 }, // P
    { 16, 21, 286, 1, 17, 84, 2118 }, // Q
    { 12, 17, 228, 2, 17, 51, 2202 }, // R
    { 11, 18, 201, 1, 17, 50, 2253 }, // S
    { 13, 17, 204, 0, 17, 56, 2303 }, // T
    { 13, 18, 268, 2, 17, 59, 2359 }, // U
    { 14, 17, 220, 0, 17, 60, 2418 }, // V
    { 22, 17, 341, 0, 17, 94, 2478 }, // W
    { 14, 17, 215, 0, 17, 60, 2572 }, // X
    { 13, 17, 208, 0, 17, 56, 2632 }, // Y
    { 13, 17, 210, 0, 17, 56, 2688 }, // Z
    { 6, 21, 121, 1, 17, 32, 2744 }, // [
    { 9, 17, 136, 0, 17, 39, 2776 }, // <backslash>
    { 6, 21, 121, 0, 17, 32, 2815 }, // ]
    { 13, 11, 210, 0, 17, 36, 2847 }, // ^
    { 12, 2, 163, -1, -2, 6, 2883 }, // _
    { 6, 5, 103, 0, 18, 8, 2889 }, // `
    { 10, 14, 206, 1, 13, 35, 2897 }, // a
    { 12, 19, 226, 1, 18, 57, 2932 }, // b
    { 10, 14, 176, 1, 13, 35, 2989 }, // c
    { 12, 19, 226, 1, 18, 57, 3024 }, // d
    { 11, 14, 207, 1, 13, 39, 3081 }, // e
    { 9, 18, 126, 0, 18, 41, 3120 }, // f
    { 12, 19, 226, 1, 13, 57, 3161 }, // g
    { 12, 18, 227, 1, 18, 54, 3218 }, // h
    { 4, 17, 95, 1, 17, 17, 3272 }, // i
    { 7, 23, 95, -2, 17, 41, 3289 }, // j
    { 12, 18, 196, 1, 18, 54, 3330 }, // k
    { 3, 18, 95, 1, 18, 14, 3384 }, // l
    { 19, 13, 343, 1, 13, 62, 3398 }, // m
    { 12, 13, 227, 1, 13, 39, 3460 }, // n
    { 12, 14, 222, 1, 13, 42, 3499 }, // o
    { 12, 19, 226, 1, 13, 57, 3541 }, // p
    { 12, 19, 226, 1, 13, 57, 3598 }, // q
    { 9, 13, 151, 1, 13, 30, 3655 }, // r
    { 9, 14, 176, 1, 13, 32, 3685 }, // s
    { 8, 17, 132, 0, 16, 34, 3717 }, // t
    { 12, 14, 227, 1, 13, 42, 3751 }, // u
    { 12, 13, 186, 0, 13, 39, 3793 }, // v
    { 18, 13, 288, 0, 13, 59, 3832 }, // w
    { 12, 13, 194, 0, 13, 39, 3891 }, // x
    { 12, 19, 187, 0, 13, 57, 3930 }, // y
    { 10, 13, 172, 0, 13, 33, 3987 }, // z
    { 8, 21, 139, 0, 17, 42, 4020 }, // {
    { 3, 24, 202, 5, 18, 18, 4062 }, // |
    { 9, 21, 139, 0, 17, 48, 4080 }, // }
    { 11, 4, 210, 1, 10, 11, 4128 }, // ~
    { 0, 0, 95, 0, 0, 0, 0 }, // U+00A0
    { 4, 18, 99, 1, 13, 18, 0 }, // U+00A1
    { 10, 18, 210, 2, 17, 45, 18 }, // U+00A2
    { 13, 17, 210, 0, 17, 56, 63 }, // U+00A3
    { 11, 12, 210, 1, 14, 33, 119 }, // U+00A4
    { 13, 17, 210, 0, 17, 56, 152 }, // U+00A5
    { 3, 24, 202, 5, 18, 18, 208 }, // U+00A6
    { 10, 19, 188, 1, 18, 48, 226 }, // U+00A7
    { 7, 3, 213, 3, 17, 6, 274 }, // U+00A8
    { 17, 18, 305, 1, 17, 77, 280 }, // U+00A9
    { 8, 9, 131, 0, 17, 18, 357 }, // U+00AA
    { 11, 10, 187, 0, 11, 28, 375 }, // U+00AB
    { 11, 7, 210, 1, 9, 20, 403 }, // U+00AC
    { 7, 3, 118, 0, 8, 6, 423 }, // U+00AD
    { 17, 18, 305, 1, 17, 77, 429 }, // U+00AE
    { 13, 2, 183, -1, 19, 7, 506 }, // U+00AF
    { 8, 8, 157, 1, 17, 16, 513 }, // U+00B0
    { 11, 14, 210, 1, 14, 39, 529 }, // U+00B1
    { 8, 11, 128, 0, 20, 22, 568 }, // U+00B2
    { 8, 11, 128, 0, 20, 22, 590 }, // U+00B3
    { 6, 5, 103, 0, 18, 8, 612 }, // U+00B4
    { 12, 19, 228, 1, 13, 57, 620 }, // U+00B5
    { 12, 21, 240, 1, 18, 63, 677 }, // U+00B6
    { 4, 4, 98, 1, 10, 4, 740 }, // U+00B7
    { 5, 6, 83, 0, 0, 8, 744 }, // U+00B8
    { 6, 11, 128, 0, 20, 17, 752 }, // U+00B9
    { 8, 9, 138, 0, 17, 18, 769 }, // U+00BA
    { 11, 10, 187, 0, 11, 28, 787 }, // U+00BB
    { 17, 17, 273, 0, 17, 73, 815 }, // U+00BC
    { 17, 17, 283, 0, 17, 73, 888 }, // U+00BD
    { 18, 17, 286, 0, 17, 77, 961 }, // U+00BE
    { 10, 18, 159, 0, 13, 45, 1038 }, // U+00BF
    { 15, 22, 234, 0, 22, 83, 1083 }, // U+00C0
    { 15, 22, 234, 0, 22, 83, 1166 }, // U+00C1
    { 15, 22, 234, 0, 22, 83, 1249 }, // U+00C2
    { 15, 21, 234, 0, 21, 79, 1332 }, // U+00C3
    { 15, 21, 234, 0, 21, 79, 1411 }, // U+00C4
    { 15, 20, 234, 0, 20, 75, 1490 }, // U+00C5
    { 20, 17, 323, -1, 17, 85, 1565 }, // U+00C6
    { 13, 23, 232, 1, 17, 75, 1650 }, // U+00C7
    { 10, 22, 204, 2, 22, 55, 1725 }, // U+00C8
    { 10, 22, 204, 2, 22, 55, 1780 }, // U+00C9
    { 10, 22, 204, 2, 22, 55, 1835 }, // U+00CA
    { 10, 21, 204, 2, 21, 53, 1890 }, // U+00CB
    { 7, 22, 124, 0, 22, 39, 1943 }, // U+00CC
    { 8, 22, 124, 0, 22, 44, 1982 }, // U+00CD
    { 8, 22, 124, 0, 22, 44, 2026 }, // U+00CE
    { 8, 21, 124, 0, 21, 42, 2070 }, // U+00CF
    { 16, 17, 268, 0, 17, 68, 2112 }, // U+00D0
    { 14, 21, 279, 2, 21, 74, 2180 }, // U+00D1
    { 16, 23, 286, 1, 22, 92, 2254 }, // U+00D2
    { 16, 23, 286, 1, 22, 92, 2346 }, // U+00D3
    { 16, 23, 286, 1, 22, 92, 2438 }, // U+00D4
    { 16, 22, 286, 1, 21, 88, 2530 }, // U+00D5
    { 16, 22, 286, 1, 21, 88, 2618 }, // U+00D6
    { 11, 11, 210, 1, 14, 31, 2706 }, // U+00D7
    { 16, 19, 286, 1, 18, 76, 2737 }, // U+00D8
    { 13, 23, 268, 2, 22, 75, 2813 }, // U+00D9
    { 13, 23, 268, 2, 22, 75, 2888 }, // U+00DA
    { 13, 23, 268, 2, 22, 75, 2963 }, // U+00DB
    { 13, 22, 268, 2, 21, 72, 3038 }, // U+00DC
    { 13, 22, 208, 0, 22, 72, 3110 }, // U+00DD
    { 11, 17, 222, 2, 17, 47, 3182 }, // U+00DE
    { 13, 19, 231, 1, 18, 62, 3229 }, // U+00DF
    { 10, 19, 206, 1, 18, 48, 3291 }, // U+00E0
    { 10, 19, 206, 1, 18, 48, 3339 }, // U+00E1
    { 10, 19, 206, 1, 18, 48, 3387 }, // U+00E2
    { 10, 18, 206, 1, 17, 45, 3435 }, // U+00E3
    { 10, 18, 206, 1, 17, 45, 3480 }, // U+00E4
    { 10, 20, 206, 1, 19, 50, 3525 }, // U+00E5
    { 18, 14, 317, 1, 13, 63, 3575 }, // U+00E6
    { 10, 19, 176, 1, 13, 48, 3638 }, // U+00E7
    { 11, 19, 207, 1, 18, 53, 3686 }, // U+00E8
    { 11, 19, 207, 1, 18, 53, 3739 }, // U+00E9
    { 11, 19, 207, 1, 18, 53, 3792 }, // U+00EA
    { 11, 18, 207, 1, 17, 50, 3845 }, // U+00EB
    { 6, 18, 95, -1, 18, 27, 3895 }, // U+00EC
    { 6, 18, 95, 1, 18, 27, 3922 }, // U+00ED
    { 8, 18, 95, -1, 18, 36, 3949 }, // U+00EE
    { 8, 17, 95, -1, 17, 34, 3985 }, // U+00EF
    { 12, 19, 222, 1, 18, 57, 4019 }, // U+00F0
    { 12, 17, 227, 1, 17, 51, 4076 }, // U+00F1
    { 12, 19, 222, 1, 18, 57, 4127 }, // U+00F2
    { 12, 19, 222, 1, 18, 57, 4184 }, // U+00F3
    { 12, 19, 222, 1, 18, 57, 4241 }, // U+00F4
    { 12, 18, 222, 1, 17, 54, 4298 }, // U+00F5
    { 12, 18, 222, 1, 17, 54, 4352 }, // U+00F6
    { 11, 12, 210, 1, 14, 33, 4406 }, // U+00F7
    { 12, 14, 222, 1, 13, 42, 4439 }, // U+00F8
    { 12, 19, 227, 1, 18, 57, 4481 }, // U+00F9
    { 12, 19, 227, 1, 18, 57, 4538 }, // U+00FA
    { 12, 19, 227, 1, 18, 57, 4595 }, // U+00FB
    { 12, 18, 227, 1, 17, 54, 4652 }, // U+00FC
    { 12, 24, 187, 0, 18, 72, 4706 }, // U+00FD
    { 12, 24, 226, 1, 18, 72, 4778 }, // U+00FE
    { 12, 23, 187, 0, 17, 69, 4850 }, // U+00FF
    { 15, 20, 234, 0, 20, 75, 0 }, // U+0100
    { 10, 17, 206, 1, 16, 43, 75 }, // U+0101
    { 15, 21, 234, 0, 21, 79, 118 }, // U+0102
    { 10, 18, 206, 1, 17, 45, 197 }, // U+0103
    { 15, 23, 234, 0, 17, 87, 242 }, // U+0104
    { 11, 19, 206, 1, 13, 53, 329 }, // U+0105
    { 13, 23, 232, 1, 22, 75, 382 }, // U+0106
    { 10, 19, 176, 1, 18, 48, 457 }, // U+0107
    { 13, 23, 232, 1, 22, 75, 505 }, // U+0108
    { 10, 19, 176, 1, 18, 48, 580 }, // U+0109
    { 13, 22, 232, 1, 21, 72, 628 }, // U+010A
    { 10, 18, 176, 1, 17, 45, 700 }, // U+010B
    { 13, 23, 232, 1, 22, 75, 745 }, // U+010C
    { 10, 19, 176, 1, 18, 48, 820 }, // U+010D
    { 14, 22, 268, 2, 22, 77, 868 }, // U+010E
    { 15, 19, 226, 1, 18, 72, 945 }, // U+010F
    { 16, 17, 268, 0, 17, 68, 1017 }, // U+0110
    { 13, 19, 226, 1, 18, 62, 1085 }, // U+0111
    { 10, 20, 204, 2, 20, 50, 1147 }, // U+0112
    { 11, 17, 207, 1, 16, 47, 1197 }, // U+0113
    { 10, 21, 204, 2, 21, 53, 1244 }, // U+0114
    { 11, 18, 207, 1, 17, 50, 1297 }, // U+0115
    { 10, 21, 204, 2, 21, 53, 1347 }, // U+0116
    { 11, 18, 207, 1, 17, 50, 1400 }, // U+0117
    { 10, 23, 204, 2, 17, 58, 1450 }, // U+0118
    { 11, 19, 207, 1, 13, 53, 1508 }, // U+0119
    { 10, 22, 204, 2, 22, 55, 1561 }, // U+011A
    { 11, 19, 207, 1, 18, 53, 1616 }, // U+011B
    { 14, 23, 267, 1, 22, 81, 1669 }, // U+011C
    { 12, 24, 226, 1, 18, 72, 1750 }, // U+011D
    { 14, 22, 267, 1, 21, 77, 1822 }, // U+011E
    { 12, 23, 226, 1, 17, 69, 1899 }, // U+011F
    { 14, 22, 267, 1, 21, 77, 1968 }, // U+0120
    { 12, 23, 226, 1, 17, 69, 2045 }, // U+0121
    { 14, 23, 267, 1, 17, 81, 2114 }, // U+0122
    { 12, 24, 226, 1, 18, 72, 2195 }, // U+0123
    { 13, 22, 272, 2, 22, 72, 2267 }, // U+0124
    { 14, 23, 227, -1, 23, 81, 2339 }, // U+0125
    { 17, 17, 272, 0, 17, 73, 2420 }, // U+0126
    { 13, 18, 227, 0, 18, 59, 2493 }, // U+0127
    { 10, 21, 124, -1, 21, 53, 2552 }, // U+0128
    { 10, 17, 95, -2, 17, 43, 2605 }, // U+0129
    { 8, 20, 124, 0, 20, 40, 2648 }, // U+012A
    { 8, 16, 95, -1, 16, 32, 2688 }, // U+012B
    { 8, 21, 124, 0, 21, 42, 2720 }, // U+012C
    { 8, 17, 95, -1, 17, 34, 2762 }, // U+012D
    { 7, 23, 124, 0, 17, 41, 2796 }, // U+012E
    { 5, 23, 95, 0, 17, 29, 2837 }, // U+012F
    { 7, 21, 124, 0, 21, 37, 2866 }, // U+0130
    { 3, 13, 95, 1, 13, 10, 2903 }, // U+0131
    { 12, 22, 224, 0, 17, 66, 2913 }, // U+0132
    { 10, 23, 189, 1, 17, 58, 2979 }, // U+0133
    { 10, 27, 100, -2, 22, 68, 3037 }, // U+0134
    { 9, 24, 95, -2, 18, 54, 3105 }, // U+0135
    { 13, 23, 227, 2, 17, 75, 3159 }, // U+0136
    { 12, 24, 196, 1, 18, 72, 3234 }, // U+0137
    { 12, 13, 196, 1, 13, 39, 3306 }, // U+0138
    { 10, 22, 192, 2, 22, 55, 3345 }, // U+0139
    { 6, 23, 95, 1, 23, 35, 3400 }, // U+013A
    { 10, 23, 192, 2, 17, 58, 3435 }, // U+013B
    { 4, 24, 95, 1, 18, 24, 3493 }, // U+013C
    { 10, 17, 192, 2, 17, 43, 3517 }, // U+013D
    { 7, 18, 95, 1, 18, 32, 3560 }, // U+013E
    { 10, 17, 192, 2, 17, 43, 3592 }, // U+013F
    { 7, 18, 98, 1, 18, 32, 3635 }, // U+0140
    { 12, 17, 192, 0, 17, 51, 3667 }, // U+0141
    { 8, 18, 95, -1, 18, 36, 3718 }, // U+0142
    { 14, 22, 279, 2, 22, 77, 3754 }, // U+0143
    { 12, 18, 227, 1, 18, 54, 3831 }, // U+0144
    { 14, 23, 279, 2, 17, 81, 3885 }, // U+0145
    { 12, 19, 227, 1, 13, 57, 3966 }, // U+0146
    { 14, 22, 279, 2, 22, 77, 4023 }, // U+0147
    { 12, 18, 227, 1, 18, 54, 4100 }, // U+0148
    { 14, 17, 252, 0, 17, 60, 4154 }, // U+0149
    { 14, 22, 279, 2, 17, 77, 4214 }, // U+014A
    { 12, 19, 227, 1, 13, 57, 4291 }, // U+014B
    { 16, 21, 286, 1, 20, 84, 4348 }, // U+014C
    { 12, 17, 222, 1, 16, 51, 4432 }, // U+014D
    { 16, 22, 286, 1, 21, 88, 4483 }, // U+014E
    { 12, 18, 222, 1, 17, 54, 4571 }, // U+014F
    { 16, 23, 286, 1, 22, 92, 4625 }, // U+0150
    { 12, 19, 222, 1, 18, 57, 4717 }, // U+0151
    { 19, 18, 340, 1, 17, 86, 4774 }, // U+0152
    { 20, 14, 347, 1, 13, 70, 4860 }, // U+0153
    { 12, 22, 228, 2, 22, 66, 4930 }, // U+0154
    { 9, 18, 151, 1, 18, 41, 4996 }, // U+0155
    { 12, 23, 228, 2, 17, 69, 5037 }, // U+0156
    { 9, 19, 151, 1, 13, 43, 5106 }, // U+0157
    { 12, 22, 228, 2, 22, 66, 5149 }, // U+0158
    { 9, 18, 151, 1, 18, 41, 5215 }, // U+0159
    { 11, 23, 201, 1, 22, 64, 5256 }, // U+015A
    { 9, 19, 176, 1, 18, 43, 5320 }, // U+015B
    { 11, 23, 201, 1, 22, 64, 5363 }, // U+015C
    { 9, 19, 176, 1, 18, 43, 5427 }, // U+015D
    { 11, 23, 201, 1, 17, 64, 5470 }, // U+015E
    { 9, 19, 176, 1, 13, 43, 5534 }, // U+015F
    { 11, 23, 201, 1, 22, 64, 5577 }, // U+0160
    { 9, 19, 176, 1, 18, 43, 5641 }, // U+0161
    { 13, 23, 204, 0, 17, 75, 5684 }, // U+0162
    { 8, 22, 132, 0, 16, 44, 5759 }, // U+0163
    { 13, 22, 204, 0, 22, 72, 5803 }, // U+0164
    { 11, 19, 132, 0, 18, 53, 5875 }, // U+0165
    { 13, 17, 204, 0, 17, 56, 5928 }, // U+0166
    { 8, 17, 132, 0, 16, 34, 5984 }, // U+0167
    { 13, 22, 268, 2, 21, 72, 6018 }, // U+0168
    { 12, 18, 227, 1, 17, 54, 6090 }, // U+0169
    { 13, 21, 268, 2, 20, 69, 6144 }, // U+016A
    { 12, 17, 227, 1, 16, 51, 6213 }, // U+016B
    { 13, 22, 268, 2, 21, 72, 6264 }, // U+016C
    { 12, 18, 227, 1, 17, 54, 6336 }, // U+016D
    { 13, 24, 268, 2, 23, 78, 6390 }, // U+016E
    { 12, 20, 227, 1, 19, 60, 6468 }, // U+016F
    { 13, 23, 268, 2, 22, 75, 6528 }, // U+0170
    { 12, 19, 227, 1, 18, 57, 6603 }, // U+0171
    { 13, 23, 268, 2, 17, 75, 6660 }, // U+0172
    { 12, 19, 227, 1, 13, 57, 6735 }, // U+0173
    { 22, 22, 341, 0, 22, 121, 6792 }, // U+0174
    { 18, 18, 288, 0, 18, 81, 6913 }, // U+0175
    { 13, 22, 208, 0, 22, 72, 6994 }, // U+0176
    { 12, 24, 187, 0, 18, 72, 7066 }, // U+0177
    { 13, 21, 208, 0, 21, 69, 7138 }, // U+0178
    { 13, 22, 210, 0, 22, 72, 7207 }, // U+0179
    { 10, 18, 172, 0, 18, 45, 7279 }, // U+017A
    { 13, 21, 210, 0, 21, 69, 7324 }, // U+017B
    { 10, 17, 172, 0, 17, 43, 7393 }, // U+017C
    { 13, 22, 210, 0, 22, 72, 7436 }, // U+017D
    { 10, 18, 172, 0, 18, 45, 7508 }, // U+017E
    { 8, 18, 120, 1, 18, 36, 7553 }, // U+017F
    { 18, 19, 288, 1, 18, 86, 0 }, // U+01A0
    { 14, 16, 226, 1, 15, 56, 86 }, // U+01A1
    { 17, 19, 286, 2, 18, 81, 142 }, // U+01AF
    { 16, 16, 247, 1, 15, 64, 223 }, // U+01B0
    { 27, 22, 474, 2, 22, 149, 287 }, // U+01C4
    { 25, 18, 440, 2, 18, 113, 436 }, // U+01C5
    { 23, 19, 398, 1, 18, 110, 549 }, // U+01C6
    { 15, 22, 292, 2, 17, 83, 659 }, // U+01C7
    { 15, 23, 287, 2, 17, 87, 742 }, // U+01C8
    { 10, 24, 189, 1, 18, 60, 829 }, // U+01C9
    { 20, 22, 379, 2, 17, 110, 889 }, // U+01CA
    { 20, 23, 373, 2, 17, 115, 999 }, // U+01CB
    { 18, 23, 321, 1, 17, 104, 1114 }, // U+01CC
    { 15, 22, 234, 0, 22, 83, 1218 }, // U+01CD
    { 10, 19, 206, 1, 18, 48, 1301 }, // U+01CE
    { 8, 22, 124, 0, 22, 44, 1349 }, // U+01CF
    { 8, 18, 95, -1, 18, 36, 1393 }, // U+01D0
    { 16, 23, 286, 1, 22, 92, 1429 }, // U+01D1
    { 12, 19, 222, 1, 18, 57, 1521 }, // U+01D2
    { 13, 23, 268, 2, 22, 75, 1578 }, // U+01D3
    { 12, 19, 227, 1, 18, 57, 1653 }, // U+01D4
    { 13, 25, 268, 2, 24, 82, 1710 }, // U+01D5
    { 12, 21, 227, 1, 20, 63, 1792 }, // U+01D6
    { 13, 26, 268, 2, 25, 85, 1855 }, // U+01D7
    { 12, 21, 227, 1, 20, 63, 1940 }, // U+01D8
    { 13, 26, 268, 2, 25, 85, 2003 }, // U+01D9
    { 12, 22, 227, 1, 21, 66, 2088 }, // U+01DA
    { 13, 26, 268, 2, 25, 85, 2154 }, // U+01DB
    { 12, 21, 227, 1, 20, 63, 2239 }, // U+01DC
    { 11, 14, 207, 1, 13, 39, 2302 }, // U+01DD
    { 15, 24, 234, 0, 24, 90, 2341 }, // U+01DE
    { 10, 21, 206, 1, 20, 53, 2431 }, // U+01DF
    { 15, 23, 234, 0, 23, 87, 2484 }, // U+01E0
    { 10, 21, 206, 1, 20, 53, 2571 }, // U+01E1
    { 20, 20, 323, -1, 20, 100, 2624 }, // U+01E2
    { 18, 17, 317, 1, 16, 77, 2724 }, // U+01E3
    { 16, 18, 267, 1, 17, 72, 2801 }, // U+01E4
    { 13, 19, 226, 1, 13, 62, 2873 }, // U+01E5
    { 14, 23, 267, 1, 22, 81, 2935 }, // U+01E6
    { 12, 24, 226, 1, 18, 72, 3016 }, // U+01E7
    { 13, 22, 227, 2, 22, 72, 3088 }, // U+01E8
    { 14, 23, 196, -1, 23, 81, 3160 }, // U+01E9
    { 16, 23, 286, 1, 17, 92, 3241 }, // U+01EA
    { 12, 19, 222, 1, 13, 57, 3333 }, // U+01EB
    { 16, 26, 286, 1, 20, 104, 3390 }, // U+01EC
    { 12, 22, 222, 1, 16, 66, 3494 }, // U+01ED
    { 13, 23, 214, 0, 22, 75, 3560 }, // U+01EE
    { 11, 24, 183, 0, 18, 66, 3635 }, // U+01EF
    { 9, 24, 95, -2, 18, 54, 3701 }, // U+01F0
    { 27, 17, 474, 2, 17, 115, 3755 }, // U+01F1
    { 25, 17, 440, 2, 17, 107, 3870 }, // U+01F2
    { 23, 19, 398, 1, 18, 110, 3977 }, // U+01F3
    { 14, 23, 267, 1, 22, 81, 4087 }, // U+01F4
    { 12, 24, 226, 1, 18, 72, 4168 }, // U+01F5
    { 18, 18, 344, 2, 17, 81, 4240 }, // U+01F6
    { 12, 23, 242, 2, 17, 69, 4321 }, // U+01F7
    { 14, 22, 279, 2, 22, 77, 4390 }, // U+01F8
    { 12, 18, 227, 1, 18, 54, 4467 }, // U+01F9
    { 15, 22, 235, 0, 22, 83, 4521 }, // U+01FA
    { 10, 23, 206, 1, 22, 58, 4604 }, // U+01FB
    { 20, 22, 323, -1, 22, 110, 4662 }, // U+01FC
    { 18, 19, 317, 1, 18, 86, 4772 }, // U+01FD
    { 16, 23, 286, 1, 22, 92, 4858 }, // U+01FE
    { 12, 19, 222, 1, 18, 57, 4950 }, // U+01FF
    { 15, 22, 234, 0, 22, 83, 5007 }, // U+0200
    { 10, 19, 206, 1, 18, 48, 5090 }, // U+0201
    { 15, 21, 234, 0, 21, 79, 5138 }, // U+0202
    { 10, 18, 206, 1, 17, 45, 5217 }, // U+0203
    { 11, 22, 204, 1, 22, 61, 5262 }, // U+0204
    { 11, 19, 207, 1, 18, 53, 5323 }, // U+0205
    { 10, 21, 204, 2, 21, 53, 5376 }, // U+0206
    { 11, 18, 207, 1, 17, 50, 5429 }, // U+0207
    { 9, 22, 124, -2, 22, 50, 5479 }, // U+0208
    { 10, 18, 95, -3, 18, 45, 5529 }, // U+0209
    { 8, 21, 124, 0, 21, 42, 5574 }, // U+020A
    { 8, 17, 95, -1, 17, 34, 5616 }, // U+020B
    { 16, 23, 286, 1, 22, 92, 5650 }, // U+020C
    { 12, 19, 222, 1, 18, 57, 5742 }, // U+020D
    { 16, 22, 286, 1, 21, 88, 5799 }, // U+020E
    { 12, 18, 222, 1, 17, 54, 5887 }, // U+020F
    { 12, 22, 228, 2, 22, 66, 5941 }, // U+0210
    { 10, 18, 151, 0, 18, 45, 6007 }, // U+0211
    { 12, 21, 228, 2, 21, 63, 6052 }, // U+0212
    { 9, 17, 151, 1, 17, 39, 6115 }, // U+0213
    { 13, 23, 268, 2, 22, 75, 6154 }, // U+0214
    { 12, 19, 227, 1, 18, 57, 6229 }, // U+0215
    { 13, 22, 268, 2, 21, 72, 6286 }, // U+0216
    { 12, 18, 227, 1, 17, 54, 6358 }, // U+0217
    { 11, 23, 201, 1, 17, 64, 6412 }, // U+0218
    { 9, 19, 176, 1, 13, 43, 6476 }, // U+0219
    { 13, 23, 204, 0, 17, 75, 6519 }, // U+021A
    { 8, 22, 132, 0, 16, 44, 6594 }, // U+021B
    { 12, 22, 211, 0, 17, 66, 6638 }, // U+021C
    { 11, 19, 182, 0, 13, 53, 6704 }, // U+021D
    { 13, 22, 272, 2, 22, 72, 6757 }, // U+021E
    { 14, 23, 227, -1, 23, 81, 6829 }, // U+021F
    { 6, 5, 0, -12, 18, 8, 0 }, // U+0300
    { 6, 5, 0, -8, 18, 8, 8 }, // U+0301
    { 8, 5, 0, -4, 18, 10, 16 }, // U+0302
    { 10, 4, 0, -12, 17, 10, 26 }, // U+0303
    { 8, 3, 0, -4, 16, 6, 36 }, // U+0304
    { 10, 3, 0, -5, 20, 8, 42 }, // U+0305
    { 8, 4, 0, -4, 17, 8, 50 }, // U+0306
    { 4, 3, 0, -2, 17, 3, 58 }, // U+0307
    { 8, 3, 0, -4, 17, 6, 61 }, // U+0308
    { 5, 6, 0, -9, 19, 8, 67 }, // U+0309
    { 6, 6, 0, -3, 19, 9, 75 }, // U+030A
    { 9, 5, 0, -3, 18, 12, 84 }, // U+030B
    { 8, 5, 0, -4, 18, 10, 96 }, // U+030C
    { 2, 5, 0, -1, 18, 3, 106 }, // U+030D
    { 6, 5, 0, -3, 18, 8, 109 }, // U+030E
    { 9, 5, 0, -12, 18, 12, 117 }, // U+030F
    { 8, 7, 0, -4, 20, 14, 129 }, // U+0310
    { 8, 4, 0, -4, 17, 8, 143 }, // U+0311
    { 4, 7, 0, -2, 17, 7, 151 }, // U+0312
    { 4, 7, 0, -2, 17, 7, 158 }, // U+0313
    { 4, 7, 0, -2, 17, 7, 165 }, // U+0314
    { 4, 7, 0, -2, 17, 7, 172 }, // U+0315
    { 6, 5, 0, -3, -1, 8, 179 }, // U+0316
    { 6, 5, 0, -3, -1, 8, 187 }, // U+0317
    { 6, 5, 0, -3, 0, 8, 195 }, // U+0318
    { 6, 5, 0, -3, 0, 8, 203 }, // U+0319
    { 7, 7, 115, 0, 18, 13, 211 }, // U+031A
    { 6, 6, 0, -3, 18, 9, 224 }, // U+031B
    { 4, 6, 0, -2, 0, 6, 233 }, // U+031C
    { 6, 4, 0, -3, -1, 6, 239 }, // U+031D
    { 6, 4, 0, -3, -1, 6, 245 }, // U+031E
    { 6, 6, 0, -3, 0, 9, 251 }, // U+031F
    { 6, 2, 0, -3, -2, 3, 260 }, // U+0320
    { 5, 7, 0, -5, 1, 9, 263 }, // U+0321
    { 5, 7, 0, 0, 1, 9, 272 }, // U+0322
    { 4, 4, 0, -9, -1, 4, 281 }, // U+0323
    { 8, 3, 0, -4, -1, 6, 285 }, // U+0324
    { 6, 6, 0, -3, 0, 9, 291 }, // U+0325
    { 4, 5, 0, -2, -1, 5, 300 }, // U+0326
    { 6, 6, 0, -3, 0, 9, 305 }, // U+0327
    { 4, 7, 0, -2, 1, 7, 314 }, // U+0328
    { 2, 5, 0, -1, 0, 3, 321 }, // U+0329
    { 10, 4, 0, -5, -1, 10, 324 }, // U+032A
    { 10, 4, 0, -5, -1, 10, 334 }, // U+032B
    { 8, 5, 0, -4, 0, 10, 344 }, // U+032C
    { 8, 5, 0, -4, 0, 10, 354 }, // U+032D
    { 8, 4, 0, -4, -1, 8, 364 }, // U+032E
    { 8, 4, 0, -4, -1, 8, 372 }, // U+032F
    { 10, 4, 0, -5, -1, 10, 380 }, // U+0330
    { 8, 3, 0, -4, -1, 6, 390 }, // U+0331
    { 12, 2, 0, -6, -2, 6, 396 }, // U+0332
    { 10, 6, 0, -5, 0, 15, 402 }, // U+0333
    { 10, 4, 0, -5, 8, 10, 417 }, // U+0334
    { 10, 3, 0, -5, 8, 8, 427 }, // U+0335
    { 18, 3, 0, -9, 8, 14, 435 }, // U+0336
    { 8, 6, 0, -4, 10, 12, 449 }, // U+0337
    { 10, 20, 0, -5, 18, 50, 461 }, // U+0338
    { 4, 6, 0, -2, 0, 6, 511 }, // U+0339
    { 10, 4, 0, -5, -1, 10, 517 }, // U+033A
    { 10, 6, 0, -5, 0, 15, 527 }, // U+033B
    { 10, 4, 0, -5, -1, 10, 542 }, // U+033C
    { 6, 5, 0, -3, 18, 8, 552 }, // U+033D
    { 4, 7, 0, -2, 20, 7, 560 }, // U+033E
    { 10, 6, 0, -5, 23, 15, 567 }, // U+033F
    { 5, 5, 0, -4, 18, 7, 582 }, // U+0340
    { 5, 5, 0, -1, 18, 7, 589 }, // U+0341
    { 10, 4, 0, -5, 17, 10, 596 }, // U+0342
    { 4, 5, 0, -2, 18, 5, 606 }, // U+0343
    { 9, 5, 0, -4, 18, 12, 611 }, // U+0344
    { 4, 5, 0, -1, -1, 5, 623 }, // U+0345
    { 10, 5, 0, -5, 18, 13, 628 }, // U+0346
    { 10, 6, 0, -5, 0, 15, 641 }, // U+0347
    { 6, 5, 0, -3, 0, 8, 656 }, // U+0348
    { 6, 5, 0, -3, -1, 8, 664 }, // U+0349
    { 10, 5, 0, -5, 18, 13, 672 }, // U+034A
    { 10, 9, 0, -5, 22, 23, 685 }, // U+034B
    { 8, 7, 0, -4, 20, 14, 708 }, // U+034C
    { 10, 6, 0, -5, 0, 15, 722 }, // U+034D
    { 6, 6, 0, -3, 0, 9, 737 }, // U+034E
    { 18, 17, 0, -9, 17, 77, 746 }, // U+034F
    { 4, 6, 0, -2, 19, 6, 823 }, // U+0350
    { 4, 6, 0, -2, 19, 6, 829 }, // U+0351
    { 8, 7, 0, -4, 20, 14, 835 }, // U+0352
    { 6, 6, 0, -3, 0, 9, 849 }, // U+0353
    { 4, 6, 0, -2, 0, 6, 858 }, // U+0354
    { 4, 6, 0, -2, 0, 6, 864 }, // U+0355
    { 10, 6, 0, -5, 0, 15, 870 }, // U+0356
    { 4, 6, 0, -2, 19, 6, 885 }, // U+0357
    { 3, 3, 0, 3, 17, 3, 891 }, // U+0358
    { 6, 6, 0, -3, 0, 9, 894 }, // U+0359
    { 10, 6, 0, -5, 0, 15, 903 }, // U+035A
    { 6, 5, 0, -3, 18, 8, 918 }, // U+035B
    { 18, 6, 0, -9, 0, 27, 926 }, // U+035C
    { 18, 6, 0, -9, 19, 27, 953 }, // U+035D
    { 14, 2, 0, -7, 16, 7, 980 }, // U+035E
    { 14, 2, 0, -7, -1, 7, 987 }, // U+035F
    { 18, 4, 0, -9, 17, 18, 994 }, // U+0360
    { 18, 5, 0, -9, 20, 23, 1012 }, // U+0361
    { 19, 6, 0, -9, 0, 29, 1035 }, // U+0362
    { 6, 6, 0, -3, 20, 9, 1064 }, // U+0363
    { 6, 6, 0, -3, 20, 9, 1073 }, // U+0364
    { 2, 7, 0, -1, 21, 4, 1082 }, // U+0365
    { 6, 6, 0, -3, 20, 9, 1086 }, // U+0366
    { 6, 6, 0, -3, 20, 9, 1095 }, // U+0367
    { 5, 6, 0, -2, 20, 8, 1104 }, // U+0368
    { 6, 8, 0, -3, 22, 12, 1112 }, // U+0369
    { 6, 8, 0, -3, 22, 12, 1124 }, // U+036A
    { 9, 6, 0, -4, 20, 14, 1136 }, // U+036B
    { 5, 6, 0, -2, 20, 8, 1150 }, // U+036C
    { 4, 7, 0, -2, 21, 7, 1158 }, // U+036D
    { 6, 6, 0, -3, 20, 9, 1165 }, // U+036E
    { 6, 6, 0, -3, 20, 9, 1174 }, // U+036F
    { 10, 22, 204, 2, 22, 55, 0 }, // U+0400
    { 10, 21, 204, 2, 21, 53, 55 }, // U+0401
    { 16, 18, 263, 0, 17, 72, 108 }, // U+0402
    { 10, 22, 187, 2, 22, 55, 180 }, // U+0403
    { 13, 18, 234, 1, 17, 59, 235 }, // U+0404
    { 11, 18, 201, 1, 17, 50, 294 }, // U+0405
    { 3, 17, 104, 2, 17, 13, 344 }, // U+0406
    { 6, 21, 104, 0, 21, 32, 357 }, // U+0407
    { 7, 22, 100, -2, 17, 39, 389 }, // U+0408
    { 22, 18, 370, 0, 17, 99, 428 }, // U+0409
    { 21, 17, 377, 2, 17, 90, 527 }, // U+040A
    { 16, 17, 262, 0, 17, 68, 617 }, // U+040B
    { 13, 22, 229, 2, 22, 72, 685 }, // U+040C
    { 14, 22, 277, 2, 22, 77, 757 }, // U+040D
    { 15, 22, 226, 0, 21, 83, 834 }, // U+040E
    { 13, 21, 268, 2, 17, 69, 917 }, // U+040F
    { 15, 17, 234, 0, 17, 64, 986 }, // U+0410
    { 11, 17, 225, 2, 17, 47, 1050 }, // U+0411
    { 12, 17, 238, 2, 17, 51, 1097 }, // U+0412
    { 10, 17, 187, 2, 17, 43, 1148 }, // U+0413
    { 17, 21, 267, 0, 17, 90, 1191 }, // U+0414
    { 10, 17, 204, 2, 17, 43, 1281 }, // U+0415
    { 21, 17, 332, 0, 17, 90, 1324 }, // U+0416
    { 12, 18, 212, 0, 17, 54, 1414 }, // U+0417
    { 14, 17, 277, 2, 17, 60, 1468 }, // U+0418
    { 14, 21, 277, 2, 21, 74, 1528 }, // U+0419
    { 13, 17, 229, 2, 17, 56, 1602 }, // U+041A
    { 14, 18, 256, 0, 17, 63, 1658 }, // U+041B
    { 17, 17, 333, 2, 17, 73, 1721 }, // U+041C
    { 13, 17, 272, 2, 17, 56, 1794 }, // U+041D
    { 16, 18, 279, 1, 17, 72, 1850 }, // U+041E
    { 13, 17, 269, 2, 17, 56, 1922 }, // U+041F
    { 11, 17, 222, 2, 17, 47, 1978 }, // U+0420
    { 13, 18, 235, 1, 17, 59, 2025 }, // U+0421
    { 13, 17, 204, 0, 17, 56, 2084 }, // U+0422
    { 15, 18, 226, 0, 17, 68, 2140 }, // U+0423
    { 17, 18, 300, 1, 17, 77, 2208 }, // U+0424
    { 14, 17, 216, 0, 17, 60, 2285 }, // U+0425
    { 15, 21, 271, 2, 17, 79, 2345 }, // U+0426
    { 13, 17, 247, 1, 17, 56, 2424 }, // U+0427
    { 20, 17, 380, 2, 17, 85, 2480 }, // U+0428
    { 22, 21, 376, 2, 17, 116, 2565 }, // U+0429
    { 15, 17, 251, 0, 17, 64, 2681 }, // U+042A
    { 16, 17, 311, 2, 17, 68, 2745 }, // U+042B
    { 11, 17, 223, 2, 17, 47, 2813 }, // U+042C
    { 13, 18, 237, 1, 17, 59, 2860 }, // U+042D
    { 20, 18, 366, 2, 17, 90, 2919 }, // U+042E
    { 13, 17, 234, 0, 17, 56, 3009 }, // U+042F
    { 10, 14, 204, 1, 13, 35, 3065 }, // U+0430
    { 12, 19, 219, 1, 18, 57, 3100 }, // U+0431
    { 11, 13, 207, 1, 13, 36, 3157 }, // U+0432
    { 9, 13, 161, 1, 13, 30, 3193 }, // U+0433
    { 14, 17, 223, 0, 13, 60, 3223 }, // U+0434
    { 11, 14, 202, 1, 13, 39, 3283 }, // U+0435
    { 18, 13, 278, 0, 13, 59, 3322 }, // U+0436
    { 11, 14, 179, 0, 13, 39, 3381 }, // U+0437
    { 12, 13, 228, 1, 13, 39, 3420 }, // U+0438
    { 12, 17, 228, 1, 17, 51, 3459 }, // U+0439
    { 11, 13, 195, 1, 13, 36, 3510 }, // U+043A
    { 12, 14, 215, 0, 13, 42, 3546 }, // U+043B
    { 15, 13, 282, 1, 13, 49, 3588 }, // U+043C
    { 12, 13, 225, 1, 13, 39, 3637 }, // U+043D
    { 12, 14, 218, 1, 13, 42, 3676 }, // U+043E
    { 11, 13, 222, 1, 13, 36, 3718 }, // U+043F
    { 12, 19, 223, 1, 13, 57, 3754 }, // U+0440
    { 10, 14, 181, 1, 13, 35, 3811 }, // U+0441
    { 11, 13, 171, 0, 13, 36, 3846 }, // U+0442
    { 12, 19, 187, 0, 13, 57, 3882 }, // U+0443
    { 15, 24, 270, 1, 18, 90, 3939 }, // U+0444
    { 12, 13, 187, 0, 13, 39, 4029 }, // U+0445
    { 13, 17, 224, 1, 13, 56, 4068 }, // U+0446
    { 11, 13, 216, 1, 13, 36, 4124 }, // U+0447
    { 18, 13, 328, 1, 13, 59, 4160 }, // U+0448
    { 20, 17, 329, 1, 13, 85, 4219 }, // U+0449
    { 14, 13, 228, 0, 13, 46, 4304 }, // U+044A
    { 15, 13, 278, 1, 13, 49, 4350 }, // U+044B
    { 11, 13, 200, 1, 13, 36, 4399 }, // U+044C
    { 11, 14, 181, 0, 13, 39, 4435 }, // U+044D
    { 17, 14, 293, 1, 13, 60, 4474 }, // U+044E
    { 12, 13, 212, 0, 13, 39, 4534 }, // U+044F
    { 11, 19, 202, 1, 18, 53, 4573 }, // U+0450
    { 11, 18, 202, 1, 17, 50, 4626 }, // U+0451
    { 13, 24, 227, 0, 18, 78, 4676 }, // U+0452
    { 9, 18, 161, 1, 18, 41, 4754 }, // U+0453
    { 10, 14, 181, 1, 13, 35, 4795 }, // U+0454
    { 10, 14, 172, 0, 13, 35, 4830 }, // U+0455
    { 4, 17, 95, 1, 17, 17, 4865 }, // U+0456
    { 6, 17, 95, 0, 17, 26, 4882 }, // U+0457
    { 7, 23, 95, -2, 17, 41, 4908 }, // U+0458
    { 19, 14, 315, 0, 13, 67, 4949 }, // U+0459
    { 19, 13, 326, 1, 13, 62, 5016 }, // U+045A
    { 13, 18, 228, 0, 18, 59, 5078 }, // U+045B
    { 11, 18, 195, 1, 18, 50, 5137 }, // U+045C
    { 12, 18, 228, 1, 18, 54, 5187 }, // U+045D
    { 12, 23, 187, 0, 17, 69, 5241 }, // U+045E
    { 11, 17, 222, 1, 13, 47, 5310 }, // U+045F
    { 21, 18, 337, 0, 17, 95, 5357 }, // U+0460
    { 18, 13, 289, 0, 13, 59, 5452 }, // U+0461
    { 15, 17, 248, 0, 17, 64, 5511 }, // U+0462
    { 14, 15, 233, 0, 15, 53, 5575 }, // U+0463
    { 19, 18, 338, 2, 17, 86, 5628 }, // U+0464
    { 16, 14, 272, 1, 13, 56, 5714 }, // U+0465
    { 16, 17, 250, 0, 17, 68, 5770 }, // U+0466
    { 13, 13, 210, 0, 13, 43, 5838 }, // U+0467
    { 20, 17, 341, 2, 17, 85, 5881 }, // U+0468
    { 17, 13, 286, 1, 13, 56, 5966 }, // U+0469
    { 17, 17, 267, 0, 17, 73, 6022 }, // U+046A
    { 15, 13, 235, 0, 13, 49, 6095 }, // U+046B
    { 21, 17, 361, 2, 17, 90, 6144 }, // U+046C
    { 19, 13, 311, 1, 13, 62, 6234 }, // U+046D
    { 13, 25, 215, 0, 20, 82, 6296 }, // U+046E
    { 11, 21, 180, 0, 16, 58, 6378 }, // U+046F
    { 15, 17, 295, 2, 17, 64, 6436 }, // U+0470
    { 15, 24, 279, 1, 18, 90, 6500 }, // U+0471
    { 16, 18, 287, 1, 17, 72, 6590 }, // U+0472
    { 12, 14, 222, 1, 13, 42, 6662 }, // U+0473
    { 16, 17, 233, 0, 17, 68, 6704 }, // U+0474
    { 13, 13, 189, 0, 13, 43, 6772 }, // U+0475
    { 16, 22, 233, 0, 22, 88, 6815 }, // U+0476
    { 13, 18, 189, 0, 18, 59, 6903 }, // U+0477
    { 27, 23, 447, 1, 17, 156, 6962 }, // U+0478
    { 25, 19, 402, 1, 13, 119, 7118 }, // U+0479
    { 17, 20, 301, 1, 18, 85, 7237 }, // U+047A
    { 13, 16, 242, 1, 14, 52, 7322 }, // U+047B
    { 22, 25, 376, 1, 24, 138, 7374 }, // U+047C
    { 19, 22, 332, 1, 21, 105, 7512 }, // U+047D
    { 21, 22, 337, 0, 21, 116, 7617 }, // U+047E
    { 18, 17, 289, 0, 17, 77, 7733 }, // U+047F
    { 14, 23, 236, 1, 17, 81, 7810 }, // U+0480
    { 10, 19, 180, 1, 13, 48, 7891 }, // U+0481
    { 12, 16, 223, 1, 15, 48, 7939 }, // U+0482
    { 9, 4, 0, -11, 17, 9, 7987 }, // U+0483
    { 9, 3, 0, -11, 17, 7, 7996 }, // U+0484
    { 3, 5, 0, -8, 18, 4, 8003 }, // U+0485
    { 3, 5, 0, -8, 18, 4, 8007 }, // U+0486
    { 10, 4, 0, -5, 21, 10, 8011 }, // U+0487
    { 28, 24, 0, -14, 18, 168, 8021 }, // U+0488
    { 26, 26, 0, -13, 19, 169, 8189 }, // U+0489
    { 16, 27, 288, 2, 22, 108, 8358 }, // U+048A
    { 14, 23, 242, 1, 18, 81, 8466 }, // U+048B
    { 13, 17, 226, 0, 17, 56, 8547 }, // U+048C
    { 13, 18, 218, 0, 18, 59, 8603 }, // U+048D
    { 11, 17, 225, 2, 17, 47, 8662 }, // U+048E
    { 12, 19, 226, 1, 13, 57, 8709 }, // U+048F
    { 10, 20, 195, 2, 20, 50, 8766 }, // U+0490
    { 9, 16, 160, 1, 16, 36, 8816 }, // U+0491
    { 12, 17, 194, 0, 17, 51, 8852 }, // U+0492
    { 10, 13, 159, 0, 13, 33, 8903 }, // U+0493
    { 13, 23, 239, 2, 17, 75, 8936 }, // U+0494
    { 11, 19, 195, 1, 13, 53, 9011 }, // U+0495
    { 21, 22, 332, 0, 17, 116, 9064 }, // U+0496
    { 18, 18, 292, 0, 13, 81, 9180 }, // U+0497
    { 12, 23, 212, 0, 17, 69, 9261 }, // U+0498
    { 11, 19, 179, 0, 13, 53, 9330 }, // U+0499
    { 14, 22, 246, 2, 17, 77, 9383 }, // U+049A
    { 12, 18, 204, 1, 13, 54, 9460 }, // U+049B
    { 13, 17, 229, 2, 17, 56, 9514 }, // U+049C
    { 11, 13, 194, 1, 13, 36, 9570 }, // U+049D
    { 15, 17, 229, 0, 17, 64, 9606 }, // U+049E
    { 12, 18, 196, 0, 18, 54, 9670 }, // U+049F
    { 16, 17, 254, 0, 17, 68, 9724 }, // U+04A0
    { 15, 13, 228, 0, 13, 49, 9792 }, // U+04A1
    { 15, 22, 277, 2, 17, 83, 9841 }, // U+04A2
    { 14, 18, 241, 1, 13, 63, 9924 }, // U+04A3
    { 17, 17, 299, 2, 17, 73, 9987 }, // U+04A4
    { 16, 13, 271, 1, 13, 52, 10060 }, // U+04A5
    { 22, 23, 387, 2, 17, 127, 10112 }, // U+04A6
    { 19, 19, 317, 1, 13, 91, 10239 }, // U+04A7
    { 16, 18, 286, 1, 17, 72, 10330 }, // U+04A8
    { 13, 14, 235, 1, 13, 46, 10402 }, // U+04A9
    { 13, 23, 232, 1, 17, 75, 10448 }, // U+04AA
    { 10, 19, 176, 1, 13, 48, 10523 }, // U+04AB
    { 13, 22, 204, 0, 17, 72, 10571 }, // U+04AC
    { 11, 18, 174, 0, 13, 50, 10643 }, // U+04AD
    { 13, 17, 208, 0, 17, 56, 10693 }, // U+04AE
    { 12, 19, 186, 0, 13, 57, 10749 }, // U+04AF
    { 13, 17, 208, 0, 17, 56, 10806 }, // U+04B0
    { 12, 19, 186, 0, 13, 57, 10862 }, // U+04B1
    { 15, 22, 231, 0, 17, 83, 10919 }, // U+04B2
    { 13, 18, 202, 0, 13, 59, 11002 }, // U+04B3
    { 20, 22, 316, 0, 17, 110, 11061 }, // U+04B4
    { 17, 18, 266, 0, 13, 77, 11171 }, // U+04B5
    { 15, 22, 258, 1, 17, 83, 11248 }, // U+04B6
    { 13, 18, 228, 1, 13, 59, 11331 }, // U+04B7
    { 13, 17, 256, 1, 17, 56, 11390 }, // U+04B8
    { 11, 13, 222, 1, 13, 36, 11446 }, // U+04B9
    { 13, 17, 256, 2, 17, 56, 11482 }, // U+04BA
    { 12, 18, 227, 1, 18, 54, 11538 }, // U+04BB
    { 19, 18, 311, 0, 17, 86, 11592 }, // U+04BC
    { 15, 14, 244, 0, 13, 53, 11678 }, // U+04BD
    { 19, 22, 311, 0, 17, 105, 11731 }, // U+04BE
    { 15, 18, 244, 0, 13, 68, 11836 }, // U+04BF
    { 7, 17, 124, 0, 17, 30, 11904 }, // U+04C0
    { 21, 21, 332, 0, 21, 111, 11934 }, // U+04C1
    { 18, 17, 278, 0, 17, 77, 12045 }, // U+04C2
    { 13, 23, 255, 2, 17, 75, 12122 }, // U+04C3
    { 12, 19, 205, 1, 13, 57, 12197 }, // U+04C4
    { 17, 22, 264, 0, 17, 94, 12254 }, // U+04C5
    { 14, 18, 215, 0, 13, 63, 12348 }, // U+04C6
    { 13, 23, 268, 2, 17, 75, 12411 }, // U+04C7
    { 12, 19, 228, 1, 13, 57, 12486 }, // U+04C8
    { 15, 22, 277, 2, 17, 83, 12543 }, // U+04C9
    { 14, 18, 243, 1, 13, 63, 12626 }, // U+04CA
    { 13, 22, 256, 1, 17, 72, 12689 }, // U+04CB
    { 12, 18, 225, 1, 13, 54, 12761 }, // U+04CC
    { 19, 22, 336, 2, 17, 105, 12815 }, // U+04CD
    { 17, 18, 277, 1, 13, 77, 12920 }, // U+04CE
    { 7, 17, 124, 0, 17, 30, 12997 }, // U+04CF
    { 15, 21, 234, 0, 21, 79, 13027 }, // U+04D0
    { 10, 18, 206, 1, 17, 45, 13106 }, // U+04D1
    { 15, 21, 234, 0, 21, 79, 13151 }, // U+04D2
    { 10, 18, 206, 1, 17, 45, 13230 }, // U+04D3
    { 20, 17, 323, -1, 17, 85, 13275 }, // U+04D4
    { 18, 14, 317, 1, 13, 63, 13360 }, // U+04D5
    { 10, 21, 204, 2, 21, 53, 13423 }, // U+04D6
    { 11, 18, 207, 1, 17, 50, 13476 }, // U+04D7
    { 15, 18, 271, 1, 17, 68, 13526 }, // U+04D8
    { 11, 14, 207, 1, 13, 39, 13594 }, // U+04D9
    { 15, 22, 271, 1, 21, 83, 13633 }, // U+04DA
    { 11, 18, 207, 1, 17, 50, 13716 }, // U+04DB
    { 21, 21, 332, 0, 21, 111, 13766 }, // U+04DC
    { 18, 17, 278, 0, 17, 77, 13877 }, // U+04DD
    { 12, 22, 212, 0, 21, 66, 13954 }, // U+04DE
    { 11, 18, 179, 0, 17, 50, 14020 }, // U+04DF
    { 13, 18, 214, 0, 17, 59, 14070 }, // U+04E0
    { 11, 19, 183, 0, 13, 53, 14129 }, // U+04E1
    { 14, 20, 277, 2, 20, 70, 14182 }, // U+04E2
    { 12, 16, 228, 1, 16, 48, 14252 }, // U+04E3
    { 14, 21, 277, 2, 21, 74, 14300 }, // U+04E4
    { 12, 17, 228, 1, 17, 51, 14374 }, // U+04E5
    { 16, 22, 286, 1, 21, 88, 14425 }, // U+04E6
    { 12, 18, 222, 1, 17, 54, 14513 }, // U+04E7
    { 16, 18, 287, 1, 17, 72, 14567 }, // U+04E8
    { 12, 14, 222, 1, 13, 42, 14639 }, // U+04E9
    { 16, 22, 287, 1, 21, 88, 14681 }, // U+04EA
    { 12, 18, 222, 1, 17, 54, 14769 }, // U+04EB
    { 13, 22, 237, 1, 21, 72, 14823 }, // U+04EC
    { 11, 18, 181, 0, 17, 50, 14895 }, // U+04ED
    { 15, 21, 226, 0, 20, 79, 14945 }, // U+04EE
    { 12, 22, 187, 0, 16, 66, 15024 }, // U+04EF
    { 15, 22, 226, 0, 21, 83, 15090 }, // U+04F0
    { 12, 23, 187, 0, 17, 69, 15173 }, // U+04F1
    { 15, 23, 226, 0, 22, 87, 15242 }, // U+04F2
    { 12, 24, 187, 0, 18, 72, 15329 }, // U+04F3
    { 13, 21, 247, 1, 21, 69, 15401 }, // U+04F4
    { 11, 17, 216, 1, 17, 47, 15470 }, // U+04F5
    { 10, 22, 194, 2, 17, 55, 15517 }, // U+04F6
    { 9, 18, 159, 1, 13, 41, 15572 }, // U+04F7
    { 16, 21, 311, 2, 21, 84, 15613 }, // U+04F8
    { 15, 17, 278, 1, 17, 64, 15697 }, // U+04F9
    { 12, 22, 194, 0, 17, 66, 15761 }, // U+04FA
    { 10, 18, 159, 0, 13, 45, 15827 }, // U+04FB
    { 14, 22, 232, 0, 17, 77, 15872 }, // U+04FC
    { 13, 18, 202, 0, 13, 59, 15949 }, // U+04FD
    { 14, 17, 215, 0, 17, 60, 16008 }, // U+04FE
    { 12, 13, 194, 0, 13, 39, 16068 }, // U+04FF
    { 15, 22, 234, 0, 17, 83, 0 }, // U+1EA0
    { 10, 18, 206, 1, 13, 45, 83 }, // U+1EA1
    { 15, 23, 234, 0, 23, 87, 128 }, // U+1EA2
    { 10, 20, 206, 1, 19, 50, 215 }, // U+1EA3
    { 15, 23, 234, 0, 23, 87, 265 }, // U+1EA4
    { 12, 20, 206, 1, 19, 60, 352 }, // U+1EA5
    { 15, 23, 234, 0, 23, 87, 412 }, // U+1EA6
    { 11, 20, 206, 0, 19, 55, 499 }, // U+1EA7
    { 15, 24, 234, 0, 24, 90, 554 }, // U+1EA8
    { 11, 21, 206, 1, 20, 58, 644 }, // U+1EA9
    { 15, 25, 234, 0, 25, 94, 702 }, // U+1EAA
    { 10, 22, 206, 1, 21, 55, 796 }, // U+1EAB
    { 15, 27, 234, 0, 22, 102, 851 }, // U+1EAC
    { 10, 23, 206, 1, 18, 58, 953 }, // U+1EAD
    { 15, 24, 234, 0, 24, 90, 1011 }, // U+1EAE
    { 10, 21, 206, 1, 20, 53, 1101 }, // U+1EAF
    { 15, 24, 234, 0, 24, 90, 1154 }, // U+1EB0
    { 10, 21, 206, 1, 20, 53, 1244 }, // U+1EB1
    { 15, 24, 234, 0, 24, 90, 1297 }, // U+1EB2
    { 10, 22, 206, 1, 21, 55, 1387 }, // U+1EB3
    { 15, 24, 234, 0, 24, 90, 1442 }, // U+1EB4
    { 10, 22, 206, 1, 21, 55, 1532 }, // U+1EB5
    { 15, 26, 234, 0, 21, 98, 1587 }, // U+1EB6
    { 10, 22, 206, 1, 17, 55, 1685 }, // U+1EB7
    { 10, 22, 204, 2, 17, 55, 1740 }, // U+1EB8
    { 11, 18, 207, 1, 13, 50, 1795 }, // U+1EB9
    { 10, 23, 204, 2, 23, 58, 1845 }, // U+1EBA
    { 11, 20, 207, 1, 19, 55, 1903 }, // U+1EBB
    { 10, 21, 204, 2, 21, 53, 1958 }, // U+1EBC
    { 11, 18, 207, 1, 17, 50, 2011 }, // U+1EBD
    { 11, 23, 204, 2, 23, 64, 2061 }, // U+1EBE
    { 12, 20, 207, 1, 19, 60, 2125 }, // U+1EBF
    { 12, 23, 204, 0, 23, 69, 2185 }, // U+1EC0
    { 12, 20, 207, 0, 19, 60, 2254 }, // U+1EC1
    { 11, 24, 204, 2, 24, 66, 2314 }, // U+1EC2
    { 11, 21, 207, 1, 20, 58, 2380 }, // U+1EC3
    { 10, 25, 204, 2, 25, 63, 2438 }, // U+1EC4
    { 11, 22, 207, 1, 21, 61, 2501 }, // U+1EC5
    { 10, 27, 204, 2, 22, 68, 2562 }, // U+1EC6
    { 11, 23, 207, 1, 18, 64, 2630 }, // U+1EC7
    { 7, 23, 124, 0, 23, 41, 2694 }, // U+1EC8
    { 5, 19, 95, 1, 19, 24, 2735 }, // U+1EC9
    { 7, 22, 124, 0, 17, 39, 2759 }, // U+1ECA
    { 4, 22, 95, 1, 17, 22, 2798 }, // U+1ECB
    { 16, 22, 286, 1, 17, 88, 2820 }, // U+1ECC
    { 12, 18, 222, 1, 13, 54, 2908 }, // U+1ECD
    { 16, 24, 286, 1, 23, 96, 2962 }, // U+1ECE
    { 12, 20, 222, 1, 19, 60, 3058 }, // U+1ECF
    { 16, 24, 286, 1, 23, 96, 3118 }, // U+1ED0
    { 12, 20, 222, 1, 19, 60, 3214 }, // U+1ED1
    { 16, 24, 286, 1, 23, 96, 3274 }, // U+1ED2
    { 13, 20, 222, 0, 19, 65, 3370 }, // U+1ED3
    { 16, 25, 286, 1, 24, 100, 3435 }, // U+1ED4
    { 12, 21, 222, 1, 20, 63, 3535 }, // U+1ED5
    { 16, 26, 286, 1, 25, 104, 3598 }, // U+1ED6
    { 12, 22, 222, 1, 21, 66, 3702 }, // U+1ED7
    { 16, 27, 286, 1, 22, 108, 3768 }, // U+1ED8
    { 12, 23, 222, 1, 18, 69, 3876 }, // U+1ED9
    { 18, 23, 288, 1, 22, 104, 3945 }, // U+1EDA
    { 14, 19, 226, 1, 18, 67, 4049 }, // U+1EDB
    { 18, 23, 288, 1, 22, 104, 4116 }, // U+1EDC
    { 14, 19, 226, 1, 18, 67, 4220 }, // U+1EDD
    { 18, 24, 288, 1, 23, 108, 4287 }, // U+1EDE
    { 14, 20, 226, 1, 19, 70, 4395 }, // U+1EDF
    { 18, 22, 288, 1, 21, 99, 4465 }, // U+1EE0
    { 14, 18, 226, 1, 17, 63, 4564 }, // U+1EE1
    { 18, 23, 288, 1, 18, 104, 4627 }, // U+1EE2
    { 14, 20, 226, 1, 15, 70, 4731 }, // U+1EE3
    { 13, 22, 268, 2, 17, 72, 4801 }, // U+1EE4
    { 12, 18, 227, 1, 13, 54, 4873 }, // U+1EE5
    { 13, 24, 268, 2, 23, 78, 4927 }, // U+1EE6
    { 12, 20, 227, 1, 19, 60, 5005 }, // U+1EE7
    { 17, 23, 286, 2, 22, 98, 5065 }, // U+1EE8
    { 16, 19, 247, 1, 18, 76, 5163 }, // U+1EE9
    { 17, 23, 286, 2, 22, 98, 5239 }, // U+1EEA
    { 16, 19, 247, 1, 18, 76, 5337 }, // U+1EEB
    { 17, 24, 286, 2, 23, 102, 5413 }, // U+1EEC
    { 16, 20, 247, 1, 19, 80, 5515 }, // U+1EED
    { 17, 22, 286, 2, 21, 94, 5595 }, // U+1EEE
    { 16, 18, 247, 1, 17, 72, 5689 }, // U+1EEF
    { 17, 23, 286, 2, 18, 98, 5761 }, // U+1EF0
    { 16, 20, 247, 1, 15, 80, 5859 }, // U+1EF1
    { 13, 22, 208, 0, 22, 72, 5939 }, // U+1EF2
    { 12, 24, 187, 0, 18, 72, 6011 }, // U+1EF3
    { 13, 22, 208, 0, 17, 72, 6083 }, // U+1EF4
    { 12, 19, 187, 0, 13, 57, 6155 }, // U+1EF5
    { 13, 23, 208, 0, 23, 75, 6212 }, // U+1EF6
    { 12, 25, 187, 0, 19, 75, 6287 }, // U+1EF7
    { 13, 21, 208, 0, 21, 69, 6362 }, // U+1EF8
    { 12, 23, 187, 0, 17, 69, 6431 }, // U+1EF9
    { 0, 0, 183, 0, 0, 0, 0 }, // U+2000
    { 0, 0, 367, 0, 0, 0, 0 }, // U+2001
    { 0, 0, 183, 0, 0, 0, 0 }, // U+2002
    { 0, 0, 367, 0, 0, 0, 0 }, // U+2003
    { 0, 0, 122, 0, 0, 0, 0 }, // U+2004
    { 0, 0, 92, 0, 0, 0, 0 }, // U+2005
    { 0, 0, 61, 0, 0, 0, 0 }, // U+2006
    { 0, 0, 210, 0, 0, 0, 0 }, // U+2007
    { 0, 0, 98, 0, 0, 0, 0 }, // U+2008
    { 0, 0, 61, 0, 0, 0, 0 }, // U+2009
    { 0, 0, 37, 0, 0, 0, 0 }, // U+200A
    { 0, 0, 0, 0, 0, 0, 0 }, // U+200B
    { 0, 0, 0, 0, 0, 0, 0 }, // U+200C
    { 0, 0, 0, 0, 0, 0, 0 }, // U+200D
    { 6, 20, 0, -1, 16, 30, 0 }, // U+200E
    { 6, 20, 0, -5, 16, 30, 30 }, // U+200F
    { 7, 3, 118, 0, 8, 6, 60 }, // U+2010
    { 7, 3, 118, 0, 8, 6, 66 }, // U+2011
    { 13, 3, 210, 0, 10, 10, 72 }, // U+2012
    { 11, 3, 183, 0, 8, 9, 82 }, // U+2013
    { 22, 3, 367, 0, 8, 17, 91 }, // U+2014
    { 22, 3, 367, 0, 8, 17, 108 }, // U+2015
    { 8, 24, 202, 2, 18, 48, 125 }, // U+2016
    { 11, 6, 151, -1, 0, 17, 173 }, // U+2017
    { 4, 7, 64, 0, 17, 7, 190 }, // U+2018
    { 4, 7, 64, 0, 17, 7, 197 }, // U+2019
    { 5, 7, 92, 0, 3, 9, 204 }, // U+201A
    { 4, 7, 64, 0, 17, 7, 213 }, // U+201B
    { 8, 7, 132, 0, 17, 14, 220 }, // U+201C
    { 8, 7, 132, 0, 17, 14, 234 }, // U+201D
    { 9, 7, 153, 0, 3, 16, 248 }, // U+201E
    { 8, 7, 132, 0, 17, 14, 264 }, // U+201F
    { 10, 18, 188, 1, 18, 45, 278 }, // U+2020
    { 10, 18, 188, 1, 18, 45, 323 }, // U+2021
    { 6, 7, 138, 1, 12, 11, 368 }, // U+2022
    { 7, 7, 135, 1, 12, 13, 379 }, // U+2023
    { 4, 4, 183, 4, 3, 4, 392 }, // U+2024
    { 10, 4, 197, 1, 3, 10, 396 }, // U+2025
    { 16, 4, 290, 1, 3, 16, 406 }, // U+2026
    { 4, 4, 98, 1, 7, 4, 422 }, // U+2027
    { 0, 0, 220, 0, 0, 0, 426 }, // U+2028
    { 0, 0, 220, 0, 0, 0, 426 }, // U+2029
    { 6, 18, 0, -1, 14, 27, 426 }, // U+202A
    { 6, 18, 0, -5, 14, 27, 453 }, // U+202B
    { 6, 20, 0, -3, 16, 30, 480 }, // U+202C
    { 6, 20, 0, -3, 16, 30, 510 }, // U+202D
    { 6, 20, 0, -3, 16, 30, 540 }, // U+202E
    { 0, 0, 61, 0, 0, 0, 570 }, // U+202F
    { 25, 18, 432, 1, 17, 113, 570 }, // U+2030
    { 34, 18, 566, 1, 17, 153, 683 }, // U+2031
    { 6, 7, 85, 0, 17, 11, 836 }, // U+2032
    { 10, 7, 150, 0, 17, 18, 847 }, // U+2033
    { 14, 7, 214, 0, 17, 25, 865 }, // U+2034
    { 6, 7, 85, -1, 17, 11, 890 }, // U+2035
    { 10, 7, 161, -1, 17, 18, 901 }, // U+2036
    { 13, 7, 221, -1, 17, 23, 919 }, // U+2037
    { 9, 8, 146, 0, 2, 18, 942 }, // U+2038
    { 7, 10, 114, 0, 11, 18, 960 }, // U+2039
    { 7, 10, 114, 0, 11, 18, 978 }, // U+203A
    { 18, 18, 307, 1, 17, 81, 996 }, // U+203B
    { 9, 18, 183, 1, 17, 41, 1077 }, // U+203C
    { 10, 18, 163, 0, 17, 45, 1118 }, // U+203D
    { 13, 2, 183, -1, 19, 7, 1163 }, // U+203E
    { 14, 6, 223, 0, 0, 21, 1170 }, // U+203F
    { 14, 6, 223, 0, 19, 21, 1191 }, // U+2040
    { 9, 16, 137, 0, 10, 36, 1212 }, // U+2041
    { 26, 22, 410, 0, 18, 143, 1248 }, // U+2042
    { 7, 3, 118, 0, 8, 6, 1391 }, // U+2043
    { 13, 17, 48, -5, 17, 56, 1397 }, // U+2044
    { 6, 21, 119, 1, 17, 32, 1453 }, // U+2045
    { 6, 21, 119, 0, 17, 32, 1485 }, // U+2046
    { 20, 18, 314, 0, 17, 90, 1517 }, // U+2047
    { 14, 18, 249, 0, 17, 63, 1607 }, // U+2048
    { 15, 18, 250, 1, 17, 68, 1670 }, // U+2049
    { 12, 13, 210, 0, 13, 39, 1738 }, // U+204A
    { 12, 21, 240, 2, 18, 63, 1777 }, // U+204B
    { 12, 13, 234, 1, 13, 39, 1840 }, // U+204C
    { 12, 13, 234, 2, 13, 39, 1879 }, // U+204D
    { 12, 11, 202, 0, 6, 33, 1918 }, // U+204E
    { 4, 16, 87, 1, 13, 16, 1951 }, // U+204F
    { 14, 25, 222, 0, 19, 88, 1967 }, // U+2050
    { 12, 23, 202, 0, 18, 69, 2055 }, // U+2051
    { 9, 18, 136, 0, 17, 41, 2124 }, // U+2052
    { 21, 5, 367, 1, 9, 27, 2165 }, // U+2053
    { 14, 6, 222, 0, 0, 21, 2192 }, // U+2054
    { 13, 13, 210, 0, 12, 43, 2213 }, // U+2055
    { 10, 18, 190, 1, 17, 45, 2256 }, // U+2056
    { 18, 7, 272, 0, 17, 32, 2301 }, // U+2057
    { 17, 18, 301, 1, 17, 77, 2333 }, // U+2058
    { 17, 18, 304, 1, 17, 77, 2410 }, // U+2059
    { 3, 18, 81, 1, 17, 14, 2487 }, // U+205A
    { 13, 19, 240, 1, 18, 62, 2501 }, // U+205B
    { 18, 18, 292, 0, 17, 81, 2563 }, // U+205C
    { 4, 17, 98, 1, 16, 17, 2644 }, // U+205D
    { 4, 18, 98, 1, 17, 18, 2661 }, // U+205E
    { 0, 0, 81, 0, 0, 0, 2679 }, // U+205F
    { 0, 0, 220, 0, 0, 0, 2679 }, // U+2060
    { 0, 0, 220, 0, 0, 0, 2679 }, // U+2061
    { 0, 0, 220, 0, 0, 0, 2679 }, // U+2062
    { 0, 0, 220, 0, 0, 0, 2679 }, // U+2063
    { 0, 0, 220, 0, 0, 0, 2679 }, // U+2064
    { 0, 0, 0, 0, 0, 0, 2679 }, // U+2066
    { 0, 0, 0, 0, 0, 0, 2679 }, // U+2067
    { 0, 0, 0, 0, 0, 0, 2679 }, // U+2068
    { 0, 0, 0, 0, 0, 0, 2679 }, // U+2069
    { 6, 20, 0, -3, 16, 30, 2679 }, // U+206A
    { 6, 20, 0, -3, 16, 30, 2709 }, // U+206B
    { 6, 20, 0, -3, 16, 30, 2739 }, // U+206C
    { 6, 20, 0, -3, 16, 30, 2769 }, // U+206D
    { 6, 20, 0, -3, 16, 30, 2799 }, // U+206E
    { 6, 20, 0, -3, 16, 30, 2829 }, // U+206F
    { 8, 11, 128, 0, 20, 22, 0 }, // U+2070
    { 2, 11, 62, 1, 17, 6, 22 }, // U+2071
    { 8, 11, 128, 0, 20, 22, 28 }, // U+2074
    { 8, 11, 128, 0, 20, 22, 50 }, // U+2075
    { 8, 11, 128, 0, 20, 22, 72 }, // U+2076
    { 8, 11, 128, 0, 20, 22, 94 }, // U+2077
    { 8, 11, 128, 0, 20, 22, 116 }, // U+2078
    { 8, 11, 128, 0, 20, 22, 138 }, // U+2079
    { 7, 7, 124, 0, 17, 13, 160 }, // U+207A
    { 7, 2, 124, 0, 15, 4, 173 }, // U+207B
    { 7, 5, 124, 0, 16, 9, 177 }, // U+207C
    { 5, 13, 83, 1, 21, 17, 186 }, // U+207D
    { 4, 13, 83, 0, 21, 13, 203 }, // U+207E
    { 7, 9, 147, 1, 15, 16, 216 }, // U+207F
    { 8, 11, 128, 0, 7, 22, 232 }, // U+2080
    { 6, 11, 128, 0, 7, 17, 254 }, // U+2081
    { 8, 11, 128, 0, 7, 22, 271 }, // U+2082
    { 8, 11, 128, 0, 7, 22, 293 }, // U+2083
    { 8, 11, 128, 0, 7, 22, 315 }, // U+2084
    { 8, 11, 128, 0, 7, 22, 337 }, // U+2085
    { 8, 11, 128, 0, 7, 22, 359 }, // U+2086
    { 8, 11, 128, 0, 7, 22, 381 }, // U+2087
    { 8, 11, 128, 0, 7, 22, 403 }, // U+2088
    { 8, 11, 128, 0, 7, 22, 425 }, // U+2089
    { 7, 7, 124, 0, 5, 13, 447 }, // U+208A
    { 7, 2, 124, 0, 3, 4, 460 }, // U+208B
    { 7, 5, 124, 0, 4, 9, 464 }, // U+208C
    { 5, 13, 83, 1, 8, 17, 473 }, // U+208D
    { 4, 13, 83, 0, 8, 13, 490 }, // U+208E
    { 8, 9, 134, 0, 6, 18, 503 }, // U+2090
    { 8, 9, 135, 0, 6, 18, 521 }, // U+2091
    { 9, 9, 144, 0, 6, 21, 539 }, // U+2092
    { 8, 9, 126, 0, 6, 18, 560 }, // U+2093
    { 8, 9, 135, 0, 6, 18, 578 }, // U+2094
    { 7, 12, 147, 1, 9, 21, 596 }, // U+2095
    { 7, 12, 127, 1, 9, 21, 617 }, // U+2096
    { 2, 12, 62, 1, 9, 6, 638 }, // U+2097
    { 12, 9, 223, 1, 6, 27, 644 }, // U+2098
    { 7, 9, 147, 1, 6, 16, 671 }, // U+2099
    { 8, 12, 147, 1, 6, 24, 687 }, // U+209A
    { 7, 9, 114, 0, 6, 16, 711 }, // U+209B
    { 6, 10, 86, 0, 7, 15, 727 }, // U+209C
    { 13, 17, 210, 0, 17, 56, 0 }, // U+20A0
    { 12, 20, 210, 1, 18, 60, 56 }, // U+20A1
    { 12, 18, 210, 1, 17, 54, 116 }, // U+20A2
    { 11, 17, 210, 1, 17, 47, 170 }, // U+20A3
    { 13, 17, 210, 0, 17, 56, 217 }, // U+20A4
    { 19, 19, 343, 1, 16, 91, 273 }, // U+20A5
    { 13, 17, 210, 0, 17, 56, 364 }, // U+20A6
    { 16, 18, 285, 1, 17, 72, 420 }, // U+20A7
    { 18, 18, 306, 1, 17, 81, 492 }, // U+20A8
    { 16, 17, 246, 0, 17, 68, 573 }, // U+20A9
    { 16, 17, 293, 1, 17, 68, 641 }, // U+20AA
    { 13, 22, 226, 1, 18, 72, 709 }, // U+20AB
    { 13, 18, 210, 0, 17, 59, 781 }, // U+20AC
    { 14, 17, 210, 0, 17, 60, 840 }, // U+20AD
    { 13, 17, 210, 0, 17, 56, 900 }, // U+20AE
    { 22, 23, 356, 0, 17, 127, 956 }, // U+20AF
    { 12, 23, 210, 0, 17, 69, 1083 }, // U+20B0
    { 13, 17, 210, 0, 17, 56, 1152 }, // U+20B1
    { 14, 20, 267, 1, 18, 70, 1208 }, // U+20B2
    { 14, 17, 223, 0, 17, 60, 1278 }, // U+20B3
    { 13, 18, 201, 0, 17, 59, 1338 }, // U+20B4
    { 13, 20, 232, 1, 18, 65, 1397 }, // U+20B5
    { 14, 17, 228, 0, 16, 60, 1462 }, // U+20B6
    { 16, 19, 266, 0, 17, 76, 1522 }, // U+20B7
    { 13, 17, 200, 0, 17, 56, 1598 }, // U+20B8
    { 11, 17, 210, 1, 17, 47, 1654 }, // U+20B9
    { 13, 18, 210, 0, 17, 59, 1701 }, // U+20BA
    { 18, 18, 286, 0, 17, 81, 1760 }, // U+20BB
    { 17, 17, 297, 1, 17, 73, 1841 }, // U+20BC
    { 13, 17, 213, 0, 17, 56, 1914 }, // U+20BD
    { 16, 18, 283, 1, 18, 72, 1970 }, // U+20BE
    { 11, 22, 210, 2, 19, 61, 2042 }, // U+20BF
    { 10, 17, 181, 1, 13, 43, 2103 }, // U+20C0
    { 11, 2, 210, 1, 9, 6, 0 }, // U+2212
    { 17, 18, 252, 0, 18, 77, 0 }, // U+FB00
    { 13, 18, 221, 0, 18, 59, 77 }, // U+FB01
    { 12, 18, 221, 0, 18, 54, 136 }, // U+FB02
    { 20, 18, 347, 0, 18, 90, 190 }, // U+FB03
    { 20, 18, 347, 0, 18, 90, 280 }, // U+FB04
    { 14, 19, 247, 1, 18, 67, 370 }, // U+FB05
    { 18, 19, 308, 1, 18, 86, 437 }, // U+FB06
    { 22, 22, 367, 0, 18, 121, 0 }, // U+FFFD
};

static const EpdUnicodeInterval notosans_11_regularIntervals[] = {
    { 0x0, 0x0, 0x0 },
    { 0xD, 0xD, 0x1 },
    { 0x20, 0x7E, 0x2 },
    { 0xA0, 0x17F, 0x61 },
    { 0x1A0, 0x1A1, 0x141 },
    { 0x1AF, 0x1B0, 0x143 },
    { 0x1C4, 0x21F, 0x145 },
    { 0x300, 0x36F, 0x1A1 },
    { 0x400, 0x4FF, 0x211 },
    { 0x1EA0, 0x1EF9, 0x311 },
    { 0x2000, 0x2064, 0x36B },
    { 0x2066, 0x2071, 0x3D0 },
    { 0x2074, 0x208E, 0x3DC },
    { 0x2090, 0x209C, 0x3F7 },
    { 0x20A0, 0x20C0, 0x404 },
    { 0x2212, 0x2212, 0x425 },
    { 0xFB00, 0xFB06, 0x426 },
    { 0xFFFD, 0xFFFD, 0x42D },
};

static const EpdFontGroup notosans_11_regularGroups[] = {
    { 0, 2249, 4588, 97, 0 },
    { 2249, 1999, 5373, 96, 97 },
    { 4248, 2414, 8533, 128, 193 },
    { 6662, 2459, 7510, 96, 321 },
    { 9121, 855, 1388, 112, 417 },
    { 9976, 6408, 17706, 256, 529 },
    { 16384, 1490, 7093, 90, 785 },
    { 17874, 1467, 3289, 111, 875 },
    { 19341, 419, 803, 42, 986 },
    { 19760, 1384, 2400, 33, 1028 },
    { 21144, 8, 6, 1, 1061 },
    { 21152, 232, 567, 7, 1062 },
    { 21384, 100, 132, 1, 1069 },
};

static const uint16_t notosans_11_regularKernLeftCodepoints[] = {
    0x0022, 0x0026, 0x0027, 0x0028, 0x002C, 0x002D, 0x002E, 0x003A, 0x0041, 0x0042, 0x0043, 0x0044,
    0x0045, 0x0046, 0x004B, 0x004C, 0x004F, 0x0050, 0x0051, 0x0052, 0x0054, 0x0055, 0x0056, 0x0057,
    0x0058, 0x0059, 0x005A, 0x005B, 0x005F, 0x0061, 0x0062, 0x0063, 0x0065, 0x0066, 0x0068, 0x006D,
    0x006E, 0x006F, 0x0070, 0x0072, 0x0074, 0x0076, 0x0077, 0x0078, 0x0079, 0x007B, 0x00A1, 0x00AB,
    0x00BB, 0x00BF, 0x00C0, 0x00C1, 0x00C2, 0x00C3, 0x00C4, 0x00C5, 0x00C6, 0x00C7, 0x00C8, 0x00C9,
    0x00CA, 0x00CB, 0x00D0, 0x00D2, 0x00D3, 0x00D4, 0x00D5, 0x00D6, 0x00D8, 0x00D9, 0x00DA, 0x00DB,
    0x00DC, 0x00DD, 0x00DE, 0x00E0, 0x00E1, 0x00E2, 0x00E3, 0x00E4, 0x00E5, 0x00E6, 0x00E8, 0x00E9,
    0x00EA, 0x00EB, 0x00EE, 0x00EF, 0x00F0, 0x00F2, 0x00F3, 0x00F4, 0x00F5, 0x00F6, 0x00F8, 0x00FD,
    0x00FE, 0x00FF, 0x0100, 0x0101, 0x0102, 0x0103, 0x0104, 0x0105, 0x0106, 0x0108, 0x010A, 0x010C,
    0x010E, 0x010F, 0x0110, 0x0112, 0x0113, 0x0114, 0x0115, 0x0116, 0x0117, 0x0118, 0x0119, 0x011A,
    0x011B, 0x0125, 0x0129, 0x012B, 0x012E, 0x0136, 0x0138, 0x0139, 0x013B, 0x013D, 0x013E, 0x013F,
    0x0141, 0x0144, 0x0146, 0x0149, 0x014B, 0x014C, 0x014D, 0x014E, 0x014F, 0x0150, 0x0151, 0x0152,
    0x0153, 0x0155, 0x0157, 0x0159, 0x0162, 0x0163, 0x0164, 0x0165, 0x0166, 0x0167, 0x0168, 0x016A,
    0x016C, 0x016E, 0x0170, 0x0172, 0x0174, 0x0175, 0x0176, 0x0177, 0x0178, 0x0179, 0x017B, 0x017D,
    0x01A0, 0x01A1, 0x01AF, 0x01B0, 0x01FA, 0x01FB, 0x01FC, 0x01FD, 0x01FE, 0x020B, 0x021A, 0x021B,
    0x0400, 0x0401, 0x0402, 0x0403, 0x0404, 0x0405, 0x0409, 0x040A, 0x040B, 0x040C, 0x040E, 0x0410,
    0x0411, 0x0412, 0x0413, 0x0414, 0x0415, 0x0416, 0x0417, 0x041A, 0x041E, 0x0420, 0x0421, 0x0422,
    0x0423, 0x0424, 0x0425, 0x0426, 0x0429, 0x042A, 0x042C, 0x042D, 0x042E, 0x0430, 0x0431, 0x0432,
    0x0433, 0x0434, 0x0435, 0x0436, 0x0437, 0x0438, 0x0439, 0x043A, 0x043B, 0x043C, 0x043D, 0x043E,
    0x043F, 0x0440, 0x0441, 0x0442, 0x0443, 0x0444, 0x0445, 0x0446, 0x0447, 0x0448, 0x0449, 0x044A,
    0x044B, 0x044C, 0x044D, 0x044E, 0x044F, 0x0450, 0x0451, 0x0452, 0x0453, 0x0454, 0x0455, 0x0457,
    0x0458, 0x0459, 0x045A, 0x045B, 0x045C, 0x045D, 0x045E, 0x045F, 0x0460, 0x0461, 0x0462, 0x0463,
    0x0464, 0x0465, 0x0466, 0x0467, 0x0468, 0x0469, 0x046E, 0x0471, 0x0472, 0x0473, 0x0474, 0x0475,
    0x0476, 0x0477, 0x0478, 0x0479, 0x047A, 0x047B, 0x047C, 0x047D, 0x047E, 0x047F, 0x0480, 0x048A,
    0x048B, 0x048C, 0x048D, 0x048E, 0x048F, 0x0490, 0x0491, 0x0492, 0x0493, 0x0496, 0x0497, 0x0498,
    0x0499, 0x049A, 0x049B, 0x049C, 0x049D, 0x049E, 0x049F, 0x04A0, 0x04A1, 0x04A2, 0x04A3, 0x04A4,
    0x04A5, 0x04A9, 0x04AA, 0x04AB, 0x04AC, 0x04AD, 0x04AE, 0x04AF, 0x04B0, 0x04B1, 0x04B2, 0x04B3,
    0x04B4, 0x04B5, 0x04B6, 0x04B7, 0x04BC, 0x04BD, 0x04BE, 0x04BF, 0x04C1, 0x04C2, 0x04C5, 0x04C6,
    0x04C9, 0x04CA, 0x04CD, 0x04CE, 0x04D0, 0x04D1, 0x04D2, 0x04D3, 0x04D4, 0x04D5, 0x04D6, 0x04D7,
    0x04D8, 0x04D9, 0x04DA, 0x04DB, 0x04DC, 0x04DD, 0x04DE, 0x04DF, 0x04E3, 0x04E5, 0x04E6, 0x04E7,
    0x04E8, 0x04E9, 0x04EA, 0x04EB, 0x04EC, 0x04ED, 0x04EE, 0x04EF, 0x04F0, 0x04F1, 0x04F2, 0x04F3,
    0x04F5, 0x04F6, 0x04F7, 0x04F9, 0x04FA, 0x04FB, 0x04FC, 0x04FD, 0x04FE, 0x04FF, 0x1EA0, 0x1EA1,
    0x1EA2, 0x1EA3, 0x1EA4, 0x1EA5, 0x1EA6, 0x1EA7, 0x1EA8, 0x1EA9, 0x1EAA, 0x1EAB, 0x1EAC, 0x1EAD,
    0x1EAE, 0x1EAF, 0x1EB0, 0x1EB1, 0x1EB2, 0x1EB3, 0x1EB4, 0x1EB5, 0x1EB6, 0x1EB7, 0x1EB8, 0x1EB9,
    0x1EBA, 0x1EBB, 0x1EBC, 0x1EBD, 0x1EBE, 0x1EBF, 0x1EC0, 0x1EC1, 0x1EC2, 0x1EC3, 0x1EC4, 0x1EC5,
    0x1EC6, 0x1EC7, 0x1ECC, 0x1ECD, 0x1ECE, 0x1ECF, 0x1ED0, 0x1ED1, 0x1ED2, 0x1ED3, 0x1ED4, 0x1ED5,
    0x1ED6, 0x1ED7, 0x1ED8, 0x1ED9, 0x1EDA, 0x1EDB, 0x1EDC, 0x1EDD, 0x1EDE, 0x1EDF, 0x1EE0, 0x1EE1,
    0x1EE2, 0x1EE3, 0x1EE4, 0x1EE6, 0x1EE8, 0x1EE9, 0x1EEA, 0x1EEB, 0x1EEC, 0x1EED, 0x1EEE, 0x1EEF,
    0x1EF0, 0x1EF1, 0x1EF2, 0x1EF3, 0x1EF4, 0x1EF5, 0x1EF6, 0x1EF7, 0x1EF8, 0x1EF9, 0x2013, 0x2014,
    0x2015, 0x2018, 0x2019, 0x201A, 0x201C, 0x201D, 0x201E, 0x2039, 0x203A, 0xFB00,
};

static const uint8_t notosans_11_regularKernLeftClassIds[] = {
      1,   2,   1,   3,   4,   5,   4,   6,   7,   8,   9,  10,  11,  12,   9,  13,
     10,  14,  10,  15,  16,  17,  18,  18,   9,  19,  20,   3,  21,  22,  23,  24,
     23,  25,  22,  22,  22,  23,  23,  26,  24,  27,  27,  28,  27,   3,  29,  30,
     31,  32,   7,   7,   7,   7,   7,   7,  11,   9,  11,  11,  11,  11,  10,  10,
     10,  10,  10,  10,  10,  17,  17,  17,  17,  19,  14,  22,  22,  22,  22,  22,
     22,  23,  23,  23,  23,  23,  33,  33,  23,  23,  23,  23,  23,  23,  23,  27,
     23,  27,   7,  22,   7,  22,  34,  22,   9,   9,   9,   9,  10,  35,  10,  11,
     23,  11,  23,  11,  23,  11,  23,  11,  23,  22,  36,  33,  37,   9,  28,  13,
     13,  13,  35,  13,  13,  22,  22,  22,  22,  10,  23,  10,  23,  10,  23,  11,
     23,  26,  26,  26,  16,  24,  16,  38,  16,  24,  17,  17,  17,  17,  17,  17,
     18,  27,  19,  27,  19,  20,  20,  20,  39,  40,  41,  42,   7,  22,  11,  23,
     10,  33,  16,  24,  43,  43,  44,  45,  46,  47,  48,  48,  44,  49,  50,  51,
     52,  53,  45,  54,  43,  49,  53,  49,  55,  56,  46,  45,  50,  57,  49,  54,
     54,  48,  48,  55,  55,  58,  59,  60,  61,  62,  63,  64,  60,  65,  65,  64,
     65,  65,  65,  63,  65,  63,  66,  61,  67,  63,  64,  62,  65,  65,  62,  68,
     65,  68,  63,  63,  65,  63,  63,  69,  61,  66,  70,  71,  72,  68,  68,  73,
     64,  65,  67,  65,  55,  74,  75,  68,  46,  66,  51,  76,  51,  76,  77,  63,
     55,  63,  50,  74,  50,  74,  67,  67,  55,  63,  55,  63,  55,  74,  46,  54,
     62,  75,  68,  56,  63,  78,  79,  80,  81,  82,  83,  77,  60,  82,  83,  49,
     64,  49,  64,  49,  64,  54,  62,  80,  79,  63,  46,  66,  78,  79,  84,  85,
     84,  85,  82,  83,  54,  62,  54,  62,  86,  87,  86,  87,  49,  64,  54,  62,
     54,  62,  54,  62,  51,  58,  51,  58,  43,  87,  43,  87,  55,  63,  55,  63,
     49,  64,  77,  60,  65,  65,  55,  63,  55,  63,  55,  63,  55,  63,  50,  67,
     50,  67,  50,  67,  65,  78,  79,  65,  80,  81,  82,  83,  49,  83,   7,  22,
      7,  22,   7,  22,   7,  22,   7,  22,   7,  22,   7,  22,   7,  22,   7,  22,
      7,  22,   7,  22,   7,  22,  11,  23,  11,  23,  11,  23,  11,  23,  11,  23,
     11,  23,  11,  23,  11,  23,  10,  23,  10,  23,  10,  23,  10,  23,  10,  23,
     10,  23,  10,  23,  39,  40,  39,  40,  39,  40,  39,  40,  39,  40,  17,  17,
     41,  42,  41,  42,  41,  42,  41,  42,  41,  42,  19,  27,  19,  27,  19,  27,
     19,  27,   5,   5,   5,   1,   1,   4,   1,   1,   4,  30,  31,  25,
};

static const uint16_t notosans_11_regularKernRightCodepoints[] = {
    0x0021, 0x0022, 0x0026, 0x0027, 0x0029, 0x002C, 0x002D, 0x002E, 0x003A, 0x003B, 0x003F, 0x0041,
    0x0043, 0x0047, 0x0049, 0x004A, 0x004F, 0x0051, 0x0054, 0x0055, 0x0056, 0x0057, 0x0058, 0x0059,
    0x005A, 0x005D, 0x0061, 0x0062, 0x0063, 0x0064, 0x0065, 0x0066, 0x0067, 0x0068, 0x006A, 0x006B,
    0x006C, 0x006D, 0x006E, 0x006F, 0x0070, 0x0071, 0x0072, 0x0073, 0x0074, 0x0075, 0x0076, 0x0077,
    0x0078, 0x0079, 0x007A, 0x007D, 0x00AB, 0x00BB, 0x00C0, 0x00C1, 0x00C2, 0x00C3, 0x00C4, 0x00C5,
    0x00C6, 0x00C7, 0x00D2, 0x00D3, 0x00D4, 0x00D5, 0x00D6, 0x00D8, 0x00D9, 0x00DA, 0x00DB, 0x00DC,
    0x00DD, 0x00E0, 0x00E1, 0x00E2, 0x00E3, 0x00E4, 0x00E5, 0x00E6, 0x00E7, 0x00E8, 0x00E9, 0x00EA,
    0x00EB, 0x00F2, 0x00F3, 0x00F4, 0x00F5, 0x00F6, 0x00F8, 0x00F9, 0x00FA, 0x00FB, 0x00FC, 0x00FD,
    0x00FE, 0x00FF, 0x0100, 0x0101, 0x0102, 0x0103, 0x0104, 0x0105, 0x0106, 0x0107, 0x0108, 0x0109,
    0x010A, 0x010B, 0x010C, 0x010D, 0x010F, 0x0111, 0x0113, 0x0115, 0x0117, 0x0119, 0x011B, 0x011C,
    0x011D, 0x011E, 0x011F, 0x0120, 0x0121, 0x0122, 0x0123, 0x0125, 0x0127, 0x0129, 0x0137, 0x0138,
    0x013A, 0x013C, 0x013E, 0x0140, 0x0144, 0x0146, 0x014B, 0x014C, 0x014D, 0x014E, 0x014F, 0x0150,
    0x0151, 0x0152, 0x0153, 0x0155, 0x0157, 0x015B, 0x015F, 0x0162, 0x0163, 0x0164, 0x0165, 0x0166,
    0x0167, 0x0168, 0x0169, 0x016A, 0x016B, 0x016C, 0x016D, 0x016E, 0x016F, 0x0170, 0x0171, 0x0172,
    0x0173, 0x0174, 0x0175, 0x0176, 0x0177, 0x0178, 0x0179, 0x017A, 0x017B, 0x017C, 0x017D, 0x017E,
    0x01A0, 0x01A1, 0x01AF, 0x01B0, 0x01FA, 0x01FB, 0x01FC, 0x01FD, 0x01FE, 0x01FF, 0x0219, 0x021A,
    0x021B, 0x0402, 0x0404, 0x0405, 0x0408, 0x0409, 0x040B, 0x040E, 0x0410, 0x0414, 0x0416, 0x0417,
    0x041B, 0x041E, 0x0421, 0x0422, 0x0423, 0x0424, 0x0425, 0x0427, 0x042A, 0x042D, 0x042F, 0x0430,
    0x0431, 0x0432, 0x0433, 0x0434, 0x0435, 0x0436, 0x0437, 0x0438, 0x0439, 0x043A, 0x043B, 0x043C,
    0x043D, 0x043E, 0x043F, 0x0440, 0x0441, 0x0442, 0x0443, 0x0444, 0x0445, 0x0446, 0x0447, 0x0448,
    0x0449, 0x044A, 0x044B, 0x044C, 0x044D, 0x044E, 0x044F, 0x0450, 0x0451, 0x0452, 0x0453, 0x0454,
    0x0455, 0x0457, 0x0458, 0x0459, 0x045A, 0x045B, 0x045C, 0x045D, 0x045E, 0x045F, 0x0460, 0x0461,
    0x0462, 0x0465, 0x0466, 0x0467, 0x0469, 0x046D, 0x046E, 0x0470, 0x0472, 0x0473, 0x0474, 0x0475,
    0x0476, 0x0477, 0x0478, 0x0479, 0x047A, 0x047B, 0x047C, 0x047D, 0x047E, 0x047F, 0x0480, 0x0481,
    0x048B, 0x048C, 0x048D, 0x048F, 0x0491, 0x0492, 0x0495, 0x0496, 0x0497, 0x0498, 0x0499, 0x049B,
    0x049D, 0x049F, 0x04A0, 0x04A1, 0x04A3, 0x04A5, 0x04A7, 0x04A8, 0x04A9, 0x04AA, 0x04AB, 0x04AC,
    0x04AD, 0x04AE, 0x04AF, 0x04B0, 0x04B1, 0x04B2, 0x04B3, 0x04B4, 0x04B5, 0x04B6, 0x04B7, 0x04B8,
    0x04B9, 0x04BB, 0x04BC, 0x04BD, 0x04BE, 0x04BF, 0x04C1, 0x04C2, 0x04C4, 0x04C5, 0x04C6, 0x04C8,
    0x04CA, 0x04CB, 0x04CC, 0x04CE, 0x04D0, 0x04D1, 0x04D2, 0x04D3, 0x04D4, 0x04D5, 0x04D7, 0x04D8,
    0x04D9, 0x04DA, 0x04DB, 0x04DC, 0x04DD, 0x04DE, 0x04DF, 0x04E3, 0x04E5, 0x04E6, 0x04E7, 0x04E8,
    0x04E9, 0x04EA, 0x04EB, 0x04EC, 0x04ED, 0x04EE, 0x04EF, 0x04F0, 0x04F1, 0x04F2, 0x04F3, 0x04F4,
    0x04F5, 0x04F7, 0x04F9, 0x04FA, 0x04FC, 0x04FD, 0x04FE, 0x04FF, 0x1EA0, 0x1EA1, 0x1EA2, 0x1EA3,
    0x1EA4, 0x1EA5, 0x1EA6, 0x1EA7, 0x1EA8, 0x1EA9, 0x1EAA, 0x1EAB, 0x1EAC, 0x1EAD, 0x1EAE, 0x1EAF,
    0x1EB0, 0x1EB1, 0x1EB2, 0x1EB3, 0x1EB4, 0x1EB5, 0x1EB6, 0x1EB7, 0x1EB9, 0x1EBB, 0x1EBD, 0x1EBF,
    0x1EC1, 0x1EC3, 0x1EC5, 0x1EC7, 0x1ECC, 0x1ECD, 0x1ECE, 0x1ECF, 0x1ED0, 0x1ED1, 0x1ED2, 0x1ED3,
    0x1ED4, 0x1ED5, 0x1ED6, 0x1ED7, 0x1ED8, 0x1ED9, 0x1EDA, 0x1EDB, 0x1EDC, 0x1EDD, 0x1EDE, 0x1EDF,
    0x1EE0, 0x1EE1, 0x1EE2, 0x1EE3, 0x1EE4, 0x1EE5, 0x1EE6, 0x1EE7, 0x1EE8, 0x1EE9, 0x1EEA, 0x1EEB,
    0x1EEC, 0x1EED, 0x1EEE, 0x1EEF, 0x1EF0, 0x1EF1, 0x1EF2, 0x1EF4, 0x1EF5, 0x1EF6, 0x1EF7, 0x1EF8,
    0x1EF9, 0x2013, 0x2014, 0x2015, 0x2018, 0x2019, 0x201A, 0x201C, 0x201D, 0x201E, 0x2026, 0x2039,
    0x203A, 0xFB00, 0xFB01, 0xFB02, 0xFB03, 0xFB04,
};

static const uint8_t notosans_11_regularKernRightClassIds[] = {
      1,   2,   3,   2,   4,   5,   6,   5,   7,   7,   8,   9,  10,  10,  11,  12,
     10,  10,  13,  14,  15,  15,  16,  17,  18,   4,  19,  20,  21,  21,  21,  22,
     23,  20,  24,  20,  20,  25,  25,  21,  25,  21,  25,  26,  22,  25,  27,  27,
     27,  27,  28,   4,  29,  30,   9,   9,   9,   9,   9,   9,  31,  10,  10,  10,
     10,  10,  10,  10,  14,  14,  14,  14,  17,  21,  19,  19,  19,  19,  19,  19,
     21,  21,  21,  21,  21,  21,  21,  21,  21,  21,  21,  25,  25,  25,  25,  27,
     20,  27,   9,  19,   9,  19,   9,  19,  10,  21,  10,  21,  10,  21,  10,  21,
     21,  21,  21,  21,  21,  21,  21,  10,  23,  10,  23,  10,  23,  10,  23,  20,
     32,  33,  20,  25,  20,  20,  20,  20,  25,  25,  25,  10,  21,  10,  21,  10,
     21,  10,  21,  25,  25,  26,  26,  13,  22,  13,  22,  13,  22,  14,  25,  14,
     25,  14,  25,  14,  25,  14,  25,  14,  25,  15,  27,  17,  27,  17,  18,  28,
     18,  28,  18,  28,  10,  21,  14,  25,   9,  19,  31,  19,  10,  21,  26,  13,
     22,  34,  35,  36,  37,  38,  34,  39,  40,  41,  42,  43,  38,  35,  35,  34,
     39,  44,  42,  45,  34,  43,  46,  47,  48,  49,  49,  50,  51,  52,  53,  49,
     49,  49,  54,  49,  49,  51,  49,  49,  51,  55,  56,  51,  52,  49,  57,  49,
     49,  55,  49,  49,  53,  49,  58,  51,  51,  59,  49,  51,  60,  61,  62,  54,
     49,  59,  49,  49,  56,  49,  63,  64,  65,  66,  40,  50,  66,  66,  43,  45,
     63,  47,  67,  64,  67,  64,  63,  47,  63,  47,  63,  47,  63,  64,  63,  47,
     66,  65,  59,  66,  66,  65,  66,  42,  52,  43,  53,  66,  66,  59,  68,  55,
     66,  66,  66,  63,  47,  63,  47,  34,  55,  69,  70,  69,  70,  42,  52,  68,
     55,  45,  57,  45,  57,  66,  71,  72,  71,  72,  42,  52,  66,  73,  50,  66,
     66,  45,  57,  66,  40,  74,  40,  74,  40,  74,  47,  75,  74,  75,  74,  42,
     52,  43,  53,  49,  49,  63,  47,  63,  47,  63,  47,  43,  53,  39,  56,  39,
     56,  39,  56,  45,  57,  66,  49,  65,  42,  52,  42,  52,   9,  19,   9,  19,
      9,  19,   9,  19,   9,  19,   9,  19,   9,  19,   9,  19,   9,  19,   9,  19,
      9,  19,   9,  19,  21,  21,  21,  21,  21,  21,  21,  21,  10,  21,  10,  21,
     10,  21,  10,  21,  10,  21,  10,  21,  10,  21,  10,  21,  10,  21,  10,  21,
     10,  21,  10,  21,  14,  25,  14,  25,  14,  25,  14,  25,  14,  25,  14,  25,
     14,  25,  17,  17,  27,  17,  27,  17,  27,   6,   6,   6,  76,   2,   5,  76,
      2,   5,   5,  29,  30,  22,  22,  22,  22,  22,
};

static const uint16_t notosans_11_regularKernRowOffsets[] = {
        0,    29,    32,    37,    54,    61,    66,    72,    73,    75,    82,    83,    87,    93,   100,   101,
      117,   119,   130,   143,   145,   146,   147,   150,   151,   154,   159,   162,   163,   167,   173,   182,
      186,   187,   193,   200,   202,   203,   208,   214,   217,   227,   230,   231,   244,   269,   275,   277,
      288,   303,   332,   351,   353,   357,   369,   385,   402,   420,   426,   437,   445,   456,   468,   479,
      491,   493,   497,   509,   527,   533,   537,   541,   543,   548,   550,   557,   565,   568,   593,   600,
      616,   619,   624,   626,   638,   640,   643,   646,
};

static const uint8_t notosans_11_regularKernSparseCols[] = {
      8,  12,  14,  16,  18,  20,  22,  24,  25,  30,  32,  33,  37,  38,  39,  40,
     41,  43,  46,  49,  52,  53,  54,  55,  58,  60,  67,  72,  73,  12,  14,  16,
     11,  23,  36,  43,  61,   9,  12,  13,  14,  16,  33,  36,  38,  43,  44,  54,
     56,  62,  66,  67,  68,  70,  12,  33,  38,  41,  51,  54,  67,  33,  41,  43,
     44,  56,   1,   9,  11,  12,  14,  16,   4,   9,  28,   4,   8,  12,  14,  15,
     16,  17,  11,   3,   4,   7,   8,   1,   9,  12,  13,  14,  16,   2,   4,   8,
     15,  17,  28,  30,  28,   2,   4,   5,   7,   8,   9,  12,  18,  20,  22,  24,
     25,  26,  27,  28,  29,   4,   8,   4,   7,   8,   9,  18,  20,  22,  24,  25,
     28,  29,   2,   4,   7,   8,   9,  18,  20,  22,  24,  25,  27,  28,  29,   9,
     28,  11,   1,   1,  26,  27,   1,   1,   3,   4,   1,   4,  18,  20,  22,   1,
      4,   7,  20,  11,  12,  14,  16,  12,  14,  16,  33,  39,  67,  12,  14,  15,
     16,  33,  38,  41,  44,  67,  11,  12,  14,  16,   3,   1,   9,  11,  12,  14,
     16,   0,   1,   3,   7,  19,  31,  75,   3,  32,  11,   0,   1,   3,   7,  75,
      8,  10,  12,  14,  15,  16,  19,  21,  26,   8,   9,  10,  12,  14,  15,  16,
     18,  20,  22,  19,  21,  26,  36,   1,  33,  38,  44,  54,  55,  56,  64,  66,
     67,  68,  69,  75,   1,   4,   5,   6,  29,  33,  34,  37,  39,  40,  43,  46,
     47,  48,  49,  50,  51,  52,  53,  54,  55,  56,  57,  59,  67,  28,  34,  43,
     56,  62,  70,   4,  43,   1,   4,  33,  38,  44,  51,  54,  55,  57,  67,  75,
      1,   5,   6,  28,  34,  43,  44,  46,  47,  50,  54,  55,  56,  62,  70,   1,
      4,   5,   6,  28,  29,  34,  35,  37,  39,  40,  43,  45,  46,  47,  48,  49,
     50,  51,  52,  53,  56,  57,  58,  59,  62,  70,  71,  72,   1,  29,  33,  34,
     36,  38,  43,  44,  50,  54,  55,  56,  64,  66,  67,  68,  70,  74,  75,  51,
     55,   3,  51,  56,  57,   4,  36,  37,  40,  43,  44,  49,  53,  54,  55,  56,
     61,   4,  33,  37,  38,  39,  40,  41,  42,  49,  51,  53,  57,  66,  67,  68,
     72,   4,   5,   6,  28,  29,  37,  38,  39,  40,  41,  43,  46,  49,  50,  53,
     57,  72,   1,   3,   4,   6,  33,  35,  37,  38,  39,  40,  41,  42,  45,  49,
     51,  53,  57,  67,   1,  33,  38,  51,  54,  55,  33,  38,  39,  41,  45,  49,
     51,  54,  55,  56,  57,   3,  33,  38,  41,  45,  51,  54,  55,   1,   4,   5,
     37,  39,  40,  41,  49,  50,  53,  75,   1,   4,  33,  36,  37,  40,  44,  49,
     53,  54,  56,  61,  33,  38,  39,  41,  45,  49,  51,  54,  55,  56,  57,   5,
     33,  34,  38,  43,  44,  46,  50,  56,  57,  71,  75,  33,  58,   1,  33,  50,
     57,   1,   4,  37,  39,  40,  41,  46,  49,  50,  53,  57,  75,   1,   6,  33,
     38,  39,  41,  43,  44,  45,  51,  54,  55,  56,  57,  63,  69,  71,  75,   1,
     33,  36,  54,  55,  61,  33,  38,  45,  57,   1,  33,  58,  60,  36,  61,   1,
     33,  36,  54,  55,   4,  49,   1,  33,  44,  54,  66,  67,  68,   1,  46,  54,
     55,  56,  63,  69,  71,   4,  66,  68,   4,   5,  28,  29,  33,  34,  37,  39,
     40,  43,  46,  49,  51,  52,  54,  55,  56,  62,  63,  65,  69,  70,  71,  72,
     73,   4,   5,  39,  46,  49,  50,  53,   4,   5,  33,  39,  46,  49,  51,  52,
     56,  58,  62,  65,  67,  70,  71,  72,   4,  46,  49,  54,  56,  62,  70,  71,
     46,  56,   4,  39,  46,  49,  56,  58,  62,  65,  71,  72,  73,  74,   4,  49,
     33,  66,  68,   1,  51,  55,
};

static const int8_t notosans_11_regularKernSparseValues[] = {
     -26,    7,    7,    4,  -15,  -22,  -11,  -11,  -11,  -29,   26,    7,  -11,    7,  -26,  -22,
       7,   -4,  -15,  -26,    7,  -18,   11,    7,   11,   11,    7,  -22,   -7,  -22,   -7,  -11,
      33,   15,   37,  -11,   22,  -18,  -26,   -7,  -22,  -22,  -18,   22,   -7,  -15,  -29,  -15,
     -22,  -18,  -22,  -26,  -22,  -22,  -15,  -15,   -7,   -4,   -4,   -7,  -15,  -11,   -4,   -4,
      -4,   -4,  -26,   -7,   18,  -26,  -15,  -22,   -4,   -7,   -7,  -15,   -7,  -11,   -4,   -7,
      -4,   -4,   22,    7,  -22,    7,   -7,  -29,   -7,   -7,   -4,   -7,  -11,   -4,  -48,  -18,
      -7,   -4,   -7,  -11,   -4,   -7,  -22,  -15,    7,  -26,   -7,    7,  -29,  -26,  -26,  -18,
     -22,   -7,  -15,  -22,  -11,   -7,   -4,  -18,    7,  -15,   -4,   -7,   -7,   -4,   -4,   -4,
     -11,   -4,  -11,  -22,    7,  -22,   -7,  -18,  -18,  -18,  -11,  -15,   -7,  -29,  -11,   -4,
      -7,   35,   -4,   -4,   -7,   -4,    7,   22,   15,   -7,   15,  -59,   -7,   -7,   -4,   15,
     -15,    7,   -7,   18,   -7,   -4,  -11,  -11,   -4,  -11,  -11,   -4,   -4,  -22,  -11,   -7,
     -29,  -22,   -7,   -7,   -7,  -15,   37,  -15,  -11,  -15,   18,  -26,   -7,   40,  -26,  -15,
     -22,   18,   18,   33,   33,   11,   26,   26,   18,   48,   18,   26,   40,   44,   40,   26,
      -7,    7,   22,   26,   18,   22,    7,   15,   18,  -11,   -4,    7,   26,   26,   18,   22,
     -11,   -7,   -7,    7,   18,   18,   18,  -26,  -18,   -7,  -11,   -7,   -7,   -7,   -7,  -15,
     -22,  -18,   -7,  -11,    7,  -18,  -15,  -11,  -11,    7,   -7,   -9,  -26,   -9,  -13,  -15,
      -7,  -11,  -15,  -15,   -4,   -4,  -11,   -4,   -7,  -11,  -15,   -7,    4,   -7,   -7,  -11,
      -7,   -7,   -7,   -7,   -4,  -33,   -4,  -22,   -7,  -11,   -7,   -7,   -7,   -7,  -11,  -22,
       7,   -4,   -4,   -7,   -7,  -15,   -4,   -4,   -7,   -7,   -4,   -4,   -7,   -7,  -18,    7,
     -26,   -7,   -4,  -18,   -7,  -15,   -7,  -33,  -44,  -37,  -11,  -11,  -18,  -15,   -4,  -37,
     -22,  -11,   -7,  -18,   -7,  -18,   18,  -11,   -4,   -7,  -11,  -18,  -26,   -4,  -26,   -7,
      18,  -11,  -13,  -22,   -4,  -11,   -7,  -11,   -7,  -15,  -18,  -22,  -18,   -4,  -15,   -4,
      -4,   -9,   -4,   -6,   -4,   11,   33,   11,   15,   -4,   -9,   11,   11,   -4,   11,   -7,
      26,  -15,   -7,   -4,  -15,   -7,   -4,   -7,   -4,   -4,   -6,   -4,   -4,   -4,   -4,   -4,
      -7,  -48,   -4,   -4,   -7,   -4,  -22,   -7,  -18,  -22,   -7,   -4,   -9,  -18,   -4,  -15,
      -4,  -22,   -4,  -11,  -15,   -4,  -13,   -4,   -9,  -11,  -13,  -11,  -15,  -11,   -4,   -9,
      -6,   -6,   -4,   -7,   -4,  -15,  -15,   -7,   -4,   -4,  -22,  -15,   -4,  -11,   -7,   -4,
      -7,   -4,  -11,   -4,   -4,   -4,  -11,   -4,   -4,   -4,   -7,   -4,   -4,   11,  -15,   -7,
      -7,  -11,  -11,   -4,  -15,   -4,  -11,   15,   -4,    7,  -11,   37,    7,   11,   -6,    7,
       9,   -6,  -11,   22,  -15,  -15,   -4,   -7,   -7,   -4,   -7,   -4,  -11,   -4,   -4,   -4,
      -4,   -6,   -4,   -6,   -4,   -7,   -7,   -7,   -4,   -7,   11,  -11,   -2,    7,   -7,   -4,
      -4,    7,  -15,   -7,   -7,  -11,   -4,   -4,  -18,  -11,  -18,  -11,   15,  -29,   -4,  -22,
      -7,   -4,   -4,   -4,  -26,   -7,   -7,  -22,  -16,  -15,   -7,   -7,  -11,   -7,  -11,   -4,
     -15,   29,  -11,  -18,    7,   -7,  -11,   -4,   -7,   11,    7,   11,    4,   11,    7,   -4,
     -15,   15,  -11,  -18,  -15,   -7,  -15,  -15,  -15,   -7,  -11,   -7,  -11,  -26,   -7,  -18,
     -11,  -11,   -7,   -7,   -7,  -15,   -4,   -4,  -22,  -15,  -22,  -11,    7,   -7,  -15,  -26,
     -18,  -13,  -26,  -22,   -7,   -7,  -15,  -15,  -18,   -7,   -7,  -18,  -15,  -18,  -26,  -18,
     -29,  -18,   -7,  -11,   -4,  -15,   -4,  -11,  -18,   -7,    7,  -22,  -15,  -18,   -7,   -7,
     -18,    7,   -7,  -11,    7,   -7,  -11,  -15,  -11,   -7,  -11,   -7,  -18,   -7,  -18,   -7,
      -4,   -4,  -22,  -22,  -18,  -18,  -15,    7,   -7,  -11,  -15,  -15,  -15,   -4,  -15,   -4,
      -7,   -4,   -4,   -4,   -7,   -4,
};

static const EpdLigaturePair notosans_11_regularLigaturePairs[] = {
    { 0x00660066, 0xFB00 }, // f f -> U+FB00
    { 0x00660069, 0xFB01 }, // f i -> U+FB01
    { 0x0066006C, 0xFB02 }, // f l -> U+FB02
    { 0xFB000069, 0xFB03 }, // U+FB00 i -> U+FB03
    { 0xFB00006C, 0xFB04 }, // U+FB00 l -> U+FB04
};

static const EpdFontData notosans_11_regular = {
    notosans_11_regularBitmaps,
    notosans_11_regularGlyphs,
    notosans_11_regularIntervals,
    18,
    31,
    25,
    -7,
    true,
    notosans_11_regularGroups,
    13,
    nullptr,
    nullptr,  // kernLeftClasses: built-in fonts use the split arrays below
    nullptr,  // kernRightClasses
    notosans_11_regularKernLeftCodepoints,
    notosans_11_regularKernLeftClassIds,
    notosans_11_regularKernRightCodepoints,
    notosans_11_regularKernRightClassIds,
    nullptr,  // kernMatrix: built-in fonts use the sparse form below
    notosans_11_regularKernRowOffsets,
    notosans_11_regularKernSparseCols,
    notosans_11_regularKernSparseValues,
    478,
    474,
    87,
    76,
    notosans_11_regularLigaturePairs,
    5,
};
