/**
 * generated by fontconvert.py
 * name: notosans_11_bold
 * size: 11
 * mode: 2-bit  compressed: true
 * Command used: fontconvert.py notosans_11_bold 11 ../builtinFonts/source/NotoSans/NotoSans-Bold.ttf --2bit --compress --pnum --zopfli
 */
#pragma once
#include "EpdFontData.h"

static const uint8_t notosans_11_boldBitmaps[23332] = {
    0xA5, 0x97, 0x01, 0xA4, 0x25, 0x59, 0x7A, 0xC7, 0x7F, 0x55, 0xB5, 0xDD, 0x57, 0xBA, 0x44, 0x0D,
    0xFA, 0xEE, 0x66, 0x5F, 0x12, 0xB5, 0x80, 0xEE, 0x87, 0x14, 0x40, 0x82, 0xF7, 0xCE, 0x49, 0x37,
    0x82, 0x15, 0xFB, 0xD0, 0x77, 0x21, 0x58, 0x10, 0x32, 0x9D, 0x30, 0x00, 0xD0, 0xEF, 0x9D, 0x9A,
    0x1D, 0x04, 0x81, 0x86, 0x6C, 0x10, 0xE1, 0xA1, 0x97, 0x99, 0xD7, 0x68, 0x80, 0xA0, 0xFB, 0x9E,
    0x9A, 0x59, 0x0C, 0x06, 0xA9, 0xCD, 0xB2, 0x8B, 0xC5, 0xD4, 0xCC, 0xEE, 0x0A, 0x3B, 0xA2, 0x4F,
    0x6C, 0xD9, 0xD4, 0x9B, 0x3E, 0x75, 0xBE, 0x9C, 0xA3, 0x5E, 0xBF, 0x7E, 0xDD, 0x33, 0xDD, 0x3D,
    0x23, 0xDF, 0xF9, 0xFF, 0x8E, 0x7B, 0xEA, 0x7C, 0xDF, 0x57, 0x5F, 0xDD, 0xF7, 0x9D, 0x5B, 0xDE,
    0x06, 0x7B, 0x36, 0xCC, 0xD9, 0x38, 0x62, 0x9F, 0xEB, 0xC0, 0x1F, 0x9D, 0x5D, 0xFD, 0x06, 0xEB,
    0x35, 0xDB, 0x46, 0x1F, 0x35, 0xFA, 0x30, 0xAA, 0xD6, 0x7B, 0x35, 0xD7, 0xAE, 0xC0, 0xA5, 0x4B,
    0xB0, 0x5F, 0x69, 0xF6, 0x6B, 0xD8, 0x8B, 0xDC, 0x69, 0x68, 0x44, 0x5C, 0x64, 0xDC, 0x09, 0xDB,
    0x63, 0xC6, 0x3B, 0x64, 0xEE, 0x21, 0x46, 0xA4, 0xB7, 0x22, 0xC3, 0xB7, 0x7E, 0x7F, 0x7A, 0x50,
    0xFC, 0xD4, 0x51, 0x7C, 0xE0, 0x58, 0xFD, 0x64, 0xA0, 0xFC, 0x49, 0x4F, 0xCC, 0x0D, 0x7F, 0x18,
    0x79, 0xEB, 0x2E, 0xA5, 0x08, 0x8D, 0xCC, 0xA8, 0x7F, 0xFB, 0x13, 0xD4, 0x5F, 0x83, 0xFA, 0x6F,
    0xA8, 0x03, 0xAC, 0x64, 0x00, 0x33, 0x43, 0x25, 0xD1, 0xD7, 0xF0, 0x9D, 0x88, 0x7A, 0x20, 0x28,
    0xF1, 0xFC, 0x71, 0xDA, 0xFB, 0xD3, 0x25, 0x47, 0xCA, 0x95, 0xDD, 0xE5, 0x12, 0x95, 0x67, 0x1F,
    0x65, 0x79, 0x98, 0x2A, 0x9B, 0x38, 0xAC, 0x6F, 0x38, 0x0E, 0xAB, 0x9B, 0x43, 0xFC, 0xF4, 0xBD,
    0x2E, 0x5E, 0xFB, 0xC1, 0xF7, 0x5C, 0x63, 0x95, 0xF2, 0xD5, 0x7C, 0x78, 0x78, 0x94, 0x1F, 0x4F,
    0x0F, 0x15, 0xB9, 0xF3, 0x0D, 0xC5, 0x10, 0xA7, 0xB2, 0x8B, 0xCB, 0xAA, 0x3D, 0x8C, 0x19, 0x50,
    0x9E, 0x43, 0xAA, 0x11, 0x92, 0xED, 0x68, 0xC8, 0x64, 0x4A, 0xF5, 0xCC, 0x50, 0xBA, 0x10, 0xA7,
    0x61, 0x9B, 0x3E, 0xCD, 0x50, 0x3C, 0xF1, 0x69, 0xD7, 0x41, 0x21, 0xAD, 0xD2, 0x95, 0xF4, 0x86,
    0xE6, 0x97, 0x63, 0x40, 0xFD, 0x30, 0xCC, 0xA8, 0xD6, 0x4E, 0xA8, 0xAE, 0x71, 0x34, 0x9F, 0xCB,
    0x44, 0x25, 0x12, 0xC8, 0x65, 0xB4, 0x2D, 0xC9, 0xD6, 0xDB, 0xA3, 0xC3, 0xC3, 0xBD, 0x6B, 0xDC,
    0xCA, 0xA6, 0xC2, 0x95, 0x7D, 0xD5, 0xD5, 0x6D, 0xA3, 0x15, 0x17, 0x47, 0xA3, 0xEB, 0xB6, 0xEA,
    0xCA, 0xBE, 0x70, 0xF9, 0xC8, 0xBB, 0x57, 0x69, 0x48, 0xAB, 0x95, 0x4B, 0xEB, 0x6C, 0xCA, 0x26,
    0xFC, 0x32, 0xB2, 0x29, 0x1F, 0x0B, 0xB7, 0x64, 0x69, 0xF4, 0x75, 0x58, 0xC3, 0x3E, 0xEC, 0xF1,
    0xC6, 0x1E, 0xEA, 0x68, 0xAB, 0x24, 0x7C, 0x53, 0x7E, 0x8C, 0xB4, 0xC5, 0x93, 0xBE, 0xFC, 0x99,
    0xCB, 0x3F, 0xE8, 0x01, 0x76, 0x22, 0xCD, 0x33, 0xD6, 0x66, 0x83, 0x12, 0x49, 0xA4, 0xF5, 0xF3,
    0xAC, 0xE1, 0x4A, 0x5B, 0x77, 0x4D, 0xDB, 0xA0, 0xD8, 0x63, 0xF7, 0x9E, 0x99, 0xCC, 0xB4, 0x3E,
    0x78, 0xD6, 0x29, 0x5C, 0x6E, 0xA9, 0x3A, 0xEA, 0x16, 0xA5, 0x51, 0xB0, 0x05, 0x4F, 0xE6, 0x89,
    0x75, 0x17, 0x8E, 0xD5, 0x40, 0xD5, 0xA7, 0xFD, 0xE6, 0xC2, 0x7E, 0xB2, 0x37, 0x29, 0xA5, 0xAF,
    0xC5, 0xA9, 0x5F, 0x4C, 0x26, 0xF3, 0x96, 0xD9, 0x12, 0xC2, 0x53, 0x6D, 0x09, 0x96, 0xD9, 0x30,
    0xAB, 0x1B, 0xBE, 0xF9, 0x6C, 0xAA, 0xC4, 0xE5, 0xD2, 0x02, 0x5C, 0x02, 0xAB, 0x73, 0xD1, 0x95,
    0x68, 0x23, 0x7A, 0x5F, 0xE9, 0xAB, 0x4A, 0xF3, 0x6A, 0xDD, 0xD6, 0x94, 0xE2, 0x50, 0xE2, 0x69,
    0x7E, 0x1E, 0xF8, 0x03, 0x84, 0xA5, 0x88, 0x40, 0x2A, 0x93, 0xD5, 0x04, 0xD5, 0x00, 0xAA, 0x85,
    0x00, 0xC5, 0xD3, 0xA5, 0xC8, 0x39, 0x29, 0x47, 0x2D, 0x23, 0x29, 0x47, 0x75, 0x23, 0x00, 0x89,
    0x2D, 0x29, 0x3E, 0xB3, 0x8E, 0x5C, 0xFA, 0x88, 0x87, 0x4C, 0x00, 0x1B, 0x31, 0xBC, 0x81, 0xB0,
    0x7F, 0x3F, 0x2C, 0xF7, 0x8D, 0xFB, 0x8B, 0xDD, 0x82, 0xC2, 0x43, 0x19, 0xA9, 0x23, 0x2A, 0xB2,
    0xF5, 0x64, 0xBF, 0xF7, 0x14, 0x9F, 0x7A, 0xAA, 0x0F, 0x3C, 0xF5, 0x0D, 0x8F, 0xCA, 0x3D, 0x56,
    0xA4, 0x4D, 0xDC, 0xBE, 0x1F, 0x34, 0x71, 0xFD, 0x94, 0xF5, 0xE6, 0x40, 0x89, 0x4B, 0x3A, 0x39,
    0x56, 0x10, 0x65, 0x36, 0x18, 0xE9, 0x8D, 0xB8, 0x6F, 0xFF, 0xC0, 0x27, 0x8F, 0x2C, 0x49, 0x17,
    0x3E, 0x3C, 0x18, 0x45, 0x06, 0x23, 0x1A, 0xE0, 0xF2, 0xBD, 0x4C, 0xA6, 0x95, 0x4C, 0xD5, 0x88,
    0x6A, 0x51, 0x70, 0xB4, 0xA3, 0xB7, 0x32, 0x5A, 0xF1, 0xF2, 0xF6, 0x2C, 0x84, 0x2D, 0xD6, 0xB2,
    0x55, 0x3A, 0x34, 0x9F, 0xF9, 0x4A, 0xC6, 0xF4, 0x44, 0xB0, 0xD9, 0x6C, 0x44, 0x92, 0xDD, 0x3E,
    0x09, 0x90, 0x92, 0x53, 0x8C, 0xAC, 0x1C, 0xD5, 0x40, 0xDD, 0xA5, 0x44, 0x06, 0x04, 0xE6, 0xB3,
    0x9D, 0xD2, 0x91, 0xBD, 0x49, 0x25, 0x83, 0x92, 0xC9, 0xDC, 0xF0, 0x26, 0x4B, 0x52, 0xBF, 0x18,
    0x2B, 0xE9, 0x0B, 0x69, 0x6B, 0x71, 0xE6, 0x1F, 0x7D, 0x60, 0x9E, 0xD9, 0xC6, 0xD9, 0xFE, 0x8B,
    0x8F, 0x6E, 0xA5, 0xF4, 0x00, 0x7F, 0x4B, 0x25, 0x9D, 0x4A, 0x0E, 0x53, 0xC8, 0xFC, 0x9C, 0x7C,
    0x42, 0xC8, 0x82, 0xFD, 0xD7, 0xA0, 0x64, 0xAE, 0xE6, 0x47, 0x1C, 0xA4, 0x87, 0x62, 0x35, 0x5E,
    0xB7, 0x4E, 0x45, 0xCF, 0x19, 0xE0, 0x3A, 0x36, 0x8E, 0x23, 0x9E, 0xD9, 0xB3, 0xAE, 0xBC, 0xA2,
    0x9B, 0xAE, 0xE9, 0xAA, 0x96, 0x0B, 0xB6, 0xF4, 0xB1, 0x4A, 0x7D, 0xCC, 0x62, 0x65, 0xC4, 0x42,
    0x19, 0xC0, 0x0E, 0x94, 0x33, 0xA8, 0x3E, 0xF2, 0x6B, 0x58, 0x89, 0x06, 0x33, 0xC1, 0x65, 0x01,
    0x9A, 0x48, 0xC6, 0x7A, 0x73, 0xE1, 0x9C, 0x2C, 0x76, 0xBE, 0x4E, 0x7B, 0xC9, 0xFE, 0x9C, 0xA5,
    0x93, 0x9A, 0x09, 0x52, 0xCF, 0x52, 0x4F, 0x90, 0x49, 0x5A, 0xA4, 0x7C, 0x94, 0xA2, 0x53, 0x7E,
    0xF6, 0x81, 0xEF, 0x44, 0xB2, 0xF7, 0x30, 0xD2, 0x59, 0x71, 0x7B, 0xDF, 0x1D, 0x29, 0x92, 0x28,
    0x5D, 0xAA, 0x42, 0xC8, 0x3D, 0xB9, 0x23, 0x3F, 0x26, 0xD9, 0x01, 0xC5, 0x44, 0xD2, 0x08, 0x1A,
    0xD8, 0x44, 0x1A, 0x19, 0xC9, 0xE4, 0xBE, 0xB0, 0x1A, 0x49, 0xCF, 0xCA, 0x6A, 0x50, 0x85, 0x7C,
    0xEA, 0xF6, 0x6A, 0x19, 0xC6, 0x87, 0xAA, 0x18, 0xC6, 0x69, 0x2F, 0x4D, 0x77, 0xCE, 0xA7, 0xA3,
    0xF2, 0x13, 0xF7, 0x50, 0x3D, 0x78, 0x32, 0xDC, 0xA9, 0xBC, 0x6D, 0x55, 0x76, 0x70, 0x95, 0xBA,
    0x05, 0xCA, 0xD3, 0xEF, 0xA7, 0x54, 0x32, 0xC2, 0x4E, 0xD0, 0x70, 0xE9, 0x00, 0x9A, 0x11, 0xD4,
    0x04, 0x26, 0xF5, 0xE8, 0x23, 0x98, 0x0D, 0x99, 0x57, 0xE4, 0x5E, 0xB5, 0xC5, 0xD8, 0x74, 0x2B,
    0x57, 0x75, 0xA5, 0xC8, 0x50, 0x89, 0xB8, 0x3A, 0x46, 0xAA, 0xAE, 0x98, 0x54, 0x9B, 0x7B, 0xA3,
    0xB3, 0x59, 0x20, 0xAC, 0x37, 0xA0, 0x64, 0x8A, 0x08, 0xEA, 0x9F, 0xA5, 0x55, 0x5A, 0x9D, 0x61,
    0xB4, 0x92, 0xF9, 0xD9, 0x9E, 0x36, 0x9D, 0xD2, 0xCD, 0x19, 0xAA, 0x53, 0x12, 0x7D, 0x25, 0xA0,
    0xE4, 0xD7, 0xA9, 0x6B, 0xC9, 0xE2, 0x7A, 0x15, 0xA9, 0x4F, 0xFF, 0x66, 0xF9, 0xE3, 0xB4, 0x60,
    0x00, 0xFB, 0x02, 0x46, 0x2F, 0x7B, 0x6A, 0xC8, 0xA8, 0xC4, 0xEA, 0x18, 0xA3, 0xB1, 0x81, 0x64,
    0xCF, 0xD5, 0x72, 0x22, 0xE9, 0x5E, 0x83, 0xD2, 0x95, 0x53, 0x7A, 0x35, 0x2A, 0x5D, 0x24, 0xA6,
    0x85, 0xB4, 0x2E, 0xDD, 0xB2, 0x67, 0xFA, 0x54, 0xCB, 0x52, 0xEB, 0x5D, 0x36, 0x1B, 0x2D, 0xD2,
    0x27, 0x6D, 0x74, 0x80, 0x45, 0x22, 0xDD, 0xA2, 0x00, 0xE7, 0x5A, 0xDC, 0xA2, 0xCE, 0x43, 0xC2,
    0x46, 0xCF, 0xB0, 0x28, 0x7E, 0x3E, 0x8B, 0x3A, 0x69, 0x67, 0x78, 0x41, 0x5C, 0xFE, 0x31, 0x58,
    0xE9, 0x57, 0x31, 0xAA, 0x9A, 0xBF, 0xDF, 0x35, 0x03, 0xA8, 0x6E, 0x79, 0x3A, 0x4B, 0x24, 0x17,
    0xB7, 0xF0, 0xC0, 0x99, 0x54, 0x69, 0x5B, 0xBA, 0x66, 0x28, 0x5D, 0x15, 0x1E, 0xB8, 0x18, 0xE3,
    0xB0, 0xB1, 0x54, 0xE0, 0x16, 0x97, 0x74, 0xA0, 0xEA, 0xBF, 0x0C, 0x11, 0x39, 0x27, 0xAE, 0x5F,
    0xCA, 0x7A, 0x83, 0x11, 0x94, 0x50, 0xA6, 0x33, 0xFF, 0x2A, 0xD5, 0x33, 0x46, 0x92, 0xB8, 0x45,
    0x78, 0xCD, 0x98, 0x73, 0x6F, 0xBD, 0x75, 0x47, 0xFA, 0x16, 0x6B, 0x1D, 0x30, 0x91, 0x38, 0x0A,
    0x4F, 0x28, 0x1D, 0xA1, 0xE9, 0x09, 0xA6, 0x25, 0x08, 0x88, 0x24, 0x34, 0x62, 0x3A, 0x42, 0x35,
    0xC4, 0xFD, 0x71, 0xF1, 0xCB, 0x52, 0x84, 0xD5, 0x01, 0xD5, 0xAD, 0x41, 0xE9, 0xAF, 0x26, 0xF1,
    0x8B, 0x36, 0x9A, 0xB5, 0x96, 0x0E, 0x33, 0x48, 0x8F, 0x0C, 0x32, 0xA4, 0xC9, 0x65, 0x32, 0x84,
    0xB1, 0x78, 0x32, 0xCC, 0x53, 0xF1, 0xD9, 0xE0, 0xFD, 0xEA, 0x97, 0x83, 0x7F, 0x58, 0x7E, 0x34,
    0xF8, 0xA3, 0xEA, 0x9F, 0x06, 0xAF, 0xEA, 0xEF, 0x0E, 0xBE, 0x69, 0xCA, 0xC1, 0xD7, 0xDB, 0x38,
    0x55, 0x73, 0x9A, 0x7C, 0x9C, 0x56, 0x53, 0x9C, 0x8A, 0xB1, 0x1C, 0x36, 0x70, 0x20, 0x5D, 0x3E,
    0xC9, 0x10, 0x71, 0x91, 0x29, 0x9F, 0xE6, 0x39, 0x9F, 0xBC, 0x44, 0xCC, 0x8D, 0xC9, 0x37, 0x1F,
    0x4C, 0xBE, 0xFA, 0x74, 0xF2, 0xE5, 0xFF, 0x4C, 0xBE, 0x38, 0x9D, 0x7C, 0x16, 0x26, 0x8F, 0x44,
    0x4C, 0xA4, 0x89, 0x54, 0x13, 0x3B, 0x4B, 0xB3, 0xA7, 0x43, 0x55, 0x9F, 0xBE, 0x35, 0xA9, 0xAE,
    0xF0, 0xA6, 0xCD, 0x66, 0x0B, 0x21, 0x22, 0x17, 0x08, 0x46, 0x13, 0x54, 0x9B, 0xCF, 0x6A, 0x58,
    0xF9, 0x4A, 0x64, 0x4C, 0xED, 0xF2, 0x7C, 0xB3, 0xBB, 0xC8, 0x8C, 0xBA, 0x2F, 0x28, 0x6D, 0x23,
    0x46, 0x47, 0x50, 0x5A, 0x50, 0x8F, 0x03, 0x4A, 0x7C, 0xA4, 0x5F, 0x0E, 0x8C, 0xFE, 0x22, 0xFF,
    0xFF, 0x5A, 0x04, 0x30, 0x2D, 0x34, 0x03, 0x54, 0x13, 0x14, 0xF3, 0x52, 0xD7, 0xB8, 0xD4, 0xF5,
    0x23, 0x39, 0xAB, 0x49, 0x2D, 0x75, 0xFD, 0xA5, 0x9C, 0xD5, 0xE4, 0x62, 0x7D, 0x91, 0x9B, 0x13,
    0x2A, 0xBD, 0x08, 0xF5, 0xB9, 0x5F, 0xA7, 0x74, 0x35, 0xA4, 0xB7, 0x8B, 0x8C, 0xD1, 0xCB, 0xFE,
    0xC8, 0x6D, 0xC1, 0x46, 0xB5, 0xA8, 0x89, 0x4A, 0x74, 0x2E, 0x03, 0xCD, 0xC8, 0x6A, 0x22, 0x9F,
    0xFA, 0x62, 0x92, 0x0B, 0x2F, 0xBF, 0x75, 0x3C, 0x88, 0x56, 0xA4, 0x4B, 0xDC, 0xB6, 0x27, 0x1A,
    0xA5, 0xF9, 0xBA, 0xAC, 0xC9, 0x0E, 0xD2, 0x4F, 0xC5, 0x57, 0xA6, 0x5D, 0xB9, 0xA6, 0xAF, 0x5C,
    0x15, 0x24, 0x1D, 0xE6, 0x16, 0x3B, 0x93, 0xEC, 0x56, 0x94, 0xA5, 0x98, 0x0C, 0xC9, 0xAF, 0x74,
    0x4D, 0x5B, 0x0D, 0x75, 0x57, 0xF5, 0x55, 0x5F, 0x77, 0xE5, 0x90, 0xA2, 0x54, 0xDC, 0x31, 0xE4,
    0xD3, 0x96, 0xCC, 0x7B, 0x98, 0x23, 0x76, 0x02, 0xE3, 0x40, 0x45, 0x9A, 0x81, 0x74, 0xB8, 0xB3,
    0x83, 0xD4, 0xFF, 0x2B, 0x67, 0x51, 0x31, 0xCE, 0x60, 0x62, 0x06, 0xA5, 0xED, 0x50, 0x75, 0xAA,
    0x15, 0x57, 0x77, 0x4D, 0xF7, 0xF9, 0xD8, 0xB4, 0xF5, 0xFB, 0xA7, 0x93, 0xD2, 0xD5, 0x7F, 0x8E,
    0x5E, 0x51, 0xFE, 0xCC, 0x79, 0xC3, 0xEA, 0x57, 0xEE, 0xD1, 0x96, 0xE2, 0x7F, 0x87, 0xC3, 0x47,
    0x14, 0x4F, 0xFA, 0x7D, 0x4F, 0x2E, 0x9D, 0xF2, 0x64, 0xD2, 0x35, 0x13, 0x88, 0xAE, 0x47, 0x10,
    0x2A, 0x97, 0x9E, 0xF8, 0x56, 0xCC, 0x3D, 0xD6, 0x7D, 0x35, 0x54, 0xAE, 0xE9, 0x8A, 0xE9, 0xEC,
    0xA7, 0x5D, 0x3C, 0xA8, 0x09, 0x9A, 0xB3, 0x8A, 0x6C, 0x8C, 0x0E, 0x81, 0x62, 0xB2, 0x94, 0x4E,
    0x75, 0xF5, 0x50, 0x0F, 0x29, 0xCE, 0xEA, 0xC2, 0x6F, 0xC8, 0x0E, 0x2C, 0x95, 0x53, 0x6D, 0x1D,
    0x9F, 0x4F, 0x75, 0xD5, 0x60, 0xF4, 0xCA, 0x45, 0xDF, 0xD3, 0x74, 0xC7, 0x09, 0xC4, 0x81, 0x19,
    0xA0, 0xE9, 0x5E, 0x4A, 0x7A, 0xB3, 0x1A, 0x91, 0x36, 0xB1, 0x7B, 0x22, 0x90, 0xCD, 0x50, 0x4C,
    0x50, 0x3A, 0xA8, 0xCF, 0xDE, 0x08, 0xE9, 0xB2, 0x5F, 0x2E, 0x57, 0x6E, 0x09, 0x5D, 0x62, 0x16,
    0xD6, 0x07, 0xC6, 0x19, 0x77, 0xC4, 0xAB, 0x86, 0x39, 0x36, 0x6E, 0xF7, 0xF8, 0xEF, 0xE0, 0x08,
    0x54, 0x94, 0xA6, 0x6E, 0xA9, 0x3A, 0xCA, 0x9E, 0x95, 0xA3, 0x70, 0xE4, 0x13, 0x78, 0x98, 0x9F,
    0x7A, 0x34, 0xD1, 0xA3, 0x4B, 0x1E, 0xB0, 0xE4, 0x2F, 0x5E, 0x39, 0xFE, 0x3E, 0x7A, 0xDC, 0x3E,
    0xE6, 0x2A, 0xB0, 0x1F, 0x31, 0x11, 0x69, 0xC9, 0x9E, 0x74, 0x14, 0xBF, 0x1A, 0x58, 0xBD, 0xEF,
    0xA8, 0xBA, 0x89, 0x4A, 0xDF, 0xA1, 0x89, 0x0E, 0x7B, 0xD4, 0x24, 0x53, 0x32, 0xEE, 0x9E, 0xDC,
    0xDB, 0x8D, 0x5D, 0x52, 0x8C, 0x3C, 0x04, 0x6E, 0xDF, 0xA5, 0x14, 0xCF, 0x4A, 0x02, 0x39, 0x76,
    0x49, 0x74, 0x5F, 0x96, 0x7F, 0xA5, 0x7E, 0x63, 0x50, 0x6D, 0xC2, 0xA2, 0x7E, 0x1E, 0xD7, 0x62,
    0x29, 0xC3, 0x92, 0x67, 0x1D, 0x31, 0x2F, 0x72, 0xE5, 0x2E, 0xC6, 0x4C, 0x18, 0x99, 0x31, 0x9D,
    0x60, 0xB4, 0xC1, 0xA0, 0xF4, 0x39, 0x69, 0xB4, 0x16, 0xF3, 0x24, 0x60, 0xC4, 0x73, 0xA4, 0x1C,
    0xC9, 0x38, 0xD1, 0xA5, 0xB8, 0x46, 0x06, 0xD3, 0x6A, 0x7B, 0xF1, 0xC5, 0x07, 0x56, 0xBF, 0xA1,
    0x7E, 0xEB, 0x6A, 0x71, 0x2B, 0xE9, 0x49, 0xB6, 0x01, 0x7B, 0xAE, 0xFC, 0x9E, 0xAD, 0xC5, 0x2A,
    0x11, 0xF3, 0x43, 0xB1, 0x48, 0xC0, 0x06, 0x4C, 0x94, 0x60, 0x2D, 0x62, 0x3E, 0x93, 0x58, 0x71,
    0x39, 0x2B, 0x20, 0x3B, 0xBB, 0xC5, 0x64, 0xB4, 0xB7, 0x3C, 0x92, 0x93, 0x20, 0x12, 0xE4, 0xE4,
    0xBD, 0x00, 0x16, 0xD4, 0x6F, 0xFE, 0xA1, 0x16, 0x9F, 0xCB, 0x08, 0xF0, 0xED, 0x74, 0xF4, 0xE3,
    0xED, 0xCA, 0x51, 0x97, 0x8E, 0xEA, 0x73, 0x6D, 0xA4, 0xB5, 0xD2, 0xC6, 0xCF, 0xAF, 0x50, 0x7E,
    0xEF, 0x7A, 0x2D, 0x26, 0x55, 0xF2, 0xB6, 0x58, 0xEC, 0x0B, 0x95, 0xA8, 0x54, 0x89, 0x94, 0xF3,
    0x52, 0x76, 0xF8, 0x8B, 0xBF, 0x9A, 0x95, 0x78, 0x25, 0x43, 0xB6, 0x79, 0xC9, 0xF7, 0x78, 0x8C,
    0x31, 0x1E, 0x23, 0x82, 0xE9, 0x23, 0xAD, 0x39, 0xFB, 0xBD, 0x7D, 0x39, 0xDF, 0xC0, 0x60, 0xF4,
    0x9F, 0x01, 0xBB, 0x98, 0x97, 0x0C, 0x0E, 0x32, 0x9F, 0xCD, 0xFC, 0x3B, 0xF0, 0x6E, 0xE6, 0x5F,
    0x3E, 0xBE, 0xE5, 0xD5, 0xA4, 0xDC, 0x5A, 0xAF, 0x01, 0xF5, 0x05, 0x76, 0xB5, 0x42, 0x50, 0x85,
    0x47, 0x95, 0x0E, 0xD5, 0xF4, 0x28, 0xA3, 0x51, 0x92, 0xE8, 0x50, 0xFF, 0xE1, 0xE2, 0xDE, 0x84,
    0xCA, 0x67, 0x14, 0x12, 0x49, 0x6F, 0x55, 0xF3, 0xDA, 0x71, 0x6D, 0xE7, 0xEE, 0xCE, 0xDD, 0x23,
    0xEB, 0x65, 0x32, 0x22, 0x32, 0x9B, 0x9F, 0xCA, 0xFB, 0xC1, 0x68, 0xAB, 0xD3, 0xC4, 0xD6, 0xF0,
    0xDA, 0xE9, 0x5A, 0xFC, 0xD2, 0x8E, 0xCC, 0xFC, 0xB5, 0xBE, 0xB4, 0xD8, 0x15, 0x94, 0xE2, 0x68,
    0xC4, 0x63, 0xDE, 0x0E, 0xD8, 0x38, 0x02, 0xE6, 0x1C, 0x1B, 0x31, 0x08, 0xEA, 0xBF, 0x66, 0x6A,
    0x99, 0xC8, 0xCF, 0x9A, 0xF0, 0xFA, 0x79, 0xA3, 0x87, 0xAF, 0xD4, 0xE8, 0x46, 0x39, 0x0C, 0x7C,
    0x81, 0x5D, 0xB8, 0xD8, 0x39, 0x2F, 0xEB, 0xE1, 0xA5, 0x73, 0x5E, 0xD0, 0x9B, 0xD7, 0xAE, 0xB4,
    0x47, 0xAA, 0x33, 0xD2, 0x9A, 0x53, 0x6D, 0x3A, 0x8C, 0xC6, 0xF0, 0x25, 0xBA, 0xFC, 0x1E, 0x4A,
    0x3A, 0xFB, 0xA0, 0x9B, 0xD1, 0xA2, 0xB1, 0x23, 0x8D, 0xE8, 0x5C, 0x3A, 0x9A, 0x9E, 0x6A, 0x38,
    0x7D, 0xAB, 0x97, 0xB8, 0x1B, 0x58, 0xAC, 0x18, 0x92, 0xCA, 0xCF, 0xDB, 0x18, 0x62, 0xA4, 0xAB,
    0x06, 0xBE, 0xA8, 0xB8, 0xBB, 0x92, 0x2E, 0x65, 0x80, 0xDD, 0x38, 0xCC, 0xEB, 0x86, 0x16, 0xE2,
    0x01, 0xA0, 0x11, 0xA1, 0x0C, 0x0D, 0xC9, 0xDE, 0x64, 0xA7, 0xB5, 0xA8, 0x56, 0xE9, 0x38, 0xE2,
    0xA7, 0xBA, 0x0B, 0x54, 0x9D, 0xA7, 0xFC, 0xC4, 0xB3, 0xFA, 0xDD, 0x18, 0xDF, 0x27, 0x8E, 0x5C,
    0x06, 0x90, 0x3E, 0xD2, 0x81, 0x69, 0x63, 0xCC, 0x7B, 0xBC, 0x6B, 0x32, 0xC1, 0xAB, 0x5C, 0x32,
    0xAF, 0x6E, 0x3E, 0xBE, 0x39, 0x35, 0xEF, 0x7C, 0xFC, 0x8E, 0xAB, 0x3F, 0xFC, 0xE8, 0x43, 0x57,
    0x7D, 0xF4, 0xE1, 0x47, 0x43, 0xF5, 0xF1, 0x3B, 0x1F, 0xF7, 0xAB, 0xC7, 0x37, 0x1F, 0x77, 0x85,
    0xDC, 0x90, 0x38, 0x65, 0xD2, 0x46, 0x5F, 0x21, 0x0B, 0x08, 0xB7, 0x53, 0xEB, 0x76, 0x56, 0xD7,
    0x7D, 0xA0, 0xFC, 0x9D, 0xA7, 0x90, 0x91, 0x4C, 0x86, 0xE5, 0x06, 0xD2, 0xC7, 0xB5, 0x4B, 0xD7,
    0xA9, 0x3E, 0x99, 0x89, 0x7E, 0xD8, 0xE8, 0xFD, 0x7C, 0xA1, 0x66, 0x29, 0xB4, 0x5F, 0x0A, 0x2D,
    0xCE, 0x0A, 0xCD, 0x9E, 0x16, 0x6A, 0xBB, 0x67, 0xFF, 0x4E, 0x08, 0x7C, 0x73, 0x06, 0x35, 0x45,
    0x06, 0x58, 0x03, 0xBB, 0x27, 0xC7, 0x4A, 0xC6, 0x28, 0x2A, 0x47, 0xD3, 0x61, 0x34, 0x81, 0xC2,
    0x53, 0x3A, 0xEA, 0x1E, 0xF5, 0xDB, 0x7B, 0x46, 0xA6, 0x28, 0x2E, 0x81, 0x90, 0x0B, 0xC5, 0x44,
    0xE1, 0x9E, 0x93, 0x19, 0xB0, 0x1A, 0xDB, 0xC7, 0x90, 0xE7, 0xB7, 0xC6, 0xE4, 0x4F, 0xD4, 0x0E,
    0x07, 0xD3, 0x97, 0x1A, 0x57, 0x41, 0x75, 0xA8, 0xE1, 0x4B, 0x63, 0x35, 0xA6, 0xCD, 0xA4, 0x7D,
    0xE1, 0x8E, 0x2B, 0x97, 0xFC, 0x55, 0xCF, 0x75, 0x28, 0xC7, 0x0C, 0x25, 0x8F, 0xD9, 0xB7, 0xC2,
    0x1B, 0xF9, 0xC4, 0xFF, 0x01, 0xB5, 0x98, 0x09, 0x88, 0xDD, 0xC6, 0x19, 0xC7, 0x7F, 0x23, 0x79,
    0x57, 0x65, 0x05, 0x1D, 0x53, 0xB2, 0xAD, 0xED, 0xD2, 0x88, 0x1B, 0x67, 0x6B, 0x5B, 0x1C, 0x05,
    0x02, 0xD8, 0x3B, 0xD3, 0x40, 0x09, 0x77, 0x16, 0xEA, 0xA5, 0x85, 0x40, 0x53, 0x20, 0x1C, 0x35,
    0x6D, 0x5C, 0x20, 0x40, 0x42, 0xED, 0x1D, 0xA5, 0x06, 0x02, 0x94, 0xE3, 0x01, 0x85, 0x72, 0xB3,
    0xC0, 0x02, 0xF6, 0x86, 0x62, 0x03, 0x01, 0x42, 0x59, 0x5B, 0x22, 0x06, 0xCA, 0x1D, 0xA5, 0x85,
    0x86, 0x1B, 0x25, 0xC4, 0x14, 0x6A, 0xC0, 0x13, 0xA2, 0xB6, 0x72, 0x2C, 0xE9, 0xEB, 0xEC, 0x7B,
    0xCF, 0x27, 0x76, 0x0E, 0xEF, 0x76, 0xE6, 0xFB, 0x7F, 0x2B, 0x69, 0x56, 0xBF, 0xFF, 0xF7, 0xF4,
    0x34, 0x42, 0x6F, 0x9E, 0xC1, 0x51, 0x06, 0x1D, 0x00, 0x4E, 0xB1, 0x1A, 0xBA, 0x9B, 0xF7, 0x72,
    0xDE, 0x81, 0x43, 0x70, 0x1C, 0xCA, 0x49, 0x2A, 0x6D, 0x26, 0xDE, 0x54, 0x07, 0x8D, 0xC5, 0x31,
    0x8F, 0xB0, 0x6D, 0x2A, 0xF2, 0x2F, 0x5A, 0x2D, 0xAD, 0x92, 0x86, 0xE3, 0x84, 0x00, 0x58, 0x9C,
    0x40, 0x29, 0x28, 0x19, 0x89, 0x87, 0xC3, 0xC4, 0x2D, 0xF7, 0x94, 0x8F, 0x5B, 0x18, 0xE9, 0xF8,
    0x61, 0xF8, 0x7B, 0xEF, 0xB8, 0x07, 0x5D, 0x83, 0x11, 0x29, 0xEE, 0x0A, 0x78, 0xFE, 0xD5, 0x2B,
    0xA5, 0xB4, 0xB9, 0x34, 0x79, 0xDC, 0x9C, 0x52, 0xFE, 0x54, 0xE4, 0xF3, 0x17, 0x9B, 0xB0, 0x1B,
    0x0E, 0x1E, 0x3D, 0xB8, 0x09, 0x9C, 0x66, 0xC1, 0x96, 0x98, 0xC2, 0x58, 0x47, 0x5E, 0x8D, 0x81,
    0xD1, 0x93, 0x7C, 0xD2, 0x11, 0xFF, 0xD7, 0xA3, 0xA4, 0x06, 0xA9, 0xD0, 0xD2, 0x4F, 0x85, 0x81,
    0x85, 0xF2, 0x8F, 0xD3, 0xED, 0xC5, 0x72, 0x0B, 0x0C, 0x53, 0xAD, 0x75, 0xF3, 0xF6, 0x2E, 0x40,
    0x77, 0xB7, 0xA1, 0xB6, 0xC8, 0xA5, 0x70, 0x97, 0xED, 0x8E, 0xE2, 0x1A, 0x98, 0x86, 0x7C, 0x60,
    0xC3, 0xD9, 0x1D, 0x5D, 0xED, 0xA4, 0x95, 0x7B, 0xA9, 0xCA, 0xC5, 0x46, 0x42, 0xF0, 0x45, 0x57,
    0x13, 0x5D, 0x89, 0x58, 0x37, 0x30, 0x6B, 0x46, 0x57, 0x21, 0x0E, 0x2F, 0x59, 0x16, 0xB7, 0x80,
    0x52, 0x0A, 0xE2, 0x26, 0xF2, 0x68, 0xD6, 0x4E, 0x72, 0x4C, 0x8F, 0x9A, 0x1F, 0xAD, 0xFE, 0x3C,
    0xB1, 0x57, 0xDE, 0x20, 0x2E, 0xFC, 0xBB, 0xC4, 0x55, 0xE3, 0x89, 0xAA, 0xE6, 0x4A, 0x48, 0x57,
    0x76, 0x77, 0x7F, 0x7B, 0x2E, 0x0C, 0x3C, 0x9F, 0xFF, 0x39, 0xE5, 0x78, 0xDA, 0x3F, 0x8B, 0xB6,
    0xEC, 0x10, 0xDD, 0xFE, 0x7E, 0x03, 0x67, 0xC5, 0x02, 0xC0, 0xC2, 0x24, 0xEF, 0x0F, 0x6F, 0x28,
    0x97, 0xCB, 0xB9, 0xFC, 0x9C, 0x31, 0xB7, 0x96, 0x7E, 0xC2, 0x41, 0xA0, 0xD3, 0x45, 0xD4, 0x9B,
    0x22, 0xF1, 0x25, 0xD9, 0xDF, 0x7A, 0xCC, 0xDB, 0x2D, 0xF9, 0xF5, 0x0E, 0xED, 0x47, 0xE2, 0xCE,
    0x59, 0xFA, 0xAC, 0xE2, 0x97, 0x4B, 0x2C, 0xAF, 0xAF, 0x63, 0x44, 0xA6, 0x82, 0xEC, 0x11, 0xC1,
    0xCA, 0x96, 0xEB, 0x5C, 0xB7, 0xBC, 0xF6, 0x68, 0xFD, 0x0B, 0x36, 0xD4, 0x9F, 0xF7, 0xA1, 0xFE,
    0xE3, 0xAF, 0x85, 0xFA, 0x8F, 0xE9, 0x50, 0x7F, 0x48, 0x55, 0x73, 0xE2, 0x6A, 0xA8, 0x3F, 0x6F,
    0x43, 0xFD, 0xC7, 0x4E, 0x86, 0xFA, 0x8F, 0x1D, 0x0F, 0xF5, 0x1F, 0xD3, 0xA1, 0xFE, 0x63, 0xC9,
    0x2F, 0x1E, 0x5B, 0xFF, 0xCA, 0xF6, 0xB6, 0x0D, 0xEE, 0xC5, 0xEE, 0x5F, 0xB5, 0x85, 0x1E, 0xC9,
    0x2F, 0xDB, 0x53, 0x69, 0x71, 0x32, 0xA9, 0x56, 0x75, 0x91, 0x09, 0xC9, 0x00, 0xC0, 0x02, 0x90,
    0x3F, 0xAC, 0xBB, 0x85, 0x2F, 0xBB, 0xF5, 0x87, 0xC7, 0x4E, 0xF0, 0xD0, 0x07, 0x5B, 0x9C, 0x98,
    0x7E, 0x75, 0x60, 0x95, 0xF3, 0xAA, 0x4B, 0x9A, 0xAC, 0x30, 0xA3, 0x93, 0xE5, 0xF5, 0x85, 0x09,
    0xA6, 0xE7, 0xD4, 0x06, 0xAC, 0xB2, 0xB0, 0x43, 0xDA, 0xA2, 0x36, 0x20, 0xE7, 0x4D, 0x87, 0x1B,
    0x38, 0x32, 0x41, 0x5D, 0x8C, 0x3B, 0x5D, 0x1B, 0x60, 0x25, 0x74, 0x87, 0xB1, 0x8F, 0x97, 0x9B,
    0xA9, 0x10, 0xEB, 0x6E, 0x06, 0x49, 0x50, 0x99, 0x59, 0x07, 0x3C, 0xAA, 0x15, 0x80, 0xF5, 0x75,
    0x2D, 0x62, 0xE4, 0xB2, 0x13, 0x5D, 0x8A, 0x96, 0x69, 0x94, 0xD3, 0x08, 0x47, 0x72, 0xD1, 0x89,
    0x68, 0xD2, 0x27, 0x45, 0x7A, 0x88, 0x72, 0x3E, 0x57, 0xBF, 0x4D, 0x56, 0xC4, 0xCD, 0xCB, 0x4D,
    0x59, 0x2D, 0xC3, 0x5A, 0xDC, 0x66, 0xAD, 0x69, 0x0F, 0xB5, 0xDC, 0xEF, 0x6B, 0x6A, 0x42, 0xD6,
    0xB3, 0xEA, 0x38, 0xA7, 0xE7, 0xB1, 0x7A, 0x96, 0x6C, 0x20, 0x1C, 0x57, 0x40, 0x1E, 0xF9, 0x87,
    0xEE, 0x09, 0x35, 0xE4, 0xD5, 0x43, 0xF7, 0xCC, 0x85, 0x96, 0x45, 0x26, 0x01, 0xCE, 0x33, 0x24,
    0x9E, 0x9E, 0xDC, 0xAB, 0x16, 0xE3, 0xE3, 0x86, 0xEF, 0xF8, 0xA4, 0x22, 0xF2, 0xBA, 0x08, 0x29,
    0x27, 0xA4, 0xD5, 0xA4, 0x8E, 0xFC, 0x8E, 0xAE, 0xA3, 0xCF, 0x5A, 0x53, 0xAB, 0x9F, 0xFA, 0xDF,
    0xD5, 0x24, 0xF5, 0xE7, 0x35, 0xFA, 0xC2, 0xF5, 0x9A, 0x2C, 0xB9, 0xD9, 0xB2, 0x9A, 0x4A, 0xCF,
    0x8E, 0xFA, 0x59, 0x43, 0x47, 0x5C, 0x7F, 0x3D, 0x68, 0xDE, 0x04, 0xA8, 0x74, 0x01, 0xFA, 0x7A,
    0x1F, 0xA0, 0xF4, 0x01, 0xAA, 0x5A, 0x74, 0x91, 0x34, 0x64, 0x64, 0x05, 0xAB, 0xB8, 0xD3, 0xEC,
    0x20, 0x3D, 0x5D, 0x48, 0x8B, 0x36, 0x40, 0xCB, 0x96, 0x8E, 0x37, 0xBB, 0xC8, 0xC3, 0x7B, 0x01,
    0xBA, 0xE8, 0xD3, 0x8A, 0xAC, 0xD6, 0x96, 0x85, 0xCE, 0x00, 0xE7, 0xCE, 0xEB, 0xE2, 0x46, 0xDF,
    0x9B, 0x4A, 0xFE, 0xED, 0x5D, 0x75, 0xE4, 0x42, 0x73, 0xAB, 0x22, 0xBD, 0xFE, 0x41, 0x85, 0x7E,
    0xFB, 0xA5, 0x8A, 0x5C, 0x5F, 0x6E, 0x38, 0xA5, 0x25, 0x58, 0x2D, 0xBC, 0x32, 0xB5, 0xAA, 0x78,
    0x0E, 0x4A, 0x10, 0xD8, 0x60, 0xDE, 0x56, 0x61, 0x03, 0x35, 0x90, 0x76, 0xE4, 0x35, 0x0E, 0x4A,
    0x42, 0xAC, 0xB9, 0x9B, 0x3E, 0x97, 0x2E, 0x91, 0x09, 0xC0, 0x19, 0x0B, 0x79, 0x05, 0xA9, 0x07,
    0xD5, 0xCD, 0xE7, 0xEA, 0x1A, 0xE4, 0x2D, 0x98, 0x0E, 0x5C, 0x0F, 0xD7, 0xAE, 0xC2, 0xE0, 0x50,
    0xBD, 0x61, 0xF7, 0xC2, 0xC7, 0x6D, 0x5E, 0x25, 0x5E, 0x57, 0xA9, 0x48, 0xA3, 0x45, 0x7C, 0x26,
    0xD2, 0x9A, 0x2A, 0xEE, 0x4C, 0x98, 0xCA, 0xBB, 0x5F, 0x8F, 0xC0, 0x38, 0x03, 0x8F, 0x10, 0xB7,
    0x90, 0xD6, 0xFB, 0xC7, 0x5D, 0x9A, 0xCC, 0x18, 0x1B, 0x03, 0xAA, 0xCD, 0xF7, 0x8F, 0x7B, 0x40,
    0x41, 0xF9, 0x76, 0x81, 0x08, 0xEA, 0xC3, 0x61, 0xFF, 0xB8, 0x00, 0xBD, 0x99, 0xE9, 0xD5, 0xE7,
    0xF6, 0x97, 0xAB, 0x1B, 0x38, 0xFE, 0x1E, 0x9C, 0x7C, 0x1E, 0x4E, 0xBC, 0xB7, 0x77, 0xA6, 0x5A,
    0x5F, 0x5F, 0x87, 0x58, 0x44, 0x2C, 0xE9, 0x34, 0xEB, 0x9B, 0xB7, 0xD7, 0x21, 0xFB, 0xAB, 0x07,
    0xCC, 0x8B, 0x1E, 0x70, 0x89, 0x27, 0xD0, 0x13, 0x11, 0xE8, 0x43, 0x26, 0x9A, 0xE6, 0x38, 0x30,
    0x21, 0x9D, 0x66, 0x3D, 0xCD, 0x59, 0xF0, 0x03, 0x53, 0x24, 0x81, 0xE3, 0xD8, 0xCD, 0xE3, 0x34,
    0xB3, 0xB8, 0x85, 0x12, 0x29, 0x92, 0xA0, 0xEC, 0xF6, 0xCB, 0x98, 0x1A, 0x4C, 0x01, 0x0E, 0x28,
    0x1F, 0x91, 0xB3, 0xB3, 0x31, 0xD3, 0x28, 0xB4, 0x94, 0x76, 0x7A, 0x7E, 0x39, 0x42, 0x6A, 0x41,
    0xD7, 0x10, 0x79, 0xF8, 0x5E, 0x90, 0x69, 0x60, 0x19, 0x56, 0x2C, 0x59, 0x4D, 0xF0, 0xA5, 0x9F,
    0x3D, 0xC2, 0xAC, 0x48, 0xBD, 0x1B, 0xEB, 0xC1, 0x9C, 0x59, 0x88, 0x54, 0xB3, 0x18, 0xE1, 0x81,
    0x83, 0xF5, 0x2C, 0x58, 0x29, 0x28, 0x51, 0x3D, 0x49, 0xF3, 0x94, 0x84, 0x68, 0x8B, 0x74, 0x20,
    0x2F, 0x39, 0x9F, 0x56, 0x4F, 0x47, 0x00, 0x8C, 0x2E, 0x8C, 0xAE, 0x9E, 0x5B, 0xB2, 0x4F, 0x47,
    0x38, 0x03, 0xA6, 0x22, 0x6D, 0xE6, 0x33, 0x7A, 0x79, 0x1D, 0x27, 0x18, 0x21, 0x6D, 0x49, 0xFC,
    0x97, 0x45, 0x36, 0xE0, 0x24, 0xC4, 0x74, 0xFA, 0x8E, 0xC4, 0x2D, 0x69, 0xFD, 0x94, 0x04, 0x75,
    0x91, 0x58, 0xD0, 0xB7, 0x0A, 0x93, 0x34, 0xC0, 0xC2, 0xBA, 0xCD, 0xA4, 0xD2, 0x52, 0x45, 0x03,
    0xAA, 0xFF, 0xB2, 0x48, 0x64, 0xF7, 0x3F, 0x43, 0x00, 0xE7, 0x33, 0x7B, 0x35, 0xB7, 0x47, 0x97,
    0x9E, 0xB2, 0x86, 0x60, 0x8A, 0x96, 0x31, 0x28, 0x58, 0x7F, 0x51, 0x7A, 0xDD, 0xA4, 0x9D, 0x6E,
    0xE2, 0x5E, 0x37, 0x6A, 0x38, 0xFB, 0x85, 0x1D, 0x4A, 0x29, 0xC6, 0x5D, 0x65, 0x37, 0xD4, 0xA0,
    0x9B, 0xA8, 0x9F, 0x8D, 0x65, 0xAD, 0x9E, 0xCD, 0x12, 0xAB, 0xE5, 0x53, 0x38, 0xB8, 0x80, 0x92,
    0x57, 0x88, 0x65, 0x24, 0xFE, 0x7D, 0x07, 0xC0, 0x3A, 0xAC, 0x49, 0x15, 0x75, 0xD2, 0x04, 0xF9,
    0xA0, 0x2E, 0xEA, 0x86, 0x21, 0xEA, 0x7A, 0x09, 0x72, 0x2F, 0x74, 0x7D, 0xFE, 0x7E, 0xD7, 0xEB,
    0x4F, 0xBA, 0x3E, 0xFD, 0xAC, 0xEB, 0xE3, 0xDB, 0x5D, 0xAF, 0xC6, 0xAE, 0x47, 0x82, 0x5C, 0x50,
    0x1E, 0xA4, 0x3B, 0x56, 0xE6, 0x4F, 0xDE, 0xC4, 0x03, 0x3D, 0x00, 0x1C, 0x99, 0xCD, 0x8D, 0x34,
    0xF8, 0x67, 0xB7, 0xCF, 0x76, 0xA6, 0x8A, 0x7B, 0x57, 0xA8, 0xA1, 0x84, 0x31, 0x48, 0x1E, 0xD0,
    0xE8, 0x2C, 0x63, 0x98, 0xBD, 0x83, 0x69, 0x92, 0x5E, 0x8B, 0xB4, 0x89, 0x48, 0x4D, 0x39, 0x02,
    0xC0, 0x14, 0x2E, 0x10, 0x75, 0x90, 0xD6, 0xFB, 0xCB, 0x5E, 0xDC, 0x84, 0xAC, 0x83, 0x8D, 0xAB,
    0xD0, 0xE5, 0x76, 0x5F, 0xD9, 0x07, 0x94, 0xC5, 0xFD, 0xA9, 0x40, 0xC4, 0xAA, 0x8F, 0x47, 0xF6,
    0x93, 0xFD, 0xF0, 0x93, 0xF8, 0xF0, 0x7E, 0xB3, 0x8F, 0xB1, 0xE9, 0xA2, 0x36, 0xFF, 0xA0, 0x49,
    0xA5, 0x88, 0x46, 0x22, 0x21, 0x95, 0x2A, 0xFF, 0x83, 0xDF, 0x88, 0xDA, 0x43, 0x4C, 0xE6, 0x66,
    0x57, 0x82, 0x59, 0x1B, 0xCC, 0xFC, 0xCC, 0x2C, 0x0B, 0x66, 0x26, 0x98, 0xED, 0x8C, 0xA5, 0x6A,
    0xA5, 0x8C, 0x1B, 0x29, 0xD3, 0x4A, 0xCA, 0xCC, 0x8E, 0x6E, 0x23, 0x98, 0xF5, 0xC1, 0xAC, 0x9D,
    0x99, 0xA5, 0xC1, 0x2C, 0x0B, 0x66, 0x8B, 0xCC, 0x9A, 0xBA, 0x04, 0x94, 0x40, 0x56, 0x31, 0x7F,
    0x54, 0xB1, 0x8C, 0x5A, 0x33, 0x36, 0x6E, 0xBF, 0xB6, 0x8A, 0xC4, 0xE7, 0xB5, 0xF6, 0x7A, 0x94,
    0x3A, 0x11, 0x29, 0x28, 0x07, 0x66, 0x2D, 0xC0, 0xE3, 0x1E, 0xD2, 0x06, 0x32, 0xBB, 0xBF, 0xEC,
    0xA5, 0x09, 0x18, 0x0F, 0x63, 0x4F, 0xE4, 0xCD, 0xFE, 0xB2, 0x01, 0xBA, 0xF3, 0xA8, 0x6E, 0x03,
    0x36, 0x8F, 0xFE, 0xDF, 0xAF, 0xC9, 0x7A, 0x60, 0x97, 0x68, 0x6F, 0x8A, 0xAC, 0xCE, 0x2A, 0x53,
    0xE9, 0xC6, 0xD9, 0xC4, 0x8F, 0xC4, 0xB7, 0x7B, 0x94, 0x74, 0x20, 0x1E, 0x5C, 0x03, 0x79, 0xF5,
    0x44, 0x9D, 0xBE, 0xF7, 0xE8, 0x1E, 0xAD, 0x48, 0x23, 0xD2, 0x8D, 0x49, 0x3F, 0xAA, 0x61, 0x64,
    0x08, 0x39, 0x6C, 0x8B, 0xB4, 0xBB, 0xC7, 0x2F, 0x31, 0x32, 0x0F, 0x8E, 0x58, 0x12, 0x19, 0xC8,
    0x44, 0xAC, 0xA9, 0xCB, 0xC2, 0x59, 0x53, 0x39, 0x4C, 0xE1, 0x10, 0x5C, 0xDC, 0xE3, 0x52, 0x8F,
    0xD3, 0x2D, 0x2E, 0x19, 0x71, 0x4A, 0x76, 0xC7, 0xBC, 0x23, 0x0D, 0x4A, 0x5A, 0xF7, 0x83, 0x57,
    0xBC, 0xCB, 0xA4, 0x71, 0x5A, 0x0A, 0x00, 0x75, 0x11, 0x28, 0x81, 0xFC, 0xFE, 0x6D, 0xC4, 0x99,
    0x09, 0xA9, 0xF4, 0x24, 0x32, 0x12, 0x51, 0x02, 0x0E, 0xDE, 0x11, 0x52, 0x11, 0xF2, 0x1B, 0x53,
    0xA7, 0xA0, 0x12, 0xF3, 0x0F, 0x21, 0x97, 0x92, 0x74, 0xCC, 0xEE, 0xDF, 0x93, 0x71, 0x07, 0xBA,
    0x86, 0xDC, 0xEE, 0x8D, 0xB5, 0x62, 0xA1, 0xAC, 0x51, 0x77, 0x5A, 0x92, 0x7A, 0x67, 0x6F, 0xAC,
    0x83, 0x07, 0x88, 0xC6, 0x13, 0x24, 0xD2, 0x93, 0xBE, 0xD8, 0xEE, 0x8D, 0x05, 0xC4, 0xBE, 0x0B,
    0xEA, 0x51, 0x93, 0xAD, 0x3D, 0xB3, 0xC2, 0x00, 0xFC, 0xA7, 0x01, 0x1F, 0xF4, 0x97, 0x9A, 0xB0,
    0xBF, 0x37, 0xE6, 0x6B, 0xC5, 0x19, 0x4B, 0x2A, 0x77, 0xA4, 0x25, 0x11, 0xB9, 0xD3, 0xA3, 0x28,
    0x8B, 0x6B, 0x40, 0x89, 0x43, 0xBD, 0x23, 0xDB, 0x25, 0x5A, 0x42, 0x23, 0xFF, 0xB4, 0xDC, 0xDE,
    0x9E, 0x32, 0x08, 0x59, 0x0A, 0x08, 0xAC, 0x1B, 0xBF, 0x21, 0x93, 0x8F, 0x64, 0x20, 0x95, 0x1F,
    0x4B, 0xC7, 0xBC, 0x6D, 0xDB, 0x54, 0x7C, 0x2E, 0x8D, 0x2B, 0x6C, 0xF9, 0xE0, 0xCB, 0x06, 0x94,
    0xF6, 0xA0, 0xF9, 0x97, 0xCF, 0xC4, 0x27, 0x52, 0xF3, 0x06, 0x04, 0xA3, 0xCC, 0xAA, 0xB3, 0x36,
    0x12, 0x38, 0xCD, 0xE2, 0x26, 0x51, 0x0F, 0x25, 0x64, 0x05, 0xA0, 0xE6, 0x9C, 0xCE, 0xD9, 0xBE,
    0xE4, 0xAA, 0x6C, 0x8F, 0x22, 0xA3, 0x6C, 0x5F, 0x1A, 0xA1, 0x04, 0x73, 0xE3, 0xD7, 0x99, 0xF4,
    0x91, 0xB4, 0x00, 0x8B, 0x5B, 0xE8, 0x06, 0x63, 0xB9, 0xCA, 0x37, 0x3B, 0xF1, 0x12, 0x91, 0xD8,
    0xE4, 0x56, 0x9D, 0xBD, 0xE0, 0xBF, 0xD9, 0x89, 0xA0, 0xAF, 0x37, 0xFA, 0xBA, 0x5F, 0x7C, 0x61,
    0xF2, 0x8D, 0x4E, 0x5C, 0x29, 0xB2, 0x26, 0x6E, 0xD9, 0x81, 0x68, 0x33, 0xF1, 0x8F, 0xEF, 0xD1,
    0xC5, 0xB4, 0xCD, 0xAA, 0x55, 0x60, 0x05, 0xF7, 0x84, 0x7E, 0xF7, 0x65, 0xA9, 0x32, 0x71, 0x03,
    0x70, 0x11, 0xD5, 0x7F, 0x75, 0xCC, 0x5E, 0x90, 0xAE, 0xCD, 0x5F, 0x90, 0x42, 0x09, 0x24, 0xFE,
    0xAB, 0x03, 0x7B, 0x10, 0xD5, 0xB6, 0x28, 0x69, 0xA1, 0xAC, 0x88, 0xC4, 0xA3, 0xFE, 0xDE, 0x01,
    0x3D, 0x89, 0x5C, 0x23, 0x17, 0xC1, 0x7C, 0x24, 0x94, 0xA1, 0x8F, 0xB8, 0x7B, 0x0A, 0x7B, 0xE1,
    0x26, 0x19, 0xC8, 0xA4, 0x23, 0x91, 0x1A, 0x00, 0xD6, 0x0E, 0x10, 0x0F, 0x27, 0x49, 0xA5, 0x43,
    0xA7, 0x1E, 0x80, 0xA3, 0x4B, 0x9B, 0x6C, 0xB8, 0x01, 0x27, 0x82, 0xAB, 0x83, 0x0A, 0x67, 0x9D,
    0x35, 0xD6, 0xF1, 0x64, 0x45, 0x5B, 0xA0, 0x06, 0xC0, 0x01, 0xBA, 0x62, 0xFE, 0xBD, 0x93, 0x8A,
    0x27, 0x97, 0x1E, 0xF7, 0xD6, 0xF8, 0x98, 0x7A, 0x5C, 0xE8, 0x82, 0xF9, 0xE7, 0xAC, 0xA6, 0xE8,
    0x6E, 0x4D, 0x01, 0x86, 0xF6, 0x90, 0x17, 0x70, 0x9E, 0xBD, 0xB1, 0xCE, 0x80, 0x92, 0x82, 0xF8,
    0x4E, 0x83, 0x7E, 0xAB, 0xDD, 0x1B, 0xCB, 0x3E, 0x43, 0x72, 0xFB, 0x1C, 0x5A, 0x5A, 0x9E, 0x4D,
    0x9B, 0xBD, 0xB1, 0x80, 0xF4, 0x7D, 0x4F, 0xB8, 0x65, 0x59, 0x7C, 0x6B, 0x73, 0x6F, 0xAC, 0xC3,
    0x80, 0x99, 0xEB, 0x30, 0x8F, 0xAC, 0xB5, 0x01, 0xCF, 0x3E, 0x30, 0xFE, 0x2D, 0xE6, 0x5E, 0xAF,
    0x93, 0x4A, 0x8F, 0x09, 0x72, 0x17, 0x82, 0x57, 0x2A, 0x8C, 0x3A, 0xF8, 0xAD, 0x06, 0xAF, 0x1D,
    0x87, 0xB4, 0xC1, 0xBD, 0x19, 0x31, 0x37, 0x67, 0x5E, 0x46, 0xEA, 0xE9, 0xA9, 0xD1, 0x45, 0x60,
    0x04, 0x8C, 0x85, 0xB4, 0x82, 0xBB, 0xAB, 0x56, 0x5F, 0xD5, 0xAD, 0x04, 0x96, 0x90, 0x8B, 0x90,
    0x8E, 0x39, 0x30, 0x87, 0xA5, 0x2D, 0x64, 0x15, 0xAC, 0xB2, 0x37, 0xD6, 0x19, 0x40, 0x2A, 0xE2,
    0x3B, 0x1E, 0x5D, 0x75, 0x7B, 0x63, 0x01, 0xC9, 0x87, 0x2D, 0xE9, 0x27, 0x2D, 0x51, 0xB1, 0xB9,
    0x37, 0x96, 0xBA, 0x08, 0x49, 0x0B, 0xFA, 0xFE, 0x67, 0xFC, 0x15, 0x47, 0x8A, 0xD9, 0x22, 0x72,
    0xE8, 0x85, 0x23, 0x9B, 0x2F, 0x24, 0xA7, 0x1F, 0xF7, 0xC4, 0x9F, 0xB7, 0xF3, 0xC5, 0xE4, 0x06,
    0xA4, 0x86, 0xB2, 0xBA, 0xFF, 0xEB, 0x5A, 0xE0, 0xBB, 0x03, 0x98, 0xEE, 0xEE, 0xEF, 0xE5, 0x99,
    0xDC, 0xA3, 0x5A, 0x9A, 0xE0, 0x5C, 0x87, 0x93, 0x01, 0x57, 0x09, 0xCE, 0x3A, 0x1E, 0x9A, 0xAF,
    0xBB, 0xBD, 0x28, 0x71, 0x77, 0x46, 0x9C, 0xF4, 0xB8, 0xDC, 0xF3, 0xC4, 0x55, 0xC4, 0xF9, 0xB5,
    0x08, 0x8B, 0xDC, 0x84, 0x6B, 0xB1, 0xEF, 0xF5, 0xFF, 0x0F, 0xAD, 0x9A, 0x31, 0x8C, 0xDD, 0x46,
    0x7A, 0xC7, 0x7F, 0x43, 0x6A, 0x45, 0x64, 0x59, 0x8C, 0x0B, 0x6F, 0x02, 0xAB, 0x08, 0x9B, 0x2B,
    0xCE, 0x0B, 0x44, 0xAC, 0x03, 0x58, 0x9A, 0x39, 0xAB, 0x70, 0xBB, 0x85, 0xF6, 0x1A, 0x17, 0x4E,
    0xE1, 0x00, 0x77, 0x42, 0x10, 0x37, 0x29, 0xAD, 0x1D, 0x9E, 0x1D, 0x20, 0x45, 0x1A, 0x15, 0xF1,
    0xD5, 0x2A, 0x74, 0xC0, 0x6A, 0x53, 0xE8, 0x8A, 0x14, 0x87, 0x40, 0xD2, 0x30, 0x77, 0x85, 0x0A,
    0x17, 0xE1, 0x39, 0xB8, 0xB4, 0xE6, 0x5D, 0xCE, 0x38, 0xC0, 0x2E, 0x34, 0xC9, 0x51, 0x38, 0x4A,
    0x26, 0xF9, 0x65, 0x08, 0xBE, 0x95, 0xA5, 0xF5, 0xCA, 0xDA, 0x5D, 0x3D, 0xCE, 0xFF, 0xF7, 0xBD,
    0x25, 0x87, 0x9C, 0xEF, 0x3F, 0xF3, 0x96, 0xE4, 0xE3, 0xBC, 0x07, 0x80, 0x4C, 0x0B, 0x00, 0x1B,
    0x3B, 0x50, 0x76, 0x60, 0x7A, 0x70, 0x03, 0xDC, 0xBF, 0x07, 0xA3, 0x43, 0x0D, 0x86, 0x64, 0x30,
    0x55, 0xDA, 0x95, 0x75, 0x16, 0x74, 0x9D, 0x8B, 0xB4, 0x5A, 0x24, 0x14, 0x22, 0x9D, 0xA9, 0xD3,
    0xDE, 0x54, 0xC9, 0xE0, 0xAC, 0x1A, 0x05, 0x26, 0x80, 0x54, 0x7A, 0x66, 0x00, 0xB8, 0x76, 0x83,
    0x5C, 0x06, 0x32, 0x99, 0x48, 0xF0, 0x80, 0x83, 0x7F, 0x15, 0x72, 0x11, 0xCA, 0x2F, 0x1C, 0xA6,
    0x9A, 0xF1, 0x98, 0xFF, 0x16, 0x4A, 0xF1, 0xE4, 0x53, 0x01, 0x00, 0x37, 0xCE, 0x5B, 0x1E, 0xBF,
    0x67, 0x71, 0x13, 0x14, 0xFD, 0xDA, 0xFC, 0x25, 0xF6, 0x0D, 0xD2, 0xDF, 0xDC, 0x25, 0x91, 0xB9,
    0x8D, 0xE6, 0xEC, 0x1E, 0xD7, 0x37, 0x5E, 0xFF, 0x06, 0xAA, 0x85, 0xB4, 0x89, 0x4C, 0xA0, 0x22,
    0xBC, 0x7E, 0x7A, 0x4F, 0x25, 0x70, 0x69, 0x69, 0x8E, 0x00, 0x88, 0x05, 0x1F, 0x39, 0x07, 0x5C,
    0x03, 0x35, 0x42, 0x16, 0x40, 0x57, 0x00, 0x70, 0xFE, 0x16, 0x4A, 0xA4, 0xCA, 0x22, 0xC5, 0xE3,
    0x77, 0x31, 0x0D, 0x98, 0x0A, 0x1C, 0xE0, 0x8F, 0xE0, 0xEC, 0x52, 0x67, 0x5A, 0x85, 0x16, 0x6F,
    0x33, 0x11, 0x8B, 0x9F, 0x56, 0xED, 0xDC, 0xA4, 0x68, 0x30, 0x96, 0x01, 0x80, 0x03, 0x9B, 0x4B,
    0x28, 0xA5, 0x75, 0x95, 0xF5, 0x30, 0x1D, 0x4A, 0xC0, 0xDB, 0xD7, 0xCC, 0x97, 0xA1, 0x90, 0x90,
    0x49, 0x03, 0xB0, 0x59, 0x81, 0x09, 0x30, 0x0D, 0xA4, 0xC1, 0xAC, 0xD7, 0xD4, 0x6D, 0x52, 0x21,
    0x7F, 0x58, 0x97, 0x57, 0xC2, 0xE9, 0x4C, 0x29, 0x40, 0xD7, 0x50, 0x34, 0x90, 0xAF, 0x79, 0xA4,
    0x5E, 0x87, 0x91, 0x59, 0x77, 0x39, 0x95, 0xA9, 0xE4, 0xC6, 0xA6, 0x55, 0xBD, 0x03, 0x37, 0x40,
    0x19, 0xD6, 0x6A, 0xEA, 0x4D, 0xDE, 0x2F, 0x3E, 0x8E, 0x79, 0xEA, 0x44, 0xEC, 0x69, 0x4D, 0xA1,
    0xFA, 0x3D, 0xF0, 0x03, 0x98, 0x00, 0xC0, 0xD6, 0x2E, 0x18, 0xE9, 0x23, 0x82, 0x39, 0x90, 0xDA,
    0xD8, 0xB2, 0x35, 0x56, 0x07, 0x63, 0xB3, 0xCE, 0xD8, 0x74, 0xA6, 0x9F, 0x59, 0xD6, 0xF3, 0xB0,
    0xD4, 0xB9, 0xC6, 0x88, 0x54, 0x46, 0x46, 0x8C, 0xDC, 0x00, 0x76, 0x37, 0x2C, 0xF8, 0x72, 0x0E,
    0x06, 0xF0, 0x97, 0xE6, 0xF0, 0x1A, 0xC9, 0x2D, 0x0F, 0x85, 0x78, 0x30, 0x22, 0xE0, 0x3E, 0x12,
    0xF0, 0x08, 0x4C, 0xF8, 0x39, 0xB8, 0x55, 0x10, 0xFC, 0xAA, 0xC2, 0x7D, 0x25, 0x50, 0x8A, 0x87,
    0x7C, 0x34, 0x2C, 0xCB, 0xC6, 0xAE, 0x45, 0xCB, 0x14, 0x91, 0x5A, 0x3F, 0xF1, 0x41, 0xB7, 0x79,
    0xAF, 0xDB, 0x74, 0xD0, 0xAD, 0x1A, 0x3F, 0x78, 0x62, 0x47, 0x2F, 0xD5, 0x34, 0x53, 0x7C, 0xA1,
    0x46, 0xDD, 0x26, 0xC3, 0x52, 0x57, 0x74, 0x7A, 0x39, 0x85, 0xAD, 0x96, 0xDF, 0x03, 0xBB, 0x80,
    0x87, 0xED, 0xE8, 0xD7, 0x48, 0x3B, 0xBF, 0x82, 0x27, 0x1B, 0xFC, 0x9C, 0x0E, 0x23, 0x82, 0xAF,
    0x84, 0x18, 0x23, 0x6E, 0x85, 0xC7, 0x5B, 0x99, 0x3D, 0x51, 0x8A, 0x90, 0x0F, 0x87, 0x8E, 0x30,
    0x52, 0x45, 0x01, 0xBB, 0xBB, 0x56, 0xA4, 0x99, 0xB5, 0x6B, 0xBF, 0x19, 0x79, 0xA9, 0x17, 0x4D,
    0xF0, 0xCC, 0xC6, 0x66, 0x11, 0xA0, 0xA5, 0x8D, 0x02, 0xD4, 0xEA, 0xBD, 0xEB, 0x9D, 0x1D, 0x3C,
    0xF7, 0xE4, 0x60, 0x12, 0x99, 0xE4, 0xE0, 0xF6, 0x04, 0x1E, 0xCC, 0x17, 0x7F, 0x57, 0xC8, 0x90,
    0x48, 0x07, 0x7C, 0x4F, 0xDD, 0xB8, 0xF4, 0x6E, 0x5D, 0x4A, 0x95, 0x8D, 0x9C, 0x2D, 0xEF, 0x9F,
    0xF1, 0xBE, 0xFE, 0x61, 0xC8, 0xA5, 0x55, 0x62, 0x4F, 0x95, 0x9A, 0x1D, 0xD2, 0x9E, 0x74, 0x40,
    0x75, 0x67, 0x4C, 0xCD, 0xEB, 0x87, 0x9B, 0xAE, 0x73, 0xF2, 0xD4, 0x67, 0xCC, 0xA5, 0x2D, 0x17,
    0xE1, 0x12, 0x98, 0x86, 0xA2, 0x45, 0xD9, 0xEF, 0x48, 0xE7, 0xBE, 0x49, 0xD7, 0x93, 0xB6, 0x64,
    0x35, 0xBA, 0x42, 0xFF, 0x9E, 0xAC, 0x87, 0x9D, 0xF7, 0xD5, 0x0D, 0xA3, 0x6B, 0x2D, 0xF6, 0xCC,
    0x63, 0xFE, 0x06, 0x3F, 0xD2, 0xBF, 0xEC, 0x52, 0x69, 0x94, 0x54, 0xA7, 0xEA, 0xF8, 0x7C, 0x89,
    0xA6, 0xE8, 0x61, 0xEF, 0x1E, 0xF4, 0xA5, 0x05, 0xE0, 0xFC, 0xCF, 0xC0, 0x4B, 0x93, 0x89, 0x34,
    0x7A, 0xFC, 0x61, 0x5D, 0xB6, 0x60, 0x6A, 0x70, 0x16, 0x3C, 0x91, 0x44, 0xC2, 0xC2, 0x9D, 0xE0,
    0xE6, 0x53, 0xB5, 0xCA, 0x43, 0xD9, 0xE6, 0x41, 0x4F, 0x77, 0x42, 0x26, 0x12, 0xF0, 0x72, 0x03,
    0x80, 0x6B, 0x44, 0x3B, 0xD9, 0x57, 0x4D, 0xF1, 0x51, 0x07, 0x24, 0xB7, 0xDE, 0x2C, 0xC4, 0x19,
    0x11, 0xF7, 0x13, 0xF1, 0xF8, 0x69, 0x96, 0x8B, 0x12, 0xBC, 0x47, 0xCC, 0x57, 0x52, 0x8A, 0xE4,
    0xA3, 0x87, 0xA8, 0xE9, 0xAF, 0xDF, 0x19, 0x8D, 0x0C, 0x46, 0x5A, 0xB5, 0x0B, 0x37, 0x93, 0xD5,
    0xED, 0x5E, 0x16, 0xAF, 0x6B, 0xF4, 0xB8, 0xC9, 0xF7, 0xF4, 0x27, 0x5D, 0x26, 0x21, 0x3A, 0x7D,
    0x25, 0x8F, 0xCA, 0x42, 0x1E, 0x16, 0xD2, 0x66, 0xAD, 0x1E, 0x79, 0x1D, 0x3C, 0x08, 0x5C, 0xE7,
    0x15, 0x3C, 0xAE, 0xCF, 0x4F, 0x72, 0x13, 0xB2, 0x16, 0xF2, 0x1A, 0xB4, 0x85, 0x65, 0x20, 0x29,
    0xC0, 0xC0, 0xDE, 0xAB, 0x79, 0xDC, 0xB6, 0x20, 0x35, 0xC9, 0xD7, 0x81, 0xBC, 0x19, 0x00, 0xB8,
    0xCA, 0x86, 0x9D, 0xD0, 0xCD, 0x71, 0x88, 0xC8, 0x21, 0xF3, 0xFA, 0x0B, 0x51, 0xFB, 0x90, 0x0A,
    0xE8, 0x87, 0x35, 0x26, 0x6D, 0x59, 0x35, 0x8C, 0x1A, 0x8E, 0xB2, 0x5D, 0xA9, 0x51, 0x82, 0x12,
    0x19, 0x94, 0x5C, 0x19, 0xD4, 0xA4, 0x46, 0x35, 0x32, 0xAA, 0xE1, 0xC5, 0x6C, 0x58, 0xAE, 0xA2,
    0x5B, 0xA6, 0x25, 0x48, 0x5C, 0x5A, 0x99, 0xC3, 0x37, 0xDB, 0xB4, 0xC8, 0x73, 0xA1, 0xE5, 0x65,
    0x21, 0x36, 0x8A, 0xAE, 0xE1, 0xCE, 0x97, 0x16, 0x91, 0x6A, 0x7E, 0x9D, 0xD7, 0xD1, 0x0F, 0xC6,
    0xD8, 0x09, 0xB1, 0x7A, 0x92, 0x5A, 0x87, 0xB2, 0xD1, 0x87, 0xA5, 0x3E, 0x1E, 0x85, 0x2D, 0x7F,
    0xD7, 0x38, 0xA9, 0x7F, 0xEE, 0xEC, 0x72, 0x8F, 0x2B, 0xE2, 0x81, 0x52, 0x27, 0x23, 0x6A, 0xF8,
    0x2E, 0x65, 0x32, 0xEF, 0x19, 0xA5, 0x78, 0x4D, 0x77, 0xF3, 0x7D, 0xFF, 0xAD, 0xB2, 0x02, 0xD8,
    0x47, 0x0D, 0x2F, 0x17, 0xE0, 0xC4, 0x46, 0x2D, 0xF7, 0x7E, 0x27, 0x18, 0x21, 0xEF, 0xC8, 0xC2,
    0x77, 0xA9, 0x18, 0x71, 0x12, 0xF5, 0xDC, 0xE1, 0xC9, 0xCD, 0x58, 0xF5, 0x72, 0xFD, 0x4D, 0x52,
    0xDD, 0x7B, 0xB7, 0x9E, 0xB3, 0x0C, 0x9C, 0x29, 0xE9, 0x91, 0x16, 0x4E, 0x98, 0xF7, 0x4C, 0xBD,
    0xFB, 0x10, 0x02, 0x2A, 0x4A, 0x40, 0xE0, 0x1C, 0x8A, 0xA2, 0x2E, 0x9A, 0xBC, 0x82, 0xCD, 0xAA,
    0xA8, 0x8F, 0x2F, 0xDA, 0x5E, 0xE4, 0x12, 0xA6, 0x29, 0x5A, 0x65, 0xB1, 0xA4, 0x81, 0xAC, 0x23,
    0x69, 0xCF, 0xD8, 0xD9, 0x6D, 0xDC, 0xF1, 0x25, 0x36, 0xA6, 0xAE, 0x3A, 0x49, 0x7B, 0x13, 0xC9,
    0xBB, 0xB4, 0xCF, 0xC2, 0xC9, 0x28, 0xC6, 0xB4, 0x77, 0xB2, 0x00, 0x33, 0xD1, 0x4D, 0x22, 0x21,
    0xD2, 0xA0, 0xFE, 0x9D, 0x73, 0xEC, 0x38, 0x35, 0xB8, 0x1F, 0x8C, 0x17, 0xF9, 0x05, 0xB0, 0xCD,
    0x7E, 0x5C, 0x7D, 0xA9, 0x58, 0xF4, 0x17, 0x03, 0xA6, 0xC7, 0x04, 0xB6, 0xEC, 0xD1, 0x4F, 0xF0,
    0x57, 0x61, 0x3A, 0xA5, 0x46, 0x92, 0x01, 0x1F, 0x15, 0xD8, 0xB3, 0xA8, 0x7D, 0x52, 0x99, 0x2F,
    0x0D, 0x26, 0x6B, 0x4F, 0xFC, 0x1F, 0x7E, 0x8C, 0xAF, 0xAB, 0x31, 0x4C, 0xB8, 0x48, 0x2C, 0xE9,
    0xC0, 0x94, 0x07, 0xA6, 0xB2, 0x61, 0x72, 0x15, 0x93, 0x80, 0xCC, 0x88, 0x45, 0x5C, 0xCD, 0xA4,
    0xDB, 0x58, 0xDF, 0x2D, 0xFB, 0xA9, 0xF9, 0x08, 0x6F, 0x27, 0x4C, 0x0D, 0xC0, 0x36, 0xB0, 0x07,
    0xDC, 0x05, 0x3A, 0x00, 0xD8, 0x02, 0xCC, 0xB7, 0xD8, 0xB6, 0x06, 0xC1, 0xA4, 0x03, 0x26, 0x0F,
    0x98, 0x98, 0xCB, 0x38, 0x8B, 0x91, 0x99, 0x1A, 0xF3, 0x9F, 0x01, 0x93, 0xF6, 0x98, 0x64, 0xC4,
    0x20, 0x98, 0x67, 0xDB, 0x37, 0xC0, 0x75, 0xE0, 0x17, 0xAC, 0x36, 0x5D, 0xB0, 0x06, 0x8F, 0x51,
    0x03, 0x26, 0xEB, 0x30, 0x7A, 0x6E, 0xAB, 0xC2, 0x08, 0x4B, 0x5B, 0x9F, 0xB7, 0x98, 0x77, 0x9E,
    0x6F, 0x4B, 0xED, 0x93, 0x75, 0xCC, 0x3B, 0x1E, 0x5A, 0x34, 0xF6, 0x64, 0x92, 0x61, 0x51, 0xB2,
    0x9F, 0x87, 0xA2, 0xBE, 0x0C, 0x6C, 0xE1, 0x5E, 0x56, 0xCE, 0x92, 0x60, 0xD5, 0xDB, 0x3D, 0xB8,
    0x0B, 0x1D, 0x27, 0x4C, 0x04, 0xDB, 0x18, 0x2E, 0xF3, 0x21, 0xB0, 0xC5, 0x96, 0xB1, 0xF7, 0x8C,
    0x1D, 0x8C, 0xED, 0x8C, 0xDD, 0x39, 0x49, 0xD2, 0xAD, 0x0D, 0xEB, 0x8A, 0xCA, 0x15, 0xB8, 0x8B,
    0xB8, 0x73, 0x38, 0x4E, 0xA4, 0xE3, 0x7A, 0xB7, 0x63, 0xAE, 0x74, 0xE6, 0x4A, 0x6F, 0xDE, 0x0E,
    0xC7, 0x27, 0x3A, 0xB6, 0xA9, 0x0D, 0x9C, 0xB1, 0xCE, 0x59, 0x57, 0x1E, 0x9B, 0x68, 0xB9, 0xB5,
    0xB4, 0xC7, 0x20, 0x2B, 0x06, 0xF0, 0xED, 0x42, 0xF9, 0x5C, 0xBD, 0x3C, 0x45, 0xED, 0x90, 0x86,
    0x6F, 0xA9, 0x27, 0x15, 0x32, 0xA1, 0xEC, 0x30, 0x81, 0xE2, 0x5B, 0x3B, 0xC0, 0x6D, 0x48, 0x06,
    0xC8, 0x5B, 0x28, 0x2A, 0x00, 0x76, 0x61, 0x47, 0xEA, 0xA4, 0x97, 0x36, 0x12, 0x22, 0x7D, 0xD2,
    0x8F, 0x63, 0xD2, 0x0F, 0x12, 0x71, 0x6F, 0xF7, 0x43, 0xF9, 0xCB, 0x7E, 0xD0, 0xBF, 0xEB, 0x87,
    0xFC, 0x7F, 0xFB, 0x21, 0x7D, 0xDC, 0x0F, 0x6A, 0xEA, 0x07, 0x24, 0xE2, 0x22, 0x65, 0x44, 0xF7,
    0x24, 0xFB, 0x90, 0x77, 0x50, 0xD4, 0x70, 0x19, 0x00, 0xBE, 0xBF, 0x79, 0x93, 0x3D, 0x37, 0xE2,
    0x44, 0x70, 0x4D, 0xA4, 0x72, 0xD6, 0x59, 0x63, 0x1D, 0x2F, 0x66, 0x2D, 0x5E, 0x0E, 0xE7, 0x2F,
    0x74, 0x0D, 0x85, 0x85, 0x8B, 0x67, 0xF7, 0xF3, 0xDC, 0xC9, 0x7A, 0x19, 0xF8, 0x10, 0x00, 0x92,
    0x6A, 0x93, 0xA4, 0xDB, 0x03, 0xDF, 0x83, 0x09, 0x6B, 0x1B, 0xC7, 0x4D, 0xFB, 0x26, 0xD9, 0x6F,
    0x07, 0x12, 0x09, 0xE0, 0xEB, 0x33, 0xFB, 0xDE, 0xB0, 0x2C, 0xFD, 0xA7, 0xA8, 0xE7, 0x50, 0x01,
    0xE5, 0xE6, 0xF9, 0x5B, 0x5C, 0x2E, 0x3E, 0x10, 0x5E, 0x2F, 0x44, 0x2A, 0x8A, 0x60, 0x6A, 0x8A,
    0xA6, 0x88, 0xA1, 0x3E, 0x51, 0x78, 0xAE, 0x83, 0x5D, 0x64, 0x88, 0x1D, 0x9C, 0x3B, 0xE7, 0x3F,
    0xEA, 0x07, 0xF3, 0x59, 0x3F, 0x14, 0xB1, 0x63, 0x79, 0xEC, 0x58, 0x2A, 0xAB, 0x8E, 0xF9, 0x88,
    0x89, 0xE8, 0x48, 0x16, 0x49, 0x7B, 0x48, 0x22, 0x69, 0x47, 0x2A, 0x21, 0xD2, 0x90, 0x3C, 0x59,
    0x75, 0x70, 0x38, 0xE5, 0x1B, 0x33, 0xE3, 0x2C, 0x1B, 0xCF, 0x9C, 0x33, 0x1B, 0x3B, 0x00, 0xE0,
    0x65, 0x01, 0xE0, 0xC2, 0x32, 0x15, 0x93, 0x8B, 0xB4, 0xC5, 0xE3, 0x0F, 0x7A, 0x53, 0xA7, 0x83,
    0xAB, 0xD4, 0xE8, 0x61, 0x8A, 0xC8, 0x33, 0x4C, 0xCE, 0x32, 0x99, 0x2A, 0x19, 0x4D, 0x9B, 0x0D,
    0x5A, 0xA4, 0xCB, 0x44, 0x1A, 0xFC, 0xC4, 0xE1, 0x92, 0x4B, 0x60, 0x66, 0xF5, 0x64, 0xCB, 0xFC,
    0x77, 0x29, 0x03, 0xEE, 0x27, 0x13, 0x1E, 0xCF, 0x84, 0x7B, 0x8A, 0x8F, 0x38, 0x04, 0xF3, 0x87,
    0x91, 0x42, 0x7A, 0x12, 0x69, 0x00, 0x8E, 0x3E, 0x4A, 0xAD, 0xD5, 0xE3, 0x26, 0xDF, 0x47, 0x7F,
    0xD2, 0x93, 0x49, 0x40, 0x49, 0xF5, 0x6A, 0x3E, 0xB7, 0x2F, 0x58, 0xEE, 0x1B, 0xE8, 0xEF, 0x92,
    0xFE, 0x3A, 0xAC, 0xD5, 0x67, 0xF2, 0xB3, 0x7D, 0xB2, 0x3F, 0x76, 0xE8, 0x7F, 0x6E, 0xB8, 0x5C,
    0xF0, 0x6A, 0x3E, 0x2F, 0x7C, 0xB2, 0xBB, 0x9B, 0x48, 0x5C, 0xF2, 0x39, 0x14, 0x8F, 0xDE, 0x7B,
    0xB4, 0x6B, 0x6A, 0xDD, 0xE2, 0xEC, 0x1C, 0x88, 0xC1, 0xA3, 0x65, 0x9C, 0xC3, 0xB4, 0xFA, 0xEB,
    0xB0, 0xC2, 0x54, 0x31, 0x94, 0x4D, 0x0C, 0x7A, 0xF2, 0x22, 0x99, 0xC4, 0x05, 0x3F, 0x87, 0x95,
    0xA3, 0x6B, 0x15, 0x5A, 0xFE, 0xB0, 0xCC, 0x99, 0x7D, 0x3D, 0x45, 0x5F, 0x52, 0xBB, 0xD9, 0x99,
    0x35, 0x76, 0xC2, 0x1D, 0xF8, 0x39, 0x8A, 0xCC, 0xF1, 0xE0, 0x20, 0x46, 0x0F, 0x11, 0xA9, 0xC0,
    0x7C, 0x25, 0x8F, 0xFE, 0x9E, 0x42, 0xBE, 0x96, 0x89, 0x44, 0x7E, 0x2D, 0x23, 0xAB, 0x45, 0xED,
    0x43, 0xF6, 0xFC, 0x65, 0x72, 0x99, 0x97, 0xEB, 0x22, 0x23, 0xE6, 0xA7, 0x82, 0xB1, 0x2E, 0xB6,
    0x3F, 0x17, 0x87, 0xF9, 0x81, 0x60, 0x64, 0x88, 0x04, 0xCC, 0xC3, 0xC8, 0x95, 0x1E, 0xF3, 0xF6,
    0x80, 0xB1, 0x4F, 0xF7, 0xAB, 0xCD, 0xDC, 0xD1, 0x0B, 0x15, 0xCE, 0x32, 0x92, 0x86, 0xE5, 0x8A,
    0x51, 0xED, 0x99, 0xDA, 0x49, 0xE5, 0x1E, 0x5B, 0x57, 0xCF, 0x35, 0x8E, 0x63, 0xB4, 0x96, 0xCC,
    0x00, 0x17, 0x2C, 0x94, 0x33, 0xC0, 0x25, 0x38, 0x85, 0x05, 0x60, 0x1B, 0x0C, 0x5C, 0x3E, 0xBC,
    0xB4, 0x1E, 0x5E, 0x01, 0xD5, 0x72, 0x05, 0x5C, 0xDB, 0x10, 0x2D, 0x53, 0x3C, 0x85, 0x90, 0x8D,
    0xA7, 0xF1, 0x77, 0xE1, 0x06, 0xA6, 0x62, 0x24, 0xE9, 0x00, 0xD4, 0x8F, 0xD1, 0xD2, 0x19, 0x09,
    0xFE, 0xA7, 0xE1, 0x3E, 0xF8, 0xA8, 0x0A, 0xD3, 0xA3, 0xC5, 0x26, 0xD2, 0x52, 0x76, 0x64, 0x3D,
    0x49, 0xDF, 0xA4, 0xBD, 0xDC, 0xE9, 0x44, 0x5A, 0x27, 0x16, 0x38, 0xF2, 0xEE, 0x9C, 0xBF, 0x8D,
    0x91, 0xDA, 0xDF, 0xA9, 0x47, 0xAC, 0x58, 0x7C, 0x47, 0x39, 0x1F, 0x5E, 0x53, 0x36, 0xE8, 0xF6,
    0xF1, 0x07, 0x8D, 0xC4, 0xDA, 0x09, 0x38, 0xF2, 0xB1, 0xF8, 0x8C, 0xD9, 0x93, 0x5B, 0xE8, 0x81,
    0xD2, 0x73, 0x4F, 0xD7, 0x27, 0xCF, 0x7E, 0xB6, 0x74, 0x2A, 0xA0, 0x06, 0xB8, 0x8C, 0xDA, 0x23,
    0x1B, 0x50, 0x3B, 0x27, 0x4D, 0x97, 0x34, 0xA4, 0x1D, 0x7C, 0xC8, 0xC6, 0x5D, 0x74, 0xCF, 0xC6,
    0x0E, 0x6F, 0x72, 0xAB, 0xF8, 0xA7, 0x36, 0x97, 0x3A, 0x95, 0xB3, 0x8F, 0xFC, 0x91, 0x37, 0xFD,
    0xE4, 0x7D, 0xDF, 0xDA, 0xDD, 0xB5, 0x5E, 0xA4, 0x9E, 0xB9, 0xE6, 0x0F, 0x2C, 0xC6, 0x72, 0x6A,
    0xFE, 0x8A, 0xE5, 0x35, 0xAF, 0xE1, 0xBD, 0x88, 0x54, 0x70, 0x15, 0x80, 0xB4, 0x9D, 0x95, 0x3F,
    0xA9, 0xA2, 0x1D, 0x27, 0xB5, 0x6E, 0xF9, 0xB6, 0x62, 0x6D, 0x26, 0xF5, 0xEC, 0xEE, 0x12, 0x18,
    0x4B, 0x5E, 0xCF, 0x8D, 0x48, 0xC5, 0x55, 0x36, 0xED, 0x1B, 0x64, 0xED, 0xE1, 0x39, 0xD2, 0xB0,
    0x36, 0xC7, 0xCB, 0x27, 0xD3, 0x0A, 0x0A, 0xD2, 0xF6, 0x62, 0xE4, 0xDC, 0x6C, 0x83, 0xE8, 0x12,
    0x17, 0xD1, 0x2D, 0x2F, 0x64, 0xDE, 0x2F, 0xFA, 0x25, 0x89, 0xBC, 0xCC, 0xCF, 0x79, 0xBF, 0x8F,
    0x96, 0x81, 0x99, 0x0D, 0xF7, 0x2F, 0xDF, 0xE1, 0xE7, 0xF8, 0x91, 0x32, 0x62, 0x9D, 0x54, 0xC5,
    0x23, 0x7B, 0x74, 0xA4, 0x80, 0xD7, 0xCE, 0x91, 0x4C, 0x7F, 0x49, 0x2A, 0x03, 0xD9, 0x3B, 0xDD,
    0x62, 0x05, 0xB5, 0x63, 0x6C, 0xDA, 0x9D, 0x98, 0x2A, 0x9B, 0xE7, 0x75, 0x82, 0x9E, 0xA4, 0xC9,
    0x44, 0x2A, 0xFC, 0x08, 0x00, 0x3B, 0xE7, 0x48, 0xC7, 0xB7, 0xC8, 0xA5, 0x47, 0xE7, 0x01, 0x80,
    0xED, 0x58, 0xDC, 0xCB, 0x8A, 0x15, 0xCC, 0xE1, 0x57, 0x0B, 0x53, 0xC9, 0xD3, 0x45, 0xC6, 0x99,
    0xF5, 0x7A, 0x04, 0x32, 0xE9, 0x66, 0x5E, 0xC9, 0x9F, 0x9A, 0xBF, 0x41, 0x7A, 0xF4, 0xC1, 0xE2,
    0xAF, 0x5C, 0xEF, 0x38, 0x9E, 0xE7, 0xFB, 0x64, 0xBF, 0xB9, 0x4B, 0x2A, 0x1D, 0xF8, 0xFA, 0xD5,
    0xC7, 0xB1, 0x6C, 0xE0, 0x7A, 0x80, 0x7F, 0xF8, 0x39, 0x5C, 0x0A, 0xF3, 0xFA, 0xDA, 0xC7, 0x14,
    0x6F, 0xE1, 0x4F, 0x35, 0xEA, 0xB3, 0x66, 0x7E, 0x05, 0x67, 0x5F, 0xCD, 0xF7, 0xB5, 0x6D, 0x18,
    0xEF, 0x93, 0x74, 0x3D, 0xD9, 0xAF, 0xD6, 0xEB, 0x57, 0xDD, 0xDA, 0x27, 0xFD, 0xBF, 0x1E, 0xFD,
    0xA0, 0xA5, 0xD0, 0x67, 0xF6, 0xB9, 0x26, 0x4F, 0xD3, 0x33, 0xD3, 0x28, 0x01, 0x98, 0x56, 0x83,
    0xB9, 0x75, 0x46, 0x4F, 0x6F, 0x2D, 0x6D, 0xA9, 0x10, 0x11, 0xC0, 0x03, 0xE7, 0x80, 0xED, 0x0A,
    0xC0, 0xB7, 0x80, 0x7A, 0xD2, 0x01, 0x59, 0x7B, 0x0F, 0x78, 0x3A, 0x81, 0xAD, 0x76, 0x26, 0x4C,
    0x9D, 0x05, 0x1F, 0x63, 0xDE, 0x3A, 0x5C, 0xA3, 0x1B, 0x63, 0x7D, 0xAB, 0x6B, 0x53, 0x49, 0x28,
    0xEA, 0xB2, 0x7E, 0xD2, 0x95, 0x55, 0xF1, 0x1F, 0x8F, 0x7B, 0x63, 0xF5, 0x67, 0xDD, 0x60, 0xC8,
    0xFF, 0x2B, 0x0C, 0x8E, 0xEC, 0x7F, 0xC2, 0xBD, 0xFB, 0xA4, 0x7F, 0x6A, 0xAF, 0xDF, 0x23, 0xFD,
    0xBA, 0xB9, 0x3C, 0x90, 0x48, 0x6D, 0x06, 0x94, 0xD4, 0x65, 0x0F, 0x62, 0x8B, 0x0E, 0x04, 0xBD,
    0x7A, 0xB8, 0x26, 0x11, 0x0B, 0xD9, 0xC3, 0x06, 0x8A, 0xB7, 0x03, 0x00, 0xFC, 0x98, 0xDB, 0xEC,
    0x3B, 0x25, 0x0C, 0x26, 0x11, 0x35, 0x98, 0x2B, 0x0F, 0xAF, 0xF4, 0xE5, 0xC7, 0x9F, 0x7F, 0x1C,
    0x8A, 0x07, 0x9F, 0x3E, 0x08, 0xFA, 0xD3, 0x07, 0x9F, 0xB6, 0xFA, 0xF3, 0x8F, 0x3F, 0x6F, 0xB2,
    0x87, 0x57, 0x1E, 0xD6, 0xA9, 0xBC, 0x2D, 0x31, 0x28, 0xA9, 0x92, 0x18, 0x50, 0x13, 0x02, 0x17,
    0x2A, 0x70, 0x2D, 0x4C, 0x3D, 0x69, 0x7B, 0x1D, 0x80, 0x5D, 0xD4, 0x8E, 0x47, 0x07, 0x53, 0xCD,
    0xCF, 0x70, 0xA6, 0xD6, 0xAD, 0xB3, 0x59, 0x98, 0x48, 0x1F, 0xCF, 0xDE, 0x7A, 0x90, 0xB0, 0x1C,
    0x53, 0xD6, 0x2F, 0x66, 0x35, 0xD9, 0x9F, 0xCE, 0x93, 0xFD, 0xF5, 0xB0, 0x98, 0x8D, 0xC9, 0x3C,
    0xA6, 0x32, 0x36, 0x96, 0xCA, 0x51, 0xD4, 0x13, 0xBA, 0x19, 0xC8, 0x7F, 0x3B, 0x90, 0xFE, 0xB1,
    0x8B, 0x23, 0x11, 0x50, 0xD2, 0x82, 0x34, 0xE0, 0xEB, 0x6F, 0xBE, 0xD9, 0x16, 0xF8, 0xF3, 0x11,
    0x4C, 0x1F, 0x69, 0x61, 0x8B, 0x65, 0x49, 0xC2, 0x5D, 0xD2, 0x30, 0xA0, 0x6E, 0xFE, 0x68, 0x7D,
    0xBE, 0x93, 0x5B, 0xA0, 0x03, 0x94, 0x15, 0x5C, 0xE7, 0xF0, 0x86, 0x83, 0x13, 0xA9, 0x66, 0xB6,
    0x0F, 0x04, 0xD4, 0xB8, 0x9A, 0x03, 0x0D, 0x50, 0x34, 0x8B, 0x4F, 0x01, 0x35, 0xCC, 0x9B, 0x57,
    0x87, 0xD7, 0x2C, 0xC7, 0xAC, 0x38, 0xF2, 0x7B, 0x89, 0xED, 0x83, 0x9B, 0x46, 0xBA, 0x28, 0x74,
    0x98, 0xF7, 0x75, 0x96, 0x89, 0x74, 0x98, 0x5B, 0x9C, 0xF7, 0xFA, 0xF2, 0x96, 0x93, 0x3E, 0x8A,
    0x0D, 0xC0, 0x54, 0x0B, 0xE5, 0xFA, 0xDC, 0x1C, 0xF9, 0x4D, 0xC2, 0x09, 0xDD, 0x1C, 0xF9, 0x70,
    0xB0, 0x36, 0x37, 0x6F, 0xF0, 0xBE, 0xFE, 0x55, 0xC8, 0xA4, 0x56, 0x62, 0x4F, 0xEE, 0x46, 0xFD,
    0x2D, 0x5A, 0x30, 0x51, 0xFF, 0x88, 0xE1, 0xA4, 0xFA, 0x7F, 0xCD, 0x9A, 0x01, 0xA4, 0x25, 0x59,
    0x7E, 0xFF, 0x3F, 0x55, 0x35, 0xFD, 0xEA, 0xAF, 0x0B, 0xD5, 0x7F, 0xD2, 0x36, 0xE9, 0x25, 0x17,
    0x82, 0x9D, 0x47, 0xB6, 0x00, 0x12, 0x7A, 0xE7, 0x9C, 0xD9, 0x45, 0x03, 0xD2, 0xE8, 0xB7, 0x21,
    0xC1, 0x00, 0xEC, 0xB4, 0x24, 0x03, 0x41, 0xC2, 0x6E, 0x9F, 0x9A, 0x09, 0x59, 0x12, 0xA4, 0x11,
    0x0B, 0xA0, 0xD1, 0xA1, 0xFB, 0x0E, 0x7A, 0xB1, 0x61, 0x30, 0xDD, 0xA7, 0x64, 0xB1, 0x08, 0xD4,
    0x0C, 0xC9, 0x00, 0xD4, 0xEC, 0xCC, 0x08, 0x3B, 0xD8, 0x33, 0xD4, 0x4A, 0xF5, 0xBC, 0xAA, 0xF3,
    0xCB, 0x39, 0xA7, 0xAE, 0xFB, 0x7A, 0xE6, 0x75, 0x4F, 0x6F, 0xE6, 0xBD, 0x19, 0x39, 0xF7, 0xF7,
    0xFD, 0x1C, 0x6F, 0xEE, 0xBD, 0x55, 0xDF, 0x53, 0x53, 0xF7, 0xFC, 0x7E, 0xF5, 0xD3, 0x40, 0x76,
    0x9D, 0x2B, 0x77, 0x8B, 0x31, 0x13, 0xF9, 0xB1, 0xAB, 0x44, 0x64, 0xD8, 0x3C, 0x7E, 0x4D, 0x3A,
    0xD5, 0x15, 0x1E, 0xD3, 0x66, 0x0B, 0x16, 0x7C, 0x84, 0x7C, 0x16, 0x1E, 0xA3, 0x03, 0x54, 0x97,
    0x2F, 0xA8, 0xA1, 0x9C, 0xA9, 0x45, 0x46, 0x4A, 0x91, 0x1E, 0xAC, 0x67, 0x3F, 0x6E, 0x40, 0x36,
    0x67, 0xDB, 0x97, 0xE7, 0x4A, 0xFE, 0x7B, 0x6C, 0x44, 0x06, 0xF3, 0xBA, 0x68, 0x8B, 0xC5, 0x63,
    0xF6, 0x8A, 0x7F, 0x1B, 0x2D, 0xA8, 0x8F, 0x17, 0x36, 0x32, 0x91, 0x4B, 0x7F, 0x72, 0x80, 0xCB,
    0xC1, 0xE2, 0xA2, 0x74, 0xF1, 0x9B, 0x39, 0xE0, 0x78, 0x0A, 0x90, 0x21, 0xC0, 0x13, 0x30, 0x3E,
    0x0F, 0x6D, 0xE9, 0x68, 0xFA, 0xDA, 0x51, 0x7B, 0xE9, 0xA3, 0xBD, 0x16, 0xEC, 0xC2, 0x7E, 0x5C,
    0xD0, 0xC0, 0xA6, 0x3B, 0xE4, 0xB0, 0x69, 0x0D, 0xC6, 0xE8, 0x00, 0x4F, 0xC0, 0x87, 0x11, 0x9C,
    0x86, 0x25, 0x39, 0x0D, 0x56, 0x05, 0x1A, 0x11, 0xA8, 0x7C, 0xC3, 0xC9, 0xB8, 0xC8, 0xB7, 0x00,
    0xA8, 0xDE, 0x99, 0x00, 0xC8, 0xC5, 0x91, 0x86, 0x74, 0xEC, 0x06, 0x97, 0x8F, 0xA2, 0x8E, 0x50,
    0x32, 0x61, 0x45, 0xB4, 0x12, 0x89, 0x33, 0x6A, 0x2B, 0xDD, 0xCD, 0xAD, 0xA0, 0x74, 0x33, 0x90,
    0xCF, 0x61, 0xAE, 0x1D, 0x65, 0x5C, 0x4A, 0x40, 0x3D, 0xAC, 0x4B, 0x6A, 0xBA, 0x38, 0x4F, 0x18,
    0xBD, 0xCE, 0x9E, 0xF4, 0x7E, 0x3E, 0xC7, 0xB9, 0x72, 0xE5, 0x48, 0xFA, 0x5E, 0x3D, 0xC4, 0xD9,
    0xF4, 0xAA, 0x03, 0x25, 0xD2, 0xAE, 0xE7, 0x59, 0x58, 0xE7, 0xDB, 0x69, 0x06, 0x78, 0x91, 0xBB,
    0xD1, 0xCE, 0xE6, 0xC7, 0x2E, 0xBA, 0xA9, 0xA4, 0x8B, 0x66, 0xF2, 0xD5, 0x0B, 0x24, 0x2B, 0x87,
    0xDB, 0x3B, 0xF1, 0x88, 0x4A, 0x5C, 0x3C, 0x51, 0x9A, 0x8A, 0xE8, 0x27, 0x9D, 0x5E, 0x75, 0x69,
    0xB2, 0xC9, 0x44, 0xB6, 0x24, 0x0F, 0xC5, 0x94, 0x2C, 0x54, 0x2E, 0x39, 0xD8, 0x74, 0xC9, 0x80,
    0xFA, 0xD5, 0x9D, 0xF5, 0xFC, 0xE3, 0x7A, 0xFA, 0x11, 0x8E, 0xF2, 0xF6, 0x22, 0x60, 0xF3, 0xF1,
    0x51, 0x9C, 0x90, 0x29, 0x4D, 0xCA, 0xA5, 0x09, 0xC8, 0xEF, 0xDA, 0x83, 0xED, 0x7D, 0x36, 0x62,
    0x2B, 0x11, 0x94, 0x48, 0x9C, 0xCC, 0x1B, 0x42, 0xBA, 0x2F, 0x85, 0xB4, 0x7C, 0x4B, 0xED, 0xF0,
    0x18, 0x9A, 0x2E, 0x4D, 0x46, 0x23, 0x58, 0x3C, 0x01, 0x92, 0xCF, 0x60, 0x3E, 0x96, 0xD2, 0x6F,
    0x69, 0xC4, 0xD6, 0x22, 0x54, 0x8B, 0x8A, 0xD3, 0x6E, 0x5C, 0x8E, 0xB7, 0x80, 0xD2, 0xD4, 0xFD,
    0x99, 0x20, 0xF3, 0x93, 0x00, 0x22, 0xA2, 0x21, 0x6A, 0x69, 0x23, 0x80, 0xF2, 0x43, 0x80, 0x0B,
    0x5C, 0x86, 0x4D, 0xA7, 0xF4, 0x8A, 0xBA, 0x0D, 0x80, 0x80, 0x8B, 0x6D, 0xFA, 0x6F, 0xBF, 0x35,
    0x64, 0x7E, 0x12, 0xC0, 0x1E, 0x99, 0x09, 0x28, 0xA5, 0x8D, 0x00, 0xB2, 0x1B, 0x5C, 0xE6, 0xBA,
    0xC9, 0x66, 0x93, 0x2D, 0x86, 0xB7, 0x0C, 0x18, 0xEE, 0xC5, 0x3F, 0x9F, 0x17, 0xAC, 0xF1, 0x8D,
    0x19, 0x35, 0xA1, 0x1C, 0x97, 0xF5, 0x11, 0x5C, 0xCF, 0xAE, 0x4B, 0x97, 0x4F, 0xA5, 0x93, 0x21,
    0xD1, 0x25, 0x4E, 0x91, 0xCB, 0x12, 0x39, 0x4B, 0xA2, 0xF9, 0x6E, 0x64, 0xF3, 0x6F, 0x91, 0xF5,
    0x2F, 0x23, 0xAB, 0x4F, 0x22, 0x8B, 0xC7, 0x91, 0x99, 0x8F, 0x44, 0x12, 0x4D, 0x62, 0x93, 0x58,
    0x07, 0x02, 0xAC, 0xDC, 0x44, 0x16, 0xD2, 0x27, 0xB6, 0x40, 0xFE, 0x18, 0x80, 0x2C, 0x39, 0xA9,
    0x5C, 0x74, 0x52, 0xAF, 0x4E, 0xFA, 0xE8, 0x04, 0xA2, 0x93, 0x83, 0xDB, 0xD1, 0x49, 0x95, 0x9C,
    0x54, 0xC9, 0x49, 0x95, 0x9C, 0x54, 0xC9, 0x49, 0x95, 0x9C, 0x54, 0xD1, 0x49, 0x64, 0xE6, 0x23,
    0x91, 0x44, 0x93, 0xD8, 0x24, 0xD6, 0x81, 0x00, 0x2B, 0xEB, 0xC8, 0xEC, 0x95, 0x01, 0xC8, 0xA5,
    0x4F, 0x6C, 0x77, 0xDB, 0x1B, 0x70, 0x29, 0x62, 0x06, 0xB2, 0x05, 0xE0, 0xAD, 0x08, 0xBE, 0x75,
    0xF1, 0x0E, 0xF7, 0x6E, 0x99, 0x25, 0x9B, 0x8D, 0x48, 0x40, 0x1F, 0xD1, 0x9A, 0x97, 0x67, 0xA3,
    0x55, 0x00, 0xCF, 0x05, 0x90, 0xED, 0xF1, 0x8D, 0x08, 0x35, 0x45, 0x38, 0xE0, 0xB2, 0xCE, 0xEE,
    0x1C, 0xB4, 0xCC, 0x8D, 0x46, 0x2D, 0x50, 0x4F, 0xBB, 0xED, 0xEC, 0x3A, 0x34, 0xE3, 0xFA, 0x41,
    0x33, 0xC3, 0xA3, 0x87, 0xB0, 0x18, 0xB2, 0x59, 0x91, 0xCF, 0xAA, 0x2D, 0xC6, 0xA6, 0x2B, 0x5D,
    0xDD, 0x55, 0x22, 0x43, 0x2D, 0xE2, 0x36, 0x22, 0xA3, 0xEA, 0x8A, 0x49, 0xB5, 0x79, 0x70, 0x95,
    0x2D, 0x02, 0xFE, 0xA0, 0xBD, 0x42, 0xE1, 0x1E, 0x82, 0x8C, 0x60, 0x06, 0xD2, 0xB8, 0x79, 0x9B,
    0x4A, 0x66, 0x4A, 0xF1, 0xE4, 0x58, 0xC0, 0xC0, 0x9B, 0x42, 0x25, 0x42, 0xF3, 0x91, 0x41, 0xB5,
    0x51, 0x16, 0xF5, 0x9F, 0x42, 0x23, 0x96, 0xCA, 0x6F, 0xD6, 0x4B, 0xC0, 0x9D, 0xE6, 0xDA, 0x50,
    0x49, 0x5B, 0x48, 0x72, 0x77, 0xA4, 0x37, 0xD2, 0xD5, 0x12, 0x73, 0x46, 0x36, 0x7F, 0x51, 0x94,
    0x12, 0x3F, 0x19, 0x22, 0x6C, 0x4F, 0x9B, 0x98, 0x97, 0xBA, 0x5C, 0x00, 0xB8, 0x47, 0x36, 0x3F,
    0x3F, 0x88, 0xD7, 0xE6, 0x61, 0xBC, 0x36, 0x1E, 0xEA, 0x19, 0x80, 0x90, 0xE5, 0xC8, 0x44, 0xDA,
    0x6A, 0x4D, 0x71, 0x53, 0x58, 0xF7, 0x1C, 0x13, 0x9C, 0x05, 0x1F, 0x24, 0x4F, 0xC8, 0xC7, 0xD4,
    0xA6, 0xDA, 0x7C, 0x89, 0x89, 0x2D, 0xE6, 0xB5, 0x94, 0xD6, 0xAC, 0xDF, 0x6F, 0xF0, 0xD5, 0xBB,
    0x13, 0x85, 0x0C, 0xFB, 0x4D, 0x3D, 0xDB, 0x6A, 0x2A, 0x71, 0x34, 0x32, 0x63, 0x5E, 0xF7, 0x9C,
    0xCE, 0x6F, 0x06, 0x83, 0xA0, 0xFE, 0xEB, 0xB3, 0xF9, 0x2D, 0xBF, 0x7D, 0x51, 0x67, 0x93, 0x01,
    0x3B, 0x43, 0xE3, 0x00, 0x88, 0xE9, 0x2E, 0x6E, 0xB0, 0xBF, 0xB5, 0xDA, 0xD2, 0xC5, 0x0C, 0x17,
    0x13, 0x5C, 0xCA, 0x6F, 0x76, 0x59, 0x7D, 0xEA, 0x17, 0x29, 0xDF, 0x9F, 0xD7, 0x04, 0x64, 0x57,
    0x9F, 0x87, 0xE1, 0x65, 0x9E, 0xF7, 0x4A, 0x79, 0x58, 0x68, 0x44, 0x4E, 0x52, 0xDB, 0xD1, 0x0D,
    0x90, 0x05, 0xB6, 0xF7, 0xE1, 0xD2, 0x25, 0x98, 0x7E, 0x04, 0x73, 0xD0, 0xA5, 0xDF, 0x39, 0x37,
    0xBF, 0xF9, 0xF6, 0x0E, 0xA5, 0x8C, 0x69, 0xCE, 0xF4, 0x75, 0x8A, 0x5F, 0x3A, 0x8A, 0x77, 0xDD,
    0xD9, 0x7C, 0xA7, 0xE1, 0x21, 0x9F, 0xA0, 0xEC, 0xE1, 0xF2, 0xF9, 0x7B, 0xDF, 0x8F, 0x72, 0x5C,
    0xB7, 0x7D, 0xC5, 0xF9, 0xFA, 0x1F, 0xBF, 0x0D, 0xB7, 0x26, 0xD8, 0x0C, 0x5F, 0xD9, 0xB5, 0x4F,
    0xF6, 0xDF, 0x71, 0x64, 0xC7, 0x3D, 0x18, 0x7D, 0xAE, 0xFE, 0xB3, 0x05, 0x30, 0x40, 0xDD, 0xC2,
    0xFF, 0xBF, 0xFE, 0xD5, 0xF9, 0x1F, 0x77, 0x3B, 0xE5, 0x2D, 0xCE, 0xCD, 0xFF, 0xC1, 0x7D, 0x94,
    0xF4, 0x4A, 0xC6, 0x4B, 0xC5, 0x0C, 0x0B, 0x78, 0x91, 0x18, 0x0B, 0xCB, 0xA3, 0x6C, 0x36, 0xD7,
    0xA6, 0x46, 0x5C, 0x4A, 0xB4, 0x70, 0x74, 0x04, 0xE2, 0x61, 0xBB, 0x85, 0x4B, 0x2F, 0xC0, 0xDB,
    0x2F, 0x45, 0xC5, 0x55, 0x9E, 0xCB, 0xAE, 0x9C, 0x6F, 0xEF, 0x52, 0xC8, 0x44, 0x16, 0x66, 0xE2,
    0xEA, 0x3E, 0x99, 0xC8, 0xDD, 0x78, 0x96, 0xDD, 0xF9, 0xB3, 0x9E, 0x33, 0x0D, 0x65, 0xBF, 0x2A,
    0xD3, 0xE7, 0xEB, 0x39, 0xEE, 0x1E, 0x17, 0x81, 0x46, 0xC3, 0x86, 0xB3, 0x79, 0xDE, 0x0D, 0x59,
    0xF6, 0x5C, 0x47, 0x76, 0x14, 0x57, 0x53, 0x88, 0x88, 0xA6, 0x4A, 0xAC, 0x3F, 0x7E, 0x1C, 0x0B,
    0xDB, 0x5F, 0x38, 0x40, 0x5D, 0x8B, 0x34, 0x65, 0xE4, 0xA3, 0x52, 0x04, 0xE6, 0xC8, 0x3C, 0xB1,
    0x10, 0x71, 0x50, 0x25, 0xD6, 0x89, 0x9B, 0xB0, 0x36, 0x50, 0x6D, 0x29, 0xA2, 0x0D, 0x91, 0x3E,
    0x91, 0x34, 0xE2, 0xA2, 0xF6, 0x5C, 0xC7, 0x5F, 0xB5, 0x37, 0xE3, 0x69, 0x8F, 0xD7, 0x47, 0xA0,
    0xE3, 0x99, 0x0C, 0xDB, 0xAE, 0x45, 0xAD, 0x21, 0x7B, 0x53, 0xB6, 0x96, 0x5A, 0xC2, 0xA0, 0xF9,
    0xD0, 0x6E, 0xB7, 0x69, 0x65, 0x04, 0x4A, 0x4B, 0x5C, 0xE1, 0x47, 0x7F, 0xC9, 0x46, 0xDE, 0x93,
    0x85, 0x4A, 0x5E, 0x3E, 0x39, 0xE8, 0xC1, 0xBF, 0x80, 0x4D, 0xF7, 0x79, 0x5F, 0x2F, 0xDF, 0xEF,
    0x9A, 0x01, 0x54, 0x07, 0x46, 0x83, 0xCD, 0xB6, 0x77, 0x6C, 0x2E, 0x2E, 0x89, 0xCA, 0x99, 0x4C,
    0x66, 0xF5, 0x86, 0x2C, 0x4D, 0xFF, 0xCA, 0x58, 0x7F, 0xFA, 0x9A, 0x2B, 0x45, 0x1C, 0x56, 0x6E,
    0x03, 0xE4, 0xF7, 0x5E, 0x64, 0x23, 0x06, 0x25, 0x82, 0x7D, 0x43, 0x88, 0x2F, 0xBF, 0xCF, 0x4F,
    0x16, 0x8B, 0x60, 0xDE, 0x13, 0x54, 0xAA, 0x8D, 0x2D, 0x10, 0x64, 0xA4, 0x8B, 0xFA, 0x83, 0x7C,
    0x41, 0xC9, 0x1C, 0x34, 0x90, 0x1D, 0xC1, 0xA9, 0x9A, 0xE3, 0x79, 0x3E, 0x81, 0xBD, 0xCF, 0xFC,
    0x81, 0x33, 0xBA, 0x72, 0xAA, 0xAD, 0x5C, 0x33, 0x54, 0xAE, 0xF6, 0x0F, 0x3E, 0xE3, 0xF3, 0x0A,
    0x3F, 0xA8, 0xDF, 0x1D, 0x63, 0x56, 0x5D, 0x2B, 0xBD, 0xBB, 0x2F, 0x06, 0xD7, 0x4A, 0xC4, 0xBC,
    0x2E, 0x16, 0xEB, 0x63, 0x98, 0x10, 0x82, 0xB5, 0x88, 0xFA, 0x58, 0x1A, 0x91, 0x64, 0x37, 0x84,
    0xFF, 0xE3, 0x6B, 0x4B, 0xB0, 0x19, 0x5C, 0x66, 0x47, 0x4F, 0xCD, 0xCF, 0xA1, 0x02, 0xD6, 0x1E,
    0x13, 0x14, 0x5E, 0xC5, 0x8C, 0xAF, 0x1C, 0xBE, 0xE9, 0xF1, 0xA6, 0xC5, 0x0B, 0x48, 0x92, 0x46,
    0x4C, 0x87, 0xAF, 0x07, 0x7C, 0x35, 0xAE, 0x9F, 0xCB, 0x3C, 0x1E, 0xAB, 0x3D, 0x2A, 0x56, 0x22,
    0xE9, 0x31, 0x09, 0x2A, 0xE9, 0x20, 0x97, 0x27, 0x1F, 0x71, 0x61, 0x7E, 0x2A, 0xEE, 0x07, 0x14,
    0x73, 0x40, 0xED, 0x02, 0x9A, 0x2E, 0xC0, 0x6A, 0x58, 0x16, 0x40, 0x12, 0x24, 0x42, 0xC5, 0x37,
    0xEA, 0x21, 0xA0, 0x1A, 0xD9, 0x7D, 0x03, 0x39, 0x9F, 0x92, 0xA5, 0xE8, 0xA1, 0xD6, 0x41, 0x04,
    0x8D, 0x50, 0x05, 0xA1, 0xBF, 0x5C, 0xC9, 0xF2, 0x1D, 0x60, 0x04, 0x1C, 0x20, 0x1A, 0x6C, 0xD0,
    0x0B, 0xAC, 0xC3, 0xCA, 0x2A, 0x38, 0x3F, 0xDF, 0x55, 0xBB, 0xF3, 0x3E, 0x42, 0x19, 0xC4, 0x75,
    0x80, 0xE4, 0x3B, 0x0A, 0xF8, 0xF2, 0xEB, 0xF8, 0x19, 0x30, 0xEE, 0xD6, 0x61, 0xE2, 0x3A, 0x9E,
    0x5E, 0x32, 0xAD, 0xCF, 0xE9, 0x92, 0x74, 0xE5, 0xCD, 0x65, 0xF5, 0xA2, 0x3A, 0x10, 0x28, 0xBC,
    0xA6, 0x48, 0xC7, 0x14, 0xD6, 0x8B, 0xA1, 0xDA, 0xA8, 0x4B, 0x18, 0x7D, 0xEB, 0x4D, 0xC1, 0xC8,
    0x42, 0x23, 0xC3, 0x49, 0xD9, 0xF8, 0xFE, 0xB4, 0x1E, 0x5B, 0xBA, 0xF5, 0x32, 0x6D, 0xEF, 0xEF,
    0x8F, 0x4D, 0x31, 0x43, 0xE5, 0x3E, 0x77, 0xEC, 0x91, 0x5C, 0x16, 0xC8, 0x84, 0xD5, 0xA4, 0xDA,
    0xC9, 0xF2, 0xB7, 0xDF, 0x17, 0xCC, 0x13, 0x3F, 0xCD, 0x2F, 0x55, 0x28, 0x9F, 0x7E, 0xC2, 0xFB,
    0x3F, 0xD3, 0x9B, 0x88, 0x3E, 0x20, 0xDA, 0x58, 0x27, 0x01, 0xBE, 0x9E, 0xA6, 0x04, 0x69, 0xD8,
    0x53, 0xD3, 0xD7, 0xD7, 0x94, 0x80, 0x9B, 0xC4, 0xA3, 0x51, 0x38, 0xA8, 0xBB, 0xF3, 0xDC, 0x66,
    0xA3, 0x7D, 0xEA, 0x81, 0xA6, 0xE5, 0x21, 0x67, 0xD9, 0x66, 0x63, 0x53, 0x01, 0x3C, 0x4A, 0x9F,
    0xE6, 0x61, 0xA2, 0xD9, 0x51, 0x44, 0x3E, 0x47, 0x8F, 0x3A, 0xCD, 0x56, 0x02, 0x9B, 0x63, 0x1F,
    0x58, 0xCB, 0x1C, 0x98, 0xCB, 0xC0, 0x3A, 0x6E, 0xC4, 0xAC, 0x63, 0x26, 0xBC, 0x2C, 0xC8, 0x47,
    0x82, 0x68, 0x8B, 0xA0, 0xB4, 0x4F, 0x32, 0x51, 0x78, 0x04, 0x9F, 0x2D, 0xF8, 0x72, 0xC6, 0x6F,
    0x46, 0xBC, 0xF4, 0xEB, 0x96, 0x3E, 0x81, 0xB4, 0xE0, 0x39, 0xAD, 0x57, 0x01, 0xEE, 0xB3, 0x5E,
    0xC4, 0x4D, 0xB7, 0x5E, 0x6F, 0xE0, 0x08, 0x52, 0x93, 0x43, 0x86, 0x20, 0x17, 0x34, 0xE5, 0x53,
    0x6C, 0x29, 0xCC, 0x12, 0x14, 0xDA, 0x09, 0xB1, 0x99, 0x10, 0x5B, 0x09, 0xB1, 0x91, 0x10, 0xDB,
    0x08, 0xB1, 0x89, 0x30, 0x23, 0x41, 0x26, 0xA8, 0x09, 0xAA, 0xA7, 0xFC, 0xDE, 0xEE, 0x24, 0x4A,
    0x43, 0xD5, 0xED, 0x3B, 0x02, 0xB7, 0xCC, 0x82, 0x11, 0xC1, 0xF4, 0x41, 0xAD, 0xD1, 0x46, 0xC7,
    0xF5, 0x3F, 0x5B, 0xE0, 0xA1, 0x18, 0x21, 0x8B, 0xC7, 0x19, 0xE0, 0xDB, 0x23, 0x5C, 0xFD, 0x23,
    0xF8, 0xC3, 0xB7, 0x76, 0x05, 0xDA, 0xBC, 0x2B, 0xD0, 0x1E, 0xED, 0x0A, 0xB4, 0x78, 0xEB, 0x37,
    0x6D, 0xE1, 0x36, 0x5D, 0xF5, 0xE9, 0x83, 0x7E, 0x57, 0x9C, 0xB9, 0xE6, 0x3F, 0xFE, 0x74, 0x52,
    0x6D, 0xB1, 0x2F, 0xCE, 0x00, 0x28, 0x27, 0xA8, 0xBB, 0x75, 0x0F, 0x6F, 0x5A, 0xB0, 0x03, 0xFC,
    0xD4, 0xC1, 0xBF, 0xEE, 0x6E, 0xAE, 0x0B, 0x4F, 0x2D, 0xD4, 0x62, 0x41, 0x43, 0xFD, 0x64, 0xA1,
    0xA6, 0x9F, 0x5A, 0xA8, 0xDD, 0x8F, 0x28, 0x26, 0x58, 0x8D, 0x43, 0xA3, 0xBF, 0xEE, 0x72, 0x2D,
    0xBF, 0xBB, 0x6F, 0xDE, 0xA4, 0x05, 0xC2, 0x8F, 0xF8, 0x4A, 0x8B, 0x36, 0x0E, 0x35, 0xC8, 0xFE,
    0x81, 0x73, 0x97, 0x0D, 0x7F, 0x9A, 0x89, 0x8C, 0xD1, 0xF1, 0x9A, 0x0D, 0x37, 0xB3, 0x69, 0xD5,
    0x62, 0x79, 0xDB, 0xDB, 0x6C, 0x14, 0x5B, 0x0C, 0x62, 0xAB, 0x4E, 0xEC, 0x46, 0x7B, 0x73, 0x0B,
    0xAF, 0xE6, 0x7C, 0x51, 0xE3, 0x9A, 0x0D, 0x2B, 0x91, 0x7E, 0x63, 0x3D, 0x07, 0xFB, 0xA2, 0xF0,
    0x0E, 0x6C, 0x7A, 0x50, 0xC0, 0xC4, 0x2E, 0x03, 0xFE, 0x35, 0x95, 0xCC, 0xA8, 0x20, 0xF3, 0x77,
    0x1E, 0x5B, 0x09, 0xBE, 0xB6, 0xF8, 0x97, 0x0C, 0xFE, 0x6D, 0x83, 0x8C, 0x16, 0x3B, 0xF8, 0x7D,
    0x73, 0x5D, 0x49, 0xCF, 0xFF, 0x03, 0x2E, 0xFE, 0xFD, 0x6D, 0xAA, 0x0F, 0x1C, 0xB9, 0x9B, 0xE0,
    0xED, 0xAB, 0xE7, 0xD6, 0x40, 0x3A, 0xBC, 0xA2, 0x69, 0xFE, 0xA9, 0xA3, 0xFA, 0xF9, 0x40, 0x3E,
    0xB8, 0xB3, 0x95, 0xFB, 0x07, 0xB7, 0x57, 0x1F, 0xDE, 0x92, 0x0D, 0xF5, 0xB9, 0x79, 0x24, 0x78,
    0xCC, 0xC4, 0x51, 0x1C, 0xCF, 0x94, 0xED, 0xD5, 0x33, 0x79, 0x0C, 0xEB, 0x0D, 0xCB, 0x0D, 0xAB,
    0x5D, 0x17, 0x7B, 0xE1, 0xE8, 0x46, 0x2D, 0x4B, 0x8C, 0xDF, 0xDC, 0xA8, 0x07, 0x76, 0x21, 0xF3,
    0x2E, 0x06, 0x4E, 0x42, 0x96, 0x35, 0x9E, 0x75, 0xC5, 0x72, 0x99, 0xA9, 0xC4, 0xB3, 0xE9, 0x15,
    0x4D, 0xD7, 0x68, 0xF5, 0x2B, 0xDB, 0xAE, 0x59, 0x6B, 0xAB, 0x55, 0xBB, 0xEB, 0x2F, 0x3F, 0xFE,
    0x73, 0x4A, 0x11, 0xB0, 0x0B, 0x00, 0xD9, 0x5D, 0x36, 0x82, 0x7A, 0xD0, 0xFD, 0x4D, 0xD1, 0xA5,
    0x47, 0x3C, 0x2D, 0xD2, 0xC7, 0x38, 0xD2, 0x1E, 0xD6, 0x10, 0xE9, 0xD6, 0xF0, 0xB0, 0x0F, 0x91,
    0x7E, 0x0D, 0x5E, 0xA5, 0x94, 0xAE, 0xFE, 0xB5, 0xFB, 0x7D, 0xDC, 0x5A, 0x60, 0x55, 0xE2, 0x1A,
    0x99, 0x8C, 0x9E, 0x2D, 0x0F, 0x65, 0x9B, 0x9E, 0x81, 0xB7, 0xF7, 0x3D, 0x58, 0x50, 0x1F, 0xFD,
    0xC5, 0x46, 0xE6, 0x5C, 0x46, 0xE0, 0xD5, 0x43, 0x54, 0xD3, 0xD6, 0xFF, 0xD8, 0xAD, 0x8F, 0xDD,
    0xD9, 0xD1, 0xF5, 0x52, 0x5C, 0x21, 0x0E, 0xAB, 0x31, 0x7C, 0x41, 0x64, 0x31, 0xAD, 0xB9, 0x10,
    0x4F, 0x1C, 0x61, 0x00, 0x38, 0x04, 0xF3, 0xFC, 0x38, 0xB8, 0x4B, 0xE3, 0x31, 0x56, 0x8F, 0x45,
    0x97, 0x2A, 0x36, 0x8C, 0xA0, 0x84, 0x6A, 0xA4, 0x74, 0x5F, 0x14, 0x9B, 0x05, 0x23, 0x31, 0x4E,
    0x8E, 0x50, 0x76, 0x40, 0x7E, 0x87, 0xD2, 0x3D, 0x3F, 0xE2, 0x0F, 0xA8, 0xFC, 0xC0, 0x91, 0x8D,
    0x33, 0xFC, 0xF0, 0x3B, 0xE7, 0xDA, 0x65, 0xFC, 0x41, 0x5C, 0xBA, 0xD2, 0x6C, 0xFE, 0xA4, 0xA3,
    0xFC, 0x79, 0x7F, 0xA6, 0x2E, 0x63, 0xDA, 0x34, 0xD4, 0xB2, 0x9E, 0xD5, 0x55, 0xFA, 0x3C, 0x7D,
    0x72, 0x73, 0x6D, 0xD0, 0xD7, 0xC7, 0x8E, 0x9A, 0xB7, 0xCE, 0xE2, 0x33, 0xDE, 0x3F, 0xA8, 0x4D,
    0x4B, 0xFD, 0xEF, 0x1D, 0xC5, 0x3B, 0x6E, 0x57, 0x7E, 0x83, 0x92, 0x31, 0x68, 0x41, 0xFD, 0x44,
    0x50, 0x31, 0x61, 0xA6, 0x57, 0x6C, 0x91, 0xCB, 0xEE, 0xE9, 0xD4, 0xA1, 0x7E, 0x1D, 0xF4, 0xBD,
    0x09, 0xF5, 0xDD, 0x19, 0xA5, 0xF7, 0x9F, 0xEB, 0x94, 0xAE, 0x87, 0xC3, 0x43, 0xD4, 0x2B, 0x5D,
    0xFD, 0x8B, 0xBE, 0x78, 0xDF, 0x01, 0x79, 0x7B, 0xAF, 0xFC, 0x60, 0x2E, 0x65, 0x2A, 0xE5, 0x9F,
    0xCB, 0x99, 0xF2, 0x19, 0x77, 0x09, 0x87, 0x3A, 0x15, 0xEB, 0xE5, 0xF1, 0x44, 0xAD, 0xAF, 0x9E,
    0x9B, 0x9B, 0x3C, 0xFD, 0x40, 0x8D, 0x6D, 0x7F, 0x56, 0x74, 0xA9, 0x26, 0x68, 0x6F, 0xA9, 0xCE,
    0x48, 0x6B, 0x1E, 0x6B, 0xD3, 0x61, 0x9E, 0xF1, 0x53, 0xB9, 0xF8, 0x0F, 0x2D, 0xF5, 0x7B, 0x8E,
    0xE2, 0x93, 0x11, 0xA6, 0x1F, 0x9E, 0x6B, 0xA7, 0x38, 0x5D, 0xF7, 0xA6, 0x25, 0xFC, 0xEE, 0xCE,
    0xDE, 0xF1, 0xBB, 0xB8, 0x6E, 0xD8, 0x99, 0xF7, 0xE4, 0x7D, 0x7D, 0xAE, 0x3E, 0xB9, 0xA9, 0x53,
    0x51, 0x58, 0x1E, 0x8F, 0xF1, 0xFF, 0xC8, 0x99, 0x7C, 0x66, 0xAF, 0x52, 0x4B, 0x7C, 0x6C, 0xB0,
    0x3F, 0x71, 0x8F, 0xC0, 0x86, 0x68, 0x51, 0x13, 0xB5, 0xE8, 0x78, 0x8A, 0x66, 0xA4, 0x9C, 0xC8,
    0xA7, 0xBE, 0x98, 0xE4, 0xC1, 0x28, 0x32, 0x18, 0xD1, 0x00, 0xF7, 0x60, 0x26, 0x1B, 0xC9, 0x87,
    0x7D, 0x7B, 0xB0, 0xB3, 0x0F, 0xBA, 0x05, 0x2D, 0x1A, 0x3B, 0xD2, 0xC4, 0xAF, 0x77, 0x34, 0x3D,
    0xF5, 0xF0, 0xF8, 0xB5, 0x5E, 0xA4, 0xB3, 0x7E, 0xB7, 0x2B, 0xE7, 0x8E, 0x62, 0xA0, 0xE8, 0x76,
    0x0F, 0x95, 0xDA, 0x8A, 0x74, 0x51, 0x37, 0xED, 0x56, 0xA3, 0x34, 0xFF, 0x6B, 0x01, 0x31, 0x8D,
    0xA1, 0x80, 0x97, 0x80, 0xAB, 0xB0, 0x1B, 0xC5, 0x10, 0xA3, 0xFA, 0xB4, 0x0D, 0xEE, 0x8C, 0x74,
    0xF5, 0xC0, 0xA9, 0x88, 0xEF, 0x96, 0xD2, 0x45, 0xB3, 0x6B, 0x21, 0x3C, 0xC3, 0x44, 0xE6, 0x00,
    0xF8, 0xB3, 0x98, 0x08, 0x17, 0x94, 0x88, 0xDE, 0xDC, 0x36, 0xDD, 0x0B, 0x34, 0x1D, 0x49, 0xA6,
    0xE5, 0x9B, 0x9E, 0x4C, 0x66, 0x10, 0xD1, 0xDC, 0x4E, 0x09, 0xA8, 0x3F, 0x51, 0xFC, 0xDB, 0xB6,
    0x94, 0x42, 0x66, 0xE7, 0x54, 0x68, 0xA8, 0xC7, 0xC1, 0x9C, 0x86, 0x93, 0xCB, 0xA5, 0xC4, 0xFD,
    0x6E, 0xE9, 0x28, 0x46, 0x02, 0x9B, 0x21, 0x98, 0x28, 0x65, 0x28, 0xAE, 0x8D, 0xE4, 0x53, 0x8C,
    0x62, 0xA2, 0x1C, 0x31, 0xC3, 0x37, 0xA5, 0xB5, 0x4B, 0x3C, 0xD8, 0x25, 0x38, 0xD0, 0xBF, 0x47,
    0xE1, 0xE6, 0x94, 0xB1, 0x31, 0x3D, 0x00, 0x37, 0xB8, 0xA0, 0x3D, 0x75, 0xFF, 0x34, 0x89, 0xC8,
    0x5E, 0x9E, 0xFA, 0x99, 0x8A, 0x2D, 0x9D, 0xD8, 0xD1, 0xA9, 0xA4, 0x23, 0x97, 0x27, 0xFF, 0xC1,
    0xC2, 0xE7, 0x75, 0xD8, 0x66, 0x8B, 0xB8, 0x4C, 0x64, 0xCE, 0xE4, 0x7B, 0x73, 0xE6, 0xB3, 0x25,
    0x5B, 0x58, 0xB2, 0xF9, 0xD9, 0xFA, 0x1F, 0x85, 0x93, 0x01, 0x84, 0x5C, 0x47, 0x18, 0xC7, 0x7F,
    0xB3, 0x7B, 0x9B, 0x4D, 0xF7, 0xD1, 0xB7, 0x65, 0x97, 0x5E, 0x23, 0x9D, 0x43, 0xCA, 0x75, 0xEB,
    0xF6, 0x5D, 0xB9, 0xB2, 0x57, 0xBB, 0x3B, 0x93, 0x16, 0x50, 0x74, 0xD1, 0x6D, 0x69, 0x50, 0x38,
    0x54, 0x20, 0x5B, 0xAE, 0x5C, 0xEA, 0x92, 0x37, 0x00, 0x40, 0x4F, 0x01, 0x50, 0x4B, 0x83, 0xB8,
    0xA2, 0x8B, 0x86, 0xE0, 0xAE, 0xFB, 0x51, 0x40, 0x61, 0x00, 0x00, 0x2F, 0xD5, 0x02, 0xB4, 0xAF,
    0xB5, 0xEA, 0xDA, 0x5C, 0xEE, 0x75, 0x5E, 0xEE, 0x12, 0x17, 0x29, 0x9D, 0xFF, 0x67, 0xDE, 0x7F,
    0xBE, 0xCF, 0xF7, 0xC6, 0xFC, 0xE7, 0x3F, 0x1D, 0xAB, 0x7D, 0x35, 0xE7, 0x00, 0xD4, 0xDD, 0xFA,
    0x42, 0xCB, 0x10, 0xA8, 0xDC, 0x21, 0x7A, 0x84, 0x9E, 0xDB, 0x5B, 0x91, 0x00, 0x8A, 0x91, 0xFE,
    0x35, 0x33, 0x85, 0xDF, 0x49, 0x1D, 0x00, 0x45, 0x18, 0xD0, 0x1E, 0xDB, 0xA2, 0xC8, 0x43, 0x00,
    0xAB, 0x6A, 0x6F, 0xF8, 0x91, 0xD7, 0x85, 0xD4, 0x4F, 0x00, 0x5A, 0x3F, 0x14, 0xB7, 0x00, 0x13,
    0x4B, 0x88, 0xE5, 0x0B, 0x16, 0xE6, 0x6E, 0xEE, 0xAB, 0x3E, 0x92, 0x84, 0x25, 0xC0, 0xB8, 0xBF,
    0x7C, 0x96, 0x3D, 0xF4, 0xC6, 0xC1, 0x85, 0xAF, 0xA6, 0xF1, 0x4F, 0x99, 0xD1, 0x6E, 0x77, 0x00,
    0xF0, 0xA9, 0x9A, 0x9A, 0xC8, 0xC7, 0x85, 0xAD, 0x9E, 0x00, 0xAC, 0xF6, 0xFB, 0xFD, 0xD6, 0x6A,
    0x39, 0x97, 0xA4, 0xD5, 0x79, 0xC5, 0xEA, 0x2F, 0x25, 0xFA, 0x31, 0x53, 0xF9, 0x02, 0x60, 0x84,
    0x5A, 0xF0, 0xDA, 0x9F, 0xAE, 0x5F, 0x17, 0x5D, 0xD8, 0xFA, 0x23, 0x00, 0x75, 0x87, 0xD0, 0x6E,
    0x7E, 0x97, 0xDD, 0x8A, 0x07, 0x94, 0x8D, 0x24, 0x16, 0xED, 0x12, 0x6B, 0x68, 0x53, 0xB3, 0x4F,
    0xF8, 0x90, 0x16, 0x6D, 0x0C, 0x89, 0xD5, 0x2E, 0x96, 0x48, 0x94, 0x7D, 0xB6, 0x76, 0x9D, 0x44,
    0xA2, 0x4C, 0x1D, 0x9D, 0x0A, 0x13, 0x7B, 0x03, 0x60, 0x2B, 0x62, 0xE4, 0x0D, 0xA9, 0x48, 0x93,
    0x1E, 0x46, 0x86, 0xAE, 0xC7, 0x78, 0x34, 0xCF, 0x99, 0x9D, 0x01, 0x35, 0xAA, 0x2E, 0xEA, 0x79,
    0xE2, 0x8D, 0xBD, 0xC2, 0xC5, 0xC1, 0xF6, 0xCE, 0x60, 0xA9, 0x41, 0x4C, 0xE2, 0x52, 0x9F, 0x7A,
    0x6D, 0x63, 0x1A, 0xD4, 0x88, 0x49, 0xFD, 0x8D, 0xBD, 0x18, 0xB8, 0xEE, 0x52, 0x81, 0x6A, 0x7E,
    0x0A, 0x93, 0x1B, 0x69, 0x03, 0xC7, 0x67, 0x28, 0x24, 0x95, 0x9A, 0x6D, 0x31, 0x0F, 0x58, 0xE3,
    0x59, 0x3D, 0xCF, 0x2B, 0xD8, 0xB9, 0x7D, 0x70, 0xC4, 0x8B, 0x68, 0x57, 0xCD, 0xAE, 0x65, 0x73,
    0x69, 0xA3, 0x88, 0x19, 0xD0, 0xC7, 0xF8, 0xC4, 0xAB, 0x53, 0x09, 0x4D, 0x21, 0x9B, 0x1F, 0xCA,
    0x86, 0x2A, 0x63, 0x65, 0xE4, 0x36, 0xFE, 0x10, 0xFD, 0x9D, 0x3D, 0x93, 0xFB, 0xBD, 0x20, 0xB7,
    0x3B, 0x95, 0xBB, 0x72, 0xF7, 0xE9, 0xCD, 0x7B, 0xE0, 0x8A, 0xDA, 0x1B, 0x5C, 0x93, 0xA4, 0x70,
    0xD1, 0x7F, 0x2A, 0x8B, 0x4D, 0x7E, 0x0E, 0xBE, 0x90, 0xEF, 0x53, 0x7B, 0xCE, 0x17, 0x69, 0xF1,
    0xA8, 0xB3, 0x7F, 0xB7, 0xB3, 0x3F, 0x4D, 0x8B, 0x9C, 0xD2, 0x26, 0xA3, 0x40, 0x9E, 0xB7, 0xD1,
    0x39, 0xFB, 0x04, 0x3E, 0x1E, 0xDB, 0x34, 0x74, 0xFB, 0xC7, 0x13, 0x0A, 0x22, 0x4B, 0x2A, 0xE1,
    0x42, 0x93, 0x0C, 0x6D, 0x59, 0x02, 0x18, 0x51, 0xF5, 0x54, 0x85, 0xC8, 0x11, 0x5B, 0x34, 0xAC,
    0x41, 0x1F, 0xEE, 0xC3, 0x02, 0x95, 0x53, 0xC9, 0xCA, 0x62, 0xFD, 0x49, 0xB1, 0x0B, 0x7D, 0xD8,
    0x85, 0x26, 0xAC, 0xEC, 0x5E, 0x5E, 0xDB, 0x6D, 0x9E, 0x9E, 0x3E, 0xC8, 0x60, 0x0A, 0x69, 0x97,
    0xFB, 0xF9, 0x09, 0x65, 0x04, 0x02, 0x34, 0x1A, 0x0C, 0xFF, 0x91, 0xC9, 0xD4, 0x03, 0x4D, 0x6B,
    0x44, 0x63, 0x64, 0xC5, 0x2D, 0xEF, 0x6C, 0xF7, 0x2F, 0xAF, 0x6D, 0x3D, 0x7F, 0x9A, 0x8E, 0x8B,
    0xB3, 0xEA, 0x82, 0xC3, 0xF3, 0xEF, 0xA6, 0x3C, 0xE1, 0x83, 0xF2, 0x84, 0xDB, 0xA9, 0x05, 0x86,
    0x18, 0x17, 0xBB, 0x18, 0x08, 0x84, 0x83, 0xD4, 0x70, 0x78, 0x68, 0x58, 0x3D, 0x5E, 0x06, 0xE0,
    0x88, 0x63, 0x4E, 0x98, 0xD3, 0x66, 0x3C, 0x1E, 0x05, 0x19, 0x32, 0x66, 0x21, 0x2C, 0xCD, 0xE7,
    0xF7, 0x3A, 0xE7, 0x7F, 0x67, 0x44, 0x05, 0xE0, 0x68, 0x12, 0xDD, 0x13, 0xF3, 0x50, 0xDE, 0x2A,
    0xAC, 0x72, 0x30, 0x45, 0x2D, 0x20, 0xA7, 0x71, 0xB5, 0x4C, 0x6E, 0xCE, 0x6D, 0x73, 0x2B, 0x64,
    0xCA, 0x00, 0x3A, 0x17, 0xE6, 0x27, 0x0F, 0xEE, 0xB7, 0x55, 0xFA, 0xDB, 0x83, 0x63, 0x00, 0x2A,
    0x17, 0xD1, 0x85, 0x0D, 0x16, 0x08, 0x04, 0x80, 0xD2, 0xA3, 0x11, 0x11, 0x35, 0xDA, 0xEA, 0x83,
    0x9A, 0x35, 0xEF, 0x1C, 0x69, 0x59, 0x07, 0xC2, 0x34, 0x42, 0x68, 0xD7, 0x2C, 0xAC, 0x23, 0xE0,
    0x58, 0x61, 0xDD, 0xD2, 0x94, 0x37, 0x2D, 0x2F, 0x87, 0x2A, 0x4B, 0xB2, 0x22, 0xAC, 0x38, 0x42,
    0x0E, 0xD6, 0x09, 0xBC, 0xF1, 0x31, 0xEE, 0x71, 0xEF, 0x06, 0x28, 0x31, 0xEF, 0x1E, 0x6B, 0x21,
    0xBB, 0xAD, 0x17, 0x96, 0x6E, 0xBF, 0x37, 0x7C, 0x41, 0x6D, 0x11, 0x17, 0x24, 0x9F, 0xB8, 0xFE,
    0x37, 0xF2, 0x52, 0x48, 0x2E, 0x00, 0xE0, 0xED, 0xF2, 0xED, 0xB9, 0xD7, 0x05, 0x88, 0x0E, 0x17,
    0x5D, 0x75, 0xD6, 0x02, 0x1B, 0x11, 0xFA, 0x7D, 0x1B, 0x7D, 0xED, 0x06, 0x3D, 0x69, 0x36, 0x6D,
    0xB3, 0xDF, 0x7D, 0x75, 0x70, 0xA5, 0x35, 0x2F, 0x6E, 0x41, 0x03, 0x23, 0xDA, 0x26, 0x0E, 0x6A,
    0x35, 0x4C, 0x21, 0x93, 0xCC, 0x87, 0x0B, 0x1C, 0x3E, 0x94, 0xB0, 0x5C, 0x65, 0xD3, 0x1A, 0xA9,
    0x38, 0x00, 0x60, 0x08, 0x1C, 0xC4, 0x19, 0xF5, 0xBC, 0x1A, 0x2C, 0x26, 0xA5, 0x4B, 0x41, 0x8D,
    0xED, 0xFF, 0x54, 0xAF, 0xEF, 0xEF, 0xEF, 0x85, 0x4C, 0xFE, 0xE4, 0xCB, 0x18, 0x5A, 0x51, 0x71,
    0x32, 0x3A, 0x48, 0xC2, 0x72, 0xD1, 0xE7, 0x52, 0xE1, 0x79, 0x3A, 0xC2, 0xEA, 0x17, 0x54, 0x28,
    0xD8, 0xE8, 0xEF, 0xF1, 0x8D, 0x4C, 0x5B, 0x2A, 0x47, 0xCB, 0xC0, 0x16, 0x67, 0xA3, 0xEA, 0xE6,
    0x67, 0x7F, 0xFB, 0x36, 0x03, 0x2A, 0x16, 0x00, 0x45, 0xE2, 0x6B, 0xD9, 0x66, 0xF6, 0x79, 0xD6,
    0xDD, 0x53, 0x74, 0xFD, 0xCD, 0xFC, 0x8B, 0x69, 0x8F, 0x4B, 0x9E, 0x59, 0x73, 0x16, 0xC6, 0x44,
    0x61, 0xFC, 0x24, 0x9F, 0xCC, 0x7A, 0x99, 0x76, 0x30, 0x99, 0x05, 0xE4, 0x37, 0xF3, 0xEE, 0x74,
    0x89, 0xD4, 0xE6, 0x64, 0xDC, 0x23, 0xB1, 0x40, 0xBE, 0x94, 0x9B, 0x7C, 0x92, 0xCF, 0x1E, 0xD7,
    0x60, 0xC2, 0x67, 0xA4, 0xD9, 0x76, 0xE8, 0x0B, 0x98, 0x72, 0x95, 0x60, 0xCC, 0xDE, 0x2C, 0x3B,
    0x8D, 0x8D, 0x89, 0x87, 0xD4, 0xEE, 0x30, 0x29, 0x01, 0xF4, 0x98, 0xD3, 0x0B, 0xD8, 0x44, 0x03,
    0x61, 0x2F, 0xBF, 0x26, 0xB1, 0x8B, 0x80, 0x9E, 0xD7, 0x2E, 0xB6, 0xC3, 0xF0, 0x34, 0xFE, 0x05,
    0xC5, 0xBC, 0x0F, 0x88, 0x26, 0x47, 0x7A, 0xDF, 0xFF, 0xED, 0x6E, 0xED, 0x34, 0xBF, 0xED, 0x1F,
    0xE9, 0x05, 0xB4, 0x77, 0xBE, 0xBD, 0xD8, 0x1D, 0xC0, 0x06, 0x69, 0x6C, 0x5F, 0x07, 0x30, 0x10,
    0xCC, 0x9D, 0xAA, 0x24, 0x01, 0x02, 0x8B, 0x8B, 0x06, 0xD8, 0xBD, 0x80, 0x05, 0x28, 0x80, 0x03,
    0x92, 0x62, 0x67, 0x03, 0x04, 0x70, 0x40, 0xDA, 0x6A, 0x45, 0x80, 0x81, 0x03, 0x6E, 0x0C, 0xF6,
    0x19, 0x08, 0x7F, 0x26, 0x61, 0x0D, 0xBB, 0xEF, 0x06, 0x26, 0xC0, 0x01, 0x4A, 0xD0, 0x4E, 0xB7,
    0x6E, 0x21, 0x02, 0x04, 0xB8, 0x95, 0x43, 0x36, 0x60, 0x40, 0xBD, 0x77, 0x52, 0x84, 0x77, 0x01,
    0x95, 0xA4, 0x96, 0xAF, 0x77, 0xB7, 0xBA, 0x9E, 0x3C, 0x4F, 0xD5, 0x3B, 0xEF, 0xFC, 0xD9, 0x9D,
    0xD5, 0x6A, 0x35, 0xBA, 0xF4, 0x5B, 0xDF, 0x4F, 0x4F, 0x57, 0xBF, 0x5D, 0xEF, 0xD3, 0xDD, 0xF5,
    0xE7, 0xA9, 0xEA, 0xEA, 0x39, 0xB9, 0x89, 0x7C, 0x04, 0x1C, 0xA0, 0x00, 0xE0, 0xF4, 0xB9, 0x0D,
    0x45, 0x93, 0x84, 0xC5, 0x45, 0xA5, 0xB1, 0x0C, 0x64, 0x97, 0x41, 0x63, 0x2F, 0xD0, 0x14, 0x03,
    0x80, 0xF2, 0xDA, 0x50, 0xBE, 0x6D, 0xCB, 0xD7, 0xFB, 0x87, 0x4B, 0xE1, 0xF4, 0xB9, 0x73, 0x40,
    0x4B, 0xD4, 0x44, 0xBC, 0x4C, 0x0B, 0xCD, 0xDB, 0xC0, 0x01, 0xD0, 0x20, 0x98, 0x19, 0x77, 0x88,
    0x81, 0x56, 0x33, 0xD4, 0x0A, 0x86, 0x71, 0x46, 0x76, 0x54, 0x5E, 0x20, 0x56, 0x25, 0x2C, 0x3E,
    0xBD, 0xBA, 0xC3, 0x05, 0x40, 0x22, 0x70, 0xEE, 0xDC, 0x06, 0x91, 0x95, 0xB0, 0xD8, 0xF2, 0xC0,
    0x83, 0x04, 0xAC, 0x5D, 0x44, 0x42, 0xD4, 0xE4, 0xAC, 0xEA, 0xD6, 0xF3, 0x5A, 0x75, 0x80, 0x09,
    0xE6, 0xB1, 0x16, 0x97, 0x40, 0xE4, 0x44, 0xB2, 0x1D, 0x64, 0x1A, 0x40, 0x0D, 0xD0, 0x25, 0xB5,
    0xE1, 0x18, 0xB4, 0x1E, 0x61, 0x79, 0x59, 0xE7, 0x34, 0x97, 0xE4, 0xEA, 0x0F, 0xDF, 0x50, 0x0D,
    0x38, 0xD4, 0x03, 0x4A, 0x8F, 0x9C, 0x7A, 0xB4, 0x13, 0x0A, 0x87, 0x44, 0x7E, 0xF0, 0x37, 0xE1,
    0xD5, 0x15, 0xA7, 0x68, 0xAC, 0x28, 0x5C, 0x4C, 0x28, 0x7D, 0xFF, 0xCF, 0xA9, 0x53, 0xAF, 0xBE,
    0x79, 0xD5, 0x7D, 0xF7, 0x4F, 0x81, 0x13, 0xBA, 0x1C, 0xEE, 0xFF, 0xC1, 0x59, 0xF8, 0x2F, 0xF8,
    0xCC, 0xA9, 0x6B, 0x5D, 0x6B, 0x2F, 0x68, 0xB9, 0x56, 0x00, 0x88, 0x26, 0x20, 0x89, 0xF4, 0x57,
    0x84, 0x2E, 0x13, 0x4E, 0x4B, 0xFA, 0x4B, 0x48, 0xA7, 0x8C, 0xA8, 0x0B, 0xB4, 0xCC, 0xA9, 0x1A,
    0xD3, 0x31, 0x9B, 0xF8, 0xB3, 0x8F, 0xB9, 0xCD, 0xA6, 0x62, 0x6C, 0xAD, 0x7C, 0x87, 0x7A, 0x66,
    0x4F, 0x4D, 0x46, 0x1E, 0x71, 0x39, 0xCB, 0xB6, 0x03, 0x1E, 0x55, 0x77, 0x5F, 0xF6, 0x00, 0xF1,
    0x32, 0x05, 0x12, 0x68, 0xD1, 0xDE, 0xA0, 0x4E, 0xF6, 0xD6, 0x81, 0x55, 0xBF, 0x47, 0x25, 0x31,
    0x44, 0x4D, 0x20, 0x84, 0x1F, 0xE0, 0x81, 0x72, 0x59, 0xBB, 0xCA, 0x65, 0x14, 0x73, 0x99, 0x40,
    0xE9, 0xA3, 0xB1, 0xB6, 0x05, 0x94, 0x3D, 0xE4, 0x4F, 0x5C, 0xDD, 0x3B, 0x1D, 0x0F, 0xD5, 0x78,
    0xB4, 0xF0, 0xC9, 0x0C, 0x9F, 0x4D, 0xF0, 0x85, 0x85, 0xAF, 0x3A, 0x10, 0x35, 0x2C, 0x84, 0xB5,
    0xAF, 0x7B, 0xF8, 0xD2, 0xC6, 0xFD, 0xE9, 0x0C, 0x0F, 0x62, 0x89, 0xE9, 0x75, 0x9F, 0x5C, 0x5E,
    0x9A, 0x54, 0x37, 0x40, 0xDE, 0xEF, 0xA6, 0xBB, 0xE1, 0xA1, 0xAC, 0x87, 0x61, 0x91, 0xF5, 0x09,
    0x2B, 0xBB, 0x63, 0x7D, 0xFE, 0x91, 0xF5, 0x5C, 0xFE, 0x7C, 0xF5, 0x67, 0xD6, 0xAB, 0xDC, 0xFA,
    0x0B, 0xB9, 0x9D, 0x5D, 0x6E, 0x69, 0x62, 0x59, 0xD6, 0xC0, 0xEA, 0x58, 0x4D, 0x6E, 0x93, 0x8D,
    0xD3, 0x48, 0x47, 0x05, 0x90, 0x07, 0x8C, 0xDC, 0x43, 0xE0, 0x1C, 0x92, 0xB3, 0x46, 0x67, 0xA3,
    0xE2, 0xFD, 0x55, 0x17, 0xB2, 0x4A, 0x57, 0xD8, 0xBA, 0xE1, 0x18, 0x9D, 0x4E, 0x06, 0x70, 0x57,
    0x81, 0x1D, 0x07, 0xA8, 0x09, 0xA8, 0x2D, 0x50, 0x0D, 0xBC, 0xEE, 0x50, 0x51, 0x83, 0x9A, 0x80,
    0x7A, 0xDA, 0x7F, 0xDE, 0xE5, 0xF0, 0x65, 0x45, 0x44, 0x2B, 0x41, 0x69, 0xAC, 0x74, 0x1A, 0xE0,
    0x53, 0x06, 0xEA, 0x31, 0xFE, 0xB6, 0x71, 0xC0, 0x0E, 0xDB, 0x32, 0x1B, 0x24, 0x4E, 0x21, 0x75,
    0x8A, 0x6D, 0xAC, 0xF9, 0xCC, 0xD8, 0x5E, 0xA2, 0xA1, 0x24, 0xB2, 0x15, 0xD1, 0xA8, 0xBA, 0x6C,
    0x52, 0x4D, 0xEA, 0x8C, 0x4E, 0x66, 0x02, 0x7C, 0x28, 0xF5, 0x93, 0x84, 0xC5, 0xC5, 0x55, 0xB9,
    0x26, 0xDA, 0x0C, 0x91, 0xB3, 0x4F, 0xBC, 0x07, 0x79, 0x78, 0xFE, 0x83, 0xC8, 0x11, 0x8D, 0x44,
    0xCD, 0xE9, 0x73, 0x90, 0xEA, 0x89, 0x45, 0x50, 0x7F, 0x49, 0x8D, 0xD2, 0x6A, 0x29, 0xA3, 0x15,
    0xF9, 0xBD, 0x7D, 0x5A, 0x75, 0x4A, 0xD7, 0x51, 0xF2, 0x37, 0x51, 0x13, 0xF7, 0x7F, 0xF0, 0x30,
    0x95, 0x0D, 0x1F, 0x73, 0x76, 0x99, 0xFF, 0x48, 0xE0, 0x17, 0x8C, 0x19, 0xBB, 0x70, 0x77, 0x23,
    0x11, 0xA4, 0x13, 0x23, 0x1B, 0x19, 0x85, 0x65, 0xB4, 0xE1, 0x62, 0xAE, 0xE0, 0x81, 0x72, 0x1F,
    0xCE, 0x4A, 0x4D, 0xF1, 0x30, 0x95, 0x34, 0x1F, 0x96, 0x6C, 0xD4, 0x5D, 0xCC, 0x21, 0x52, 0xE8,
    0x24, 0xB7, 0x70, 0xBE, 0x71, 0x55, 0xE7, 0x81, 0xB9, 0xFA, 0xA9, 0x03, 0x4C, 0xF5, 0xB6, 0xDC,
    0x2B, 0xA2, 0x01, 0xA8, 0x88, 0xFA, 0xF0, 0xB7, 0x05, 0x5A, 0x89, 0x4F, 0x7C, 0x75, 0xCD, 0x41,
    0xBE, 0x4F, 0x28, 0xC6, 0xAA, 0x6B, 0xB5, 0xA4, 0xA3, 0xF8, 0xC3, 0xC5, 0x76, 0x30, 0xBA, 0xEA,
    0x8A, 0x31, 0x79, 0x59, 0xA3, 0xA6, 0x91, 0x35, 0xE3, 0x37, 0x7E, 0x40, 0x00, 0xDA, 0xA8, 0x64,
    0x46, 0x46, 0x13, 0xAB, 0x67, 0x39, 0xDE, 0x26, 0xC4, 0x8A, 0x98, 0xAB, 0x40, 0xB4, 0x50, 0x57,
    0x08, 0x8A, 0x1C, 0x6A, 0x1A, 0x8E, 0xAF, 0xAC, 0xE8, 0xD3, 0xC8, 0x87, 0xAB, 0xF1, 0xF7, 0x5A,
    0x7B, 0x6C, 0xE9, 0x1E, 0x47, 0xFD, 0x20, 0x39, 0x25, 0x21, 0x72, 0x41, 0xFE, 0x8A, 0x4B, 0x5C,
    0xEA, 0x92, 0x29, 0x75, 0xE9, 0x21, 0x65, 0xE3, 0x9E, 0x72, 0x9B, 0x3A, 0x12, 0xF5, 0x2C, 0x2E,
    0x1F, 0xA1, 0x45, 0xD4, 0x38, 0xAD, 0xA9, 0x83, 0x19, 0xA8, 0x07, 0x0D, 0x34, 0x08, 0x6C, 0x42,
    0x83, 0x1F, 0xB3, 0x3B, 0xC3, 0x3C, 0x65, 0x37, 0x07, 0xE7, 0xF2, 0xBF, 0x1F, 0xDC, 0x9B, 0xC5,
    0x3B, 0x83, 0xBB, 0x50, 0xFE, 0x70, 0x70, 0xAA, 0x7A, 0x76, 0x70, 0x75, 0x5D, 0x0C, 0xAE, 0xDA,
    0x61, 0x94, 0xB3, 0xC0, 0x31, 0xF2, 0x89, 0x91, 0x8D, 0xC5, 0x20, 0x27, 0xF8, 0x20, 0x85, 0x5D,
    0xB6, 0x8F, 0x12, 0xCE, 0x84, 0x76, 0x57, 0x4B, 0xC1, 0xAE, 0x6E, 0x9D, 0x97, 0x42, 0xED, 0x8C,
    0x4E, 0x5D, 0x8B, 0x64, 0x6E, 0x01, 0x4F, 0x4B, 0xB5, 0x22, 0x8E, 0x53, 0x4D, 0xE6, 0xD4, 0x50,
    0x4C, 0xA5, 0x6F, 0x6D, 0x4E, 0xD4, 0xA1, 0xF5, 0x88, 0x4D, 0xFE, 0x39, 0x4D, 0x44, 0x7D, 0xD0,
    0x62, 0xBB, 0xE7, 0xB4, 0xBF, 0xB4, 0x62, 0x6D, 0x60, 0x59, 0x73, 0xCC, 0x68, 0xBA, 0x65, 0x19,
    0xCD, 0xE2, 0x35, 0x6F, 0xDF, 0xF4, 0x92, 0xF9, 0x58, 0x03, 0xD4, 0x5F, 0x80, 0xE3, 0x0E, 0x6B,
    0xCF, 0x8F, 0x28, 0xA2, 0x1F, 0x01, 0xD5, 0x47, 0x5F, 0xA1, 0x45, 0x14, 0x45, 0xC5, 0x6D, 0x39,
    0xA6, 0x61, 0x0D, 0x09, 0x4A, 0x6A, 0x75, 0x4E, 0xA4, 0x97, 0xE7, 0x23, 0xAD, 0x98, 0x6E, 0x89,
    0x3A, 0xD1, 0xCB, 0xED, 0x22, 0x94, 0xD1, 0x2F, 0xAB, 0xE3, 0xAA, 0xF0, 0x81, 0x4B, 0xAC, 0xC4,
    0x31, 0xBE, 0xED, 0x37, 0x91, 0x11, 0x79, 0x94, 0x44, 0xD4, 0xA9, 0xEB, 0xAE, 0x1E, 0xCC, 0x93,
    0xAE, 0xB0, 0x6D, 0xC2, 0x39, 0x62, 0x47, 0xD0, 0x2E, 0x91, 0x5B, 0xF5, 0x9A, 0x2B, 0x6D, 0x7D,
    0xDB, 0x53, 0x5F, 0x50, 0x38, 0x33, 0x9A, 0x62, 0x2A, 0x11, 0x38, 0x0B, 0x9C, 0x66, 0x0B, 0xD9,
    0xBA, 0xB1, 0xEA, 0xD9, 0x36, 0x5B, 0x77, 0xC1, 0x32, 0xD7, 0x02, 0xE4, 0x00, 0xB3, 0xB4, 0x4A,
    0x8D, 0x61, 0x3B, 0x99, 0x3D, 0xB2, 0xD1, 0xE8, 0xC2, 0xAA, 0x4E, 0xBE, 0xAF, 0x9A, 0x62, 0x6C,
    0x91, 0x39, 0xC9, 0x85, 0x0F, 0x73, 0xB7, 0x89, 0xC8, 0xEF, 0x0A, 0xC0, 0x7E, 0x9D, 0x95, 0x4A,
    0xD0, 0xF0, 0x77, 0xEE, 0xA9, 0xA6, 0xEC, 0xD5, 0xED, 0xB6, 0x97, 0x7A, 0x2F, 0x67, 0xE1, 0xD1,
    0xB2, 0x07, 0xEE, 0x96, 0xA4, 0x71, 0x42, 0x4B, 0x8B, 0x51, 0x0E, 0xC7, 0x46, 0xE2, 0xE5, 0x00,
    0xF7, 0xFD, 0x4A, 0x7F, 0x6C, 0x24, 0x5E, 0xE6, 0xFD, 0x84, 0x2C, 0x77, 0xF3, 0xB2, 0x94, 0x18,
    0xB4, 0xB4, 0x8B, 0x97, 0x5B, 0x06, 0xCC, 0x1E, 0x16, 0x9A, 0x41, 0xA3, 0x60, 0x66, 0xAC, 0x11,
    0x03, 0xAD, 0xC0, 0xAC, 0x40, 0x0C, 0xF2, 0x82, 0x49, 0xB0, 0x89, 0xD0, 0x72, 0x79, 0xA0, 0xEA,
    0xEE, 0x05, 0x5A, 0x08, 0x68, 0x10, 0x38, 0x8E, 0xCB, 0x67, 0x06, 0xFC, 0x01, 0xA4, 0x73, 0xD8,
    0x2B, 0xB0, 0x82, 0xA6, 0xEA, 0xCE, 0xDE, 0xD5, 0x08, 0xD3, 0x65, 0x84, 0xFA, 0xC9, 0xF9, 0x6F,
    0xCE, 0x1E, 0x7E, 0x19, 0xD2, 0x3D, 0xE7, 0x20, 0x79, 0x69, 0xB7, 0x8D, 0xF2, 0xD2, 0x46, 0x69,
    0x40, 0x75, 0x08, 0xEE, 0x69, 0x39, 0x64, 0x44, 0x2B, 0xC9, 0x76, 0xBC, 0xE9, 0x75, 0x77, 0x0A,
    0xA6, 0x8B, 0x6D, 0xD4, 0x8C, 0x6A, 0xD5, 0x46, 0x71, 0x9D, 0x00, 0x0F, 0x43, 0x1D, 0x7C, 0x42,
    0x24, 0x35, 0xBD, 0x7F, 0xDE, 0x49, 0x5B, 0x20, 0xB5, 0x3D, 0x1F, 0xEC, 0x99, 0x3D, 0x5A, 0x10,
    0x75, 0x87, 0xE8, 0xCB, 0xC8, 0x1E, 0x14, 0xDB, 0x08, 0xF8, 0x7C, 0xCA, 0x1C, 0xA7, 0x40, 0xDB,
    0x13, 0xBC, 0x9C, 0x01, 0xB3, 0x16, 0xE3, 0xE2, 0x92, 0x9C, 0xD3, 0x68, 0xA3, 0x5D, 0xA5, 0x7F,
    0x21, 0x76, 0x08, 0x7A, 0x96, 0x7C, 0xC6, 0x72, 0xC8, 0x39, 0x3E, 0x61, 0xC1, 0xB0, 0xA8, 0x1C,
    0x52, 0xC7, 0x71, 0x93, 0x14, 0xBE, 0x72, 0xA8, 0x43, 0xA1, 0x2A, 0x87, 0x64, 0xB1, 0x89, 0x92,
    0x1C, 0xCB, 0xE3, 0x04, 0x28, 0xDE, 0xCC, 0x2B, 0x84, 0x82, 0x08, 0xF5, 0x87, 0x2D, 0x54, 0x63,
    0x62, 0xD5, 0xF8, 0xB7, 0xBC, 0x4D, 0x2D, 0x0A, 0x5F, 0x2F, 0x7F, 0xFB, 0x45, 0xA0, 0x75, 0xC8,
    0xC3, 0xB1, 0x17, 0x63, 0xD5, 0x07, 0x60, 0xA7, 0x1E, 0xB0, 0x43, 0x0E, 0x44, 0x1E, 0xA4, 0x09,
    0x04, 0x03, 0x0F, 0xA5, 0x45, 0x2D, 0x4C, 0xC8, 0x11, 0xEA, 0xFF, 0xCC, 0x28, 0x69, 0x42, 0x4A,
    0x3D, 0x64, 0x59, 0xBF, 0xAC, 0x0D, 0x8D, 0x86, 0x9C, 0x49, 0x66, 0x83, 0xD9, 0x5C, 0x99, 0xD8,
    0x60, 0x73, 0xC5, 0x19, 0x78, 0x09, 0x3F, 0xF0, 0xB2, 0x8B, 0x86, 0xF5, 0x45, 0xA3, 0xA8, 0x97,
    0xA0, 0x71, 0x9F, 0x90, 0x2C, 0x16, 0x3A, 0x23, 0x6A, 0x82, 0xAC, 0x3A, 0xA0, 0x9C, 0x55, 0xC8,
    0x79, 0xF7, 0xAA, 0xD9, 0xBE, 0xD1, 0x0E, 0x44, 0x34, 0x8A, 0x66, 0x64, 0x2B, 0xC5, 0x8E, 0x9D,
    0xD4, 0x7C, 0x53, 0xB8, 0x2A, 0x55, 0x6F, 0x50, 0x8B, 0xA3, 0x78, 0xA3, 0xD5, 0xC1, 0x15, 0xBC,
    0xB1, 0xD0, 0xAA, 0x09, 0x75, 0x27, 0xCA, 0x5B, 0xE7, 0x91, 0x13, 0x01, 0xED, 0x1C, 0xCF, 0x04,
    0x2F, 0xE1, 0x52, 0xDD, 0xEC, 0x64, 0x53, 0xD9, 0xEF, 0x14, 0x36, 0xB7, 0x3B, 0x65, 0x97, 0x4E,
    0x3B, 0xAA, 0x01, 0x11, 0xAD, 0x9C, 0x40, 0x42, 0xE6, 0x38, 0x2E, 0x1F, 0x77, 0xA4, 0x6A, 0xDB,
    0x29, 0xAD, 0xEA, 0xF8, 0x88, 0x56, 0xEF, 0x24, 0xF3, 0xDA, 0xFF, 0xD4, 0x8A, 0x86, 0x9A, 0xC6,
    0x47, 0xB2, 0x89, 0x6D, 0x49, 0xB7, 0x87, 0x8C, 0x9A, 0x74, 0xDB, 0x8A, 0x3B, 0x98, 0xBA, 0xDF,
    0x7F, 0x7E, 0x52, 0x34, 0xD6, 0xD4, 0x84, 0x9F, 0x5A, 0xD7, 0x0A, 0x6C, 0x4E, 0xC2, 0xCA, 0x58,
    0x39, 0xAB, 0xFC, 0xB8, 0x51, 0x35, 0x1B, 0xFB, 0x04, 0xEB, 0x4D, 0xD6, 0xC4, 0xB2, 0xAC, 0x81,
    0xD5, 0xD5, 0xCD, 0x5A, 0x73, 0x09, 0xF9, 0xE0, 0x90, 0xD1, 0x08, 0xB4, 0x3D, 0xF0, 0x90, 0xE9,
    0xF0, 0x31, 0x31, 0x53, 0x3C, 0xE9, 0xA0, 0x9E, 0x1E, 0xA1, 0x9E, 0x1B, 0xA0, 0xA8, 0x63, 0x35,
    0x71, 0xFD, 0x9C, 0x85, 0x7A, 0x66, 0x82, 0x7A, 0x6A, 0x86, 0xD2, 0xC4, 0x32, 0x4D, 0xBA, 0x77,
    0x5B, 0xE4, 0x36, 0x44, 0x0D, 0x51, 0x85, 0xA8, 0x8F, 0xB7, 0xA5, 0xED, 0x54, 0x43, 0x22, 0xA8,
    0x26, 0xD8, 0xB7, 0x89, 0x05, 0x94, 0x4D, 0x49, 0xAB, 0x31, 0x63, 0x4C, 0x39, 0xE3, 0xCD, 0x82,
    0xF1, 0x6A, 0xD9, 0x6A, 0xA5, 0x2A, 0xA5, 0x55, 0xAD, 0x18, 0xD5, 0x55, 0x46, 0xE9, 0x18, 0x85,
    0x20, 0x1B, 0x05, 0x56, 0xE9, 0x68, 0xAC, 0x3A, 0xA8, 0x45, 0x0B, 0x45, 0x24, 0x92, 0xED, 0xBB,
    0x24, 0xF7, 0x3F, 0x0D, 0x39, 0x9B, 0x50, 0xB1, 0x51, 0x75, 0x57, 0xB3, 0x49, 0x55, 0xA7, 0x74,
    0x29, 0x6B, 0x91, 0xC4, 0x74, 0xE5, 0xE7, 0xA4, 0x73, 0xF2, 0x00, 0x8D, 0x08, 0xC6, 0x2E, 0x16,
    0xFB, 0xD2, 0x35, 0x0F, 0xA4, 0xC7, 0x79, 0x38, 0x43, 0x19, 0x87, 0xD0, 0xC5, 0xE8, 0x49, 0x4A,
    0x9C, 0x56, 0xF1, 0xD3, 0xB0, 0xE2, 0xA7, 0x6B, 0xA1, 0x6E, 0x53, 0x74, 0x48, 0xCE, 0x8F, 0x50,
    0xB8, 0xDB, 0x07, 0x58, 0x07, 0x18, 0x5B, 0x6C, 0x76, 0x41, 0x53, 0x35, 0x9C, 0xAA, 0x3B, 0xA8,
    0x66, 0x37, 0x74, 0xE2, 0x5E, 0x96, 0xFE, 0xCD, 0x5C, 0xBC, 0xCB, 0x49, 0x32, 0xF8, 0xE2, 0x12,
    0xD1, 0xCC, 0xE1, 0xFE, 0xBD, 0x97, 0x33, 0x7A, 0x6D, 0xAB, 0xEE, 0x42, 0xB5, 0xD2, 0x8B, 0x63,
    0x2F, 0x77, 0x8D, 0xAF, 0x2C, 0x56, 0x1E, 0xC5, 0xBC, 0x6C, 0xBB, 0xD5, 0x18, 0xDB, 0xEF, 0x72,
    0x60, 0x75, 0xA1, 0x74, 0x9C, 0x68, 0x35, 0x2A, 0x0F, 0x54, 0x93, 0xD4, 0xF1, 0x4B, 0x27, 0x00,
    0x89, 0xBB, 0x1B, 0xE2, 0x68, 0x88, 0xD3, 0x8B, 0x82, 0x88, 0x50, 0x5D, 0x77, 0xAA, 0xAB, 0xDF,
    0x72, 0x55, 0x2F, 0x4E, 0x45, 0xCF, 0x99, 0xAC, 0x1C, 0x22, 0x64, 0xB3, 0x7A, 0xCB, 0xB1, 0x41,
    0xB7, 0x67, 0xC9, 0x49, 0xB1, 0x25, 0xF9, 0x20, 0xA4, 0x72, 0x6F, 0xE0, 0x22, 0x9F, 0xAA, 0xE4,
    0xF0, 0xCE, 0x68, 0x19, 0x45, 0x28, 0x3E, 0x8D, 0xB9, 0x3F, 0xA1, 0x01, 0xA0, 0x0E, 0x49, 0xE8,
    0x7A, 0x58, 0x14, 0x9F, 0x39, 0x54, 0xFD, 0x0C, 0xB9, 0xD0, 0x2D, 0x53, 0x0A, 0xB2, 0x41, 0xFB,
    0xC5, 0x5A, 0xD0, 0xA6, 0x21, 0x1A, 0x44, 0x40, 0xB1, 0x4F, 0xE0, 0x14, 0x5E, 0xE2, 0xC4, 0xF6,
    0x07, 0x43, 0x54, 0x13, 0xE5, 0x9E, 0x80, 0x76, 0x15, 0x42, 0x9D, 0xA1, 0xB4, 0x4F, 0xDC, 0x03,
    0x63, 0x41, 0x32, 0x9C, 0x44, 0x14, 0xC1, 0x09, 0x24, 0x17, 0xC1, 0x7B, 0x52, 0xF7, 0xA5, 0x29,
    0x49, 0x79, 0x2D, 0xC9, 0x50, 0x13, 0x09, 0x00, 0xF5, 0x5D, 0x04, 0x5E, 0xBE, 0x04, 0x90, 0x8B,
    0x4A, 0x44, 0xFE, 0x2F, 0x90, 0x10, 0x75, 0x2C, 0x9B, 0xB8, 0x62, 0x4C, 0x5C, 0x16, 0xE5, 0xB7,
    0x2D, 0xC7, 0xF5, 0x09, 0x79, 0xBD, 0x0E, 0xCE, 0x40, 0x4A, 0x73, 0x1A, 0xFB, 0x70, 0x59, 0x40,
    0x56, 0xE0, 0x18, 0x4F, 0xCD, 0x0C, 0xBD, 0xC2, 0x15, 0x89, 0xA3, 0x49, 0xB0, 0x29, 0x15, 0xCD,
    0xBE, 0xAA, 0xFD, 0xAF, 0x63, 0x67, 0xD6, 0xF1, 0x21, 0x6C, 0xBC, 0x84, 0x2B, 0x73, 0xE8, 0xC6,
    0x6E, 0xAE, 0x5D, 0x86, 0xA2, 0xAE, 0x26, 0xFB, 0x48, 0x31, 0x22, 0x73, 0xE9, 0x15, 0x97, 0x93,
    0x04, 0xA4, 0x0E, 0xD9, 0xF4, 0xFB, 0xDB, 0x7C, 0x54, 0x1F, 0x9B, 0xCD, 0x75, 0x9C, 0xD9, 0x82,
    0xD2, 0x34, 0x73, 0xBD, 0x45, 0xA4, 0xD5, 0x33, 0xA3, 0xEA, 0xD4, 0xB3, 0x43, 0xD9, 0xA9, 0xED,
    0x5E, 0x7C, 0x21, 0xCE, 0xE4, 0x82, 0x9E, 0x6B, 0x34, 0xC6, 0xB3, 0xB6, 0xEA, 0xD4, 0xD3, 0xBE,
    0x6D, 0xD4, 0x93, 0xB1, 0x40, 0x4F, 0x88, 0xCB, 0x1F, 0x2E, 0x42, 0xB5, 0x5F, 0xB1, 0xEA, 0xCE,
    0x44, 0x89, 0xBF, 0x48, 0x14, 0xE2, 0xD3, 0xB9, 0x45, 0x3E, 0xF2, 0xF6, 0x10, 0xF7, 0x19, 0x6D,
    0x90, 0x5E, 0x5A, 0xFA, 0x9B, 0x0A, 0xA1, 0x84, 0x7C, 0x95, 0x66, 0x46, 0x96, 0xD4, 0x4E, 0xC8,
    0x3E, 0x71, 0x48, 0x87, 0xF1, 0x2B, 0xA5, 0x75, 0x42, 0x47, 0x77, 0x86, 0xA8, 0x0B, 0xDA, 0xBE,
    0xD1, 0x04, 0xF3, 0xCA, 0xFF, 0x75, 0x0B, 0xE5, 0xC7, 0xA4, 0x4B, 0x8E, 0x14, 0x6F, 0x5D, 0x4A,
    0x7F, 0xD9, 0x1F, 0xFD, 0x89, 0x27, 0x55, 0x71, 0xB1, 0x37, 0x1D, 0x0A, 0x6A, 0x50, 0x78, 0x20,
    0xD9, 0x38, 0x3C, 0x5A, 0xFB, 0x80, 0x8D, 0x38, 0x7E, 0xFB, 0x60, 0x45, 0x76, 0x63, 0xF7, 0xA8,
    0x46, 0x12, 0x2B, 0x6F, 0xFF, 0xB7, 0x55, 0x45, 0x96, 0x2C, 0xD8, 0x44, 0xAB, 0x3E, 0xB6, 0x4A,
    0x6B, 0xA9, 0xE6, 0x66, 0x14, 0xD4, 0xA1, 0xB5, 0x90, 0xAC, 0x30, 0x3E, 0xF1, 0xFC, 0xA8, 0xC8,
    0xC6, 0x16, 0xF3, 0x11, 0x28, 0x18, 0xFD, 0x1D, 0x31, 0x02, 0xEA, 0x88, 0xCF, 0xA3, 0xA7, 0x5E,
    0x99, 0x5E, 0x9D, 0xBE, 0xFB, 0x13, 0x36, 0xBB, 0x39, 0xF2, 0x4C, 0x37, 0x12, 0x97, 0xCC, 0x78,
    0x03, 0xC0, 0xA5, 0xC4, 0x1D, 0xFD, 0xF9, 0xA6, 0x53, 0x93, 0xB2, 0xA7, 0x35, 0x3B, 0x24, 0x40,
    0x46, 0xA4, 0x97, 0xB0, 0x2A, 0xE0, 0xB2, 0x66, 0xD0, 0x28, 0x90, 0xFE, 0xD3, 0x93, 0x3E, 0x1F,
    0x94, 0xF6, 0x85, 0x60, 0xBB, 0xE7, 0xAC, 0x4D, 0x9D, 0xA2, 0x89, 0xA0, 0x68, 0x73, 0xB7, 0x9D,
    0x86, 0x64, 0xC1, 0xBB, 0x41, 0x44, 0xBD, 0x60, 0x52, 0x8B, 0xF6, 0x8A, 0xE3, 0xB8, 0x64, 0xDE,
    0x45, 0xD8, 0xA4, 0x51, 0xB0, 0x79, 0x6C, 0x37, 0x3A, 0xB9, 0x04, 0xE4, 0x63, 0x4C, 0xAC, 0x46,
    0x58, 0x1E, 0xCA, 0x21, 0xB8, 0x08, 0x24, 0x33, 0x00, 0xC3, 0x2A, 0x9B, 0x87, 0x76, 0x46, 0x92,
    0x8B, 0xEB, 0x61, 0xE4, 0x10, 0xE4, 0xE3, 0xA8, 0x22, 0x70, 0xAC, 0xCD, 0x56, 0x3C, 0x37, 0xF3,
    0x85, 0xDA, 0xEF, 0x53, 0x40, 0x61, 0x25, 0x59, 0x4E, 0x23, 0x76, 0x32, 0xC5, 0xC5, 0x11, 0x72,
    0x01, 0xD5, 0x42, 0x69, 0xD9, 0xC5, 0x9B, 0xA8, 0x85, 0xFC, 0xA9, 0xF9, 0x63, 0x7A, 0xDE, 0xEA,
    0xDB, 0xE0, 0x9D, 0x93, 0x55, 0xBA, 0xF8, 0x84, 0xAC, 0x41, 0xFE, 0xE9, 0x2F, 0xA7, 0x1D, 0x64,
    0x77, 0x3E, 0x75, 0x33, 0x52, 0x1A, 0xBC, 0x03, 0xA8, 0x6F, 0x47, 0xA0, 0xED, 0x94, 0x05, 0xF8,
    0xD0, 0x5E, 0x1A, 0x1C, 0x5C, 0x6A, 0xB1, 0x83, 0xD9, 0xA0, 0x85, 0x63, 0x24, 0x72, 0xFF, 0x19,
    0x8D, 0x79, 0x6A, 0xAA, 0x3A, 0x7A, 0x7D, 0x2C, 0xDF, 0xA2, 0x6B, 0xB6, 0xFC, 0x19, 0xBD, 0x33,
    0xE4, 0xBF, 0xFC, 0xFB, 0xF7, 0xBB, 0x8C, 0xAE, 0x51, 0x93, 0xD0, 0x53, 0x04, 0xB4, 0xF0, 0xA1,
    0xB8, 0x66, 0x63, 0xBC, 0xBB, 0x44, 0x53, 0xD0, 0xBF, 0xBA, 0xB5, 0x11, 0xE2, 0x32, 0x9A, 0x59,
    0xD4, 0xB1, 0x6C, 0x36, 0x16, 0xAC, 0xDD, 0x4F, 0x69, 0x39, 0x6E, 0x88, 0xFB, 0x6E, 0x01, 0x90,
    0x34, 0xA2, 0xFE, 0xED, 0xED, 0x2D, 0x10, 0x8D, 0x22, 0xD9, 0x8E, 0xF2, 0x97, 0x25, 0x9D, 0x3E,
    0xF3, 0x2D, 0xA7, 0x91, 0xC7, 0x34, 0x6E, 0xBD, 0x60, 0x43, 0x1C, 0x79, 0x7D, 0x16, 0xDC, 0x15,
    0xF3, 0xA8, 0x68, 0xF2, 0x20, 0x46, 0x4A, 0x3F, 0xB0, 0x3E, 0x9F, 0x20, 0x3D, 0x28, 0x86, 0xDC,
    0x28, 0xE2, 0x45, 0xEF, 0x21, 0xC4, 0xF9, 0xD2, 0x32, 0x8A, 0x91, 0x91, 0xCD, 0x38, 0xC5, 0x87,
    0xDD, 0x1C, 0x3D, 0x5A, 0x62, 0xEC, 0x76, 0xCD, 0xD6, 0xC1, 0xED, 0x84, 0x81, 0xA1, 0xC6, 0x24,
    0x44, 0x30, 0x99, 0x4B, 0x18, 0x16, 0x30, 0xDB, 0xB7, 0x2F, 0x71, 0x34, 0xB9, 0x25, 0x72, 0x89,
    0x13, 0x5B, 0x4D, 0xEA, 0x9F, 0xD7, 0x06, 0x44, 0x8C, 0x9A, 0x10, 0x17, 0x19, 0xBC, 0x46, 0xE9,
    0x18, 0xB5, 0x40, 0x5D, 0x60, 0x5C, 0x50, 0x8C, 0xAB, 0xB5, 0x06, 0x5C, 0xD9, 0x80, 0x9B, 0xC0,
    0x2E, 0x9C, 0xA3, 0xC0, 0xA2, 0xF8, 0xC5, 0x67, 0x23, 0xCA, 0x6B, 0x9F, 0x4C, 0xA8, 0xAE, 0x59,
    0x87, 0xFA, 0x75, 0x3B, 0x43, 0x65, 0xD6, 0xC8, 0x8F, 0x2B, 0x78, 0x46, 0x83, 0x33, 0x9B, 0x80,
    0xB2, 0x40, 0xCB, 0x9A, 0x27, 0x24, 0xA3, 0x43, 0x66, 0x5F, 0x0D, 0x15, 0x75, 0x41, 0xA4, 0xCB,
    0xF7, 0xDF, 0xEF, 0xEA, 0x1F, 0xFD, 0x4D, 0xA7, 0xCA, 0x77, 0x06, 0x53, 0x5E, 0xB3, 0x73, 0x79,
    0x6D, 0xE4, 0x0B, 0x15, 0xFA, 0xB9, 0xA5, 0x0B, 0xF4, 0xC2, 0xDA, 0x08, 0x55, 0xAD, 0x99, 0x17,
    0xAA, 0x86, 0xF9, 0x66, 0xD9, 0x81, 0x88, 0x6B, 0x14, 0xA6, 0x18, 0x13, 0xE9, 0xB3, 0xCF, 0xD8,
    0x1C, 0x5F, 0xFC, 0xC2, 0x3A, 0x78, 0x49, 0x0F, 0x9E, 0x6D, 0xBB, 0x00, 0xAF, 0x5E, 0x17, 0x93,
    0x82, 0xDF, 0xEC, 0xDB, 0xCC, 0x56, 0xDD, 0xE3, 0xD2, 0x9F, 0x55, 0x28, 0x1D, 0xA3, 0x16, 0xA8,
    0x27, 0x18, 0xAF, 0x8A, 0x0B, 0xED, 0xCF, 0x07, 0xC7, 0xA1, 0x13, 0xF4, 0x2A, 0xFB, 0xEC, 0x33,
    0xAB, 0x8A, 0x5F, 0x30, 0xE4, 0x54, 0x95, 0x9C, 0xAA, 0x52, 0x4F, 0xDB, 0xF9, 0x04, 0x0F, 0xD6,
    0xA1, 0x24, 0xA2, 0x46, 0xA0, 0xB3, 0x30, 0xFC, 0xED, 0xD2, 0x09, 0x30, 0x72, 0x43, 0xEB, 0xF7,
    0x3B, 0x84, 0x31, 0x28, 0xB9, 0x57, 0x48, 0x89, 0x1C, 0xF2, 0xDB, 0xB3, 0x47, 0xF1, 0x89, 0x33,
    0x28, 0xDF, 0x75, 0x4A, 0x07, 0x87, 0xAF, 0x7E, 0xCD, 0x55, 0x9D, 0x38, 0x81, 0xBD, 0x49, 0x5C,
    0x61, 0xCF, 0x2C, 0xA4, 0x19, 0xA1, 0xAE, 0x94, 0xCE, 0xC4, 0x70, 0x01, 0xE9, 0xE4, 0x00, 0xB2,
    0xC8, 0xA2, 0x0F, 0x89, 0xF2, 0xFD, 0xED, 0xA6, 0x7E, 0xE1, 0x47, 0x9D, 0xAA, 0x7E, 0xD8, 0x5D,
    0xA8, 0xFE, 0x6C, 0xB8, 0x5A, 0xBD, 0x6E, 0xCF, 0x06, 0x4B, 0x7C, 0x30, 0xC5, 0x17, 0x21, 0xE3,
    0xB0, 0x31, 0xCB, 0xE7, 0x63, 0x4C, 0x95, 0x5B, 0x66, 0xC5, 0xF6, 0x10, 0x2F, 0x91, 0x63, 0xA0,
    0x8C, 0xE6, 0xDE, 0x9A, 0x09, 0x9E, 0x8D, 0x52, 0xDA, 0x97, 0xEC, 0x9F, 0x36, 0xBE, 0x64, 0x07,
    0xB5, 0xF3, 0xF5, 0x5B, 0x6C, 0x92, 0x17, 0xC7, 0x74, 0xF0, 0x4A, 0xC6, 0xC6, 0x1E, 0x5F, 0x5B,
    0x2C, 0xB6, 0x54, 0x49, 0x64, 0x55, 0x2E, 0x97, 0x25, 0x99, 0xAA, 0x46, 0xE1, 0xAA, 0x54, 0x0F,
    0xE4, 0x42, 0x5D, 0x1D, 0xD0, 0xA9, 0xFC, 0xA3, 0x9B, 0xBD, 0x2A, 0xDE, 0xFE, 0x85, 0x55, 0xE5,
    0xDB, 0x3F, 0xB7, 0xAA, 0x7A, 0xE6, 0xFA, 0xA8, 0xEA, 0x7C, 0x70, 0x6B, 0x4D, 0x8D, 0xCC, 0x52,
    0x38, 0x1D, 0x98, 0x1E, 0x15, 0xCD, 0x72, 0x84, 0xAE, 0x36, 0x4C, 0xF7, 0x08, 0xAA, 0x0E, 0x41,
    0x46, 0xA7, 0x1C, 0x9F, 0xC6, 0x4B, 0x06, 0xDE, 0xEE, 0xF6, 0x46, 0xA3, 0xAA, 0x1E, 0x7F, 0x48,
    0x5D, 0x15, 0x7E, 0x69, 0x82, 0xD9, 0x58, 0x3E, 0xC3, 0xBC, 0x39, 0xA1, 0x26, 0x87, 0x35, 0x56,
    0x5C, 0x1E, 0x2D, 0x5F, 0x9B, 0xB3, 0x8F, 0x3E, 0x58, 0x0B, 0x0D, 0x4D, 0x45, 0xF3, 0x23, 0x90,
    0x8A, 0x31, 0xD9, 0x9E, 0xC4, 0x39, 0xDE, 0x76, 0xC0, 0x8E, 0x1C, 0xF9, 0x03, 0x5F, 0x91, 0x53,
    0x34, 0xEC, 0x68, 0xD9, 0xDD, 0x5E, 0x19, 0x14, 0xD9, 0x82, 0x6C, 0xA8, 0xD4, 0x36, 0x4E, 0x68,
    0x3E, 0xC1, 0xB2, 0x3B, 0x1A, 0x4F, 0x0A, 0x5E, 0x9B, 0xAA, 0xAE, 0x7A, 0x77, 0x32, 0x21, 0x07,
    0x20, 0x23, 0xB1, 0xE0, 0xBC, 0x34, 0x6B, 0xC9, 0x84, 0xBB, 0xB1, 0xC1, 0xC8, 0xEC, 0x5D, 0x78,
    0x3C, 0xB3, 0xEC, 0x92, 0xAF, 0x8A, 0x8D, 0x40, 0x0B, 0x9A, 0x5D, 0xD4, 0x82, 0xB8, 0xA9, 0x39,
    0x1B, 0xB7, 0xA8, 0xEF, 0xDC, 0x09, 0x43, 0x97, 0x0E, 0xE2, 0x8F, 0x4A, 0xAD, 0x76, 0xEF, 0x94,
    0x91, 0x6E, 0x31, 0xCE, 0xAC, 0x86, 0x72, 0x87, 0x6A, 0xAC, 0x26, 0xD5, 0xA5, 0xCE, 0x00, 0x61,
    0x58, 0xBA, 0x5D, 0x2C, 0xA8, 0x25, 0x8A, 0x02, 0x76, 0x0C, 0xE0, 0x95, 0x4E, 0x66, 0xD5, 0x67,
    0xAE, 0xF4, 0xED, 0x28, 0x37, 0x1A, 0xAD, 0x07, 0xA2, 0x3B, 0x02, 0xB9, 0x3C, 0x4A, 0x2A, 0x92,
    0xD7, 0x3C, 0x5A, 0xFE, 0xD0, 0x39, 0x16, 0x51, 0x50, 0x88, 0x61, 0xAA, 0x9B, 0x33, 0xAA, 0xBD,
    0x31, 0x90, 0x38, 0x3E, 0xDA, 0x02, 0x04, 0x83, 0x8C, 0xA0, 0x74, 0x7E, 0x0B, 0x75, 0x53, 0x58,
    0x48, 0x63, 0x8C, 0xB2, 0xAF, 0x3A, 0x14, 0x43, 0xDD, 0x20, 0x0F, 0xDE, 0xC3, 0x68, 0x00, 0x1E,
    0x57, 0x00, 0x12, 0x37, 0x23, 0xB6, 0x66, 0x68, 0x27, 0x86, 0xB1, 0x0C, 0x25, 0xA8, 0x07, 0xE9,
    0x81, 0xAC, 0x6D, 0xB6, 0xA8, 0xAC, 0x82, 0x92, 0x2B, 0xA3, 0xAB, 0x6E, 0x07, 0x65, 0xE7, 0x50,
    0x5C, 0x77, 0xC8, 0xB9, 0x52, 0xCA, 0x7E, 0x69, 0x91, 0xDE, 0x19, 0x00, 0xEA, 0x59, 0x21, 0x5B,
    0xE1, 0xE4, 0x1F, 0x34, 0x40, 0xF9, 0x77, 0x03, 0xD8, 0xBB, 0x1C, 0x01, 0x8C, 0xAF, 0x00, 0x5F,
    0x9F, 0x85, 0xEB, 0x67, 0x34, 0xEA, 0x17, 0xF8, 0xC8, 0xB7, 0x7B, 0xA4, 0xD7, 0x25, 0xF6, 0xE1,
    0xAC, 0x0E, 0x15, 0x28, 0xB0, 0x2C, 0x0D, 0x40, 0x49, 0xB2, 0x03, 0xA8, 0x3F, 0x3F, 0x1F, 0x12,
    0x55, 0x5D, 0x31, 0xBE, 0x8C, 0x33, 0x9C, 0x5A, 0x36, 0x19, 0xE9, 0x0D, 0x22, 0x73, 0xD2, 0xBD,
    0x6E, 0x91, 0xBA, 0x9A, 0xB7, 0x78, 0x2D, 0x05, 0x39, 0xAE, 0x87, 0x39, 0xAC, 0x73, 0xF6, 0xAE,
    0xE5, 0x7B, 0xD9, 0x3F, 0x4E, 0x50, 0x4D, 0x36, 0xA5, 0x77, 0x2C, 0x54, 0x5F, 0x5A, 0x90, 0x45,
    0xE5, 0x69, 0x90, 0xDF, 0x0F, 0xB3, 0x01, 0x4C, 0x17, 0xBD, 0x69, 0xD5, 0x20, 0x2C, 0x4A, 0xC7,
    0x75, 0x1B, 0x88, 0x6F, 0xF8, 0x65, 0xB4, 0x5B, 0xAE, 0x87, 0xA5, 0x53, 0x10, 0xB3, 0xCB, 0xBA,
    0x5E, 0xDB, 0x2C, 0x28, 0x38, 0x5E, 0xB5, 0x0C, 0x63, 0x56, 0x1D, 0xE7, 0x1B, 0xFE, 0x5B, 0x7A,
    0xA2, 0x85, 0xD4, 0xC3, 0xCB, 0x76, 0x02, 0x46, 0xAE, 0x27, 0xAF, 0x12, 0x27, 0xF6, 0x19, 0xCC,
    0x8E, 0x41, 0x72, 0x55, 0xD5, 0x47, 0x33, 0x94, 0x0D, 0xF9, 0xA9, 0xB6, 0x21, 0x4B, 0x55, 0x31,
    0x57, 0x55, 0x9D, 0x70, 0x69, 0xD8, 0x09, 0x8A, 0x71, 0x3E, 0xAE, 0xA6, 0x95, 0xFB, 0x8F, 0x64,
    0x13, 0xB1, 0x78, 0x24, 0x14, 0xCF, 0x69, 0x42, 0x75, 0xE7, 0x0E, 0xA7, 0xF9, 0xEE, 0x9F, 0x13,
    0x4C, 0x83, 0x56, 0xB7, 0x92, 0xC8, 0x0A, 0xDD, 0xDE, 0xA6, 0xD1, 0x90, 0xEB, 0x09, 0x42, 0xFD,
    0xF3, 0x9F, 0xC7, 0xE2, 0x16, 0x5B, 0x3D, 0x18, 0xD2, 0xCB, 0xF2, 0x05, 0xCD, 0x3A, 0xC9, 0x32,
    0x9B, 0x61, 0xBC, 0xB0, 0x26, 0x82, 0xDA, 0x36, 0x5D, 0xCB, 0x66, 0xEE, 0x7F, 0x3C, 0xD4, 0xCA,
    0x80, 0xFB, 0x1F, 0xD4, 0x9D, 0x0A, 0x8D, 0x85, 0x47, 0x42, 0x23, 0x50, 0x61, 0xB9, 0x9C, 0x0E,
    0xA4, 0x0F, 0xE2, 0x5D, 0x16, 0xBE, 0x6B, 0xF6, 0xCE, 0xB1, 0x0C, 0xCC, 0x03, 0x2B, 0xC1, 0xB7,
    0x38, 0x17, 0x21, 0x23, 0xAB, 0x38, 0x65, 0x26, 0x75, 0xF5, 0xF5, 0xFE, 0x5B, 0xF5, 0xA0, 0x1A,
    0xA0, 0xB0, 0x26, 0x38, 0x29, 0xED, 0x1E, 0xA7, 0x5D, 0x56, 0xDD, 0x92, 0xA3, 0x61, 0xE6, 0xA3,
    0x8C, 0xF4, 0x14, 0xB6, 0x1E, 0xEA, 0xBE, 0x1E, 0x4A, 0xE2, 0xA5, 0xCB, 0x85, 0x1A, 0xED, 0xB8,
    0xEA, 0x0D, 0x42, 0xDC, 0x8E, 0xF8, 0x94, 0xF2, 0x09, 0xC9, 0x6E, 0x8F, 0xFF, 0xF5, 0xBF, 0xDE,
    0x1D, 0x7E, 0x78, 0x45, 0xF0, 0x13, 0x56, 0xD2, 0xB0, 0xFE, 0x07, 0x16, 0x28, 0xE9, 0x69, 0x1A,
    0x14, 0x25, 0x34, 0x9A, 0x06, 0x4F, 0xBB, 0x56, 0xBE, 0xE9, 0x01, 0xCC, 0x1E, 0x97, 0x05, 0x1E,
    0xD2, 0xD2, 0x24, 0x73, 0x2B, 0xFD, 0x73, 0x75, 0x93, 0x3E, 0x9E, 0x6A, 0xFA, 0x98, 0x6C, 0x4E,
    0x4F, 0x51, 0x83, 0xB0, 0x9C, 0x5C, 0x5C, 0x66, 0x16, 0x34, 0x33, 0xB3, 0x7F, 0xF2, 0x4F, 0x81,
    0x5F, 0xA5, 0x8F, 0x89, 0x9A, 0xC6, 0x25, 0xFE, 0xFF, 0xDF, 0xFB, 0xF7, 0x90, 0xE5, 0xAB, 0xFB,
    0x9D, 0x61, 0xCC, 0xBC, 0x8D, 0x4F, 0x58, 0xCA, 0x5B, 0xCF, 0x87, 0xDF, 0x51, 0x4D, 0xEC, 0x19,
    0xB4, 0x87, 0x64, 0x74, 0xDC, 0x27, 0xB5, 0x47, 0xE9, 0xB7, 0x91, 0x11, 0x01, 0x86, 0x76, 0xF7,
    0x1E, 0xD2, 0xFA, 0x6E, 0xFF, 0x90, 0xAC, 0x69, 0x36, 0x68, 0xFF, 0x13, 0x01, 0xA0, 0xD5, 0x50,
    0x37, 0xBA, 0x8A, 0xBA, 0x94, 0x3A, 0x54, 0x07, 0xC3, 0xC9, 0x06, 0xB2, 0xFC, 0x07, 0x68, 0x9B,
    0x7E, 0xDE, 0xC3, 0x74, 0x28, 0x07, 0x94, 0x57, 0xF1, 0xDD, 0x5F, 0x7F, 0xE3, 0x4F, 0xA5, 0x90,
    0x65, 0x23, 0x32, 0x8F, 0xA2, 0xD0, 0xBF, 0x01, 0x2C, 0x6F, 0x41, 0xAA, 0xD7, 0xAF, 0x74, 0x2D,
    0x75, 0x6F, 0xEC, 0xDE, 0x8F, 0x35, 0xE2, 0xCD, 0xBE, 0x7D, 0xBA, 0x97, 0xCD, 0x0B, 0xF3, 0x4F,
    0xBE, 0x07, 0x5C, 0xDD, 0xF9, 0xDD, 0x37, 0x74, 0x35, 0x48, 0xAF, 0xEE, 0x55, 0xD3, 0xFF, 0x66,
    0x28, 0x78, 0x57, 0xE3, 0xD1, 0x37, 0x75, 0x58, 0x25, 0x1A, 0x71, 0x59, 0x3D, 0x22, 0x4F, 0xFE,
    0xB6, 0x41, 0xF6, 0x57, 0x48, 0xD0, 0x20, 0x91, 0xBD, 0xF7, 0x58, 0xD6, 0x62, 0x29, 0x66, 0xBB,
    0x80, 0x72, 0xFC, 0xE7, 0x8F, 0x01, 0x78, 0x4C, 0xAC, 0x3A, 0x7A, 0xB9, 0xC0, 0x7A, 0x03, 0xC9,
    0x4D, 0x4E, 0xFA, 0x26, 0x12, 0xDD, 0x20, 0x4D, 0xF7, 0x25, 0xED, 0x03, 0xD3, 0xBF, 0x0A, 0x51,
    0x09, 0xE2, 0x9E, 0xDF, 0x0B, 0xC4, 0xF2, 0xA6, 0xFF, 0x77, 0xC1, 0x06, 0x6C, 0xF8, 0x3B, 0x19,
    0xF0, 0x28, 0xF0, 0x2F, 0x80, 0x74, 0x04, 0xBE, 0x17, 0x4B, 0xE3, 0xAF, 0x03, 0x27, 0x42, 0xAF,
    0xFB, 0xEE, 0x65, 0x43, 0xF0, 0xCF, 0x42, 0xBD, 0x09, 0xA5, 0x0B, 0x59, 0x7D, 0x7B, 0xC0, 0x7D,
    0x16, 0x49, 0x29, 0x07, 0x50, 0xF3, 0xAA, 0x91, 0x6B, 0x72, 0x2A, 0xEB, 0xA4, 0xD6, 0xFA, 0x09,
    0xC2, 0x61, 0x16, 0x9B, 0xCC, 0xF8, 0x37, 0x92, 0x0E, 0x58, 0x55, 0x3A, 0x0D, 0xDF, 0xC7, 0xB2,
    0x97, 0x56, 0xE9, 0x36, 0x01, 0x09, 0xB9, 0x65, 0x95, 0x17, 0x9C, 0x67, 0x87, 0xD2, 0x31, 0x2A,
    0x81, 0x12, 0xB4, 0x8C, 0x64, 0x66, 0x64, 0x13, 0xA3, 0xF8, 0x84, 0x51, 0xBE, 0xCB, 0xA8, 0xDF,
    0x62, 0x98, 0x84, 0xE1, 0x19, 0xDE, 0x31, 0x68, 0x14, 0x0C, 0x09, 0x8D, 0xD4, 0x25, 0x64, 0xA9,
    0x61, 0x00, 0xC8, 0x07, 0x46, 0xD9, 0xEF, 0x56, 0x4B, 0x2A, 0x40, 0x97, 0x5D, 0x25, 0x66, 0x28,
    0x8D, 0x9C, 0x82, 0x19, 0x13, 0xE2, 0xB2, 0x2E, 0xED, 0x96, 0x82, 0x1A, 0x18, 0x2D, 0x23, 0x21,
    0x46, 0x26, 0x28, 0x7E, 0xC9, 0xA8, 0xDE, 0x61, 0xA8, 0x1F, 0x32, 0xDA, 0x82, 0xE1, 0x04, 0x53,
    0x71, 0x5B, 0x2B, 0x5B, 0x50, 0xA7, 0xBA, 0x82, 0x1A, 0x00, 0x95, 0x66, 0x28, 0xEC, 0xE2, 0x42,
    0x2C, 0x91, 0xA1, 0xB7, 0x3F, 0x00, 0xE7, 0x6F, 0x37, 0x30, 0xD4, 0x89, 0x64, 0x3B, 0x8A, 0x26,
    0x16, 0x89, 0xA4, 0xB7, 0xDF, 0xEF, 0x4D, 0x26, 0xAB, 0x7B, 0x89, 0x8B, 0xFB, 0x3E, 0x88, 0x69,
    0x74, 0x51, 0x44, 0x7D, 0xD0, 0x0B, 0xEF, 0x69, 0xD9, 0x3E, 0xA8, 0x1B, 0x17, 0x25, 0x2D, 0x5D,
    0xDE, 0xA6, 0x8E, 0x4F, 0x95, 0xC5, 0x9F, 0xF7, 0x4C, 0x17, 0xE2, 0x68, 0xC2, 0xB9, 0xB3, 0x72,
    0x28, 0xD1, 0x48, 0xCF, 0xCB, 0x05, 0xF4, 0x98, 0xFD, 0x63, 0xB3, 0x57, 0x8E, 0xDA, 0x89, 0xC8,
    0x12, 0x0D, 0x3E, 0xB1, 0x1E, 0xDA, 0x03, 0xAB, 0x70, 0x60, 0x50, 0xBC, 0xA3, 0xF8, 0x64, 0x5E,
    0x3E, 0x60, 0x25, 0xAC, 0xE7, 0x5A, 0xAD, 0xDE, 0x21, 0xA8, 0x3B, 0xCB, 0xA7, 0xF4, 0xF5, 0x0C,
    0x85, 0xEF, 0xB0, 0x1E, 0x61, 0x61, 0xA5, 0xF5, 0xDD, 0xCC, 0x6E, 0x38, 0x9C, 0x3E, 0xD7, 0x2A,
    0x22, 0x09, 0x8B, 0xCB, 0x4A, 0xE3, 0x41, 0x02, 0x32, 0x1B, 0xC3, 0xFA, 0x15, 0xAB, 0x28, 0x04,
    0xE0, 0x3E, 0xE1, 0x44, 0xEC, 0xEC, 0xE8, 0xA0, 0xCF, 0xF9, 0xEF, 0x01, 0x2B, 0xD5, 0xDC, 0x1B,
    0x36, 0x64, 0x83, 0xAA, 0x0F, 0x37, 0x24, 0xEE, 0x9E, 0x3A, 0xB9, 0xB8, 0x58, 0xD1, 0x24, 0xE1,
    0xBD, 0x8D, 0xAA, 0xC3, 0xF9, 0xF7, 0x40, 0xD4, 0x70, 0xE0, 0x3F, 0xF6, 0xD7, 0x50, 0x32, 0x97,
    0x8F, 0x68, 0x8C, 0xE2, 0xBF, 0x3D, 0x70, 0x40, 0x44, 0x03, 0x6B, 0x66, 0x49, 0x7B, 0x42, 0x9D,
    0x47, 0xBD, 0xAF, 0xB5, 0x2D, 0x58, 0x7B, 0x4F, 0x32, 0xF1, 0x97, 0x6D, 0x07, 0x22, 0x80, 0x5C,
    0x18, 0x48, 0x5C, 0x5F, 0x6C, 0x2E, 0xCF, 0x96, 0xE7, 0x14, 0xC5, 0x31, 0x58, 0x6A, 0x96, 0xA3,
    0xAF, 0x89, 0x57, 0x68, 0x15, 0x0C, 0x07, 0x48, 0xF0, 0xC9, 0x8F, 0xE7, 0x84, 0x9C, 0xE4, 0xFF,
    0x97, 0x75, 0x6C, 0x84, 0x94, 0x7C, 0xC2, 0xE3, 0x92, 0x16, 0xE2, 0xC2, 0xC8, 0x63, 0x35, 0xF5,
    0xF4, 0x84, 0xC4, 0xF1, 0x90, 0x2A, 0xD0, 0xAA, 0xE7, 0x3A, 0x40, 0x19, 0xA3, 0x81, 0x8A, 0x08,
    0x80, 0x6A, 0x5B, 0x2D, 0xF1, 0xEC, 0x09, 0x62, 0x96, 0xEF, 0x64, 0x93, 0x7C, 0xBF, 0xB0, 0x32,
    0xA0, 0x24, 0x4D, 0x58, 0x1B, 0xBC, 0x35, 0xE5, 0x5A, 0x28, 0x5D, 0x39, 0xC8, 0x72, 0x24, 0x4F,
    0x36, 0x67, 0xD8, 0xA9, 0x92, 0xA1, 0xAC, 0x96, 0xD3, 0xA9, 0xDF, 0x9A, 0x91, 0xCC, 0xF5, 0xB5,
    0x09, 0x68, 0xEB, 0x77, 0x2C, 0xA0, 0xB6, 0xA5, 0xCB, 0x29, 0x37, 0x08, 0x50, 0x1F, 0x7F, 0xDC,
    0x49, 0xFC, 0xDF, 0xD8, 0xF8, 0x9D, 0xF0, 0x7D, 0xBF, 0x15, 0x8E, 0x65, 0xD5, 0xA1, 0xDD, 0x03,
    0xB2, 0x23, 0x98, 0x6C, 0x1D, 0xCB, 0xD4, 0xA6, 0x6A, 0xE9, 0xB9, 0x64, 0x2C, 0x25, 0x6A, 0x42,
    0xB5, 0xF9, 0xA0, 0xCF, 0x02, 0x5F, 0x09, 0x29, 0x94, 0x1A, 0xB1, 0x79, 0x3B, 0x85, 0xB3, 0x38,
    0x2D, 0x5E, 0x23, 0x8B, 0x3F, 0xD2, 0xB7, 0x95, 0x9E, 0x6D, 0xD9, 0xC3, 0xAB, 0x06, 0xBE, 0x05,
    0x68, 0x06, 0x3C, 0x21, 0x6E, 0x57, 0x7D, 0x9C, 0xA7, 0x94, 0x39, 0xC9, 0x25, 0xCE, 0xA3, 0x65,
    0x29, 0xB1, 0xF8, 0xB0, 0x26, 0x19, 0x9D, 0x33, 0x20, 0x18, 0x4E, 0xD3, 0xE4, 0x23, 0x0C, 0x1F,
    0x6B, 0x8C, 0xD4, 0x2F, 0x90, 0x75, 0xDC, 0x2E, 0x38, 0x3E, 0xF3, 0x5B, 0x06, 0x64, 0x0D, 0x94,
    0x05, 0xF2, 0x43, 0x4A, 0x37, 0x39, 0x8B, 0x6C, 0x28, 0xCD, 0xB7, 0xF5, 0xFB, 0xAA, 0x51, 0xDF,
    0x27, 0xA8, 0xE7, 0x1C, 0x6B, 0x84, 0x7A, 0x61, 0x80, 0x32, 0x1D, 0x14, 0x69, 0xA8, 0xB6, 0x93,
    0xED, 0x18, 0x2F, 0xFB, 0xFF, 0x25, 0x41, 0x7D, 0xDF, 0x34, 0x4A, 0xD7, 0xBD, 0xE2, 0x9B, 0x1B,
    0x6C, 0x79, 0x94, 0x60, 0xBE, 0xE3, 0x60, 0xEA, 0x91, 0x75, 0xC8, 0x16, 0xD9, 0x0E, 0xF1, 0xBC,
    0xFF, 0x77, 0x08, 0xE2, 0x11, 0x71, 0x7D, 0x76, 0xB6, 0x1C, 0x38, 0x6B, 0xCD, 0x85, 0x55, 0x7C,
    0xE2, 0x6A, 0x56, 0x4D, 0xF0, 0x3A, 0xAF, 0xBB, 0x65, 0x9D, 0x68, 0xE3, 0xFA, 0xE7, 0x33, 0xCA,
    0x81, 0x58, 0xB2, 0xBF, 0xEE, 0xE3, 0x13, 0xF3, 0xCC, 0x95, 0x43, 0x3A, 0xEF, 0x8E, 0xA2, 0x6E,
    0xDF, 0xD0, 0x20, 0x6A, 0x64, 0xCD, 0xDB, 0x27, 0x37, 0xCB, 0x5E, 0x26, 0x53, 0x70, 0x5A, 0xEF,
    0xF2, 0xB1, 0x3F, 0xE3, 0x34, 0xDE, 0x1F, 0x50, 0x52, 0xC7, 0x6B, 0xCB, 0xBD, 0xA9, 0x29, 0xC6,
    0xF7, 0x2D, 0x4B, 0xC9, 0xE8, 0xAA, 0x3D, 0xC7, 0x37, 0x09, 0xE4, 0xD0, 0x32, 0x92, 0x19, 0x0B,
    0x97, 0x49, 0xF1, 0x28, 0x07, 0x46, 0xDD, 0x31, 0x8C, 0x64, 0xA1, 0x99, 0x41, 0x6E, 0xF7, 0x2F,
    0xD7, 0x0A, 0x54, 0xB7, 0xFB, 0xBD, 0x7C, 0x64, 0xA4, 0x8E, 0x01, 0x12, 0x98, 0x66, 0x71, 0x09,
    0x97, 0x88, 0x53, 0x22, 0x57, 0x58, 0xB8, 0xAA, 0x83, 0x53, 0x80, 0x1C, 0x4B, 0x2E, 0xAE, 0x25,
    0x59, 0x49, 0x5F, 0xF6, 0xCB, 0x2F, 0x3A, 0xF8, 0x30, 0x4F, 0xD7, 0xB3, 0x5D, 0x47, 0x83, 0x88,
    0xF6, 0x70, 0xE4, 0xF7, 0xA8, 0xDB, 0x03, 0x80, 0xFA, 0x1E, 0xA8, 0xE2, 0x93, 0x63, 0x28, 0x7D,
    0x40, 0xF1, 0x29, 0x85, 0x68, 0x7F, 0xFC, 0x25, 0xD6, 0x2C, 0x02, 0x70, 0xF5, 0x90, 0x5E, 0x64,
    0xAB, 0xCF, 0xE9, 0x03, 0x3F, 0x7A, 0xA3, 0x79, 0x28, 0xAB, 0xF7, 0x83, 0x8D, 0x5B, 0x88, 0x75,
    0xA4, 0x77, 0xA1, 0x11, 0xC0, 0x16, 0x32, 0x88, 0x76, 0x01, 0x75, 0x6F, 0xC8, 0x00, 0x13, 0x40,
    0x44, 0xCD, 0x8A, 0x8B, 0x96, 0xE9, 0xA1, 0x8E, 0x22, 0x4D, 0x81, 0xA4, 0x03, 0x7B, 0x89, 0x3F,
    0x6F, 0x85, 0xC5, 0x28, 0xCC, 0x22, 0xA7, 0xFD, 0x8C, 0x23, 0xAC, 0xC2, 0xC2, 0x32, 0x7E, 0xCB,
    0x08, 0x15, 0x75, 0x81, 0x08, 0x43, 0x19, 0x7C, 0x22, 0x97, 0x65, 0x8B, 0x76, 0x81, 0xF6, 0x10,
    0xBC, 0x80, 0x3A, 0xC1, 0xC0, 0x28, 0x2C, 0x23, 0x1B, 0x05, 0x13, 0x23, 0x9D, 0xE2, 0x6F, 0x44,
    0xFC, 0x7F, 0x2F, 0x58, 0xA0, 0xA4, 0x5E, 0xA0, 0x81, 0xE4, 0x62, 0xEC, 0x6E, 0xA7, 0x64, 0x81,
    0x42, 0x50, 0x8D, 0x1B, 0x80, 0xEA, 0xCE, 0x34, 0x30, 0x9A, 0x46, 0x98, 0x94, 0x9C, 0xA4, 0x36,
    0x33, 0xEC, 0x8E, 0xE0, 0x42, 0xFC, 0xCB, 0x64, 0x76, 0x86, 0xFA, 0x4F, 0xB7, 0x1C, 0xEA, 0x81,
    0x46, 0x94, 0x44, 0x03, 0xF2, 0x38, 0x33, 0x42, 0x80, 0xA4, 0x45, 0xB2, 0x00, 0x4A, 0xB1, 0xD8,
    0x03, 0xE6, 0xC9, 0x8B, 0x6C, 0x19, 0xC1, 0x97, 0xD4, 0xCC, 0xD5, 0x73, 0x9D, 0xC8, 0xB3, 0x5A,
    0x79, 0x22, 0xF0, 0x31, 0xA1, 0x22, 0xDF, 0x84, 0xB1, 0x17, 0x7C, 0xBB, 0x39, 0x34, 0xA5, 0x1F,
    0xEA, 0xBE, 0x5D, 0x88, 0x23, 0xA6, 0xE2, 0x15, 0x0D, 0x90, 0xF5, 0x40, 0x6A, 0xC1, 0x16, 0xB2,
    0xBA, 0xE8, 0xC3, 0x2E, 0xB4, 0x74, 0xD0, 0x69, 0x30, 0x8D, 0x6E, 0x0F, 0x77, 0x21, 0x4E, 0xA9,
    0x1B, 0xB6, 0x92, 0xFE, 0x59, 0x8F, 0xEF, 0xC5, 0x8A, 0x18, 0xAB, 0x8A, 0xF8, 0xE1, 0xE7, 0xF5,
    0xF9, 0x3D, 0x61, 0xE7, 0x90, 0x2E, 0x84, 0x69, 0x06, 0x86, 0x28, 0x08, 0x06, 0xF7, 0xD1, 0x25,
    0x96, 0x8B, 0xC2, 0x61, 0xBD, 0x88, 0x73, 0x48, 0x36, 0x5A, 0x94, 0x56, 0xBA, 0x89, 0xD2, 0x39,
    0x2C, 0x07, 0xA3, 0x73, 0xEB, 0x91, 0xDD, 0x72, 0xD1, 0x49, 0x0D, 0xFD, 0xF8, 0x70, 0x21, 0x8E,
    0xD4, 0x4B, 0x38, 0xD3, 0xB4, 0x50, 0x5D, 0xF0, 0xD0, 0xA4, 0x4B, 0xDF, 0xF9, 0x50, 0xA1, 0x16,
    0x9F, 0x2E, 0x47, 0x6B, 0xEE, 0x58, 0xA4, 0xB4, 0x1C, 0xAD, 0x69, 0xBB, 0xE5, 0xD5, 0xBF, 0x87,
    0xD6, 0xF1, 0xA5, 0xEC, 0x59, 0x7A, 0x59, 0x8D, 0xE8, 0xAB, 0xDA, 0x53, 0x91, 0x0F, 0x3A, 0xD9,
    0x5E, 0x3E, 0x60, 0x8F, 0xCC, 0x58, 0x84, 0x4C, 0xD4, 0x81, 0x38, 0xC9, 0x10, 0xB7, 0x40, 0x3C,
    0x19, 0x8D, 0x30, 0x6D, 0x11, 0xE4, 0x18, 0x66, 0x62, 0xD4, 0x96, 0xA1, 0xC6, 0x18, 0x17, 0x3B,
    0xF4, 0x32, 0x7B, 0x51, 0x1C, 0x98, 0x4E, 0x8E, 0xA5, 0x46, 0x35, 0x05, 0xB1, 0x5D, 0x19, 0x35,
    0x00, 0xD4, 0x3D, 0x50, 0xB3, 0xCF, 0x72, 0x26, 0xCC, 0x53, 0x28, 0x07, 0xDA, 0x37, 0x4F, 0xC1,
    0x46, 0x2B, 0x69, 0x08, 0xDB, 0xF9, 0x3F, 0x3A, 0xF0, 0xFE, 0x2D, 0x3E, 0x33, 0x6B, 0xB4, 0xB2,
    0x40, 0x76, 0x48, 0xC9, 0x16, 0xE7, 0x3A, 0xAE, 0xD2, 0x5B, 0xA2, 0x1F, 0x0D, 0x4B, 0x72, 0xDE,
    0x7B, 0x6E, 0x00, 0x0C, 0xCA, 0x87, 0x27, 0x11, 0x75, 0x07, 0x08, 0xA0, 0x3A, 0x8A, 0xCD, 0xFA,
    0xE2, 0xBF, 0x5C, 0x84, 0xA1, 0x4F, 0xA7, 0x88, 0xD4, 0xA5, 0x5F, 0x08, 0x7F, 0xC5, 0x6F, 0xA6,
    0x44, 0x64, 0x03, 0x00, 0xE4, 0xF7, 0x40, 0xBA, 0xB9, 0xDB, 0x5E, 0x0D, 0x47, 0x83, 0x04, 0xED,
    0x9F, 0xB7, 0x83, 0x58, 0x3A, 0xA0, 0x16, 0xA4, 0x97, 0x39, 0x0E, 0xD8, 0x07, 0xEA, 0xF6, 0x03,
    0xD5, 0xBD, 0xD0, 0xBC, 0x84, 0x75, 0x88, 0xCF, 0x79, 0x58, 0xE6, 0xC7, 0xB1, 0xBD, 0x2A, 0xFC,
    0x2A, 0x3B, 0x5F, 0x62, 0xCD, 0x51, 0x38, 0xAC, 0x17, 0x4F, 0x87, 0x9C, 0x5D, 0xD8, 0x03, 0x2A,
    0xF6, 0x64, 0xDE, 0x3F, 0x6F, 0x15, 0x91, 0xAD, 0x58, 0xC9, 0x36, 0x3B, 0xC0, 0x1C, 0xB7, 0x12,
    0xA2, 0xC4, 0x16, 0x0F, 0xA5, 0x57, 0xFA, 0x1D, 0xA5, 0x89, 0xD5, 0xEE, 0x44, 0x5B, 0x2A, 0xB1,
    0x85, 0xB7, 0x83, 0x7E, 0x2D, 0x66, 0xE3, 0xD3, 0x10, 0xDE, 0x43, 0xFF, 0x39, 0x1C, 0x33, 0xB0,
    0xAC, 0xEA, 0x8B, 0x51, 0xE9, 0xEC, 0x48, 0x49, 0x1A, 0xE6, 0xB0, 0x4E, 0x6E, 0xC1, 0x18, 0x17,
    0x6B, 0xA1, 0x9E, 0xD5, 0x98, 0xE5, 0xDC, 0xE9, 0xA3, 0x05, 0x7C, 0xE3, 0x22, 0x42, 0x25, 0x8D,
    0x82, 0xC8, 0x82, 0xAB, 0xE9, 0xE9, 0x51, 0xD5, 0x25, 0xEE, 0x4D, 0xDE, 0x37, 0x3B, 0x03, 0xEC,
    0x90, 0x2C, 0xAD, 0xA0, 0x12, 0xA0, 0x45, 0xA8, 0xAE, 0x57, 0x65, 0x64, 0xC0, 0x1F, 0xCB, 0xA0,
    0x8F, 0x94, 0x0D, 0x72, 0x71, 0x02, 0xE9, 0xEE, 0x8B, 0x58, 0x40, 0x1E, 0x86, 0x0B, 0xEF, 0xCC,
    0xF8, 0x5D, 0x29, 0xF7, 0x4F, 0x04, 0x27, 0x82, 0x16, 0x2D, 0x6A, 0x49, 0x69, 0x8D, 0x07, 0xF1,
    0x01, 0xB5, 0x4A, 0xAA, 0xFA, 0xFC, 0x4F, 0xE2, 0x18, 0xDA, 0x5E, 0x6F, 0xFC, 0x6B, 0xB2, 0xEF,
    0x5E, 0xD9, 0x38, 0xB3, 0xFB, 0x6D, 0x2E, 0x1F, 0xD2, 0x66, 0xA5, 0xEF, 0xC6, 0x19, 0x70, 0xAB,
    0x03, 0x43, 0x50, 0x84, 0x62, 0x44, 0x6E, 0xEF, 0x17, 0xAA, 0x19, 0x86, 0x24, 0x40, 0x5E, 0x21,
    0x42, 0x7C, 0x89, 0x08, 0x20, 0x2F, 0x34, 0x93, 0x30, 0x61, 0xFD, 0x6A, 0xDE, 0x12, 0xC1, 0x99,
    0x27, 0xB7, 0x20, 0x8F, 0x48, 0x81, 0x52, 0x12, 0x49, 0x49, 0xE3, 0x78, 0x26, 0x55, 0xEE, 0xBD,
    0x9B, 0x41, 0x7B, 0xFD, 0x21, 0xE9, 0xF7, 0x28, 0x0D, 0xEF, 0x01, 0xF2, 0x9B, 0xBB, 0x3D, 0xE5,
    0xC6, 0xC3, 0x48, 0x2F, 0xD9, 0x7A, 0x84, 0x86, 0x47, 0x34, 0xB2, 0x62, 0xDF, 0x85, 0xE3, 0xF1,
    0x6F, 0x4C, 0x0F, 0x43, 0x0D, 0x8C, 0x8F, 0x8E, 0x56, 0x9C, 0xB1, 0x00, 0x95, 0x39, 0xA8, 0xC2,
    0x42, 0xD5, 0x1D, 0x54, 0xF0, 0x16, 0x07, 0xD6, 0x0C, 0x75, 0x93, 0xA0, 0x60, 0x1A, 0x85, 0xBA,
    0x53, 0xA8, 0x82, 0x10, 0xA4, 0x1A, 0xFC, 0x16, 0xE9, 0xD8, 0xCC, 0x4F, 0x9C, 0x96, 0x96, 0x3B,
    0x77, 0x16, 0x30, 0xE4, 0x80, 0x36, 0x60, 0xC1, 0x98, 0x93, 0x5D, 0x38, 0x46, 0xB2, 0x42, 0x2A,
    0xC8, 0x26, 0xC1, 0xB8, 0x8B, 0xC2, 0x32, 0xB6, 0x87, 0x84, 0x26, 0xEA, 0x12, 0x1A, 0x49, 0x27,
    0xB4, 0xCA, 0x6D, 0xC5, 0x6A, 0x64, 0xAA, 0xEE, 0x04, 0x4D, 0xB2, 0x58, 0x34, 0x48, 0x89, 0xBA,
    0x25, 0xF8, 0xB6, 0x20, 0x0B, 0xB0, 0xBB, 0xC8, 0x05, 0xC5, 0xC0, 0x28, 0x7B, 0x46, 0xDB, 0x55,
    0x37, 0x40, 0x5D, 0x45, 0x20, 0x30, 0x00, 0x3C, 0x21, 0xB8, 0x2A, 0x70, 0x2B, 0x5C, 0xC4, 0xFD,
    0x26, 0xE9, 0x13, 0xD1, 0x4A, 0xB2, 0x7D, 0x94, 0x80, 0x6A, 0x77, 0x64, 0xA2, 0xD9, 0x3F, 0x32,
    0xF1, 0xE0, 0x1D, 0x88, 0x3D, 0x21, 0xC8, 0x00, 0x3F, 0x26, 0x80, 0x66, 0xD6, 0x18, 0xAE, 0xF7,
    0xD7, 0xD1, 0xF5, 0x69, 0x56, 0xA5, 0x91, 0x85, 0x56, 0xE0, 0x59, 0x89, 0xFB, 0x32, 0x96, 0x5F,
    0x66, 0x79, 0xD6, 0xBC, 0xE7, 0xAD, 0x25, 0x53, 0xF4, 0xC5, 0xD3, 0xAD, 0x55, 0x53, 0x72, 0x84,
    0xCC, 0x7B, 0xED, 0x5E, 0x53, 0x72, 0x59, 0xC6, 0x5B, 0x8A, 0xA8, 0x84, 0xF6, 0x74, 0x77, 0xE7,
    0x1E, 0x0F, 0xDC, 0xD4, 0xAD, 0xB5, 0x1A, 0x05, 0x2D, 0xD5, 0xE3, 0x80, 0xD6, 0x9A, 0xF8, 0xF6,
    0x11, 0xC2, 0xEB, 0x47, 0xA0, 0x1E, 0xC4, 0x8C, 0xC1, 0x26, 0xCC, 0xF0, 0x0A, 0x12, 0xC2, 0x3B,
    0x48, 0x08, 0x2F, 0x21, 0x21, 0xBC, 0x85, 0x84, 0xF0, 0x1A, 0x12, 0xE4, 0x3D, 0x24, 0x66, 0x5D,
    0x17, 0xCC, 0x6A, 0x47, 0x58, 0xCE, 0x81, 0xAE, 0xA0, 0xCE, 0xE5, 0x93, 0x30, 0x1B, 0xE3, 0xC0,
    0x27, 0x6A, 0x2D, 0x54, 0x02, 0xB4, 0x81, 0x5E, 0x90, 0xCC, 0x61, 0xD2, 0xB0, 0x56, 0x36, 0xA1,
    0x46, 0x8D, 0x19, 0x63, 0x12, 0xBC, 0x59, 0x70, 0xB7, 0xE1, 0xD5, 0x72, 0xBB, 0x51, 0xAA, 0x3A,
    0xDF, 0xA8, 0x5A, 0xE6, 0x14, 0x95, 0x3B, 0x82, 0x99, 0x51, 0xB8, 0xFA, 0x1F, 0x54, 0x36, 0xD5,
    0x32, 0xF9, 0xA1, 0x9E, 0x01, 0xE0, 0x4D, 0x81, 0x43, 0xBC, 0xF6, 0x48, 0x05, 0xC9, 0xD6, 0xC3,
    0x54, 0xAE, 0x67, 0x39, 0x9B, 0xB9, 0x2A, 0x66, 0xE3, 0x90, 0xF4, 0xF1, 0xBC, 0x02, 0x99, 0x6E,
    0xAD, 0x23, 0x1B, 0x77, 0xE2, 0x10, 0x81, 0x19, 0x56, 0xB3, 0x00, 0x0B, 0xDE, 0xCE, 0xC9, 0x23,
    0x45, 0x7B, 0x68, 0x3A, 0xBF, 0x81, 0x6A, 0x44, 0xFB, 0xA7, 0xF3, 0x57, 0x58, 0x2D, 0x4E, 0x45,
    0xFD, 0xD1, 0xE3, 0xC7, 0x66, 0x63, 0x1C, 0x2B, 0x9B, 0x58, 0x0E, 0xC9, 0xE6, 0xC5, 0xAF, 0x66,
    0x63, 0x12, 0xFA, 0xD7, 0x19, 0x51, 0xC8, 0x7C, 0xC2, 0xF2, 0xE6, 0x2D, 0x8E, 0xA9, 0xDE, 0xB6,
    0x00, 0xD4, 0x33, 0x42, 0x93, 0x0B, 0x77, 0x72, 0x22, 0xC0, 0x09, 0xD3, 0xC0, 0xF8, 0x48, 0xB2,
    0x08, 0x2C, 0x03, 0x2B, 0xB6, 0x1D, 0xE2, 0xDC, 0x13, 0x69, 0x03, 0xA1, 0x0F, 0xC4, 0xBF, 0x6B,
    0x5E, 0x96, 0xE4, 0xEF, 0xD0, 0x28, 0xDB, 0x77, 0xD8, 0x6E, 0xB4, 0xCD, 0x0E, 0x80, 0x16, 0x06,
    0xC9, 0x15, 0x5A, 0xB4, 0x92, 0x82, 0xD8, 0xFA, 0x81, 0xB4, 0xCF, 0x62, 0x29, 0x98, 0xD4, 0x40,
    0x2C, 0xFE, 0xF0, 0x4F, 0x50, 0xD1, 0xDF, 0xD1, 0x8C, 0x82, 0x9E, 0x5C, 0x39, 0x16, 0x9C, 0x01,
    0xAE, 0x96, 0x9D, 0xA2, 0xA6, 0xF2, 0x80, 0x46, 0x78, 0x7B, 0xAD, 0x97, 0x70, 0x6E, 0x6F, 0xD0,
    0x9B, 0xA8, 0x8B, 0x41, 0x36, 0xF7, 0x22, 0xFB, 0x18, 0x4E, 0x36, 0x17, 0xCB, 0x9F, 0x8E, 0x39,
    0x49, 0x96, 0x06, 0x90, 0x2C, 0x7B, 0xA4, 0x93, 0xD1, 0xAE, 0xC5, 0x55, 0x5A, 0x78, 0x22, 0x4F,
    0x8B, 0xCB, 0x5E, 0xAC, 0x84, 0xFA, 0xF0, 0x8F, 0x2B, 0x72, 0x29, 0x8D, 0xCB, 0xC1, 0x80, 0xF8,
    0x94, 0xBA, 0xA2, 0x30, 0xEE, 0xFC, 0x82, 0xC3, 0xAF, 0xC5, 0x79, 0x77, 0x20, 0x81, 0x91, 0x5E,
    0x6A, 0xA8, 0x85, 0x68, 0x89, 0x1B, 0x0B, 0xDE, 0x6C, 0x60, 0xA4, 0xF6, 0x25, 0xC8, 0xA0, 0x17,
    0x0A, 0xF1, 0x69, 0xD2, 0xBD, 0xC7, 0xBA, 0xB2, 0x84, 0x49, 0xB7, 0xBD, 0xA2, 0xF1, 0x54, 0xE6,
    0x80, 0x30, 0xA4, 0x48, 0x12, 0x66, 0xCC, 0x3B, 0x89, 0x33, 0xCF, 0x4C, 0xB5, 0xF4, 0x8A, 0x1B,
    0xEC, 0x2E, 0xAF, 0x56, 0x7A, 0x39, 0x47, 0xEA, 0xB1, 0x93, 0xB2, 0xFD, 0xB5, 0x1A, 0x07, 0xA0,
    0x7C, 0x7D, 0xE0, 0x99, 0x3F, 0x27, 0xD3, 0xE6, 0x21, 0x6C, 0x45, 0x32, 0xBE, 0x1A, 0xCA, 0x7C,
    0x68, 0xDB, 0xB6, 0x1E, 0x13, 0xE2, 0x57, 0xE7, 0x09, 0x45, 0xFB, 0xAF, 0xD9, 0x25, 0xD6, 0x9E,
    0xDA, 0x3C, 0x26, 0x4F, 0x08, 0x00, 0xF2, 0x77, 0x47, 0xE4, 0xD7, 0x27, 0xA4, 0xCD, 0x16, 0x64,
    0x39, 0x96, 0x21, 0xEC, 0xBD, 0x4B, 0xFE, 0xB6, 0x3D, 0xF9, 0x54, 0x83, 0x07, 0x1F, 0xBD, 0x86,
    0xDC, 0x62, 0x28, 0xA2, 0xA0, 0x33, 0x57, 0x66, 0xA0, 0x1C, 0xE3, 0x38, 0x38, 0x01, 0x99, 0xD7,
    0xC1, 0x88, 0x94, 0x68, 0xF5, 0x0E, 0xA5, 0xE8, 0x14, 0x8C, 0xBE, 0xC0, 0x06, 0x18, 0x9A, 0x57,
    0x06, 0x9C, 0x59, 0x5C, 0x5E, 0xA5, 0x03, 0xB9, 0xCF, 0x85, 0x3D, 0x94, 0xCE, 0x88, 0x94, 0xE6,
    0x03, 0x27, 0x12, 0xD5, 0xE2, 0x3F, 0xF2, 0x89, 0x9B, 0xE5, 0xDB, 0x9E, 0xC9, 0x39, 0xC8, 0x22,
    0x27, 0x2D, 0x3A, 0xB6, 0x57, 0x84, 0x63, 0x9A, 0x93, 0xE8, 0xA1, 0x27, 0xBB, 0xC6, 0xFA, 0xD4,
    0x2D, 0xEB, 0xD3, 0x3F, 0x3A, 0x5E, 0xDB, 0x86, 0x09, 0xF9, 0x27, 0x21, 0x63, 0x7C, 0x25, 0xFB,
    0xF6, 0xDA, 0x91, 0x6F, 0x01, 0x38, 0x34, 0xB5, 0xEA, 0xD6, 0xF9, 0x29, 0xBC, 0xF5, 0xDB, 0xC4,
    0x37, 0x7E, 0x59, 0xB4, 0x4F, 0xE2, 0x62, 0x78, 0xD5, 0xA4, 0xB3, 0x1A, 0x72, 0x57, 0x12, 0x1D,
    0x98, 0x5A, 0x25, 0x4B, 0xF1, 0x53, 0x1B, 0xCA, 0xC4, 0xDA, 0x6B, 0x5B, 0x07, 0xA6, 0x5B, 0xD5,
    0xFB, 0xA6, 0x5B, 0x79, 0x98, 0x95, 0x5A, 0x96, 0x01, 0x41, 0x7D, 0xB4, 0x7F, 0xBA, 0xD5, 0xFF,
    0xFB, 0xE9, 0x5E, 0x87, 0xAE, 0xD3, 0xB1, 0xDA, 0x24, 0x4B, 0x71, 0x6D, 0x75, 0x9D, 0xBE, 0xB2,
    0x9D, 0x72, 0xCD, 0x8B, 0x9F, 0x8D, 0x48, 0x97, 0x69, 0x1D, 0xD7, 0xAB, 0x92, 0x00, 0xAA, 0x67,
    0xFB, 0xFA, 0xD9, 0x3E, 0xD6, 0xD1, 0x0F, 0xFE, 0x12, 0x87, 0x2C, 0x09, 0xCD, 0x41, 0x00, 0x8E,
    0xF1, 0xD5, 0xE7, 0x55, 0xBA, 0xC7, 0x3E, 0x8B, 0x7C, 0xD9, 0xA8, 0x48, 0x93, 0x22, 0x0D, 0xCA,
    0xB1, 0xDB, 0x2D, 0x69, 0x27, 0xD3, 0x8E, 0xA4, 0x7D, 0xFC, 0xB6, 0xAF, 0xFD, 0xD7, 0x2D, 0x94,
    0xEC, 0xAA, 0xD7, 0xCF, 0x35, 0x78, 0xE5, 0x7B, 0xC7, 0x6B, 0xBB, 0xCC, 0x00, 0xF4, 0x26, 0xCE,
    0x78, 0xFE, 0xDF, 0x03, 0x64, 0x59, 0x0E, 0xE1, 0x36, 0xF1, 0x31, 0xB2, 0x89, 0x43, 0xB8, 0x7D,
    0x9C, 0x00, 0x98, 0x2D, 0x27, 0x00, 0x26, 0x7B, 0x43, 0xB8, 0x7B, 0x03, 0xFD, 0x04, 0x7C, 0x63,
    0x8E, 0x3F, 0xA9, 0x86, 0x38, 0x63, 0xEC, 0x5E, 0x15, 0xE6, 0x71, 0xBC, 0xF0, 0x1D, 0x1B, 0x68,
    0x0E, 0x6B, 0x4F, 0x6E, 0x3E, 0xF8, 0xBB, 0x5E, 0xE1, 0xDF, 0x87, 0x8C, 0x12, 0xBE, 0xE8, 0xDF,
    0x87, 0x90, 0x5B, 0x86, 0x64, 0x7F, 0x98, 0xF6, 0xBD, 0x3F, 0x03, 0xDC, 0x23, 0x5C, 0x82, 0x9A,
    0x25, 0x60, 0x7F, 0x78, 0x71, 0xBF, 0x07, 0xC6, 0x1D, 0x9E, 0x3D, 0x0F, 0xEC, 0xEB, 0x79, 0xFD,
    0x1A, 0x61, 0x79, 0xA2, 0x94, 0xBB, 0x22, 0x5B, 0x8F, 0x9F, 0xD4, 0x08, 0xCB, 0x57, 0x7E, 0x1F,
    0xEC, 0xA1, 0xA7, 0x57, 0x50, 0xB7, 0x12, 0xAA, 0xA8, 0xC4, 0x74, 0xC8, 0xA8, 0x61, 0x01, 0xC9,
    0xC5, 0x2F, 0x9C, 0x76, 0xF1, 0x0F, 0xA8, 0x48, 0x02, 0x54, 0x08, 0x06, 0xB9, 0x47, 0xEE, 0x00,
    0xBD, 0x7C, 0x4A, 0xD0, 0x15, 0x07, 0x9E, 0x12, 0x4C, 0x46, 0x23, 0x74, 0x81, 0x40, 0x8E, 0xA1,
    0xF6, 0x9E, 0x12, 0x08, 0x5A, 0x07, 0x24, 0xDE, 0xC7, 0x29, 0x87, 0xCB, 0xA7, 0x04, 0x43, 0x45,
    0x9A, 0x53, 0x21, 0xDD, 0xEA, 0x8C, 0xF4, 0xFE, 0x61, 0x84, 0x47, 0x5A, 0x46, 0x49, 0x02, 0xC7,
    0x58, 0xDB, 0x5C, 0xBE, 0xD2, 0xD8, 0xC6, 0x57, 0x1A, 0x3F, 0x3B, 0xF8, 0x4A, 0x23, 0xF6, 0xBD,
    0xD2, 0x58, 0x5E, 0xF7, 0xE1, 0x51, 0x41, 0x7B, 0xE0, 0x51, 0xC1, 0x37, 0x59, 0x6A, 0x60, 0x75,
    0x9C, 0x76, 0x30, 0x5F, 0xAC, 0x17, 0xE3, 0xC5, 0x76, 0x31, 0x3D, 0x58, 0x1E, 0x67, 0x6A, 0xDA,
    0x5D, 0xC9, 0xB6, 0xD8, 0x2C, 0xAE, 0xA4, 0x58, 0xCC, 0x06, 0x0F, 0x72, 0x1C, 0x9B, 0xEB, 0xEE,
    0x65, 0xCF, 0x6F, 0xD3, 0xED, 0x95, 0x3B, 0xB6, 0x67, 0xCF, 0xF2, 0x15, 0x4B, 0xFE, 0xF6, 0xFF,
    0x05, 0xB5, 0x97, 0x01, 0x84, 0x24, 0xD9, 0x19, 0xC7, 0x7F, 0xAF, 0xAA, 0x67, 0x8B, 0x2D, 0xBC,
    0x41, 0x4F, 0xB8, 0x8B, 0xBB, 0x02, 0x90, 0xE5, 0xA6, 0x00, 0x88, 0x9D, 0xA9, 0x77, 0x07, 0x10,
    0xEC, 0x60, 0x27, 0x20, 0x2C, 0x40, 0x72, 0x92, 0x04, 0x16, 0xC1, 0xDE, 0xD6, 0xDB, 0xC0, 0x01,
    0x2C, 0x10, 0x9C, 0x24, 0x8B, 0xC5, 0xEE, 0x04, 0x17, 0x1C, 0x0E, 0xBB, 0x53, 0x4F, 0x04, 0x08,
    0x14, 0x91, 0x04, 0x81, 0x4A, 0x64, 0x05, 0x87, 0xAB, 0x5C, 0xEA, 0x5C, 0xCD, 0x6D, 0x75, 0x7D,
    0x79, 0xDD, 0x8F, 0xCE, 0xEC, 0xCD, 0x65, 0xEF, 0x6E, 0xBA, 0x5A, 0x7D, 0xFF, 0xA7, 0xA6, 0xB5,
    0x9A, 0xDF, 0xFF, 0x7B, 0xDF, 0xF7, 0xF5, 0x2B, 0x76, 0x8E, 0x20, 0xEF, 0xA0, 0xE8, 0xA1, 0x1C,
    0xE0, 0xF4, 0x29, 0x2C, 0x4A, 0xD4, 0x50, 0x10, 0x0D, 0x85, 0x8D, 0xBB, 0xDC, 0x25, 0xAD, 0x76,
    0xA9, 0x48, 0xA3, 0x45, 0xDA, 0x4C, 0xA4, 0x2B, 0x5C, 0xDC, 0x17, 0x36, 0x1A, 0x4A, 0xA3, 0x16,
    0x02, 0x23, 0x00, 0xCA, 0x80, 0x6E, 0xBC, 0x5A, 0x48, 0x1C, 0xBC, 0x7D, 0x9F, 0x54, 0x06, 0x12,
    0x19, 0x89, 0xA8, 0x80, 0x12, 0x7E, 0x2B, 0xA4, 0x22, 0xE4, 0xCF, 0x4A, 0x0A, 0xBB, 0x54, 0x45,
    0xF1, 0x17, 0x21, 0x97, 0x8A, 0x74, 0xCC, 0x00, 0x60, 0x07, 0x28, 0x6C, 0xD0, 0xEB, 0x00, 0x40,
    0xD6, 0x04, 0x46, 0x7A, 0x88, 0xC2, 0xF3, 0x51, 0x30, 0x19, 0x7B, 0x65, 0xBD, 0x6A, 0x88, 0xBD,
    0x52, 0x07, 0x39, 0x30, 0xE3, 0xF2, 0x1E, 0x60, 0x0E, 0x0C, 0x64, 0x9F, 0x34, 0x14, 0x03, 0xF4,
    0x87, 0x70, 0xB4, 0x33, 0x11, 0xAF, 0x7A, 0xC0, 0x9E, 0x07, 0xAD, 0xFE, 0x68, 0xD4, 0xF3, 0xD6,
    0x23, 0x3F, 0x01, 0x2E, 0xCF, 0x3A, 0x07, 0x0E, 0x01, 0x7D, 0xAB, 0x25, 0xB0, 0xEE, 0x4F, 0xC6,
    0xFA, 0x43, 0x20, 0xF7, 0xCF, 0x49, 0x6F, 0x75, 0x70, 0x38, 0x40, 0x97, 0x03, 0xC0, 0xAB, 0x0F,
    0x89, 0x44, 0x50, 0x22, 0x16, 0x9B, 0x3B, 0xC8, 0x1C, 0xD7, 0xC4, 0xF9, 0xCF, 0x5C, 0x7A, 0x76,
    0xCB, 0xE9, 0x26, 0xF3, 0xCA, 0x9D, 0xFE, 0xB4, 0x72, 0xA9, 0x7C, 0xEC, 0x3F, 0x7F, 0xD7, 0x01,
    0x40, 0x74, 0xDF, 0xAB, 0x03, 0x3E, 0xF0, 0xB9, 0xAD, 0xA7, 0xE6, 0x05, 0x6D, 0xE1, 0x4A, 0xCD,
    0xDE, 0x5B, 0x8E, 0xF2, 0x6F, 0x4C, 0x91, 0x5F, 0x00, 0xF2, 0x3F, 0x59, 0xBE, 0x2B, 0xB0, 0x3B,
    0x87, 0xB8, 0x03, 0xBD, 0x80, 0x83, 0xCC, 0xB0, 0xAB, 0xCC, 0x24, 0xDC, 0xF3, 0x19, 0xC8, 0xAF,
    0x50, 0x7F, 0x1D, 0xC0, 0x98, 0xD0, 0x2F, 0x77, 0x3B, 0x54, 0x7B, 0xB0, 0x19, 0xFB, 0xD5, 0x07,
    0x81, 0xED, 0xEE, 0x02, 0xD5, 0xE5, 0x06, 0x60, 0x6B, 0xF3, 0xE2, 0x9A, 0x81, 0xAA, 0xF6, 0x39,
    0xEF, 0x48, 0x42, 0xCE, 0xA7, 0x9D, 0x21, 0x74, 0x10, 0xD5, 0xF0, 0xEF, 0xEF, 0xC1, 0xDD, 0x53,
    0xC8, 0x87, 0xC0, 0x30, 0x85, 0x1F, 0x65, 0x56, 0x1E, 0xD4, 0x8D, 0x19, 0xB1, 0xBB, 0x8E, 0x92,
    0x1E, 0xCA, 0x66, 0xF3, 0xBA, 0xD1, 0x84, 0xDC, 0xB4, 0x37, 0xA6, 0x67, 0x9E, 0x03, 0x07, 0x4C,
    0xCA, 0x1C, 0xE6, 0x72, 0x13, 0xF2, 0xFC, 0x89, 0x86, 0xD3, 0x25, 0x73, 0x3F, 0x1D, 0x33, 0x40,
    0x6E, 0x20, 0xB6, 0x28, 0x3D, 0x27, 0xFE, 0xC3, 0x75, 0x22, 0xE9, 0xA0, 0xAA, 0x37, 0xCF, 0x75,
    0xB6, 0xEA, 0x51, 0xB3, 0xEA, 0xD1, 0xDB, 0xB1, 0xE5, 0xF0, 0x7D, 0x83, 0x5E, 0x00, 0x47, 0x13,
    0xE5, 0x7B, 0x07, 0xE4, 0xD7, 0x84, 0x1E, 0x9D, 0xA3, 0x9A, 0xD7, 0x40, 0x06, 0xC8, 0xDB, 0xCD,
    0xD8, 0x1F, 0x5C, 0x31, 0x9C, 0xDD, 0x32, 0x94, 0x02, 0x59, 0xCF, 0x36, 0x7B, 0x34, 0xB2, 0xAF,
    0x10, 0x3F, 0x7B, 0x07, 0x25, 0x03, 0x94, 0xCD, 0x04, 0x3D, 0x6A, 0x42, 0x8F, 0xEE, 0xC3, 0xF1,
    0xB1, 0x11, 0xA9, 0x97, 0x71, 0x6C, 0x46, 0x08, 0x21, 0xE2, 0x42, 0x8C, 0x70, 0xEE, 0xC3, 0x3A,
    0x44, 0x00, 0x4C, 0x5A, 0xD2, 0x96, 0xA8, 0x41, 0x9D, 0x98, 0x54, 0xDA, 0x5C, 0xFA, 0xD2, 0x0C,
    0x15, 0x4F, 0xE5, 0x64, 0x14, 0x19, 0xE5, 0xE4, 0xF1, 0x08, 0x15, 0x14, 0xCF, 0x7E, 0x9C, 0xC9,
    0xB0, 0xAA, 0x16, 0x98, 0x43, 0x09, 0x15, 0xEC, 0x03, 0xE8, 0x0E, 0x3D, 0xC0, 0x13, 0xD4, 0x40,
    0xDC, 0xA0, 0xCC, 0x25, 0x61, 0x10, 0x10, 0x47, 0xEA, 0xC8, 0x2C, 0x07, 0x30, 0xFF, 0x06, 0x48,
    0x0A, 0x93, 0xFF, 0xA3, 0x2E, 0xC5, 0xFD, 0xAE, 0x34, 0x70, 0x29, 0x00, 0xB3, 0x9B, 0xF6, 0x1F,
    0x64, 0xD2, 0xBE, 0x91, 0xD5, 0xF0, 0x4D, 0xB2, 0xC1, 0x0E, 0x90, 0x13, 0x2F, 0xEE, 0xA0, 0x05,
    0xF2, 0xD4, 0x31, 0x57, 0x86, 0xBD, 0xE3, 0x23, 0x0A, 0xE9, 0x82, 0xFE, 0xEC, 0xEF, 0x2D, 0xAC,
    0x25, 0x2D, 0x6B, 0x59, 0x5E, 0x94, 0x74, 0x6B, 0x41, 0x64, 0x39, 0xD6, 0x56, 0xC9, 0x4F, 0x88,
    0x3F, 0x72, 0xE8, 0x37, 0x5B, 0x08, 0x74, 0x78, 0x3C, 0x3C, 0x1F, 0x1E, 0x10, 0x4F, 0x88, 0x47,
    0xC4, 0x33, 0xE2, 0x21, 0x19, 0x81, 0x8A, 0x15, 0x27, 0x1E, 0x94, 0x40, 0xFA, 0x92, 0xD3, 0x8A,
    0x4F, 0x18, 0x22, 0x75, 0x90, 0xBF, 0x1F, 0x61, 0x2D, 0x11, 0xB7, 0xD6, 0x08, 0xE7, 0x15, 0xBE,
    0x1F, 0xF4, 0x1D, 0xC2, 0x69, 0x25, 0xF9, 0x4D, 0x07, 0x87, 0x4F, 0xA0, 0xCB, 0xD6, 0xA7, 0x15,
    0x2A, 0x21, 0x12, 0xB1, 0x49, 0xA7, 0x5D, 0xDA, 0xA6, 0xB5, 0xFE, 0xFC, 0xFD, 0x65, 0xE7, 0x34,
    0xFA, 0xF3, 0x93, 0xFB, 0xBA, 0x81, 0xB4, 0x85, 0x78, 0xFC, 0xBE, 0x53, 0x22, 0x8E, 0x5C, 0x0C,
    0x00, 0x3C, 0x82, 0xA7, 0xF0, 0x5A, 0xBC, 0xB8, 0xAD, 0x05, 0x9F, 0x56, 0x9F, 0x55, 0x9F, 0x54,
    0x9F, 0x17, 0x1F, 0x3E, 0xA3, 0x85, 0x25, 0x84, 0xCF, 0x62, 0x88, 0xE5, 0xFD, 0x3A, 0xA4, 0x0B,
    0x11, 0x1C, 0x7F, 0xDB, 0x70, 0x9C, 0x1A, 0x25, 0x3F, 0x98, 0x22, 0x8F, 0x61, 0xDE, 0xB9, 0x43,
    0x31, 0xBB, 0x73, 0xE2, 0x1E, 0x3D, 0x72, 0xA8, 0xCD, 0xAE, 0x32, 0x97, 0xA9, 0xBB, 0xA3, 0x59,
    0x34, 0xFE, 0x3C, 0x7E, 0xAF, 0x55, 0x18, 0x4A, 0xCB, 0xF3, 0x26, 0xAE, 0x3F, 0x7C, 0x79, 0x01,
    0x96, 0x2F, 0x16, 0x60, 0xF4, 0x10, 0x3D, 0x90, 0xFB, 0x2F, 0x69, 0xC7, 0x14, 0x93, 0x80, 0xC7,
    0x44, 0x62, 0x92, 0x8F, 0xEB, 0xEC, 0xAD, 0x16, 0x2E, 0x39, 0x18, 0xD2, 0xFB, 0x64, 0x1D, 0xF4,
    0xA8, 0x9E, 0xA4, 0x21, 0x5A, 0x36, 0x04, 0xA5, 0x50, 0x08, 0x69, 0x47, 0xD2, 0xBE, 0x2C, 0xB2,
    0x05, 0xA5, 0xE0, 0x03, 0x2A, 0x53, 0xB9, 0xA4, 0xCE, 0xDC, 0x3E, 0x33, 0xAE, 0x51, 0x7E, 0xF9,
    0x75, 0x99, 0x47, 0x07, 0xCF, 0xBA, 0xC1, 0x47, 0x62, 0x99, 0x51, 0x52, 0x9A, 0x7D, 0x78, 0xC9,
    0x7F, 0x81, 0x57, 0xC2, 0xB7, 0x56, 0x35, 0xAD, 0x44, 0x6C, 0x2A, 0xD2, 0x64, 0x67, 0x3F, 0xEB,
    0x0B, 0x17, 0x0F, 0xA5, 0x55, 0x8B, 0x0A, 0x46, 0x2F, 0x39, 0xA7, 0xB1, 0x34, 0x8C, 0x85, 0x8D,
    0x16, 0x45, 0x93, 0x0C, 0x5A, 0xA4, 0x4B, 0x44, 0x6A, 0xAA, 0x11, 0x02, 0x42, 0x28, 0x7E, 0xED,
    0x95, 0xD4, 0xE7, 0xEA, 0x71, 0xA0, 0xBC, 0x37, 0x52, 0x51, 0x31, 0x52, 0xAE, 0x55, 0xAD, 0x38,
    0x84, 0xE2, 0x5F, 0x0B, 0x32, 0xE9, 0x89, 0xA4, 0x66, 0xDD, 0xD8, 0x15, 0x20, 0xC0, 0x01, 0x90,
    0x36, 0xA0, 0x7B, 0x60, 0x08, 0x8A, 0x1B, 0x88, 0xEC, 0x74, 0xDC, 0x00, 0x02, 0x88, 0x83, 0xD4,
    0x2B, 0xB3, 0x70, 0x10, 0x38, 0x2E, 0xEB, 0xE1, 0xE2, 0x5B, 0x5F, 0x98, 0x4D, 0xD3, 0x31, 0x47,
    0xF7, 0xC3, 0x2C, 0xFD, 0x69, 0x98, 0x01, 0xF7, 0x5A, 0xE0, 0xF2, 0xBC, 0x73, 0xA0, 0x00, 0xD2,
    0x1B, 0x1D, 0x2B, 0xDE, 0x0F, 0xF3, 0x49, 0x79, 0xFF, 0x37, 0x4F, 0x7B, 0x38, 0x7C, 0x0A, 0xFD,
    0x85, 0x79, 0xEA, 0x92, 0x3E, 0x6B, 0xD2, 0x36, 0x6D, 0x75, 0x93, 0xAC, 0x95, 0xB6, 0x89, 0xBF,
    0x74, 0x1B, 0x8F, 0x65, 0xBD, 0xE4, 0x20, 0x5F, 0xF0, 0x85, 0xB7, 0xBF, 0xDB, 0xE1, 0xED, 0x6F,
    0xFA, 0x1C, 0x5F, 0x98, 0xB5, 0x13, 0xE4, 0xF9, 0xC2, 0xE9, 0x32, 0xEE, 0x41, 0x2F, 0xE0, 0x30,
    0xBC, 0x01, 0x4E, 0xC6, 0xBE, 0x3B, 0x23, 0x1A, 0xEF, 0x10, 0xBF, 0xD7, 0xA1, 0x30, 0x50, 0x38,
    0x78, 0xDE, 0x10, 0xC6, 0xF1, 0x06, 0xFC, 0x57, 0x1E, 0x40, 0xD6, 0x43, 0xB9, 0xDA, 0x43, 0x03,
    0x6C, 0x6D, 0x7E, 0xF0, 0x36, 0x28, 0xB1, 0xC4, 0x9E, 0x5B, 0xDF, 0xEB, 0x00, 0xA6, 0x9B, 0x29,
    0x5C, 0x33, 0xC0, 0x08, 0x44, 0x3D, 0x90, 0xD6, 0x00, 0xA8, 0x23, 0x6F, 0x26, 0xEE, 0xBC, 0x9B,
    0x77, 0xDB, 0x54, 0x82, 0x1F, 0x71, 0xDE, 0xD0, 0xC8, 0xD2, 0x11, 0x15, 0x8C, 0x54, 0x20, 0x2F,
    0x2E, 0x23, 0x4B, 0x5F, 0x14, 0x2E, 0x5A, 0xB0, 0x74, 0xC6, 0xD2, 0x1A, 0x2B, 0x6F, 0x6B, 0x73,
    0x10, 0x3D, 0x0C, 0xD6, 0x72, 0x0B, 0xEF, 0x70, 0x13, 0xD4, 0xA0, 0x4E, 0xDE, 0x1C, 0x52, 0xF9,
    0xAC, 0xCB, 0x45, 0x9A, 0xF2, 0x9E, 0x98, 0x8B, 0x76, 0x2A, 0x4A, 0x23, 0x14, 0x1F, 0x7D, 0xC1,
    0xCE, 0x09, 0x40, 0x61, 0x01, 0x5D, 0x03, 0x51, 0xB7, 0x65, 0xFC, 0xB0, 0xF1, 0x71, 0x0F, 0x9C,
    0x02, 0xB9, 0xD9, 0x0C, 0x1F, 0x80, 0xAC, 0x21, 0xD4, 0x12, 0xF4, 0xC1, 0x43, 0xD8, 0x76, 0x94,
    0xD9, 0xA6, 0x11, 0x00, 0xC6, 0x50, 0x5A, 0x68, 0x07, 0x99, 0x81, 0x03, 0x6E, 0x32, 0xDF, 0xC0,
    0xD0, 0x4C, 0x19, 0x28, 0x7F, 0x69, 0x41, 0xC4, 0xA0, 0x9A, 0xD3, 0xED, 0x97, 0x93, 0x99, 0x93,
    0x9C, 0xDD, 0x41, 0x4B, 0xC7, 0xEB, 0x69, 0xB3, 0xE9, 0x7E, 0x6C, 0x15, 0x55, 0x19, 0x42, 0x67,
    0xA3, 0xDB, 0xB0, 0xC9, 0x00, 0x9B, 0x21, 0x87, 0x86, 0x0E, 0x7A, 0x03, 0xF6, 0xBC, 0x83, 0xC2,
    0xC4, 0xDD, 0xD7, 0x96, 0x4D, 0xDA, 0xBC, 0xD6, 0xAD, 0x1E, 0xA5, 0xF6, 0xB8, 0x96, 0x6A, 0x71,
    0xEE, 0x55, 0xD4, 0x05, 0x65, 0x86, 0x6B, 0xFE, 0x2A, 0xBF, 0xE2, 0x0A, 0x7C, 0x82, 0xF7, 0x40,
    0x3A, 0xE6, 0x5F, 0xCA, 0x47, 0x6E, 0xA1, 0x68, 0x20, 0x6E, 0x21, 0x69, 0x40, 0x5B, 0xB8, 0x3A,
    0x21, 0x37, 0x80, 0x98, 0x73, 0x87, 0x18, 0xAF, 0xC3, 0xC0, 0x71, 0x69, 0x0F, 0x9C, 0x00, 0xD1,
    0x02, 0x48, 0x5A, 0x02, 0x32, 0xC0, 0xCD, 0x25, 0xF4, 0xC2, 0xD3, 0x7C, 0x3A, 0xF8, 0xE5, 0x79,
    0xEF, 0x17, 0x69, 0xFC, 0x32, 0xB2, 0x24, 0xFC, 0xAA, 0xC5, 0x1B, 0x60, 0xE9, 0x80, 0xA5, 0x05,
    0x56, 0x1E, 0xCE, 0x99, 0x88, 0x1E, 0x85, 0x52, 0x09, 0x06, 0xB8, 0xCB, 0x8E, 0x59, 0xDD, 0x7B,
    0x0F, 0xB9, 0xF5, 0x98, 0xA5, 0xF1, 0xCB, 0x88, 0x5F, 0xFE, 0x89, 0x5F, 0xB8, 0xB8, 0x54, 0xAC,
    0xCC, 0xAC, 0xDC, 0xAC, 0xEC, 0x9C, 0xF3, 0xA3, 0x1E, 0x01, 0x54, 0x84, 0xFD, 0x80, 0xA4, 0xD9,
    0xB2, 0xA3, 0x30, 0x37, 0x89, 0x06, 0x80, 0x53, 0x80, 0xCC, 0x4E, 0xEA, 0x28, 0xF8, 0x28, 0x1A,
    0x42, 0x65, 0x11, 0x37, 0x61, 0xA3, 0xE0, 0xEA, 0x56, 0x6D, 0x01, 0x40, 0x65, 0x00, 0x71, 0xA1,
    0xA7, 0xC3, 0x96, 0xB1, 0x8F, 0x37, 0x38, 0x9B, 0xCE, 0xE0, 0x5C, 0x01, 0x72, 0x03, 0x22, 0x11,
    0x88, 0x7F, 0x3F, 0x6C, 0xBF, 0x08, 0xCD, 0x0C, 0xE2, 0xC5, 0x75, 0x48, 0xA5, 0x07, 0x9D, 0x36,
    0xD3, 0x6E, 0xD9, 0x96, 0xE9, 0x77, 0xD6, 0x67, 0x83, 0xC2, 0x01, 0x99, 0x01, 0x60, 0x5A, 0x0B,
    0x73, 0x80, 0x6A, 0xBD, 0x1C, 0x00, 0x3C, 0x06, 0x4A, 0x03, 0x99, 0x0B, 0xB5, 0x08, 0x1C, 0x7B,
    0x97, 0x15, 0xBA, 0x2D, 0x6C, 0x56, 0x67, 0xAE, 0x70, 0xBA, 0x29, 0x4D, 0xD2, 0x8E, 0xC4, 0x67,
    0x03, 0x4A, 0x7A, 0x90, 0x16, 0xCA, 0x06, 0x72, 0xF7, 0xFF, 0x14, 0x7A, 0x76, 0x04, 0x0A, 0xB3,
    0x3E, 0xA7, 0xFD, 0x88, 0x57, 0x6D, 0x45, 0x61, 0x0B, 0xE3, 0x2F, 0x5B, 0x92, 0xB9, 0x11, 0x5D,
    0x0F, 0xA4, 0x7F, 0x1F, 0x88, 0xFF, 0xD3, 0x11, 0x7F, 0xD6, 0xA2, 0xA4, 0x01, 0xA9, 0xA1, 0x72,
    0x21, 0x1D, 0x25, 0x20, 0xF0, 0xAD, 0x05, 0x14, 0x7D, 0xE8, 0x99, 0xBD, 0x69, 0x18, 0xD7, 0x79,
    0x5F, 0xFF, 0xAD, 0xCD, 0x06, 0x8C, 0x3B, 0x9E, 0xB1, 0x30, 0x45, 0xEF, 0xD5, 0xEC, 0xB3, 0xC7,
    0x0B, 0xBF, 0x1E, 0x41, 0xE1, 0xD7, 0x63, 0x3A, 0xF6, 0xCA, 0x04, 0x86, 0xA4, 0x0E, 0xFB, 0xB7,
    0x0F, 0xCC, 0xA6, 0xCD, 0x33, 0xBB, 0x3B, 0xA8, 0xF1, 0x16, 0xB1, 0x2C, 0x48, 0x7E, 0xD1, 0x03,
    0x13, 0xF1, 0x1F, 0xCD, 0x56, 0xCD, 0x9A, 0xCA, 0x80, 0x4E, 0xDB, 0xC9, 0xEB, 0xE3, 0xBF, 0xA5,
    0x97, 0x01, 0x84, 0x25, 0xD9, 0x15, 0x86, 0xBF, 0xAA, 0xEA, 0xD7, 0xB5, 0x99, 0x8A, 0xBD, 0x8D,
    0xEE, 0x98, 0xAC, 0xEC, 0xD6, 0x60, 0x31, 0xDD, 0xD9, 0x51, 0x30, 0x08, 0xA6, 0xDF, 0xBD, 0x9B,
    0xC5, 0x60, 0x30, 0x45, 0xBA, 0x21, 0x90, 0x0E, 0x82, 0xCC, 0x60, 0x16, 0xC1, 0xA0, 0xFB, 0x55,
    0x31, 0x58, 0x04, 0xE9, 0xB0, 0x00, 0xE4, 0x21, 0x21, 0x3B, 0x44, 0x82, 0x20, 0x78, 0xD3, 0x55,
    0xBB, 0x03, 0x58, 0xA8, 0x15, 0x40, 0x30, 0xB5, 0xD9, 0x0D, 0x64, 0xC9, 0xDE, 0x89, 0x9A, 0x28,
    0x3B, 0xD5, 0x7D, 0x72, 0xAB, 0xDE, 0xDB, 0x9E, 0x67, 0x32, 0xE9, 0x1E, 0xC9, 0x39, 0xE7, 0x9C,
    0x7B, 0xEF, 0x39, 0xFF, 0x3D, 0xF5, 0xD7, 0xAB, 0xBA, 0xAD, 0xDA, 0xC7, 0xCF, 0xB3, 0xFA, 0xC7,
    0xE5, 0x0F, 0x48, 0xCF, 0x50, 0x78, 0x85, 0x37, 0x29, 0xAA, 0xAB, 0x87, 0xDF, 0x4C, 0xCF, 0x06,
    0x6E, 0xFD, 0x3A, 0x6B, 0xB3, 0x76, 0x23, 0xFD, 0x7A, 0xDC, 0xD8, 0xDD, 0x45, 0x8B, 0x98, 0xDE,
    0xFB, 0xF9, 0xC6, 0xEE, 0x8E, 0x96, 0xD6, 0x19, 0xB8, 0xB9, 0x93, 0x54, 0x8B, 0x13, 0x3B, 0x8F,
    0xC0, 0x19, 0xF9, 0x74, 0x44, 0xAB, 0xF2, 0xFF, 0xD3, 0x80, 0xAD, 0xFB, 0x53, 0x2D, 0xCD, 0x70,
    0xA1, 0x74, 0x3E, 0x19, 0xA1, 0xF2, 0xC4, 0x68, 0x32, 0x8E, 0x58, 0x67, 0x44, 0x92, 0x6B, 0x34,
    0x07, 0xCC, 0x58, 0x63, 0x64, 0xE2, 0x72, 0xBE, 0xDE, 0x66, 0xDD, 0xE9, 0x11, 0xFD, 0x3C, 0x36,
    0x2A, 0xF7, 0x18, 0x91, 0xAA, 0x7B, 0x75, 0x72, 0xBD, 0xD6, 0x51, 0x95, 0xA9, 0xF2, 0x28, 0x2E,
    0xD7, 0x47, 0x8C, 0xBC, 0x34, 0xF9, 0xB9, 0x75, 0x19, 0xAD, 0xCA, 0x03, 0x95, 0xCF, 0x62, 0xB3,
    0xB6, 0xC2, 0xE8, 0xED, 0x34, 0x7E, 0x68, 0xE3, 0xF7, 0xEC, 0x00, 0x2E, 0xC7, 0x2A, 0x77, 0xC8,
    0xF5, 0x91, 0x71, 0x5B, 0x1C, 0xCC, 0x81, 0xE3, 0xEB, 0xB5, 0xBA, 0x67, 0x3D, 0x8C, 0x97, 0xE2,
    0xDB, 0xDE, 0xBC, 0xC1, 0x0A, 0xA9, 0x9C, 0xFD, 0xE4, 0xC9, 0xA1, 0x9B, 0x2F, 0x9B, 0xBF, 0x64,
    0x41, 0x83, 0xDB, 0xE5, 0xB9, 0x68, 0xC1, 0xB2, 0xFB, 0x24, 0x2D, 0xA4, 0x76, 0x86, 0x75, 0xC9,
    0xC1, 0x9E, 0x4B, 0x0E, 0x79, 0xBF, 0x21, 0xCE, 0x33, 0x2B, 0x8D, 0xB4, 0xD2, 0x14, 0x36, 0xA9,
    0xC0, 0xF0, 0x47, 0x0A, 0x53, 0xD4, 0x45, 0xE7, 0xDC, 0xCD, 0x0D, 0x23, 0x74, 0xEE, 0xD4, 0xAC,
    0x70, 0x91, 0xB4, 0x08, 0x3A, 0x67, 0x99, 0xDF, 0xAE, 0xD0, 0x2F, 0x57, 0x29, 0x82, 0x36, 0x29,
    0x87, 0x90, 0x05, 0x4D, 0x5C, 0xAE, 0x60, 0x3C, 0x57, 0x28, 0x9C, 0x66, 0xAC, 0x90, 0xD5, 0x7B,
    0xA4, 0x67, 0x2A, 0x14, 0x15, 0x87, 0xE7, 0x81, 0x1C, 0x97, 0x85, 0x5E, 0x60, 0xF4, 0x5F, 0xB5,
    0xC7, 0x1D, 0x92, 0x3B, 0x3D, 0x1F, 0xC7, 0x1E, 0x97, 0xB8, 0x74, 0x1E, 0xCE, 0x3B, 0x1C, 0x06,
    0x54, 0xC7, 0x18, 0x40, 0x17, 0xCC, 0x00, 0xC6, 0x31, 0x2D, 0xC0, 0x41, 0xFC, 0x7D, 0x3B, 0x8C,
    0xEA, 0x9D, 0x7A, 0xBE, 0xBE, 0x59, 0xCE, 0xEB, 0x3F, 0xBA, 0x69, 0xC3, 0x96, 0xA4, 0xD0, 0xBA,
    0x8B, 0x4F, 0x50, 0xC7, 0x07, 0x07, 0x13, 0x7D, 0xC7, 0xF8, 0xD3, 0x76, 0xA6, 0xDD, 0x93, 0xC7,
    0xB7, 0x5D, 0xD2, 0x8F, 0x41, 0x3D, 0x1F, 0xA3, 0x72, 0x9E, 0x57, 0xF9, 0xC1, 0x58, 0x27, 0x06,
    0x8D, 0xDB, 0x27, 0x70, 0x80, 0x6A, 0xC2, 0x8E, 0x41, 0x96, 0xF8, 0x0C, 0x8C, 0x34, 0x2C, 0x38,
    0xED, 0x33, 0xC8, 0x38, 0x31, 0x2D, 0x2C, 0xF3, 0x72, 0x33, 0xF7, 0x76, 0xB2, 0xC8, 0xDD, 0x28,
    0x61, 0xC1, 0xEE, 0x46, 0x13, 0xB6, 0xDE, 0x09, 0xBA, 0xE7, 0xA7, 0x24, 0x94, 0xDC, 0x31, 0x9C,
    0x4C, 0x92, 0x3B, 0x37, 0x1F, 0x95, 0xFE, 0xB4, 0x9B, 0x69, 0xAD, 0x7E, 0xF1, 0x5E, 0x85, 0x67,
    0x67, 0x8E, 0xDD, 0x23, 0x77, 0x6F, 0x41, 0xBD, 0x98, 0xF5, 0x4C, 0x93, 0xA1, 0xDA, 0x73, 0xD5,
    0x49, 0x7C, 0xF3, 0xE3, 0x92, 0x04, 0x7D, 0xDC, 0x77, 0x29, 0x17, 0x7C, 0xFD, 0x13, 0x9E, 0x89,
    0x97, 0x86, 0xB5, 0x2A, 0x63, 0x33, 0x66, 0x9F, 0x3D, 0xB7, 0xDA, 0x09, 0x3F, 0x6D, 0x95, 0x3B,
    0x08, 0xD7, 0x2B, 0x77, 0xC3, 0xFB, 0x31, 0x7B, 0xDF, 0xEE, 0x93, 0x1B, 0xB8, 0xF4, 0x04, 0x57,
    0xE8, 0x88, 0xAF, 0x7F, 0xD2, 0x30, 0xEE, 0x89, 0xEF, 0xC7, 0x61, 0xE9, 0x00, 0xAB, 0x86, 0x1D,
    0x26, 0x24, 0xA8, 0x3C, 0x2C, 0xFD, 0x9A, 0xE9, 0xCE, 0x88, 0x89, 0x2A, 0x93, 0xA8, 0x72, 0x07,
    0x26, 0x2C, 0x1B, 0xBF, 0x9E, 0x31, 0xBD, 0xBC, 0x33, 0xF2, 0x0C, 0x13, 0xD7, 0x81, 0x24, 0x72,
    0x0D, 0x5C, 0xA9, 0xC3, 0x15, 0xB7, 0x71, 0xE5, 0x04, 0x07, 0xB8, 0x80, 0x57, 0x2D, 0x0E, 0x4B,
    0x74, 0x8D, 0x57, 0xAF, 0xF0, 0x96, 0xE2, 0x5A, 0x64, 0x2E, 0xF9, 0x86, 0x35, 0x5A, 0xBF, 0x0B,
    0x6D, 0x5C, 0xE9, 0x3C, 0x29, 0x95, 0x0D, 0x5A, 0x3A, 0xF6, 0x3C, 0x12, 0xE6, 0x2B, 0xEF, 0xF8,
    0xEB, 0xEA, 0x2A, 0x30, 0x85, 0xEF, 0x04, 0x4D, 0x84, 0x0E, 0x9A, 0x24, 0x8F, 0x3F, 0xAC, 0x0B,
    0x42, 0xEB, 0x77, 0x78, 0x5D, 0x64, 0x21, 0x4B, 0x4A, 0xEE, 0xC6, 0x12, 0xE6, 0x27, 0x61, 0xA7,
    0xAA, 0x93, 0xC8, 0x85, 0xCB, 0x89, 0xAC, 0x1A, 0x8A, 0xB8, 0xA4, 0xEF, 0x42, 0x64, 0xBD, 0x8E,
    0xE4, 0x23, 0x9B, 0xF5, 0x0D, 0xE2, 0xFC, 0x95, 0xA0, 0x59, 0x05, 0x52, 0xD8, 0xF5, 0x76, 0xDC,
    0x49, 0x3A, 0x35, 0x77, 0xA0, 0x4E, 0x6D, 0xE2, 0x37, 0x63, 0xDF, 0x6E, 0x7A, 0x53, 0x86, 0x73,
    0x77, 0x0A, 0xE8, 0xCF, 0xDB, 0x07, 0x64, 0x52, 0x16, 0x62, 0xF5, 0x67, 0x4D, 0xF8, 0xD7, 0x26,
    0xFC, 0xAC, 0x09, 0xBE, 0xB0, 0x81, 0x94, 0x81, 0x10, 0xB4, 0x04, 0x16, 0x7F, 0x0A, 0x40, 0x4A,
    0xD0, 0x0C, 0x99, 0x06, 0x0C, 0x5B, 0xF7, 0xEF, 0x1B, 0x2D, 0x92, 0xF7, 0x23, 0xC0, 0xBB, 0x50,
    0xBD, 0x45, 0x90, 0x2B, 0x13, 0xE3, 0x4B, 0x0B, 0x1B, 0x43, 0x1A, 0xAF, 0xA8, 0x89, 0xFE, 0x76,
    0xC4, 0xEB, 0x84, 0xE6, 0x2A, 0x5E, 0xB9, 0x06, 0x43, 0x21, 0x28, 0x5D, 0x02, 0x05, 0x6F, 0xC0,
    0x35, 0xF8, 0x1E, 0xFC, 0x01, 0xEA, 0xA5, 0x5F, 0xF7, 0xF5, 0xF9, 0xAF, 0x4B, 0xFF, 0xEB, 0xE2,
    0xA5, 0x00, 0xAE, 0xBA, 0x3C, 0x78, 0x76, 0xAD, 0x5F, 0x7C, 0xF5, 0xD4, 0xF6, 0x83, 0x48, 0x3F,
    0x78, 0xB7, 0x4F, 0x0E, 0x01, 0xA2, 0x0E, 0x80, 0x38, 0x03, 0x40, 0xC7, 0x39, 0xB0, 0xF3, 0xC6,
    0xAB, 0x9E, 0x81, 0x0E, 0xA2, 0x12, 0x66, 0x10, 0x9E, 0x0E, 0x47, 0x0F, 0x66, 0xE1, 0x17, 0x7F,
    0x29, 0x45, 0xBA, 0x48, 0xA4, 0xBC, 0x2D, 0xBF, 0x5D, 0xFD, 0xFD, 0x57, 0xB9, 0x2F, 0x90, 0x58,
    0xC2, 0x47, 0x39, 0x93, 0x0E, 0xF5, 0x71, 0x45, 0x37, 0x21, 0x7A, 0xA7, 0xE2, 0x4F, 0xDB, 0x2C,
    0xE4, 0xD6, 0x54, 0xAC, 0xD8, 0x8D, 0x14, 0x46, 0x80, 0x06, 0x0E, 0x80, 0xAE, 0xE7, 0x06, 0x41,
    0x3D, 0xBF, 0x92, 0xCA, 0x21, 0x01, 0xB6, 0x17, 0xA5, 0x06, 0x02, 0x0B, 0xE1, 0x52, 0x69, 0x0C,
    0x6C, 0xA4, 0x99, 0xCD, 0xEC, 0x84, 0x67, 0x9A, 0x4D, 0x5F, 0x94, 0xD9, 0x9A, 0xCE, 0x91, 0xC1,
    0x92, 0x7E, 0xD7, 0x3E, 0x9F, 0xB9, 0xED, 0xD6, 0xB7, 0xA6, 0xEE, 0xD9, 0xAE, 0xBE, 0x4F, 0x26,
    0x1F, 0x8A, 0x50, 0xC8, 0x3F, 0x45, 0xCA, 0xED, 0x1B, 0x4F, 0x3E, 0xBF, 0x53, 0x12, 0x34, 0xA8,
    0x6A, 0x88, 0x25, 0x91, 0x45, 0x97, 0xE8, 0xCA, 0x13, 0x10, 0x82, 0x0E, 0xBF, 0x23, 0x1A, 0x1E,
    0x85, 0x2B, 0xFA, 0x53, 0x2E, 0xE4, 0x2C, 0x24, 0x65, 0xD5, 0x10, 0xB4, 0xC3, 0xD6, 0x96, 0xB8,
    0x5E, 0x34, 0xC0, 0xE0, 0x81, 0xBB, 0xD6, 0xEE, 0xF0, 0x26, 0x51, 0x88, 0x2D, 0xD8, 0xBE, 0xD1,
    0x14, 0x10, 0x9C, 0x86, 0xC8, 0x66, 0xA0, 0x2B, 0x17, 0x84, 0x09, 0x7E, 0xD7, 0x07, 0xDB, 0x87,
    0x29, 0x9B, 0xA7, 0xED, 0xD7, 0xFB, 0xBE, 0x45, 0x1F, 0xA4, 0xEF, 0x5D, 0x80, 0x61, 0x85, 0x5D,
    0x7E, 0x68, 0x28, 0x22, 0x71, 0x25, 0x25, 0x27, 0x6E, 0xF6, 0x4B, 0xA1, 0x80, 0x8C, 0x6C, 0x11,
    0x4E, 0x5C, 0x08, 0x3B, 0xB2, 0x9E, 0xD2, 0x04, 0x6D, 0x18, 0x3B, 0x65, 0xF3, 0xB4, 0xF1, 0x45,
    0xA7, 0x14, 0x64, 0x7D, 0x28, 0xCC, 0x7C, 0xCF, 0x8A, 0xD3, 0xFE, 0x2D, 0x46, 0x8B, 0x0C, 0x0E,
    0x0F, 0x80, 0x6E, 0xF1, 0x70, 0x6A, 0x86, 0x3B, 0x4B, 0x0C, 0x64, 0xC0, 0x31, 0x78, 0x8B, 0xD2,
    0xC6, 0xAE, 0x21, 0x93, 0x96, 0x89, 0xA3, 0x72, 0x37, 0x93, 0xDE, 0x8D, 0xF3, 0x7C, 0xE1, 0x66,
    0xE1, 0x2E, 0x7F, 0xEC, 0xFC, 0x73, 0xEE, 0xFE, 0x8C, 0x33, 0xFD, 0xAA, 0x73, 0xEF, 0xD6, 0x7D,
    0xD4, 0xC0, 0xE3, 0x4B, 0x32, 0xB9, 0x49, 0xE1, 0x5C, 0x16, 0x5E, 0x2C, 0x5C, 0xCB, 0xAF, 0x48,
    0x44, 0x08, 0x9D, 0xDF, 0xFF, 0xC0, 0x88, 0xD8, 0xA7, 0xD2, 0x3D, 0x96, 0xE3, 0xC7, 0x72, 0xF2,
    0x58, 0x64, 0xB0, 0x13, 0x67, 0xFF, 0x92, 0x4E, 0xA4, 0x15, 0xA9, 0xD8, 0x80, 0x31, 0x6C, 0xB3,
    0xB6, 0x8D, 0x9E, 0x1C, 0x69, 0x39, 0xF9, 0x96, 0xFC, 0x06, 0xC9, 0x83, 0xA7, 0x55, 0xF4, 0x67,
    0xEB, 0x7F, 0x54, 0x01, 0x9B, 0x14, 0x4E, 0xC7, 0x2C, 0xCB, 0x2D, 0x32, 0x34, 0x89, 0x51, 0x46,
    0xE5, 0x67, 0x9D, 0xE0, 0xFF, 0x45, 0x5E, 0xF8, 0x57, 0xE2, 0x7C, 0x9E, 0x2F, 0x85, 0xB9, 0xEC,
    0x19, 0x09, 0x2B, 0x51, 0xE5, 0x24, 0x36, 0x24, 0x03, 0x7E, 0x06, 0x1D, 0x5E, 0x43, 0x60, 0x09,
    0x6A, 0xA2, 0x12, 0x95, 0x13, 0xBF, 0x6D, 0xB4, 0xAA, 0x0E, 0x54, 0x3D, 0x53, 0x15, 0x1E, 0xFC,
    0xD4, 0xC0, 0x5A, 0x28, 0xF2, 0xBE, 0x67, 0xE3, 0x2F, 0x45, 0xA4, 0xBA, 0xC6, 0xAA, 0x88, 0x01,
    0x48, 0xE1, 0x35, 0x33, 0xF0, 0xEC, 0xF9, 0xF6, 0xBC, 0x7B, 0xFE, 0x00, 0xAC, 0x03, 0x57, 0x40,
    0x5D, 0xB9, 0x46, 0xF4, 0x8F, 0xD6, 0x61, 0x6A, 0xB6, 0xE4, 0xEF, 0x64, 0x22, 0x78, 0x52, 0x11,
    0x88, 0x45, 0xFD, 0x6E, 0xC6, 0xEA, 0x95, 0x37, 0x07, 0xDC, 0x40, 0xA2, 0xEB, 0x8D, 0x29, 0x0B,
    0x61, 0x0C, 0xC5, 0x60, 0x9B, 0x9C, 0xCA, 0x32, 0x32, 0xF5, 0xD2, 0x9D, 0xF5, 0x11, 0xEE, 0x6F,
    0x72, 0xA7, 0x51, 0x0F, 0x3F, 0x6D, 0x0F, 0x88, 0x6F, 0x3C, 0xB4, 0x2D, 0x63, 0x75, 0xFD, 0x13,
    0xCB, 0x7E, 0xA2, 0xEE, 0x55, 0xEC, 0x5D, 0xBE, 0xE0, 0x9B, 0x61, 0x17, 0x6E, 0xD3, 0x22, 0x2C,
    0x5D, 0x65, 0xF9, 0x6A, 0x51, 0x59, 0x80, 0xAA, 0x87, 0xB0, 0x09, 0xAB, 0x39, 0xCF, 0xC9, 0xF3,
    0x5D, 0xD2, 0x81, 0x7C, 0x98, 0x9F, 0xBF, 0xED, 0x9C, 0x8B, 0x4F, 0x20, 0xAA, 0x9E, 0x75, 0xB9,
    0x08, 0xBE, 0x99, 0xBF, 0x7B, 0x19, 0xFF, 0x21, 0x4B, 0xDF, 0x7F, 0x83, 0xC4, 0x06, 0x74, 0x39,
    0xF7, 0xD7, 0x58, 0x16, 0x36, 0x1D, 0x9B, 0x82, 0xB8, 0x72, 0x5E, 0x8F, 0x89, 0x4A, 0x96, 0x65,
    0x04, 0xE8, 0x7C, 0xBE, 0x2F, 0x59, 0x26, 0xCD, 0x0C, 0xFC, 0xC3, 0xD9, 0x05, 0x13, 0xD9, 0x59,
    0x5C, 0xBA, 0x90, 0x54, 0xA1, 0x7B, 0x1D, 0xF2, 0xA1, 0x30, 0x84, 0x8D, 0xDD, 0x07, 0xFD, 0x7F,
    0x19, 0x22, 0xED, 0x10, 0x9E, 0x15, 0x3C, 0x33, 0x1B, 0x31, 0x6C, 0x53, 0xC3, 0xB6, 0x7E, 0x86,
    0x99, 0x79, 0xC0, 0x3E, 0xAC, 0x90, 0x51, 0x98, 0x8C, 0x75, 0xE0, 0x85, 0x2B, 0xFA, 0xD5, 0x15,
    0x0A, 0xA7, 0x9B, 0xB0, 0xC8, 0xAC, 0x2C, 0x1D, 0xC3, 0xC9, 0x30, 0xBB, 0x78, 0xFA, 0x01, 0xFA,
    0x12, 0x1F, 0xAC, 0x7B, 0xF9, 0xA5, 0xFC, 0xD2, 0x79, 0xB8, 0xAC, 0xD2, 0x65, 0x6C, 0x14, 0x0E,
    0x75, 0x26, 0x0E, 0x87, 0x88, 0x8D, 0x2E, 0xB3, 0xEA, 0xEC, 0x7E, 0x23, 0x87, 0x7A, 0xB7, 0xDA,
    0xCA, 0xCF, 0xEB, 0xF7, 0x80, 0x6F, 0xBC, 0xD4, 0x7D, 0xFC, 0x1B, 0xED, 0x91, 0x21, 0x6C, 0xDB,
    0x40, 0x14, 0x86, 0x3F, 0x37, 0x73, 0x03, 0x22, 0xCD, 0x01, 0x8D, 0x36, 0x15, 0xF4, 0xC8, 0xD0,
    0xA4, 0xFA, 0xD0, 0x98, 0xED, 0x33, 0x19, 0xBF, 0x49, 0x29, 0xEE, 0xE0, 0x34, 0x52, 0xBA, 0x4A,
    0x76, 0x1C, 0x8E, 0x0C, 0xC6, 0x35, 0x30, 0x30, 0xAE, 0x81, 0x82, 0x64, 0x29, 0x47, 0x05, 0xE3,
    0x1A, 0x27, 0x0D, 0x78, 0xD3, 0x22, 0xE5, 0xCE, 0x5E, 0x4E, 0xE9, 0x5A, 0x4D, 0x05, 0xE3, 0xD2,
    0xEE, 0x3B, 0xDF, 0x7B, 0xFE, 0x6D, 0xBD, 0xA7, 0xFF, 0xDE, 0x41, 0x8B, 0x72, 0x98, 0x8E, 0x99,
    0xA1, 0xD6, 0x2C, 0x75, 0x38, 0x77, 0xB9, 0xF9, 0x16, 0xF4, 0x83, 0x4F, 0x20, 0x82, 0xEC, 0x97,
    0x65, 0x0A, 0x8E, 0x81, 0x63, 0xE8, 0x48, 0x2A, 0xB2, 0x8A, 0xCB, 0x25, 0xAB, 0x7E, 0xFE, 0xBE,
    0x2B, 0xA9, 0xE0, 0x88, 0x78, 0xAA, 0x7D, 0xFA, 0xE5, 0x14, 0x23, 0xBA, 0x43, 0xA3, 0x5F, 0x35,
    0xC6, 0x1D, 0xB7, 0xBC, 0x63, 0xE4, 0xD1, 0x1F, 0x29, 0xA0, 0xBE, 0xA2, 0xE9, 0xA9, 0x54, 0xD8,
    0x45, 0x83, 0xF2, 0xA1, 0xC7, 0xE4, 0x2C, 0x88, 0x2F, 0x57, 0x50, 0x40, 0x05, 0x8E, 0x48, 0x18,
    0xAC, 0x19, 0xDE, 0x90, 0x5C, 0x13, 0x97, 0x1C, 0xB4, 0x68, 0x1F, 0xFE, 0xCF, 0x35, 0x7A, 0x41,
    0xB2, 0x09, 0x79, 0xA5, 0xA8, 0x35, 0xA6, 0xE3, 0xF0, 0x33, 0x87, 0x2D, 0xDA, 0x31, 0x9B, 0xDD,
    0x55, 0x36, 0x2B, 0xD4, 0x2D, 0x18, 0x26, 0x4B, 0xCC, 0x86, 0xE3, 0x39, 0x30, 0xB8, 0x1E, 0x5C,
    0x3F, 0xFB, 0x6E, 0x7C, 0x88, 0xD1, 0x7C, 0x32, 0x35, 0x1E, 0x8C, 0xDF, 0x9F, 0x93, 0xE9, 0x88,
    0x13, 0x72, 0x32, 0x3E, 0x70, 0x15, 0xD8, 0xC5, 0x6C, 0x47, 0x4A, 0x02, 0x7C, 0x25, 0xE3, 0x94,
    0x13, 0x92, 0x7B, 0x14, 0xA7, 0x64, 0x3B, 0x1D, 0xE0, 0x97, 0xEB, 0x96, 0x9B, 0x54, 0xEE, 0xB0,
    0x93, 0x7F, 0xDF, 0xA8, 0x1D, 0x88, 0x12, 0x23, 0xCF, 0x85, 0x07, 0xEC, 0x61, 0x6B, 0x5C, 0xE1,
    0x29, 0xA8, 0xA3, 0xCD, 0xF0, 0x87, 0x9A, 0x9B, 0xAE, 0xE9, 0x27, 0x67, 0x71, 0x8B, 0x71, 0xE4,
    0x33, 0x28, 0x88, 0x17, 0x8C, 0x84, 0x68, 0x06, 0x9A, 0xCB, 0x86, 0xC6, 0x73, 0xDC, 0xF2, 0x68,
    0x24, 0xFF, 0x47, 0x12, 0x59, 0xE5, 0x9F, 0xE8, 0xE8, 0x42, 0xF7, 0x95, 0xAA, 0x1B, 0x73, 0x1B,
    0xEF, 0x14, 0x12, 0x4F, 0xA1, 0xC8, 0xCF, 0x83, 0xAB, 0x0C, 0xCC, 0x6B, 0x92, 0x0E, 0xEC, 0xC3,
    0xA7, 0x2C, 0x99, 0x57, 0xA3, 0x79, 0x96, 0x94, 0xC5, 0x45, 0x50, 0xB0, 0x1C, 0xC5, 0x04, 0x6F,
    0x15, 0x89, 0x30, 0x5C, 0x07, 0x87, 0x69, 0x1E, 0x9C, 0x00, 0xB1, 0xC5, 0x38, 0xC6, 0x1A, 0x92,
    0x50, 0xB0, 0x3E, 0x27, 0x4F, 0x51, 0x8E, 0xA8, 0x64, 0x8C, 0x04, 0x6C, 0xEF, 0xFC, 0x4C, 0xD2,
    0x3F, 0xC0, 0x18, 0x64, 0xBF, 0x63, 0xA4, 0xE6, 0xA7, 0xB0, 0xBD, 0xA1, 0xBF, 0xC1, 0xAF, 0x91,
    0x05, 0x52, 0x00, 0x8C, 0xE5, 0x7E, 0xF1, 0xC6, 0x4E, 0xD9, 0x76, 0x3D, 0xBE, 0x39, 0x2F, 0x25,
    0x4F, 0x1E, 0x3D, 0x00, 0xD6, 0x6E, 0xFF, 0xEE, 0xB2, 0x57, 0xEA, 0xFD, 0x9B, 0xAF, 0xFB, 0x8D,
    0x94, 0x82, 0xF0, 0x96, 0xD8, 0x9A, 0x4D, 0x35, 0x36, 0xA5, 0x12, 0x16, 0x2F, 0x16, 0x8D, 0xC4,
    0xE5, 0x53, 0x4E, 0xEC, 0x6A, 0x9D, 0xB2, 0x47, 0xDB, 0x64, 0x1D, 0x95, 0xBF, 0x01, 0x8D, 0x94,
    0x01, 0xA4, 0x25, 0xD7, 0xF9, 0xC0, 0x7F, 0xF7, 0x4E, 0xDE, 0x8E, 0x7F, 0xC6, 0xBF, 0x67, 0xB1,
    0x9B, 0xB4, 0x1B, 0xED, 0x09, 0x82, 0xB6, 0x8D, 0x1D, 0x28, 0x8A, 0xE4, 0x9D, 0xD3, 0x6E, 0x58,
    0x44, 0xBA, 0x0F, 0x7B, 0xC1, 0x96, 0x00, 0xE8, 0x8A, 0xBE, 0x62, 0x11, 0xBA, 0xBB, 0x67, 0x34,
    0x28, 0x82, 0x6C, 0xA8, 0x42, 0x91, 0x45, 0xB0, 0x7D, 0xC5, 0x2E, 0x60, 0xF1, 0xF2, 0xCE, 0x6C,
    0x17, 0x8B, 0x45, 0x6E, 0x93, 0x6C, 0x81, 0x32, 0xAC, 0x6D, 0x25, 0xC5, 0x9B, 0xC6, 0xA4, 0x99,
    0x7D, 0x99, 0x3B, 0x5F, 0xBF, 0x39, 0xF7, 0xAD, 0x74, 0x1B, 0xAD, 0x8E, 0xEF, 0xF7, 0xBB, 0xDF,
    0x99, 0xEF, 0x3B, 0xF3, 0xCC, 0xF8, 0xCE, 0xE3, 0xA7, 0x50, 0x48, 0x8D, 0x55, 0xDC, 0x2D, 0x4F,
    0x00, 0xC2, 0xC6, 0x82, 0x3D, 0x23, 0xD5, 0x65, 0x25, 0x98, 0x1A, 0xF7, 0x4E, 0x4D, 0x29, 0xE2,
    0x0B, 0x85, 0x57, 0xEF, 0x81, 0xA9, 0x95, 0x4F, 0x3C, 0x5A, 0x4F, 0xF0, 0x43, 0x98, 0xDF, 0xF1,
    0x3C, 0xB3, 0x0F, 0x22, 0xCB, 0x5C, 0xA4, 0x36, 0x62, 0xAA, 0xF2, 0xEE, 0x37, 0x71, 0x6F, 0x3D,
    0x8F, 0xFB, 0xB1, 0xF2, 0xCA, 0x0F, 0x70, 0x3F, 0xF9, 0x3E, 0xEE, 0xB5, 0x0B, 0xB8, 0xDD, 0x1B,
    0x94, 0xFD, 0x0D, 0xCC, 0xEA, 0x1F, 0x95, 0xF6, 0x56, 0x88, 0x78, 0x3E, 0xFF, 0x08, 0xEE, 0xD7,
    0xE9, 0x51, 0x1C, 0x79, 0x17, 0xA2, 0xF8, 0x4C, 0x04, 0xF3, 0xF0, 0x04, 0xB6, 0x81, 0xB2, 0x06,
    0x57, 0x29, 0xA7, 0xDF, 0xF7, 0xEE, 0xB4, 0x28, 0xA3, 0xE6, 0x2D, 0xEE, 0x57, 0x0D, 0xE5, 0x9D,
    0x06, 0xFB, 0xD7, 0x06, 0x23, 0x42, 0xA6, 0x10, 0x47, 0x00, 0x36, 0x16, 0x0B, 0x23, 0x32, 0xC5,
    0x83, 0x85, 0x59, 0x72, 0x18, 0xB2, 0x3A, 0x8C, 0x66, 0x5A, 0x46, 0xA9, 0x35, 0xD6, 0xB9, 0x06,
    0x47, 0x7E, 0x0D, 0x51, 0x98, 0xC9, 0x48, 0xB6, 0xFA, 0x06, 0x59, 0x47, 0xE2, 0x7B, 0x07, 0x57,
    0x71, 0xD2, 0xF1, 0xF4, 0xC3, 0xAD, 0x84, 0xE6, 0xE9, 0x5E, 0xD6, 0x92, 0xB6, 0x39, 0x91, 0xEA,
    0x11, 0xC0, 0x31, 0x85, 0x5D, 0x85, 0x8E, 0x6F, 0x9F, 0x78, 0xFB, 0xE0, 0xCA, 0xE5, 0x28, 0xD2,
    0x07, 0x11, 0x59, 0x85, 0x3F, 0xCA, 0xAD, 0x31, 0xF8, 0xE8, 0x27, 0xB1, 0x17, 0xF8, 0x52, 0xA2,
    0x9A, 0x4F, 0xCA, 0x26, 0x15, 0x93, 0x8C, 0x8A, 0x12, 0xE0, 0x45, 0x85, 0xE7, 0x94, 0x0D, 0x7F,
    0x0C, 0xBB, 0xDC, 0xC4, 0x36, 0x4A, 0xAB, 0x74, 0xCA, 0xCD, 0x4D, 0xE2, 0x18, 0x2B, 0x11, 0xA9,
    0xED, 0xC9, 0x4D, 0xB6, 0xB7, 0x2F, 0xFB, 0x29, 0xDF, 0x7E, 0x75, 0xCF, 0xDB, 0x7C, 0x0F, 0x9B,
    0x8D, 0x6B, 0xE6, 0x0A, 0x23, 0xC7, 0xB7, 0x00, 0x27, 0xD5, 0xA4, 0x56, 0xB5, 0xDD, 0xAB, 0xE6,
    0x83, 0x6A, 0x36, 0x9C, 0x9C, 0xB4, 0x89, 0xCB, 0x86, 0xCB, 0x5B, 0xEE, 0xFA, 0x17, 0xD2, 0x39,
    0xB9, 0x3F, 0xC9, 0xEF, 0xE1, 0xE0, 0xDF, 0x14, 0xCF, 0xAA, 0x5C, 0xAF, 0xB2, 0x1D, 0xC0, 0xFA,
    0xC9, 0x41, 0xAA, 0x49, 0x8D, 0x6A, 0xBB, 0x55, 0x65, 0xED, 0x89, 0xAB, 0x2A, 0x19, 0x42, 0xF6,
    0x77, 0xE9, 0x43, 0xF1, 0x69, 0x47, 0x90, 0x0F, 0x06, 0xD5, 0x4C, 0x7C, 0x88, 0x3E, 0xB6, 0xA1,
    0xAC, 0xCC, 0x10, 0x6C, 0x3D, 0x1B, 0x82, 0x69, 0x58, 0x85, 0xFC, 0xD3, 0xB7, 0xB5, 0xF9, 0x40,
    0x9B, 0xE7, 0x2B, 0x69, 0x00, 0x38, 0x36, 0xDB, 0xDA, 0xE0, 0x52, 0xD6, 0x5A, 0x7F, 0x29, 0xEF,
    0x4A, 0x36, 0x93, 0x8A, 0xDE, 0xE1, 0xCC, 0xEB, 0x9B, 0x94, 0xE6, 0x85, 0x17, 0xD7, 0x12, 0xBD,
    0xAA, 0x6D, 0x89, 0xA3, 0x37, 0x3F, 0x3B, 0xB9, 0x8B, 0x79, 0xEF, 0x5B, 0x37, 0x29, 0x76, 0x6D,
    0x4F, 0x3E, 0x98, 0x6E, 0x52, 0x4B, 0xD6, 0x27, 0x15, 0x2D, 0xC7, 0x17, 0x7E, 0xB6, 0xE5, 0x64,
    0x95, 0xB5, 0x4E, 0x44, 0x45, 0xB8, 0xAD, 0x32, 0x2A, 0xFB, 0xE6, 0x87, 0xFF, 0x9B, 0xAA, 0xA2,
    0x71, 0xF6, 0x5E, 0x5C, 0x3A, 0x2B, 0x52, 0xA9, 0x1E, 0x02, 0x0B, 0x25, 0xC2, 0x77, 0xE5, 0x0A,
    0x4E, 0x9A, 0xF4, 0x4B, 0x24, 0x1F, 0x22, 0xA5, 0x44, 0x9C, 0x08, 0xB1, 0x12, 0xD4, 0x4A, 0x38,
    0x24, 0x12, 0xBD, 0x66, 0x7F, 0x93, 0x54, 0x2F, 0x06, 0xC7, 0xA3, 0xCB, 0xCA, 0xC0, 0x93, 0x3B,
    0xD7, 0x60, 0x76, 0x16, 0xCA, 0xF5, 0x79, 0x99, 0x8F, 0xE7, 0xD2, 0x60, 0x16, 0x2D, 0x94, 0x3A,
    0x88, 0x41, 0x5A, 0xEC, 0x83, 0x2D, 0xC5, 0x6B, 0xBE, 0xD4, 0x7B, 0x55, 0xAA, 0x65, 0x3D, 0xCC,
    0xE5, 0xBA, 0x27, 0x8A, 0xC7, 0x0A, 0xA4, 0x09, 0xDA, 0xF0, 0xB6, 0x76, 0x95, 0xAD, 0x23, 0xB6,
    0x5E, 0x61, 0xFF, 0xD0, 0x63, 0xEF, 0xE8, 0xFE, 0xF7, 0x97, 0xD8, 0xFD, 0x1A, 0x11, 0x99, 0xD0,
    0x7C, 0xB9, 0xBE, 0x7F, 0x5B, 0xEB, 0xB7, 0x06, 0xED, 0x1D, 0x95, 0x30, 0xED, 0xAD, 0x8F, 0x2F,
    0x16, 0x44, 0x91, 0x6A, 0xE2, 0x7C, 0xDC, 0xF1, 0xB8, 0x97, 0xC0, 0xED, 0x2A, 0x9D, 0x52, 0x41,
    0x7C, 0x89, 0x5C, 0x76, 0x29, 0xE2, 0xA3, 0xB5, 0x27, 0x13, 0x8F, 0xD1, 0x5F, 0xDC, 0x9A, 0x8D,
    0xDF, 0x79, 0x20, 0x48, 0x07, 0x38, 0x19, 0x81, 0xEF, 0xCC, 0xA4, 0x82, 0xD9, 0x55, 0x57, 0x43,
    0xD6, 0x99, 0xA5, 0xBA, 0x35, 0x0D, 0xE4, 0xC9, 0x45, 0x33, 0xD9, 0x2C, 0xCD, 0x72, 0xCF, 0x9B,
    0xDA, 0xDE, 0x96, 0xC6, 0xD6, 0xE5, 0xDD, 0xBF, 0x74, 0x65, 0x1D, 0xCE, 0xD4, 0x5D, 0xF9, 0x4B,
    0xB1, 0xBE, 0x73, 0x32, 0x94, 0x3F, 0x6A, 0x9D, 0x34, 0x1A, 0x61, 0x5C, 0xCF, 0x38, 0x9B, 0x0A,
    0x5C, 0x4A, 0xDE, 0x4D, 0x1E, 0xFE, 0xC5, 0xEF, 0x2A, 0x73, 0x95, 0x1D, 0xC1, 0x09, 0xC4, 0xB2,
    0x62, 0xCF, 0x26, 0x34, 0xF7, 0xB8, 0x00, 0x6E, 0x04, 0x3B, 0x80, 0xE9, 0xC8, 0xF2, 0x9E, 0xE2,
    0xAD, 0x01, 0xB3, 0xBF, 0xA2, 0x5C, 0x45, 0x5E, 0x18, 0x02, 0x37, 0x7F, 0xEE, 0x3C, 0x47, 0x75,
    0x1F, 0x13, 0xAE, 0x4A, 0xAF, 0x9A, 0x8D, 0x30, 0xDB, 0x62, 0x63, 0x01, 0x56, 0x1A, 0x65, 0xD0,
    0x2F, 0xBD, 0x7A, 0xF4, 0xD5, 0x6A, 0x5B, 0x07, 0xE2, 0x27, 0xB2, 0x3E, 0xB3, 0xB7, 0x56, 0xA9,
    0x9E, 0xFA, 0x3E, 0x06, 0x5B, 0x3F, 0x0E, 0x33, 0x0F, 0xF9, 0x03, 0x88, 0xE9, 0xBF, 0xEB, 0xD2,
    0xC8, 0x9F, 0xEA, 0xF2, 0x7E, 0x8D, 0xBB, 0x5D, 0x13, 0x4E, 0xD5, 0xC4, 0x6C, 0x42, 0xDA, 0x35,
    0xFB, 0x6D, 0x38, 0x75, 0xB7, 0x75, 0x6F, 0xDC, 0x6D, 0xCB, 0xFB, 0x77, 0x5B, 0x23, 0xD2, 0xE6,
    0x0A, 0x51, 0xAE, 0xA0, 0x7D, 0x89, 0x0D, 0x0F, 0x65, 0x03, 0xAE, 0x85, 0xD0, 0xC1, 0xD8, 0xC3,
    0x30, 0xF0, 0xD4, 0x6A, 0xB5, 0x25, 0x22, 0xFD, 0xB9, 0xCF, 0xE2, 0xD9, 0xBC, 0x75, 0x3E, 0x6A,
    0x3E, 0x61, 0x6B, 0xB3, 0x74, 0xD3, 0xA0, 0xFB, 0xBC, 0x0D, 0x64, 0xDD, 0xC8, 0xBC, 0xE7, 0xBC,
    0xC7, 0x4A, 0x87, 0x91, 0x01, 0xF3, 0x9B, 0x11, 0x88, 0x89, 0x9D, 0x9D, 0xF5, 0x3B, 0xCD, 0xA4,
    0xE5, 0x9C, 0xDC, 0xF3, 0x53, 0x1E, 0xEE, 0x2D, 0xBC, 0xAB, 0xA0, 0xAC, 0x67, 0xD8, 0x03, 0xC1,
    0x88, 0x30, 0x4F, 0x27, 0xE5, 0xF0, 0xDD, 0x9E, 0xFE, 0x88, 0x99, 0x88, 0xCF, 0x15, 0xF3, 0xC5,
    0x3E, 0xEE, 0xC3, 0x1A, 0xF7, 0x46, 0x4D, 0x48, 0xEF, 0xF5, 0x38, 0xE1, 0x54, 0xAA, 0x69, 0xCF,
    0xAD, 0xF4, 0x9C, 0x5C, 0x21, 0x8E, 0xA0, 0xB5, 0x04, 0x90, 0x35, 0x9B, 0x89, 0xE2, 0x40, 0xAE,
    0x39, 0x91, 0x21, 0x28, 0xA6, 0x19, 0xF9, 0xCF, 0xC4, 0x6B, 0xA6, 0x09, 0xDA, 0x53, 0x0E, 0xA4,
    0xEB, 0x84, 0x27, 0x93, 0x15, 0x46, 0xB1, 0x0F, 0x76, 0x29, 0x6B, 0x12, 0xB6, 0x01, 0x33, 0xA2,
    0x35, 0x4D, 0x62, 0x0F, 0xC5, 0x8A, 0xA3, 0x47, 0x25, 0xC8, 0x18, 0x7E, 0xFF, 0xE6, 0x99, 0x4D,
    0xF7, 0xB2, 0x79, 0xCF, 0xCA, 0x3B, 0x7D, 0x2E, 0xB2, 0xCC, 0x5F, 0x3E, 0x43, 0x7E, 0xFA, 0x49,
    0x1E, 0x3B, 0x29, 0x3B, 0x3B, 0x1E, 0x20, 0xAC, 0xD7, 0x09, 0x82, 0x07, 0xF7, 0x5F, 0xD1, 0x67,
    0x9C, 0x8D, 0x32, 0x3C, 0x35, 0x9E, 0x25, 0x70, 0x3E, 0x5E, 0xD3, 0x9C, 0x00, 0x42, 0x18, 0x88,
    0x0D, 0xAE, 0xA2, 0xAC, 0x31, 0x2D, 0x79, 0x47, 0x36, 0x30, 0x1B, 0x21, 0xFA, 0x99, 0x87, 0xA2,
    0x99, 0xA8, 0x28, 0x64, 0x89, 0x11, 0x4F, 0x6C, 0x41, 0x3E, 0x5F, 0xEA, 0xBA, 0x66, 0xBB, 0x07,
    0x69, 0xCA, 0xEA, 0xB7, 0x4D, 0xE9, 0x8B, 0xC6, 0x29, 0x41, 0x7B, 0x47, 0xAD, 0x0D, 0x4A, 0xAB,
    0x78, 0x00, 0x8E, 0xA4, 0x03, 0xD4, 0x02, 0x37, 0x5E, 0x9F, 0x74, 0x11, 0x88, 0x22, 0x1F, 0xE3,
    0xD2, 0xE0, 0xAA, 0x1A, 0x2E, 0x72, 0xA4, 0xE5, 0xE2, 0xB3, 0xDC, 0xE0, 0xE2, 0xAA, 0xBD, 0x81,
    0xDB, 0x1F, 0x5B, 0x5C, 0x61, 0x6B, 0x46, 0x20, 0xDB, 0xAF, 0x20, 0x4D, 0x09, 0xD9, 0x24, 0x62,
    0xCF, 0xE1, 0xB5, 0xA5, 0xCC, 0xFB, 0xAF, 0x6A, 0x7B, 0x9A, 0x54, 0x49, 0x9F, 0x5F, 0xC4, 0xBB,
    0x0F, 0xFA, 0x50, 0x87, 0x79, 0xAF, 0xC7, 0x7E, 0xDE, 0x17, 0x8D, 0x2A, 0x6F, 0x57, 0x49, 0xF0,
    0x15, 0x6D, 0x2C, 0x3C, 0x66, 0xBD, 0xD3, 0x9B, 0xCF, 0x62, 0x6D, 0x1A, 0xBB, 0x34, 0x8D, 0x51,
    0xEC, 0xD2, 0x3E, 0x88, 0xB5, 0x88, 0x78, 0xD1, 0xFA, 0xF6, 0xC1, 0x16, 0xA6, 0x81, 0xEB, 0x07,
    0x15, 0x22, 0xB5, 0xAE, 0xAB, 0x69, 0x9D, 0xE0, 0xFF, 0x9E, 0x83, 0xAF, 0x5D, 0x48, 0x53, 0x95,
    0x4E, 0xDB, 0x18, 0x3B, 0xF7, 0xE7, 0x5F, 0x0C, 0xE1, 0x95, 0x0B, 0xAB, 0xF8, 0xFF, 0x17, 0x46,
    0x25, 0x26, 0x80, 0xA0, 0x38, 0xBF, 0x3E, 0xA5, 0x45, 0x07, 0xCF, 0x88, 0x0C, 0xEE, 0x90, 0x23,
    0x5F, 0xA7, 0x78, 0x9E, 0x73, 0xAF, 0x91, 0xFE, 0xE6, 0x52, 0xB6, 0xDB, 0xB1, 0x48, 0x61, 0x1A,
    0x91, 0x5A, 0xA4, 0x12, 0x69, 0xA6, 0x65, 0xDE, 0x69, 0x68, 0x22, 0xA2, 0x51, 0xCB, 0x38, 0xED,
    0xD2, 0xE0, 0x09, 0x38, 0x7F, 0x65, 0x2E, 0x83, 0x91, 0xDE, 0x36, 0xCF, 0xBA, 0x1A, 0x57, 0x7D,
    0x19, 0x65, 0xFD, 0x84, 0x39, 0xB8, 0x59, 0x48, 0x3F, 0x93, 0x8E, 0x74, 0x39, 0x19, 0x34, 0x80,
    0x7F, 0x02, 0x0B, 0x0D, 0x0D, 0xF9, 0xFF, 0xFF, 0x0F, 0x10, 0x31, 0x30, 0x30, 0x00, 0x00, 0xAD,
    0x8F, 0x81, 0x46, 0x04, 0x51, 0x14, 0x86, 0xFF, 0x9D, 0x98, 0xC1, 0x60, 0x2A, 0x60, 0x41, 0x8F,
    0x30, 0x8F, 0x70, 0x6F, 0xBB, 0x58, 0x80, 0x8D, 0x20, 0xD0, 0xA3, 0xDC, 0x80, 0x00, 0xAA, 0x27,
    0x08, 0x21, 0xA0, 0x47, 0xB8, 0xAB, 0x5E, 0x60, 0x16, 0x84, 0x20, 0x41, 0x0A, 0x5C, 0x19, 0x99,
    0xC6, 0xCC, 0xFC, 0x9D, 0x7B, 0x76, 0x09, 0x50, 0x9B, 0x1D, 0xCE, 0xC7, 0x9C, 0x63, 0xBE, 0x7F,
    0x7E, 0x8C, 0x6D, 0x3A, 0x4F, 0xF8, 0xEC, 0x9B, 0x8C, 0x4B, 0x86, 0xBC, 0x9E, 0xF4, 0xBB, 0x79,
    0xD8, 0x69, 0x50, 0xB4, 0xD3, 0xE1, 0xC2, 0xF1, 0x4E, 0x4E, 0x11, 0xBA, 0xDB, 0x08, 0x18, 0x1F,
    0xDA, 0x84, 0xAF, 0x21, 0xE3, 0x93, 0x68, 0xA7, 0x62, 0x80, 0x48, 0x27, 0xD7, 0x8E, 0xE7, 0xC1,
    0xCB, 0xE4, 0x21, 0xFB, 0xD3, 0x88, 0x67, 0xBE, 0xF2, 0x3C, 0x8A, 0x67, 0xA6, 0xBB, 0xA2, 0x9D,
    0x85, 0xCD, 0x3D, 0xD2, 0x54, 0xAB, 0xB6, 0x5D, 0xEC, 0xFA, 0xD1, 0xC5, 0xB2, 0x7B, 0xB5, 0xFE,
    0xAC, 0xD6, 0xBD, 0xBC, 0x89, 0x7D, 0x5F, 0x3A, 0xAF, 0x8C, 0xFB, 0xE4, 0x9F, 0x8C, 0x59, 0x47,
    0xC7, 0x3F, 0x59, 0x9F, 0x9A, 0xB5, 0xBF, 0xBE, 0xC6, 0xAC, 0xAB, 0x6E, 0x6B, 0x59, 0x27, 0x16,
    0xC8, 0xD8, 0x03, 0x07, 0xE4, 0x19, 0x4C, 0xE5, 0x04, 0xD6, 0x08, 0x60, 0xDE, 0x61, 0x46, 0x24,
    0x4C, 0x12, 0x01, 0xD9, 0xFD, 0x86, 0x52, 0xBE, 0x10, 0x8F, 0x20, 0x27, 0x56, 0xCF, 0xDA, 0xDF,
    0xA8, 0x1F, 0x28, 0x97, 0x11, 0x70, 0x48, 0xBD, 0xF5, 0xB7, 0x86, 0xF7, 0xEC, 0x3D, 0x1F, 0xD8,
    0x0F, 0x23, 0xEB, 0x40, 0x2B, 0x07, 0x5F, 0x0B, 0x4A, 0xCA, 0x6B, 0xCA, 0x85, 0x03, 0xCA, 0x4A,
    0x50, 0x08, 0xBE, 0x4E, 0x2B, 0xF7, 0x46, 0x2E, 0xCC, 0xE0, 0x07, 0x14, 0xBD, 0xCA, 0xBF, 0x01,
    0x62, 0x80, 0x02, 0x40, 0x45, 0x52, 0x41, 0x80, 0x00, 0x10, 0xC4, 0x86, 0x5B, 0x88, 0x8B, 0xF0,
    0x11, 0xB0, 0x18, 0x64, 0x41, 0x13, 0x50, 0x07, 0xAF, 0xF0, 0x11, 0xAE, 0x01, 0xEE, 0x32, 0x76,
    0x36, 0xAD, 0x75, 0x02, 0x2D, 0x07, 0x8E, 0x2F, 0x82, 0x02, 0xBF, 0x11, 0xCF, 0x4D, 0x85, 0xA1,
    0xA4, 0x62, 0x3C, 0xE8, 0x5D, 0x14, 0x73, 0xF6, 0x45, 0x8D, 0xEC, 0xB3, 0x63, 0xFC, 0xB6, 0x98,
    0x13, 0x2F, 0x89, 0xDE, 0xE2, 0x61, 0xC7, 0x49, 0x91, 0x07, 0xFE, 0x80, 0x1D, 0xF9, 0x00, 0xD2,
    0x8B, 0x0E, 0xB4, 0x7C, 0x3C, 0x01, 0x8A, 0x3E, 0x82, 0x66, 0xA9, 0x58, 0x85, 0x62, 0x15, 0x93,
    0xC0, 0x82, 0xFE, 0x0F,
};

static const EpdGlyph notosans_11_boldGlyphs[] = {
    { 0, 0, 0, 0, 0, 0, 0 }, // U+0000
    { 0, 0, 95, 0, 0, 0, 0 }, // U+000D
    { 0, 0, 95, 0, 0, 0, 0 }, // U+0020
    { 5, 18, 103, 1, 17, 23, 0 }, // !
    { 9, 7, 176, 1, 17, 16, 23 }, // "
    { 15, 17, 237, 0, 17, 64, 39 }, // #
    { 13, 20, 210, 0, 18, 65, 103 }, // $
    { 20, 18, 331, 0, 17, 90, 168 }, // %
    { 18, 18, 275, 0, 17, 81, 258 }, // &
    { 4, 7, 98, 1, 17, 7, 339 }, // '
    { 8, 21, 124, 0, 17, 42, 346 }, // (
    { 7, 21, 124, 0, 17, 37, 388 }, // )
    { 12, 12, 199, 0, 18, 36, 425 }, // *
    { 13, 12, 210, 0, 14, 39, 461 }, // +
    { 6, 6, 105, 0, 3, 9, 500 }, // ,
    { 7, 4, 117, 0, 8, 7, 509 }, // -
    { 5, 5, 103, 1, 4, 7, 516 }, // .
    { 10, 18, 152, 0, 17, 45, 523 }, // /
    { 12, 18, 222, 1, 17, 54, 568 }, // 0
    { 9, 17, 190, 0, 17, 39, 622 }, // 1
    { 13, 17, 205, 0, 17, 56, 661 }, // 2
    { 13, 18, 210, 0, 17, 59, 717 }, // 3
    { 13, 17, 213, 0, 17, 56, 776 }, // 4
    { 12, 18, 212, 1, 17, 54, 832 }, // 5
    { 12, 18, 221, 1, 17, 54, 886 }, // 6
    { 12, 17, 196, 0, 17, 51, 940 }, // 7
    { 12, 18, 218, 1, 17, 54, 991 }, // 8
    { 12, 18, 221, 1, 17, 54, 1045 }, // 9
    { 5, 14, 103, 1, 13, 18, 1099 }, // :
    { 6, 16, 105, 0, 13, 24, 1117 }, // ;
    { 13, 13, 210, 0, 15, 43, 1141 }, // <
    { 13, 8, 210, 0, 12, 26, 1184 }, // =
    { 13, 13, 210, 0, 15, 43, 1210 }, // >
    { 11, 18, 175, 0, 17, 50, 1253 }, // ?
    { 19, 19, 329, 1, 17, 91, 1303 }, // @
    { 16, 17, 254, 0, 17, 68, 1394 }, // A
    { 14, 17, 244, 1, 17, 60, 1462 }, // B
    { 13, 18, 235, 1, 17, 59, 1522 }, // C
    { 15, 17, 268, 1, 17, 64, 1581 }, // D
    { 10, 17, 205, 2, 17, 43, 1645 }, // E
    { 10, 17, 201, 2, 17, 43, 1688 }, // F
    { 14, 18, 266, 1, 17, 63, 1731 }, // G
    { 14, 17, 281, 2, 17, 60, 1794 }, // H
    { 9, 17, 143, 0, 17, 39, 1854 }, // I
    { 8, 22, 121, -2, 17, 44, 1893 }, // J
    { 14, 17, 244, 2, 17, 60, 1937 }, // K
    { 12, 17, 205, 1, 17, 51, 1997 }, // L
    { 18, 17, 346, 2, 17, 77, 2048 }, // M
    { 15, 17, 298, 2, 17, 64, 2125 }, // N
    { 16, 18, 290, 1, 17, 72, 2189 }, // O
    { 13, 17, 228, 1, 17, 56, 2261 }, // P
    { 16, 21, 290, 1, 17, 84, 2317 }, // Q
    { 15, 17, 241, 1, 17, 64, 2401 }, // R
    { 11, 18, 202, 1, 17, 50, 2465 }, // S
    { 13, 17, 212, 0, 17, 56, 2515 }, // T
    { 15, 18, 277, 1, 17, 68, 2571 }, // U
    { 15, 17, 238, 0, 17, 64, 2639 }, // V
    { 23, 17, 355, 0, 17, 98, 2703 }, // W
    { 16, 17, 246, 0, 17, 68, 2801 }, // X
    { 15, 17, 230, 0, 17, 64, 2869 }, // Y
    { 13, 17, 212, 0, 17, 56, 2933 }, // Z
    { 7, 21, 121, 1, 17, 37, 2989 }, // [
    { 10, 18, 152, 0, 17, 45, 3026 }, // <backslash>
    { 6, 21, 121, 0, 17, 32, 3071 }, // ]
    { 13, 12, 210, 0, 17, 39, 3103 }, // ^
    { 11, 2, 151, -1, -2, 6, 3142 }, // _
    { 8, 5, 134, 0, 18, 10, 3148 }, // `
    { 13, 14, 220, 0, 13, 46, 3158 }, // a
    { 13, 19, 232, 1, 18, 62, 3204 }, // b
    { 11, 14, 189, 1, 13, 39, 3266 }, // c
    { 12, 19, 232, 1, 18, 57, 3305 }, // d
    { 12, 14, 219, 1, 13, 42, 3362 }, // e
    { 10, 18, 142, 0, 18, 45, 3404 }, // f
    { 12, 19, 232, 1, 13, 57, 3449 }, // g
    { 13, 18, 238, 1, 18, 59, 3506 }, // h
    { 5, 18, 110, 1, 18, 23, 3565 }, // i
    { 8, 24, 109, -2, 18, 48, 3588 }, // j
    { 14, 18, 227, 1, 18, 63, 3636 }, // k
    { 5, 18, 109, 1, 18, 23, 3699 }, // l
    { 20, 13, 358, 1, 13, 65, 3722 }, // m
    { 13, 13, 238, 1, 13, 43, 3787 }, // n
    { 13, 14, 229, 1, 13, 46, 3830 }, // o
    { 13, 19, 232, 1, 13, 62, 3876 }, // p
    { 12, 19, 232, 1, 13, 57, 3938 }, // q
    { 9, 13, 164, 1, 13, 30, 3995 }, // r
    { 10, 14, 184, 1, 13, 35, 4025 }, // s
    { 10, 17, 159, 0, 16, 43, 4060 }, // t
    { 13, 14, 238, 1, 13, 46, 4103 }, // u
    { 14, 13, 209, 0, 13, 46, 4149 }, // v
    { 20, 13, 314, 0, 13, 65, 4195 }, // w
    { 14, 13, 212, 0, 13, 46, 4260 }, // x
    { 14, 19, 209, 0, 13, 67, 4306 }, // y
    { 11, 13, 181, 0, 13, 36, 4373 }, // z
    { 9, 21, 144, 0, 17, 48, 4409 }, // {
    { 3, 24, 202, 5, 18, 18, 4457 }, // |
    { 9, 21, 144, 0, 17, 48, 4475 }, // }
    { 13, 4, 210, 0, 10, 13, 4523 }, // ~
    { 0, 0, 95, 0, 0, 0, 0 }, // U+00A0
    { 5, 18, 105, 1, 13, 23, 0 }, // U+00A1
    { 11, 18, 210, 1, 17, 50, 23 }, // U+00A2
    { 13, 17, 210, 0, 17, 56, 73 }, // U+00A3
    { 11, 12, 208, 1, 14, 33, 129 }, // U+00A4
    { 13, 17, 210, 0, 17, 56, 162 }, // U+00A5
    { 3, 24, 202, 5, 18, 18, 218 }, // U+00A6
    { 10, 19, 178, 1, 18, 48, 236 }, // U+00A7
    { 9, 4, 217, 2, 18, 9, 284 }, // U+00A8
    { 17, 18, 305, 1, 17, 77, 293 }, // U+00A9
    { 8, 9, 140, 0, 17, 18, 370 }, // U+00AA
    { 14, 11, 225, 0, 12, 39, 388 }, // U+00AB
    { 13, 8, 210, 0, 10, 26, 427 }, // U+00AC
    { 7, 4, 117, 0, 8, 7, 453 }, // U+00AD
    { 17, 18, 305, 1, 17, 77, 460 }, // U+00AE
    { 13, 3, 183, -1, 20, 10, 537 }, // U+00AF
    { 9, 9, 156, 0, 17, 21, 547 }, // U+00B0
    { 13, 15, 210, 0, 15, 49, 568 }, // U+00B1
    { 8, 11, 139, 0, 20, 22, 617 }, // U+00B2
    { 9, 11, 139, 0, 20, 25, 639 }, // U+00B3
    { 8, 5, 134, 0, 18, 10, 664 }, // U+00B4
    { 13, 19, 239, 1, 13, 62, 674 }, // U+00B5
    { 12, 21, 238, 1, 18, 63, 736 }, // U+00B6
    { 5, 5, 103, 1, 10, 7, 799 }, // U+00B7
    { 6, 6, 96, 0, 0, 9, 806 }, // U+00B8
    { 7, 11, 139, 0, 20, 20, 815 }, // U+00B9
    { 9, 9, 142, 0, 17, 21, 835 }, // U+00BA
    { 14, 11, 225, 0, 12, 39, 856 }, // U+00BB
    { 19, 17, 304, 0, 17, 81, 895 }, // U+00BC
    { 20, 17, 321, 0, 17, 85, 976 }, // U+00BD
    { 19, 17, 310, 1, 17, 81, 1061 }, // U+00BE
    { 11, 18, 175, 0, 13, 50, 1142 }, // U+00BF
    { 16, 22, 254, 0, 22, 88, 1192 }, // U+00C0
    { 16, 22, 254, 0, 22, 88, 1280 }, // U+00C1
    { 16, 22, 254, 0, 22, 88, 1368 }, // U+00C2
    { 16, 22, 254, 0, 22, 88, 1456 }, // U+00C3
    { 16, 22, 254, 0, 22, 88, 1544 }, // U+00C4
    { 16, 21, 254, 0, 21, 84, 1632 }, // U+00C5
    { 21, 17, 349, 0, 17, 90, 1716 }, // U+00C6
    { 13, 23, 235, 1, 17, 75, 1806 }, // U+00C7
    { 10, 22, 205, 2, 22, 55, 1881 }, // U+00C8
    { 10, 22, 205, 2, 22, 55, 1936 }, // U+00C9
    { 10, 22, 205, 2, 22, 55, 1991 }, // U+00CA
    { 10, 22, 205, 2, 22, 55, 2046 }, // U+00CB
    { 9, 22, 143, 0, 22, 50, 2101 }, // U+00CC
    { 9, 22, 143, 0, 22, 50, 2151 }, // U+00CD
    { 10, 22, 143, -1, 22, 55, 2201 }, // U+00CE
    { 9, 22, 143, 0, 22, 50, 2256 }, // U+00CF
    { 16, 17, 268, 0, 17, 68, 2306 }, // U+00D0
    { 15, 22, 295, 2, 22, 83, 2374 }, // U+00D1
    { 16, 23, 290, 1, 22, 92, 2457 }, // U+00D2
    { 16, 23, 290, 1, 22, 92, 2549 }, // U+00D3
    { 16, 23, 290, 1, 22, 92, 2641 }, // U+00D4
    { 16, 23, 290, 1, 22, 92, 2733 }, // U+00D5
    { 16, 23, 290, 1, 22, 92, 2825 }, // U+00D6
    { 11, 11, 210, 1, 14, 31, 2917 }, // U+00D7
    { 16, 20, 290, 1, 18, 80, 2948 }, // U+00D8
    { 15, 23, 277, 1, 22, 87, 3028 }, // U+00D9
    { 15, 23, 277, 1, 22, 87, 3115 }, // U+00DA
    { 15, 23, 277, 1, 22, 87, 3202 }, // U+00DB
    { 15, 23, 277, 1, 22, 87, 3289 }, // U+00DC
    { 15, 22, 230, 0, 22, 83, 3376 }, // U+00DD
    { 12, 17, 230, 2, 17, 51, 3459 }, // U+00DE
    { 15, 19, 258, 1, 18, 72, 3510 }, // U+00DF
    { 13, 19, 220, 0, 18, 62, 3582 }, // U+00E0
    { 13, 19, 220, 0, 18, 62, 3644 }, // U+00E1
    { 13, 19, 220, 0, 18, 62, 3706 }, // U+00E2
    { 13, 19, 220, 0, 18, 62, 3768 }, // U+00E3
    { 13, 19, 220, 0, 18, 62, 3830 }, // U+00E4
    { 13, 21, 220, 0, 20, 69, 3892 }, // U+00E5
    { 21, 14, 336, 0, 13, 74, 3961 }, // U+00E6
    { 11, 19, 189, 1, 13, 53, 4035 }, // U+00E7
    { 12, 19, 219, 1, 18, 57, 4088 }, // U+00E8
    { 12, 19, 219, 1, 18, 57, 4145 }, // U+00E9
    { 12, 19, 219, 1, 18, 57, 4202 }, // U+00EA
    { 12, 19, 219, 1, 18, 57, 4259 }, // U+00EB
    { 8, 18, 110, -1, 18, 36, 4316 }, // U+00EC
    { 8, 18, 110, 1, 18, 36, 4352 }, // U+00ED
    { 11, 18, 110, -2, 18, 50, 4388 }, // U+00EE
    { 9, 18, 110, -1, 18, 41, 4438 }, // U+00EF
    { 13, 19, 230, 1, 18, 62, 4479 }, // U+00F0
    { 13, 18, 238, 1, 18, 59, 4541 }, // U+00F1
    { 13, 19, 229, 1, 18, 62, 4600 }, // U+00F2
    { 13, 19, 229, 1, 18, 62, 4662 }, // U+00F3
    { 13, 19, 229, 1, 18, 62, 4724 }, // U+00F4
    { 13, 19, 229, 1, 18, 62, 4786 }, // U+00F5
    { 13, 19, 229, 1, 18, 62, 4848 }, // U+00F6
    { 13, 12, 210, 0, 14, 39, 4910 }, // U+00F7
    { 13, 15, 227, 1, 14, 49, 4949 }, // U+00F8
    { 13, 19, 238, 1, 18, 62, 4998 }, // U+00F9
    { 13, 19, 238, 1, 18, 62, 5060 }, // U+00FA
    { 13, 19, 238, 1, 18, 62, 5122 }, // U+00FB
    { 13, 19, 238, 1, 18, 62, 5184 }, // U+00FC
    { 14, 24, 209, 0, 18, 84, 5246 }, // U+00FD
    { 13, 24, 232, 1, 18, 78, 5330 }, // U+00FE
    { 14, 24, 209, 0, 18, 84, 5408 }, // U+00FF
    { 16, 21, 254, 0, 21, 84, 0 }, // U+0100
    { 13, 18, 220, 0, 17, 59, 84 }, // U+0101
    { 16, 22, 254, 0, 22, 88, 143 }, // U+0102
    { 13, 19, 220, 0, 18, 62, 231 }, // U+0103
    { 16, 23, 254, 0, 17, 92, 293 }, // U+0104
    { 13, 19, 220, 0, 13, 62, 385 }, // U+0105
    { 13, 23, 235, 1, 22, 75, 447 }, // U+0106
    { 11, 19, 189, 1, 18, 53, 522 }, // U+0107
    { 13, 23, 235, 1, 22, 75, 575 }, // U+0108
    { 11, 19, 189, 1, 18, 53, 650 }, // U+0109
    { 13, 23, 235, 1, 22, 75, 703 }, // U+010A
    { 11, 19, 189, 1, 18, 53, 778 }, // U+010B
    { 13, 23, 235, 1, 22, 75, 831 }, // U+010C
    { 11, 19, 189, 1, 18, 53, 906 }, // U+010D
    { 15, 22, 268, 1, 22, 83, 959 }, // U+010E
    { 17, 19, 232, 1, 18, 81, 1042 }, // U+010F
    { 16, 17, 268, 0, 17, 68, 1123 }, // U+0110
    { 14, 19, 237, 1, 18, 67, 1191 }, // U+0111
    { 10, 21, 205, 2, 21, 53, 1258 }, // U+0112
    { 12, 18, 219, 1, 17, 54, 1311 }, // U+0113
    { 10, 22, 205, 2, 22, 55, 1365 }, // U+0114
    { 12, 19, 219, 1, 18, 57, 1420 }, // U+0115
    { 10, 22, 205, 2, 22, 55, 1477 }, // U+0116
    { 12, 19, 219, 1, 18, 57, 1532 }, // U+0117
    { 10, 23, 205, 2, 17, 58, 1589 }, // U+0118
    { 12, 19, 217, 1, 13, 57, 1647 }, // U+0119
    { 10, 22, 205, 2, 22, 55, 1704 }, // U+011A
    { 12, 19, 219, 1, 18, 57, 1759 }, // U+011B
    { 14, 23, 266, 1, 22, 81, 1816 }, // U+011C
    { 12, 24, 232, 1, 18, 72, 1897 }, // U+011D
    { 14, 23, 266, 1, 22, 81, 1969 }, // U+011E
    { 12, 24, 232, 1, 18, 72, 2050 }, // U+011F
    { 14, 23, 266, 1, 22, 81, 2122 }, // U+0120
    { 12, 24, 232, 1, 18, 72, 2203 }, // U+0121
    { 14, 23, 266, 1, 17, 81, 2275 }, // U+0122
    { 12, 24, 232, 1, 18, 72, 2356 }, // U+0123
    { 14, 22, 281, 2, 22, 77, 2428 }, // U+0124
    { 16, 23, 238, -2, 23, 92, 2505 }, // U+0125
    { 18, 17, 281, 0, 17, 77, 2597 }, // U+0126
    { 14, 18, 241, 0, 18, 63, 2674 }, // U+0127
    { 10, 22, 143, -1, 22, 55, 2737 }, // U+0128
    { 11, 18, 110, -2, 18, 50, 2792 }, // U+0129
    { 9, 21, 143, 0, 21, 48, 2842 }, // U+012A
    { 9, 17, 110, -1, 17, 39, 2890 }, // U+012B
    { 10, 22, 143, 0, 22, 55, 2929 }, // U+012C
    { 10, 18, 110, -1, 18, 45, 2984 }, // U+012D
    { 9, 23, 143, 0, 17, 52, 3029 }, // U+012E
    { 6, 24, 110, 0, 18, 36, 3081 }, // U+012F
    { 9, 22, 143, 0, 22, 50, 3117 }, // U+0130
    { 5, 13, 110, 1, 13, 17, 3167 }, // U+0131
    { 15, 22, 265, 0, 17, 83, 3184 }, // U+0132
    { 12, 24, 224, 1, 18, 72, 3267 }, // U+0133
    { 11, 27, 121, -2, 22, 75, 3339 }, // U+0134
    { 11, 24, 109, -2, 18, 66, 3414 }, // U+0135
    { 14, 23, 242, 2, 17, 81, 3480 }, // U+0136
    { 14, 24, 227, 1, 18, 84, 3561 }, // U+0137
    { 14, 13, 227, 1, 13, 46, 3645 }, // U+0138
    { 12, 22, 205, 1, 22, 66, 3691 }, // U+0139
    { 8, 23, 109, 1, 23, 46, 3757 }, // U+013A
    { 12, 23, 205, 1, 17, 69, 3803 }, // U+013B
    { 5, 24, 109, 1, 18, 30, 3872 }, // U+013C
    { 12, 17, 205, 1, 17, 51, 3902 }, // U+013D
    { 10, 18, 109, 1, 18, 45, 3953 }, // U+013E
    { 12, 17, 205, 1, 17, 51, 3998 }, // U+013F
    { 9, 18, 135, 1, 18, 41, 4049 }, // U+0140
    { 13, 17, 207, 0, 17, 56, 4090 }, // U+0141
    { 9, 18, 112, -1, 18, 41, 4146 }, // U+0142
    { 15, 22, 295, 2, 22, 83, 4187 }, // U+0143
    { 13, 18, 238, 1, 18, 59, 4270 }, // U+0144
    { 15, 23, 295, 2, 17, 87, 4329 }, // U+0145
    { 13, 19, 238, 1, 13, 62, 4416 }, // U+0146
    { 15, 22, 295, 2, 22, 83, 4478 }, // U+0147
    { 13, 18, 238, 1, 18, 59, 4561 }, // U+0148
    { 18, 17, 284, -1, 17, 77, 4620 }, // U+0149
    { 15, 22, 298, 2, 17, 83, 4697 }, // U+014A
    { 13, 19, 238, 1, 13, 62, 4780 }, // U+014B
    { 16, 22, 290, 1, 21, 88, 4842 }, // U+014C
    { 13, 18, 229, 1, 17, 59, 4930 }, // U+014D
    { 16, 23, 290, 1, 22, 92, 4989 }, // U+014E
    { 13, 19, 229, 1, 18, 62, 5081 }, // U+014F
    { 16, 23, 290, 1, 22, 92, 5143 }, // U+0150
    { 13, 19, 229, 1, 18, 62, 5235 }, // U+0151
    { 20, 18, 357, 1, 17, 90, 5297 }, // U+0152
    { 21, 14, 359, 1, 13, 74, 5387 }, // U+0153
    { 15, 22, 241, 1, 22, 83, 5461 }, // U+0154
    { 10, 18, 164, 1, 18, 45, 5544 }, // U+0155
    { 15, 23, 241, 1, 17, 87, 5589 }, // U+0156
    { 9, 19, 164, 1, 13, 43, 5676 }, // U+0157
    { 15, 22, 241, 1, 22, 83, 5719 }, // U+0158
    { 10, 18, 164, 1, 18, 45, 5802 }, // U+0159
    { 11, 23, 202, 1, 22, 64, 5847 }, // U+015A
    { 10, 19, 184, 1, 18, 48, 5911 }, // U+015B
    { 11, 23, 202, 1, 22, 64, 5959 }, // U+015C
    { 10, 19, 184, 1, 18, 48, 6023 }, // U+015D
    { 11, 23, 202, 1, 17, 64, 6071 }, // U+015E
    { 10, 19, 184, 1, 13, 48, 6135 }, // U+015F
    { 11, 23, 202, 1, 22, 64, 6183 }, // U+0160
    { 10, 19, 184, 1, 18, 48, 6247 }, // U+0161
    { 13, 23, 212, 0, 17, 75, 6295 }, // U+0162
    { 10, 22, 159, 0, 16, 55, 6370 }, // U+0163
    { 13, 22, 212, 0, 22, 72, 6425 }, // U+0164
    { 14, 19, 159, 0, 18, 67, 6497 }, // U+0165
    { 13, 17, 212, 0, 17, 56, 6564 }, // U+0166
    { 10, 17, 159, 0, 16, 43, 6620 }, // U+0167
    { 15, 23, 277, 1, 22, 87, 6663 }, // U+0168
    { 13, 19, 238, 1, 18, 62, 6750 }, // U+0169
    { 15, 22, 277, 1, 21, 83, 6812 }, // U+016A
    { 13, 18, 238, 1, 17, 59, 6895 }, // U+016B
    { 15, 23, 277, 1, 22, 87, 6954 }, // U+016C
    { 13, 19, 238, 1, 18, 62, 7041 }, // U+016D
    { 15, 25, 277, 1, 24, 94, 7103 }, // U+016E
    { 13, 21, 238, 1, 20, 69, 7197 }, // U+016F
    { 15, 23, 277, 1, 22, 87, 7266 }, // U+0170
    { 13, 19, 238, 1, 18, 62, 7353 }, // U+0171
    { 15, 23, 277, 1, 17, 87, 7415 }, // U+0172
    { 13, 19, 238, 1, 13, 62, 7502 }, // U+0173
    { 23, 22, 355, 0, 22, 127, 7564 }, // U+0174
    { 20, 18, 316, 0, 18, 90, 7691 }, // U+0175
    { 15, 22, 230, 0, 22, 83, 7781 }, // U+0176
    { 14, 24, 209, 0, 18, 84, 7864 }, // U+0177
    { 15, 22, 230, 0, 22, 83, 7948 }, // U+0178
    { 13, 22, 212, 0, 22, 72, 8031 }, // U+0179
    { 11, 18, 181, 0, 18, 50, 8103 }, // U+017A
    { 13, 22, 212, 0, 22, 72, 8153 }, // U+017B
    { 11, 18, 181, 0, 18, 50, 8225 }, // U+017C
    { 13, 22, 212, 0, 22, 72, 8275 }, // U+017D
    { 11, 18, 181, 0, 18, 50, 8347 }, // U+017E
    { 9, 18, 140, 1, 18, 41, 8397 }, // U+017F
    { 19, 19, 301, 1, 18, 91, 0 }, // U+01A0
    { 16, 16, 250, 1, 15, 64, 91 }, // U+01A1
    { 20, 19, 325, 1, 18, 95, 155 }, // U+01AF
    { 18, 16, 278, 1, 15, 72, 250 }, // U+01B0
    { 29, 22, 480, 1, 22, 160, 322 }, // U+01C4
    { 27, 18, 449, 1, 18, 122, 482 }, // U+01C5
    { 25, 19, 413, 1, 18, 119, 604 }, // U+01C6
    { 18, 22, 329, 1, 17, 99, 723 }, // U+01C7
    { 18, 24, 319, 1, 18, 108, 822 }, // U+01C8
    { 12, 24, 224, 1, 18, 72, 930 }, // U+01C9
    { 23, 22, 420, 2, 17, 127, 1002 }, // U+01CA
    { 22, 24, 410, 2, 18, 132, 1129 }, // U+01CB
    { 20, 24, 353, 1, 18, 120, 1261 }, // U+01CC
    { 16, 22, 254, 0, 22, 88, 1381 }, // U+01CD
    { 13, 19, 220, 0, 18, 62, 1469 }, // U+01CE
    { 11, 22, 143, -1, 22, 61, 1531 }, // U+01CF
    { 11, 18, 110, -2, 18, 50, 1592 }, // U+01D0
    { 16, 23, 290, 1, 22, 92, 1642 }, // U+01D1
    { 13, 19, 229, 1, 18, 62, 1734 }, // U+01D2
    { 15, 23, 277, 1, 22, 87, 1796 }, // U+01D3
    { 13, 19, 238, 1, 18, 62, 1883 }, // U+01D4
    { 15, 25, 277, 1, 24, 94, 1945 }, // U+01D5
    { 13, 21, 238, 1, 20, 69, 2039 }, // U+01D6
    { 15, 26, 277, 1, 25, 98, 2108 }, // U+01D7
    { 13, 22, 238, 1, 21, 72, 2206 }, // U+01D8
    { 15, 26, 277, 1, 25, 98, 2278 }, // U+01D9
    { 13, 22, 238, 1, 21, 72, 2376 }, // U+01DA
    { 15, 26, 277, 1, 25, 98, 2448 }, // U+01DB
    { 13, 22, 238, 1, 21, 72, 2546 }, // U+01DC
    { 12, 14, 219, 1, 13, 42, 2618 }, // U+01DD
    { 16, 24, 254, 0, 24, 96, 2660 }, // U+01DE
    { 13, 21, 220, 0, 20, 69, 2756 }, // U+01DF
    { 16, 24, 254, 0, 24, 96, 2825 }, // U+01E0
    { 13, 21, 220, 0, 20, 69, 2921 }, // U+01E1
    { 21, 21, 349, 0, 21, 111, 2990 }, // U+01E2
    { 21, 18, 336, 0, 17, 95, 3101 }, // U+01E3
    { 16, 18, 266, 1, 17, 72, 3196 }, // U+01E4
    { 13, 19, 233, 1, 13, 62, 3268 }, // U+01E5
    { 14, 23, 266, 1, 22, 81, 3330 }, // U+01E6
    { 12, 24, 232, 1, 18, 72, 3411 }, // U+01E7
    { 14, 22, 242, 2, 22, 77, 3483 }, // U+01E8
    { 17, 23, 227, -2, 23, 98, 3560 }, // U+01E9
    { 16, 23, 290, 1, 17, 92, 3658 }, // U+01EA
    { 13, 19, 229, 1, 13, 62, 3750 }, // U+01EB
    { 16, 27, 290, 1, 21, 108, 3812 }, // U+01EC
    { 13, 23, 229, 1, 17, 75, 3920 }, // U+01ED
    { 13, 23, 217, 0, 22, 75, 3995 }, // U+01EE
    { 13, 24, 213, 0, 18, 78, 4070 }, // U+01EF
    { 11, 24, 109, -2, 18, 66, 4148 }, // U+01F0
    { 29, 17, 480, 1, 17, 124, 4214 }, // U+01F1
    { 27, 17, 449, 1, 17, 115, 4338 }, // U+01F2
    { 25, 19, 413, 1, 18, 119, 4453 }, // U+01F3
    { 14, 23, 266, 1, 22, 81, 4572 }, // U+01F4
    { 12, 24, 232, 1, 18, 72, 4653 }, // U+01F5
    { 21, 18, 384, 2, 17, 95, 4725 }, // U+01F6
    { 13, 23, 248, 2, 17, 75, 4820 }, // U+01F7
    { 15, 22, 295, 2, 22, 83, 4895 }, // U+01F8
    { 13, 18, 238, 1, 18, 59, 4978 }, // U+01F9
    { 16, 22, 253, 0, 22, 88, 5037 }, // U+01FA
    { 13, 24, 220, 0, 23, 78, 5125 }, // U+01FB
    { 21, 22, 349, 0, 22, 116, 5203 }, // U+01FC
    { 21, 19, 336, 0, 18, 100, 5319 }, // U+01FD
    { 16, 24, 290, 1, 22, 96, 5419 }, // U+01FE
    { 13, 19, 227, 1, 18, 62, 5515 }, // U+01FF
    { 16, 22, 254, 0, 22, 88, 5577 }, // U+0200
    { 13, 19, 220, 0, 18, 62, 5665 }, // U+0201
    { 16, 22, 254, 0, 22, 88, 5727 }, // U+0202
    { 13, 19, 220, 0, 18, 62, 5815 }, // U+0203
    { 12, 22, 205, 0, 22, 66, 5877 }, // U+0204
    { 13, 19, 219, 0, 18, 62, 5943 }, // U+0205
    { 10, 22, 205, 2, 22, 55, 6005 }, // U+0206
    { 12, 19, 219, 1, 18, 57, 6060 }, // U+0207
    { 11, 22, 143, -2, 22, 61, 6117 }, // U+0208
    { 10, 18, 110, -3, 18, 45, 6178 }, // U+0209
    { 9, 22, 143, 0, 22, 50, 6223 }, // U+020A
    { 9, 18, 110, -1, 18, 41, 6273 }, // U+020B
    { 16, 23, 290, 1, 22, 92, 6314 }, // U+020C
    { 13, 19, 229, 1, 18, 62, 6406 }, // U+020D
    { 16, 23, 290, 1, 22, 92, 6468 }, // U+020E
    { 13, 19, 229, 1, 18, 62, 6560 }, // U+020F
    { 15, 22, 241, 1, 22, 83, 6622 }, // U+0210
    { 11, 18, 164, -1, 18, 50, 6705 }, // U+0211
    { 15, 22, 241, 1, 22, 83, 6755 }, // U+0212
    { 10, 18, 164, 1, 18, 45, 6838 }, // U+0213
    { 15, 23, 277, 1, 22, 87, 6883 }, // U+0214
    { 13, 19, 238, 1, 18, 62, 6970 }, // U+0215
    { 15, 23, 277, 1, 22, 87, 7032 }, // U+0216
    { 13, 19, 238, 1, 18, 62, 7119 }, // U+0217
    { 11, 23, 202, 1, 17, 64, 7181 }, // U+0218
    { 10, 19, 184, 1, 13, 48, 7245 }, // U+0219
    { 13, 23, 212, 0, 17, 75, 7293 }, // U+021A
    { 10, 22, 159, 0, 16, 55, 7368 }, // U+021B
    { 14, 22, 231, 0, 17, 77, 7423 }, // U+021C
    { 11, 19, 186, 0, 13, 53, 7500 }, // U+021D
    { 14, 22, 281, 2, 22, 77, 7553 }, // U+021E
    { 16, 23, 238, -2, 23, 92, 7630 }, // U+021F
    { 8, 5, 0, -13, 18, 10, 0 }, // U+0300
    { 8, 5, 0, -9, 18, 10, 10 }, // U+0301
    { 10, 5, 0, -5, 18, 13, 20 }, // U+0302
    { 10, 5, 0, -13, 18, 13, 33 }, // U+0303
    { 8, 4, 0, -4, 17, 8, 46 }, // U+0304
    { 10, 4, 0, -5, 20, 10, 54 }, // U+0305
    { 10, 5, 0, -5, 18, 13, 64 }, // U+0306
    { 4, 4, 0, -2, 18, 4, 77 }, // U+0307
    { 10, 4, 0, -5, 18, 10, 81 }, // U+0308
    { 6, 7, 0, -10, 20, 11, 91 }, // U+0309
    { 6, 7, 0, -3, 20, 11, 102 }, // U+030A
    { 11, 5, 0, -4, 18, 14, 113 }, // U+030B
    { 11, 5, 0, -5, 18, 14, 127 }, // U+030C
    { 4, 5, 0, -2, 18, 5, 141 }, // U+030D
    { 8, 5, 0, -4, 18, 10, 146 }, // U+030E
    { 11, 5, 0, -14, 18, 14, 156 }, // U+030F
    { 10, 7, 0, -5, 20, 18, 170 }, // U+0310
    { 10, 5, 0, -5, 18, 13, 188 }, // U+0311
    { 6, 7, 0, -3, 17, 11, 201 }, // U+0312
    { 6, 7, 0, -3, 17, 11, 212 }, // U+0313
    { 6, 7, 0, -3, 17, 11, 223 }, // U+0314
    { 6, 7, 0, -3, 17, 11, 234 }, // U+0315
    { 7, 5, 0, -4, -1, 9, 245 }, // U+0316
    { 8, 5, 0, -4, -1, 10, 254 }, // U+0317
    { 6, 5, 0, -3, 0, 8, 264 }, // U+0318
    { 6, 5, 0, -3, 0, 8, 272 }, // U+0319
    { 6, 7, 110, 0, 18, 11, 280 }, // U+031A
    { 7, 6, 0, -3, 18, 11, 291 }, // U+031B
    { 4, 6, 0, -2, 0, 6, 302 }, // U+031C
    { 6, 4, 0, -3, -1, 6, 308 }, // U+031D
    { 6, 4, 0, -3, -1, 6, 314 }, // U+031E
    { 6, 6, 0, -3, 0, 9, 320 }, // U+031F
    { 6, 2, 0, -3, -2, 3, 329 }, // U+0320
    { 6, 8, 0, -6, 2, 12, 332 }, // U+0321
    { 6, 8, 0, 0, 2, 12, 344 }, // U+0322
    { 5, 4, 0, -10, -1, 5, 356 }, // U+0323
    { 10, 4, 0, -5, -1, 10, 361 }, // U+0324
    { 6, 7, 0, -3, 1, 11, 371 }, // U+0325
    { 4, 5, 0, -2, -1, 5, 382 }, // U+0326
    { 6, 6, 0, -3, 0, 9, 387 }, // U+0327
    { 6, 7, 0, -3, 1, 11, 396 }, // U+0328
    { 4, 5, 0, -2, -1, 5, 407 }, // U+0329
    { 10, 4, 0, -5, -1, 10, 412 }, // U+032A
    { 10, 4, 0, -5, -1, 10, 422 }, // U+032B
    { 11, 5, 0, -5, 0, 14, 432 }, // U+032C
    { 10, 5, 0, -5, 0, 13, 446 }, // U+032D
    { 10, 5, 0, -5, -1, 13, 459 }, // U+032E
    { 10, 5, 0, -5, -1, 13, 472 }, // U+032F
    { 10, 5, 0, -5, -1, 13, 485 }, // U+0330
    { 8, 4, 0, -4, -1, 8, 498 }, // U+0331
    { 12, 2, 0, -6, -2, 6, 506 }, // U+0332
    { 11, 6, 0, -6, 0, 17, 512 }, // U+0333
    { 10, 5, 0, -5, 9, 13, 529 }, // U+0334
    { 10, 4, 0, -5, 8, 10, 542 }, // U+0335
    { 18, 3, 0, -9, 8, 14, 552 }, // U+0336
    { 10, 7, 0, -5, 10, 18, 566 }, // U+0337
    { 10, 20, 0, -5, 18, 50, 584 }, // U+0338
    { 4, 6, 0, -2, 0, 6, 634 }, // U+0339
    { 10, 4, 0, -5, -1, 10, 640 }, // U+033A
    { 10, 6, 0, -5, 0, 15, 650 }, // U+033B
    { 10, 4, 0, -5, -1, 10, 665 }, // U+033C
    { 6, 5, 0, -3, 18, 8, 675 }, // U+033D
    { 4, 7, 0, -2, 20, 7, 683 }, // U+033E
    { 11, 6, 0, -6, 23, 17, 690 }, // U+033F
    { 8, 5, 0, -6, 18, 10, 707 }, // U+0340
    { 8, 5, 0, -2, 18, 10, 717 }, // U+0341
    { 10, 5, 0, -5, 18, 13, 727 }, // U+0342
    { 5, 5, 0, -3, 18, 7, 740 }, // U+0343
    { 13, 5, 0, -5, 18, 17, 747 }, // U+0344
    { 5, 5, 0, -1, -1, 7, 764 }, // U+0345
    { 10, 5, 0, -5, 18, 13, 771 }, // U+0346
    { 11, 6, 0, -6, 0, 17, 784 }, // U+0347
    { 8, 5, 0, -4, 0, 10, 801 }, // U+0348
    { 6, 5, 0, -3, -1, 8, 811 }, // U+0349
    { 10, 5, 0, -5, 18, 13, 819 }, // U+034A
    { 10, 10, 0, -5, 22, 25, 832 }, // U+034B
    { 8, 7, 0, -4, 20, 14, 857 }, // U+034C
    { 10, 6, 0, -5, 0, 15, 871 }, // U+034D
    { 6, 6, 0, -3, 0, 9, 886 }, // U+034E
    { 18, 17, 0, -9, 17, 77, 895 }, // U+034F
    { 4, 6, 0, -2, 19, 6, 972 }, // U+0350
    { 4, 6, 0, -2, 19, 6, 978 }, // U+0351
    { 10, 7, 0, -5, 20, 18, 984 }, // U+0352
    { 6, 6, 0, -3, 0, 9, 1002 }, // U+0353
    { 4, 6, 0, -2, 0, 6, 1011 }, // U+0354
    { 4, 6, 0, -2, 0, 6, 1017 }, // U+0355
    { 10, 6, 0, -5, 0, 15, 1023 }, // U+0356
    { 4, 6, 0, -2, 19, 6, 1038 }, // U+0357
    { 4, 4, 0, 2, 18, 4, 1044 }, // U+0358
    { 6, 6, 0, -3, 0, 9, 1048 }, // U+0359
    { 10, 6, 0, -5, 0, 15, 1057 }, // U+035A
    { 6, 5, 0, -3, 18, 8, 1072 }, // U+035B
    { 20, 6, 0, -10, 0, 30, 1080 }, // U+035C
    { 20, 6, 0, -10, 19, 30, 1110 }, // U+035D
    { 14, 2, 0, -7, 16, 7, 1140 }, // U+035E
    { 14, 2, 0, -7, -1, 7, 1147 }, // U+035F
    { 20, 5, 0, -10, 18, 25, 1154 }, // U+0360
    { 20, 6, 0, -10, 21, 30, 1179 }, // U+0361
    { 19, 6, 0, -9, 0, 29, 1209 }, // U+0362
    { 6, 6, 0, -3, 20, 9, 1238 }, // U+0363
    { 6, 6, 0, -3, 20, 9, 1247 }, // U+0364
    { 3, 8, 0, -1, 22, 6, 1256 }, // U+0365
    { 6, 6, 0, -3, 20, 9, 1262 }, // U+0366
    { 6, 6, 0, -3, 20, 9, 1271 }, // U+0367
    { 5, 6, 0, -2, 20, 8, 1280 }, // U+0368
    { 6, 8, 0, -3, 22, 12, 1288 }, // U+0369
    { 6, 8, 0, -3, 22, 12, 1300 }, // U+036A
    { 10, 6, 0, -5, 20, 15, 1312 }, // U+036B
    { 5, 6, 0, -2, 20, 8, 1327 }, // U+036C
    { 5, 7, 0, -2, 21, 9, 1335 }, // U+036D
    { 7, 6, 0, -3, 20, 11, 1344 }, // U+036E
    { 7, 6, 0, -3, 20, 11, 1355 }, // U+036F
    { 11, 22, 206, 1, 22, 61, 0 }, // U+0400
    { 11, 22, 206, 1, 22, 61, 61 }, // U+0401
    { 17, 18, 281, 0, 17, 77, 122 }, // U+0402
    { 11, 22, 206, 2, 22, 61, 199 }, // U+0403
    { 14, 18, 239, 1, 17, 63, 260 }, // U+0404
    { 12, 18, 201, 0, 17, 54, 323 }, // U+0405
    { 5, 17, 118, 1, 17, 22, 377 }, // U+0406
    { 8, 22, 121, 0, 22, 44, 399 }, // U+0407
    { 8, 22, 121, -2, 17, 44, 443 }, // U+0408
    { 23, 18, 379, 0, 17, 104, 487 }, // U+0409
    { 22, 17, 390, 2, 17, 94, 591 }, // U+040A
    { 17, 17, 285, 0, 17, 73, 685 }, // U+040B
    { 14, 22, 251, 2, 22, 77, 758 }, // U+040C
    { 14, 22, 290, 2, 22, 77, 835 }, // U+040D
    { 15, 23, 237, 0, 22, 87, 912 }, // U+040E
    { 14, 21, 281, 2, 17, 74, 999 }, // U+040F
    { 16, 17, 254, 0, 17, 68, 1073 }, // U+0410
    { 12, 17, 238, 2, 17, 51, 1141 }, // U+0411
    { 14, 17, 243, 1, 17, 60, 1192 }, // U+0412
    { 11, 17, 206, 2, 17, 47, 1252 }, // U+0413
    { 18, 21, 285, 0, 17, 95, 1299 }, // U+0414
    { 11, 17, 206, 1, 17, 47, 1394 }, // U+0415
    { 23, 17, 366, 0, 17, 98, 1441 }, // U+0416
    { 13, 18, 217, 0, 17, 59, 1539 }, // U+0417
    { 14, 17, 290, 2, 17, 60, 1598 }, // U+0418
    { 14, 22, 290, 2, 22, 77, 1658 }, // U+0419
    { 14, 17, 254, 2, 17, 60, 1735 }, // U+041A
    { 15, 18, 269, 0, 17, 68, 1795 }, // U+041B
    { 18, 17, 346, 2, 17, 77, 1863 }, // U+041C
    { 14, 17, 282, 2, 17, 60, 1940 }, // U+041D
    { 16, 18, 285, 1, 17, 72, 2000 }, // U+041E
    { 14, 17, 279, 2, 17, 60, 2072 }, // U+041F
    { 13, 17, 228, 1, 17, 56, 2132 }, // U+0420
    { 13, 18, 237, 1, 17, 59, 2188 }, // U+0421
    { 13, 17, 212, 0, 17, 56, 2247 }, // U+0422
    { 15, 18, 237, 0, 17, 68, 2303 }, // U+0423
    { 19, 18, 331, 1, 17, 86, 2371 }, // U+0424
    { 16, 17, 245, 0, 17, 68, 2457 }, // U+0425
    { 16, 21, 285, 2, 17, 84, 2525 }, // U+0426
    { 14, 17, 264, 1, 17, 60, 2609 }, // U+0427
    { 22, 17, 391, 1, 17, 94, 2669 }, // U+0428
    { 24, 21, 394, 1, 17, 126, 2763 }, // U+0429
    { 17, 17, 277, 0, 17, 73, 2889 }, // U+042A
    { 18, 17, 337, 2, 17, 77, 2962 }, // U+042B
    { 12, 17, 237, 2, 17, 51, 3039 }, // U+042C
    { 14, 18, 241, 0, 17, 63, 3090 }, // U+042D
    { 21, 18, 373, 2, 17, 95, 3153 }, // U+042E
    { 14, 17, 250, 0, 17, 60, 3248 }, // U+042F
    { 13, 14, 219, 0, 13, 46, 3308 }, // U+0430
    { 13, 19, 229, 1, 18, 62, 3354 }, // U+0431
    { 12, 13, 219, 1, 13, 39, 3416 }, // U+0432
    { 10, 13, 174, 1, 13, 33, 3455 }, // U+0433
    { 15, 17, 234, 0, 13, 64, 3488 }, // U+0434
    { 13, 14, 214, 0, 13, 46, 3552 }, // U+0435
    { 20, 13, 318, 0, 13, 65, 3598 }, // U+0436
    { 11, 14, 189, 0, 13, 39, 3663 }, // U+0437
    { 13, 13, 247, 1, 13, 43, 3702 }, // U+0438
    { 13, 18, 247, 1, 18, 59, 3745 }, // U+0439
    { 13, 13, 226, 1, 13, 43, 3804 }, // U+043A
    { 13, 14, 228, 0, 13, 46, 3847 }, // U+043B
    { 17, 13, 307, 1, 13, 56, 3893 }, // U+043C
    { 13, 13, 241, 1, 13, 43, 3949 }, // U+043D
    { 14, 14, 228, 0, 13, 49, 3992 }, // U+043E
    { 13, 13, 238, 1, 13, 43, 4041 }, // U+043F
    { 13, 19, 233, 1, 13, 62, 4084 }, // U+0440
    { 12, 14, 192, 0, 13, 42, 4146 }, // U+0441
    { 12, 13, 185, 0, 13, 39, 4188 }, // U+0442
    { 15, 19, 209, -1, 13, 72, 4227 }, // U+0443
    { 18, 24, 297, 0, 18, 108, 4299 }, // U+0444
    { 14, 13, 212, 0, 13, 46, 4407 }, // U+0445
    { 14, 17, 238, 1, 13, 60, 4453 }, // U+0446
    { 12, 13, 234, 1, 13, 39, 4513 }, // U+0447
    { 20, 13, 350, 1, 13, 65, 4552 }, // U+0448
    { 21, 17, 350, 1, 13, 90, 4617 }, // U+0449
    { 15, 13, 246, 0, 13, 49, 4707 }, // U+044A
    { 17, 13, 313, 1, 13, 56, 4756 }, // U+044B
    { 12, 13, 217, 1, 13, 39, 4812 }, // U+044C
    { 12, 14, 192, 0, 13, 42, 4851 }, // U+044D
    { 18, 14, 312, 1, 13, 63, 4893 }, // U+044E
    { 13, 13, 222, 0, 13, 43, 4956 }, // U+044F
    { 13, 19, 214, 0, 18, 62, 4999 }, // U+0450
    { 13, 19, 214, 0, 18, 62, 5061 }, // U+0451
    { 14, 24, 239, 0, 18, 84, 5123 }, // U+0452
    { 10, 18, 176, 1, 18, 45, 5207 }, // U+0453
    { 12, 14, 192, 0, 13, 42, 5252 }, // U+0454
    { 11, 14, 183, 0, 13, 39, 5294 }, // U+0455
    { 5, 18, 113, 1, 18, 23, 5333 }, // U+0456
    { 7, 18, 110, 0, 18, 32, 5356 }, // U+0457
    { 8, 24, 109, -2, 18, 48, 5388 }, // U+0458
    { 20, 14, 329, 0, 13, 70, 5436 }, // U+0459
    { 20, 13, 340, 1, 13, 65, 5506 }, // U+045A
    { 14, 18, 239, 0, 18, 63, 5571 }, // U+045B
    { 13, 18, 226, 1, 18, 59, 5634 }, // U+045C
    { 13, 18, 247, 1, 18, 59, 5693 }, // U+045D
    { 15, 24, 209, -1, 18, 90, 5752 }, // U+045E
    { 13, 17, 238, 1, 13, 56, 5842 }, // U+045F
    { 22, 17, 350, 0, 17, 94, 5898 }, // U+0460
    { 20, 13, 325, 0, 13, 65, 5992 }, // U+0461
    { 15, 17, 247, 0, 17, 64, 6057 }, // U+0462
    { 15, 16, 244, 0, 16, 60, 6121 }, // U+0463
    { 19, 18, 348, 2, 17, 86, 6181 }, // U+0464
    { 17, 14, 294, 1, 13, 60, 6267 }, // U+0465
    { 17, 17, 268, 0, 17, 73, 6327 }, // U+0466
    { 15, 13, 235, 0, 13, 49, 6400 }, // U+0467
    { 22, 17, 369, 2, 17, 94, 6449 }, // U+0468
    { 20, 13, 331, 1, 13, 65, 6543 }, // U+0469
    { 18, 17, 295, 0, 17, 77, 6608 }, // U+046A
    { 15, 13, 228, 0, 13, 49, 6685 }, // U+046B
    { 23, 17, 394, 2, 17, 98, 6734 }, // U+046C
    { 19, 13, 323, 1, 13, 62, 6832 }, // U+046D
    { 14, 26, 232, 0, 20, 91, 6894 }, // U+046E
    { 12, 22, 204, 0, 16, 66, 6985 }, // U+046F
    { 18, 17, 323, 1, 17, 77, 7051 }, // U+0470
    { 17, 24, 309, 1, 18, 102, 7128 }, // U+0471
    { 16, 18, 290, 1, 17, 72, 7230 }, // U+0472
    { 13, 14, 227, 1, 13, 46, 7302 }, // U+0473
    { 17, 17, 263, 0, 17, 73, 7348 }, // U+0474
    { 14, 13, 222, 0, 13, 46, 7421 }, // U+0475
    { 17, 22, 263, 0, 22, 94, 7467 }, // U+0476
    { 14, 18, 222, 0, 18, 63, 7561 }, // U+0477
    { 30, 23, 484, 1, 17, 173, 7624 }, // U+0478
    { 26, 19, 431, 1, 13, 124, 7797 }, // U+0479
    { 17, 20, 305, 1, 18, 85, 7921 }, // U+047A
    { 14, 16, 251, 1, 14, 56, 8006 }, // U+047B
    { 23, 26, 399, 1, 25, 150, 8062 }, // U+047C
    { 20, 22, 351, 1, 21, 110, 8212 }, // U+047D
    { 22, 21, 351, 0, 21, 116, 8322 }, // U+047E
    { 20, 17, 325, 0, 17, 85, 8438 }, // U+047F
    { 14, 23, 248, 1, 17, 81, 8523 }, // U+0480
    { 11, 19, 192, 1, 13, 53, 8604 }, // U+0481
    { 12, 16, 223, 1, 15, 48, 8657 }, // U+0482
    { 10, 5, 0, -11, 17, 13, 8705 }, // U+0483
    { 10, 5, 0, -11, 18, 13, 8718 }, // U+0484
    { 4, 6, 0, -8, 19, 6, 8731 }, // U+0485
    { 4, 6, 0, -8, 19, 6, 8737 }, // U+0486
    { 10, 4, 0, -5, 21, 10, 8743 }, // U+0487
    { 28, 24, 0, -14, 18, 168, 8753 }, // U+0488
    { 26, 26, 0, -13, 19, 169, 8921 }, // U+0489
    { 19, 27, 336, 2, 22, 129, 9090 }, // U+048A
    { 18, 23, 294, 1, 18, 104, 9219 }, // U+048B
    { 14, 17, 234, 0, 17, 60, 9323 }, // U+048C
    { 14, 18, 225, 0, 18, 63, 9383 }, // U+048D
    { 12, 17, 230, 2, 17, 51, 9446 }, // U+048E
    { 13, 19, 232, 1, 13, 62, 9497 }, // U+048F
    { 12, 20, 212, 1, 20, 60, 9559 }, // U+0490
    { 10, 16, 188, 1, 16, 40, 9619 }, // U+0491
    { 13, 17, 205, 0, 17, 56, 9659 }, // U+0492
    { 11, 13, 180, 0, 13, 36, 9715 }, // U+0493
    { 14, 23, 269, 2, 17, 81, 9751 }, // U+0494
    { 12, 19, 221, 1, 13, 57, 9832 }, // U+0495
    { 24, 22, 377, 0, 17, 132, 9889 }, // U+0496
    { 23, 18, 343, -1, 13, 104, 10021 }, // U+0497
    { 13, 23, 217, 0, 17, 75, 10125 }, // U+0498
    { 11, 19, 189, 0, 13, 53, 10200 }, // U+0499
    { 15, 22, 277, 2, 17, 83, 10253 }, // U+049A
    { 14, 18, 241, 1, 13, 63, 10336 }, // U+049B
    { 15, 17, 245, 1, 17, 64, 10399 }, // U+049C
    { 14, 13, 227, 1, 13, 46, 10463 }, // U+049D
    { 16, 17, 254, 0, 17, 68, 10509 }, // U+049E
    { 15, 18, 230, 0, 18, 68, 10577 }, // U+049F
    { 17, 17, 269, 0, 17, 73, 10645 }, // U+04A0
    { 16, 13, 255, 0, 13, 52, 10718 }, // U+04A1
    { 17, 22, 308, 2, 17, 94, 10770 }, // U+04A2
    { 16, 18, 272, 1, 13, 72, 10864 }, // U+04A3
    { 18, 17, 306, 2, 17, 77, 10936 }, // U+04A4
    { 17, 13, 278, 1, 13, 56, 11013 }, // U+04A5
    { 23, 23, 413, 2, 17, 133, 11069 }, // U+04A6
    { 19, 19, 326, 1, 13, 91, 11202 }, // U+04A7
    { 17, 18, 285, 1, 17, 77, 11293 }, // U+04A8
    { 14, 14, 241, 1, 13, 49, 11370 }, // U+04A9
    { 13, 23, 235, 1, 17, 75, 11419 }, // U+04AA
    { 11, 19, 189, 1, 13, 53, 11494 }, // U+04AB
    { 13, 22, 212, 0, 17, 72, 11547 }, // U+04AC
    { 13, 18, 202, 0, 13, 59, 11619 }, // U+04AD
    { 15, 17, 230, 0, 17, 64, 11678 }, // U+04AE
    { 14, 19, 211, 0, 13, 67, 11742 }, // U+04AF
    { 15, 17, 230, 0, 17, 64, 11809 }, // U+04B0
    { 14, 19, 211, 0, 13, 67, 11873 }, // U+04B1
    { 17, 22, 272, 0, 17, 94, 11940 }, // U+04B2
    { 15, 18, 233, 0, 13, 68, 12034 }, // U+04B3
    { 21, 22, 341, 0, 17, 116, 12102 }, // U+04B4
    { 18, 18, 290, 0, 13, 81, 12218 }, // U+04B5
    { 17, 22, 295, 1, 17, 94, 12299 }, // U+04B6
    { 16, 18, 266, 1, 13, 72, 12393 }, // U+04B7
    { 14, 17, 270, 1, 17, 60, 12465 }, // U+04B8
    { 13, 13, 242, 1, 13, 43, 12525 }, // U+04B9
    { 15, 17, 270, 1, 17, 64, 12568 }, // U+04BA
    { 13, 18, 238, 1, 18, 59, 12632 }, // U+04BB
    { 20, 18, 348, 0, 17, 90, 12691 }, // U+04BC
    { 17, 14, 260, -1, 13, 60, 12781 }, // U+04BD
    { 20, 22, 348, 0, 17, 110, 12841 }, // U+04BE
    { 17, 18, 260, -1, 13, 77, 12951 }, // U+04BF
    { 9, 17, 143, 0, 17, 39, 13028 }, // U+04C0
    { 23, 22, 367, 0, 22, 127, 13067 }, // U+04C1
    { 20, 18, 318, 0, 18, 90, 13194 }, // U+04C2
    { 15, 23, 279, 2, 17, 87, 13284 }, // U+04C3
    { 14, 19, 239, 1, 13, 67, 13371 }, // U+04C4
    { 19, 22, 307, 0, 17, 105, 13438 }, // U+04C5
    { 17, 18, 267, 0, 13, 77, 13543 }, // U+04C6
    { 14, 23, 281, 2, 17, 81, 13620 }, // U+04C7
    { 13, 19, 243, 1, 13, 62, 13701 }, // U+04C8
    { 18, 22, 315, 2, 17, 99, 13763 }, // U+04C9
    { 16, 18, 273, 1, 13, 72, 13862 }, // U+04CA
    { 14, 22, 270, 1, 17, 77, 13934 }, // U+04CB
    { 13, 18, 241, 1, 13, 59, 14011 }, // U+04CC
    { 22, 22, 380, 2, 17, 121, 14070 }, // U+04CD
    { 20, 18, 340, 1, 13, 90, 14191 }, // U+04CE
    { 9, 17, 143, 0, 17, 39, 14281 }, // U+04CF
    { 16, 22, 254, 0, 22, 88, 14320 }, // U+04D0
    { 13, 19, 220, 0, 18, 62, 14408 }, // U+04D1
    { 16, 22, 254, 0, 22, 88, 14470 }, // U+04D2
    { 13, 19, 220, 0, 18, 62, 14558 }, // U+04D3
    { 21, 17, 349, 0, 17, 90, 14620 }, // U+04D4
    { 21, 14, 336, 0, 13, 74, 14710 }, // U+04D5
    { 10, 22, 205, 2, 22, 55, 14784 }, // U+04D6
    { 12, 19, 219, 1, 18, 57, 14839 }, // U+04D7
    { 17, 18, 300, 1, 17, 77, 14896 }, // U+04D8
    { 12, 14, 219, 1, 13, 42, 14973 }, // U+04D9
    { 17, 23, 300, 1, 22, 98, 15015 }, // U+04DA
    { 12, 19, 219, 1, 18, 57, 15113 }, // U+04DB
    { 23, 22, 367, 0, 22, 127, 15170 }, // U+04DC
    { 20, 18, 318, 0, 18, 90, 15297 }, // U+04DD
    { 13, 23, 217, 0, 22, 75, 15387 }, // U+04DE
    { 11, 19, 189, 0, 18, 53, 15462 }, // U+04DF
    { 13, 18, 217, 0, 17, 59, 15515 }, // U+04E0
    { 13, 19, 213, 0, 13, 62, 15574 }, // U+04E1
    { 14, 21, 290, 2, 21, 74, 15636 }, // U+04E2
    { 13, 17, 247, 1, 17, 56, 15710 }, // U+04E3
    { 14, 22, 290, 2, 22, 77, 15766 }, // U+04E4
    { 13, 18, 247, 1, 18, 59, 15843 }, // U+04E5
    { 16, 23, 290, 1, 22, 92, 15902 }, // U+04E6
    { 13, 19, 229, 1, 18, 62, 15994 }, // U+04E7
    { 16, 18, 290, 1, 17, 72, 16056 }, // U+04E8
    { 13, 14, 229, 1, 13, 46, 16128 }, // U+04E9
    { 16, 23, 290, 1, 22, 92, 16174 }, // U+04EA
    { 13, 19, 229, 1, 18, 62, 16266 }, // U+04EB
    { 14, 23, 239, 0, 22, 81, 16328 }, // U+04EC
    { 12, 19, 192, 0, 18, 57, 16409 }, // U+04ED
    { 15, 22, 237, 0, 21, 83, 16466 }, // U+04EE
    { 15, 23, 209, -1, 17, 87, 16549 }, // U+04EF
    { 15, 23, 237, 0, 22, 87, 16636 }, // U+04F0
    { 15, 24, 209, -1, 18, 90, 16723 }, // U+04F1
    { 15, 23, 237, 0, 22, 87, 16813 }, // U+04F2
    { 14, 24, 209, 0, 18, 84, 16900 }, // U+04F3
    { 14, 22, 264, 1, 22, 77, 16984 }, // U+04F4
    { 12, 18, 234, 1, 18, 54, 17061 }, // U+04F5
    { 11, 22, 206, 2, 17, 61, 17115 }, // U+04F6
    { 10, 18, 175, 1, 13, 45, 17176 }, // U+04F7
    { 18, 22, 337, 2, 22, 99, 17221 }, // U+04F8
    { 17, 18, 313, 1, 18, 77, 17320 }, // U+04F9
    { 13, 23, 205, 0, 17, 75, 17397 }, // U+04FA
    { 11, 19, 180, 0, 13, 53, 17472 }, // U+04FB
    { 17, 23, 268, 0, 17, 98, 17525 }, // U+04FC
    { 14, 19, 237, 0, 13, 67, 17623 }, // U+04FD
    { 16, 17, 246, 0, 17, 68, 17690 }, // U+04FE
    { 14, 13, 212, 0, 13, 46, 17758 }, // U+04FF
    { 16, 22, 254, 0, 17, 88, 0 }, // U+1EA0
    { 13, 18, 220, 0, 13, 59, 88 }, // U+1EA1
    { 16, 24, 254, 0, 24, 96, 147 }, // U+1EA2
    { 13, 21, 220, 0, 20, 69, 243 }, // U+1EA3
    { 16, 23, 254, 0, 23, 92, 312 }, // U+1EA4
    { 15, 20, 220, 0, 19, 75, 404 }, // U+1EA5
    { 16, 23, 254, 0, 23, 92, 479 }, // U+1EA6
    { 14, 20, 220, -1, 19, 70, 571 }, // U+1EA7
    { 16, 24, 254, 0, 24, 96, 641 }, // U+1EA8
    { 14, 21, 220, 0, 20, 74, 737 }, // U+1EA9
    { 16, 25, 254, 0, 25, 100, 811 }, // U+1EAA
    { 13, 22, 220, 0, 21, 72, 911 }, // U+1EAB
    { 16, 27, 254, 0, 22, 108, 983 }, // U+1EAC
    { 13, 23, 220, 0, 18, 75, 1091 }, // U+1EAD
    { 16, 24, 254, 0, 24, 96, 1166 }, // U+1EAE
    { 13, 21, 220, 0, 20, 69, 1262 }, // U+1EAF
    { 16, 24, 254, 0, 24, 96, 1331 }, // U+1EB0
    { 13, 21, 220, 0, 20, 69, 1427 }, // U+1EB1
    { 16, 24, 254, 0, 24, 96, 1496 }, // U+1EB2
    { 13, 22, 220, 0, 21, 72, 1592 }, // U+1EB3
    { 16, 25, 254, 0, 25, 100, 1664 }, // U+1EB4
    { 13, 22, 220, 0, 21, 72, 1764 }, // U+1EB5
    { 16, 27, 254, 0, 22, 108, 1836 }, // U+1EB6
    { 13, 23, 220, 0, 18, 75, 1944 }, // U+1EB7
    { 10, 22, 205, 2, 17, 55, 2019 }, // U+1EB8
    { 12, 18, 219, 1, 13, 54, 2074 }, // U+1EB9
    { 10, 24, 205, 2, 24, 60, 2128 }, // U+1EBA
    { 12, 21, 219, 1, 20, 63, 2188 }, // U+1EBB
    { 10, 22, 205, 2, 22, 55, 2251 }, // U+1EBC
    { 12, 19, 219, 1, 18, 57, 2306 }, // U+1EBD
    { 13, 23, 205, 1, 23, 75, 2363 }, // U+1EBE
    { 14, 20, 219, 1, 19, 70, 2438 }, // U+1EBF
    { 14, 23, 205, -2, 23, 81, 2508 }, // U+1EC0
    { 14, 20, 219, -1, 19, 70, 2589 }, // U+1EC1
    { 12, 24, 205, 1, 24, 72, 2659 }, // U+1EC2
    { 13, 21, 219, 1, 20, 69, 2731 }, // U+1EC3
    { 10, 25, 205, 2, 25, 63, 2800 }, // U+1EC4
    { 12, 22, 219, 1, 21, 66, 2863 }, // U+1EC5
    { 10, 27, 205, 2, 22, 68, 2929 }, // U+1EC6
    { 12, 23, 219, 1, 18, 69, 2997 }, // U+1EC7
    { 9, 23, 143, 0, 23, 52, 3066 }, // U+1EC8
    { 6, 20, 110, 1, 20, 30, 3118 }, // U+1EC9
    { 9, 22, 143, 0, 17, 50, 3148 }, // U+1ECA
    { 5, 23, 110, 1, 18, 29, 3198 }, // U+1ECB
    { 16, 22, 290, 1, 17, 88, 3227 }, // U+1ECC
    { 13, 18, 229, 1, 13, 59, 3315 }, // U+1ECD
    { 16, 24, 290, 1, 23, 96, 3374 }, // U+1ECE
    { 13, 21, 229, 1, 20, 69, 3470 }, // U+1ECF
    { 16, 24, 290, 1, 23, 96, 3539 }, // U+1ED0
    { 14, 20, 229, 1, 19, 70, 3635 }, // U+1ED1
    { 16, 24, 290, 1, 23, 96, 3705 }, // U+1ED2
    { 15, 20, 229, -1, 19, 75, 3801 }, // U+1ED3
    { 16, 25, 290, 1, 24, 100, 3876 }, // U+1ED4
    { 13, 21, 229, 1, 20, 69, 3976 }, // U+1ED5
    { 16, 26, 290, 1, 25, 104, 4045 }, // U+1ED6
    { 13, 22, 229, 1, 21, 72, 4149 }, // U+1ED7
    { 16, 27, 290, 1, 22, 108, 4221 }, // U+1ED8
    { 13, 23, 229, 1, 18, 75, 4329 }, // U+1ED9
    { 19, 23, 301, 1, 22, 110, 4404 }, // U+1EDA
    { 16, 19, 250, 1, 18, 76, 4514 }, // U+1EDB
    { 19, 23, 301, 1, 22, 110, 4590 }, // U+1EDC
    { 16, 19, 250, 1, 18, 76, 4700 }, // U+1EDD
    { 19, 25, 301, 1, 24, 119, 4776 }, // U+1EDE
    { 16, 21, 250, 1, 20, 84, 4895 }, // U+1EDF
    { 19, 23, 301, 1, 22, 110, 4979 }, // U+1EE0
    { 16, 19, 250, 1, 18, 76, 5089 }, // U+1EE1
    { 19, 23, 301, 1, 18, 110, 5165 }, // U+1EE2
    { 16, 20, 250, 1, 15, 80, 5275 }, // U+1EE3
    { 15, 22, 277, 1, 17, 83, 5355 }, // U+1EE4
    { 13, 18, 238, 1, 13, 59, 5438 }, // U+1EE5
    { 15, 24, 277, 1, 23, 90, 5497 }, // U+1EE6
    { 13, 21, 238, 1, 20, 69, 5587 }, // U+1EE7
    { 20, 23, 325, 1, 22, 115, 5656 }, // U+1EE8
    { 18, 19, 278, 1, 18, 86, 5771 }, // U+1EE9
    { 20, 23, 325, 1, 22, 115, 5857 }, // U+1EEA
    { 18, 19, 278, 1, 18, 86, 5972 }, // U+1EEB
    { 20, 24, 325, 1, 23, 120, 6058 }, // U+1EEC
    { 18, 21, 278, 1, 20, 95, 6178 }, // U+1EED
    { 20, 23, 325, 1, 22, 115, 6273 }, // U+1EEE
    { 18, 19, 278, 1, 18, 86, 6388 }, // U+1EEF
    { 20, 23, 325, 1, 18, 115, 6474 }, // U+1EF0
    { 18, 20, 278, 1, 15, 90, 6589 }, // U+1EF1
    { 15, 22, 230, 0, 22, 83, 6679 }, // U+1EF2
    { 14, 24, 209, 0, 18, 84, 6762 }, // U+1EF3
    { 15, 22, 230, 0, 17, 83, 6846 }, // U+1EF4
    { 14, 19, 209, 0, 13, 67, 6929 }, // U+1EF5
    { 15, 23, 230, 0, 23, 87, 6996 }, // U+1EF6
    { 14, 26, 209, 0, 20, 91, 7083 }, // U+1EF7
    { 15, 22, 230, 0, 22, 83, 7174 }, // U+1EF8
    { 14, 24, 209, 0, 18, 84, 7257 }, // U+1EF9
    { 0, 0, 183, 0, 0, 0, 0 }, // U+2000
    { 0, 0, 367, 0, 0, 0, 0 }, // U+2001
    { 0, 0, 183, 0, 0, 0, 0 }, // U+2002
    { 0, 0, 367, 0, 0, 0, 0 }, // U+2003
    { 0, 0, 122, 0, 0, 0, 0 }, // U+2004
    { 0, 0, 92, 0, 0, 0, 0 }, // U+2005
    { 0, 0, 61, 0, 0, 0, 0 }, // U+2006
    { 0, 0, 210, 0, 0, 0, 0 }, // U+2007
    { 0, 0, 103, 0, 0, 0, 0 }, // U+2008
    { 0, 0, 61, 0, 0, 0, 0 }, // U+2009
    { 0, 0, 37, 0, 0, 0, 0 }, // U+200A
    { 0, 0, 0, 0, 0, 0, 0 }, // U+200B
    { 0, 0, 0, 0, 0, 0, 0 }, // U+200C
    { 0, 0, 0, 0, 0, 0, 0 }, // U+200D
    { 6, 20, 0, -1, 16, 30, 0 }, // U+200E
    { 6, 20, 0, -5, 16, 30, 30 }, // U+200F
    { 7, 4, 117, 0, 8, 7, 60 }, // U+2010
    { 7, 4, 117, 0, 8, 7, 67 }, // U+2011
    { 13, 4, 212, 0, 10, 13, 74 }, // U+2012
    { 11, 4, 183, 0, 8, 11, 87 }, // U+2013
    { 23, 4, 367, 0, 8, 23, 98 }, // U+2014
    { 23, 4, 367, 0, 8, 23, 121 }, // U+2015
    { 9, 24, 202, 2, 18, 54, 144 }, // U+2016
    { 11, 6, 151, -1, 0, 17, 198 }, // U+2017
    { 5, 7, 80, 0, 17, 9, 215 }, // U+2018
    { 5, 7, 80, 0, 17, 9, 224 }, // U+2019
    { 6, 7, 105, 0, 4, 11, 233 }, // U+201A
    { 5, 7, 80, 0, 17, 9, 244 }, // U+201B
    { 10, 7, 163, 0, 17, 18, 253 }, // U+201C
    { 10, 7, 163, 0, 17, 18, 271 }, // U+201D
    { 11, 7, 188, 0, 3, 20, 289 }, // U+201E
    { 10, 7, 163, 0, 17, 18, 309 }, // U+201F
    { 10, 18, 188, 1, 18, 45, 327 }, // U+2020
    { 10, 18, 190, 1, 18, 45, 372 }, // U+2021
    { 7, 8, 138, 1, 12, 14, 417 }, // U+2022
    { 8, 9, 138, 1, 13, 18, 431 }, // U+2023
    { 5, 5, 183, 3, 4, 7, 449 }, // U+2024
    { 11, 5, 211, 1, 4, 14, 456 }, // U+2025
    { 18, 5, 314, 1, 4, 23, 470 }, // U+2026
    { 5, 5, 103, 1, 8, 7, 493 }, // U+2027
    { 0, 0, 220, 0, 0, 0, 500 }, // U+2028
    { 0, 0, 220, 0, 0, 0, 500 }, // U+2029
    { 6, 18, 0, -1, 14, 27, 500 }, // U+202A
    { 6, 18, 0, -5, 14, 27, 527 }, // U+202B
    { 6, 20, 0, -3, 16, 30, 554 }, // U+202C
    { 6, 20, 0, -3, 16, 30, 584 }, // U+202D
    { 6, 20, 0, -3, 16, 30, 614 }, // U+202E
    { 0, 0, 61, 0, 0, 0, 644 }, // U+202F
    { 29, 18, 469, 0, 17, 131, 644 }, // U+2030
    { 38, 18, 611, 0, 17, 171, 775 }, // U+2031
    { 7, 7, 111, 1, 17, 13, 946 }, // U+2032
    { 12, 7, 192, 1, 17, 21, 959 }, // U+2033
    { 17, 7, 273, 1, 17, 30, 980 }, // U+2034
    { 7, 7, 155, 1, 17, 13, 1010 }, // U+2035
    { 12, 7, 236, 1, 17, 21, 1023 }, // U+2036
    { 17, 7, 317, 1, 17, 30, 1044 }, // U+2037
    { 9, 8, 150, 0, 2, 18, 1074 }, // U+2038
    { 8, 11, 134, 0, 12, 22, 1092 }, // U+2039
    { 8, 11, 134, 0, 12, 22, 1114 }, // U+203A
    { 18, 18, 312, 1, 17, 81, 1136 }, // U+203B
    { 11, 18, 209, 1, 17, 50, 1217 }, // U+203C
    { 11, 18, 175, 0, 17, 50, 1267 }, // U+203D
    { 13, 3, 183, -1, 20, 10, 1317 }, // U+203E
    { 14, 6, 223, 0, 0, 21, 1327 }, // U+203F
    { 14, 6, 223, 0, 19, 21, 1348 }, // U+2040
    { 10, 16, 156, 0, 10, 40, 1369 }, // U+2041
    { 26, 22, 410, 0, 18, 143, 1409 }, // U+2042
    { 7, 4, 117, 1, 8, 7, 1552 }, // U+2043
    { 13, 17, 48, -5, 17, 56, 1559 }, // U+2044
    { 7, 21, 121, 1, 17, 37, 1615 }, // U+2045
    { 6, 21, 121, 0, 17, 32, 1652 }, // U+2046
    { 22, 18, 348, 0, 17, 99, 1684 }, // U+2047
    { 17, 18, 280, 0, 17, 77, 1783 }, // U+2048
    { 17, 18, 280, 1, 17, 77, 1860 }, // U+2049
    { 13, 13, 216, 0, 13, 43, 1937 }, // U+204A
    { 13, 21, 238, 1, 18, 69, 1980 }, // U+204B
    { 13, 12, 240, 1, 13, 39, 2049 }, // U+204C
    { 12, 12, 240, 2, 13, 36, 2088 }, // U+204D
    { 12, 12, 199, 0, 7, 36, 2124 }, // U+204E
    { 5, 16, 105, 1, 13, 20, 2160 }, // U+204F
    { 14, 25, 220, 0, 19, 88, 2180 }, // U+2050
    { 12, 24, 199, 0, 18, 72, 2268 }, // U+2051
    { 10, 18, 155, 0, 17, 45, 2340 }, // U+2052
    { 23, 5, 367, 0, 9, 29, 2385 }, // U+2053
    { 14, 6, 220, 0, 0, 21, 2414 }, // U+2054
    { 13, 12, 205, 0, 12, 39, 2435 }, // U+2055
    { 11, 18, 212, 1, 17, 50, 2474 }, // U+2056
    { 21, 7, 343, 1, 17, 37, 2524 }, // U+2057
    { 18, 18, 320, 1, 17, 81, 2561 }, // U+2058
    { 18, 18, 320, 1, 17, 81, 2642 }, // U+2059
    { 5, 18, 105, 1, 17, 23, 2723 }, // U+205A
    { 14, 20, 254, 1, 19, 70, 2746 }, // U+205B
    { 19, 19, 313, 0, 18, 91, 2816 }, // U+205C
    { 5, 19, 103, 1, 18, 24, 2907 }, // U+205D
    { 5, 18, 105, 1, 17, 23, 2931 }, // U+205E
    { 0, 0, 81, 0, 0, 0, 2954 }, // U+205F
    { 0, 0, 220, 0, 0, 0, 2954 }, // U+2060
    { 0, 0, 220, 0, 0, 0, 2954 }, // U+2061
    { 0, 0, 220, 0, 0, 0, 2954 }, // U+2062
    { 0, 0, 220, 0, 0, 0, 2954 }, // U+2063
    { 0, 0, 220, 0, 0, 0, 2954 }, // U+2064
    { 0, 0, 0, 0, 0, 0, 2954 }, // U+2066
    { 0, 0, 0, 0, 0, 0, 2954 }, // U+2067
    { 0, 0, 0, 0, 0, 0, 2954 }, // U+2068
    { 0, 0, 0, 0, 0, 0, 2954 }, // U+2069
    { 6, 20, 0, -3, 16, 30, 2954 }, // U+206A
    { 6, 20, 0, -3, 16, 30, 2984 }, // U+206B
    { 6, 20, 0, -3, 16, 30, 3014 }, // U+206C
    { 6, 20, 0, -3, 16, 30, 3044 }, // U+206D
    { 6, 20, 0, -3, 16, 30, 3074 }, // U+206E
    { 6, 20, 0, -3, 16, 30, 3104 }, // U+206F
    { 9, 11, 139, 0, 20, 25, 0 }, // U+2070
    { 3, 12, 71, 1, 18, 9, 25 }, // U+2071
    { 9, 11, 139, 0, 20, 25, 34 }, // U+2074
    { 8, 11, 139, 0, 20, 22, 59 }, // U+2075
    { 9, 11, 139, 0, 20, 25, 81 }, // U+2076
    { 9, 11, 139, 0, 20, 25, 106 }, // U+2077
    { 9, 11, 139, 0, 20, 25, 131 }, // U+2078
    { 9, 11, 139, 0, 20, 25, 156 }, // U+2079
    { 8, 8, 132, 0, 18, 16, 181 }, // U+207A
    { 8, 3, 132, 0, 15, 6, 197 }, // U+207B
    { 8, 5, 132, 0, 16, 10, 203 }, // U+207C
    { 5, 14, 89, 1, 21, 18, 213 }, // U+207D
    { 5, 14, 89, 0, 21, 18, 231 }, // U+207E
    { 8, 9, 155, 1, 15, 18, 249 }, // U+207F
    { 9, 11, 139, 0, 7, 25, 267 }, // U+2080
    { 7, 11, 139, 0, 7, 20, 292 }, // U+2081
    { 8, 11, 139, 0, 7, 22, 312 }, // U+2082
    { 9, 11, 139, 0, 7, 25, 334 }, // U+2083
    { 9, 11, 139, 0, 7, 25, 359 }, // U+2084
    { 8, 11, 139, 0, 7, 22, 384 }, // U+2085
    { 9, 11, 139, 0, 7, 25, 406 }, // U+2086
    { 9, 11, 139, 0, 7, 25, 431 }, // U+2087
    { 9, 11, 139, 0, 7, 25, 456 }, // U+2088
    { 9, 11, 139, 0, 7, 25, 481 }, // U+2089
    { 8, 8, 132, 0, 6, 16, 506 }, // U+208A
    { 8, 3, 132, 0, 3, 6, 522 }, // U+208B
    { 8, 5, 132, 0, 4, 10, 528 }, // U+208C
    { 5, 14, 89, 1, 9, 18, 538 }, // U+208D
    { 5, 14, 89, 0, 9, 18, 556 }, // U+208E
    { 8, 9, 143, 0, 6, 18, 574 }, // U+2090
    { 9, 9, 142, 0, 6, 21, 592 }, // U+2091
    { 9, 9, 149, 0, 6, 21, 613 }, // U+2092
    { 9, 9, 138, 0, 6, 21, 634 }, // U+2093
    { 9, 9, 142, 0, 6, 21, 655 }, // U+2094
    { 8, 12, 155, 1, 9, 24, 676 }, // U+2095
    { 9, 12, 145, 1, 9, 27, 700 }, // U+2096
    { 3, 12, 71, 1, 9, 9, 727 }, // U+2097
    { 13, 9, 233, 1, 6, 30, 736 }, // U+2098
    { 8, 9, 155, 1, 6, 18, 766 }, // U+2099
    { 8, 12, 151, 1, 6, 24, 784 }, // U+209A
    { 7, 9, 120, 0, 6, 16, 808 }, // U+209B
    { 6, 10, 100, 0, 7, 15, 824 }, // U+209C
    { 13, 17, 210, 0, 17, 56, 0 }, // U+20A0
    { 14, 20, 223, 0, 18, 70, 56 }, // U+20A1
    { 13, 18, 210, 0, 17, 59, 126 }, // U+20A2
    { 12, 17, 210, 0, 17, 51, 185 }, // U+20A3
    { 13, 17, 210, 0, 17, 56, 236 }, // U+20A4
    { 20, 19, 358, 1, 16, 95, 292 }, // U+20A5
    { 13, 17, 210, 0, 17, 56, 387 }, // U+20A6
    { 19, 18, 326, 1, 17, 86, 443 }, // U+20A7
    { 20, 18, 336, 1, 17, 90, 529 }, // U+20A8
    { 17, 17, 271, 0, 17, 73, 619 }, // U+20A9
    { 19, 17, 337, 1, 17, 81, 692 }, // U+20AA
    { 14, 22, 237, 1, 18, 77, 773 }, // U+20AB
    { 13, 18, 210, 0, 17, 59, 850 }, // U+20AC
    { 14, 17, 210, 0, 17, 60, 909 }, // U+20AD
    { 13, 17, 210, 0, 17, 56, 969 }, // U+20AE
    { 23, 23, 370, 0, 17, 133, 1025 }, // U+20AF
    { 13, 23, 224, 0, 17, 75, 1158 }, // U+20B0
    { 13, 17, 210, 0, 17, 56, 1233 }, // U+20B1
    { 14, 20, 269, 1, 18, 70, 1289 }, // U+20B2
    { 15, 17, 238, 0, 17, 64, 1359 }, // U+20B3
    { 13, 18, 210, 0, 17, 59, 1423 }, // U+20B4
    { 13, 20, 234, 1, 18, 65, 1482 }, // U+20B5
    { 16, 17, 255, 0, 16, 68, 1547 }, // U+20B6
    { 16, 19, 268, 0, 17, 76, 1615 }, // U+20B7
    { 13, 17, 210, 0, 17, 56, 1691 }, // U+20B8
    { 11, 17, 210, 1, 17, 47, 1747 }, // U+20B9
    { 13, 18, 210, 0, 17, 59, 1794 }, // U+20BA
    { 19, 18, 298, 0, 17, 86, 1853 }, // U+20BB
    { 18, 17, 321, 1, 17, 77, 1939 }, // U+20BC
    { 14, 17, 220, 0, 17, 60, 2016 }, // U+20BD
    { 16, 18, 289, 1, 18, 72, 2076 }, // U+20BE
    { 11, 22, 210, 2, 19, 61, 2148 }, // U+20BF
    { 12, 18, 192, 0, 13, 54, 2209 }, // U+20C0
    { 12, 4, 213, 1, 10, 12, 0 }, // U+2212
    { 19, 18, 283, 0, 18, 86, 0 }, // U+FB00
    { 15, 18, 251, 0, 18, 68, 86 }, // U+FB01
    { 15, 18, 254, 0, 18, 68, 154 }, // U+FB02
    { 24, 18, 393, 0, 18, 108, 222 }, // U+FB03
    { 23, 18, 396, 0, 18, 104, 330 }, // U+FB04
    { 17, 19, 287, 1, 18, 81, 434 }, // U+FB05
    { 20, 19, 341, 1, 18, 95, 515 }, // U+FB06
    { 22, 22, 367, 0, 18, 121, 0 }, // U+FFFD
};

static const EpdUnicodeInterval notosans_11_boldIntervals[] = {
    { 0x0, 0x0, 0x0 },
    { 0xD, 0xD, 0x1 },
    { 0x20, 0x7E, 0x2 },
    { 0xA0, 0x17F, 0x61 },
    { 0x1A0, 0x1A1, 0x141 },
    { 0x1AF, 0x1B0, 0x143 },
    { 0x1C4, 0x21F, 0x145 },
    { 0x300, 0x36F, 0x1A1 },
    { 0x400, 0x4FF, 0x211 },
    { 0x1EA0, 0x1EF9, 0x311 },
    { 0x2000, 0x2064, 0x36B },
    { 0x2066, 0x2071, 0x3D0 },
    { 0x2074, 0x208E, 0x3DC },
    { 0x2090, 0x209C, 0x3F7 },
    { 0x20A0, 0x20C0, 0x404 },
    { 0x2212, 0x2212, 0x425 },
    { 0xFB00, 0xFB06, 0x426 },
    { 0xFFFD, 0xFFFD, 0x42D },
};

static const EpdFontGroup notosans_11_boldGroups[] = {
    { 0, 2405, 5108, 97, 0 },
    { 2405, 2149, 6163, 96, 97 },
    { 4554, 2640, 9468, 128, 193 },
    { 7194, 2669, 8538, 96, 321 },
    { 9863, 953, 1580, 112, 417 },
    { 10816, 6929, 19621, 256, 529 },
    { 17745, 1726, 7957, 90, 785 },
    { 19471, 1628, 3653, 111, 875 },
    { 21099, 467, 1037, 42, 986 },
    { 21566, 1396, 2516, 33, 1028 },
    { 22962, 13, 12, 1, 1061 },
    { 22975, 257, 640, 7, 1062 },
    { 23232, 100, 132, 1, 1069 },
};

static const uint16_t notosans_11_boldKernLeftCodepoints[] = {
    0x0022, 0x0026, 0x0027, 0x0028, 0x002C, 0x002D, 0x002E, 0x003A, 0x0041, 0x0042, 0x0043, 0x0044,
    0x0045, 0x0046, 0x004B, 0x004C, 0x004F, 0x0050, 0x0051, 0x0052, 0x0054, 0x0055, 0x0056, 0x0057,
    0x0058, 0x0059, 0x005A, 0x005B, 0x005F, 0x0061, 0x0062, 0x0063, 0x0065, 0x0066, 0x0068, 0x006D,
    0x006E, 0x006F, 0x0070, 0x0072, 0x0074, 0x0076, 0x0077, 0x0078, 0x0079, 0x007B, 0x00A1, 0x00AB,
    0x00BB, 0x00BF, 0x00C0, 0x00C1, 0x00C2, 0x00C3, 0x00C4, 0x00C5, 0x00C6, 0x00C7, 0x00C8, 0x00C9,
    0x00CA, 0x00CB, 0x00D0, 0x00D2, 0x00D3, 0x00D4, 0x00D5, 0x00D6, 0x00D8, 0x00D9, 0x00DA, 0x00DB,
    0x00DC, 0x00DD, 0x00DE, 0x00E0, 0x00E1, 0x00E2, 0x00E3, 0x00E4, 0x00E5, 0x00E6, 0x00E8, 0x00E9,
    0x00EA, 0x00EB, 0x00EE, 0x00EF, 0x00F0, 0x00F2, 0x00F3, 0x00F4, 0x00F5, 0x00F6, 0x00F8, 0x00FD,
    0x00FE, 0x00FF, 0x0100, 0x0101, 0x0102, 0x0103, 0x0104, 0x0105, 0x0106, 0x0108, 0x010A, 0x010C,
    0x010E, 0x010F, 0x0110, 0x0112, 0x0113, 0x0114, 0x0115, 0x0116, 0x0117, 0x0118, 0x0119, 0x011A,
    0x011B, 0x0125, 0x0129, 0x012B, 0x012E, 0x0136, 0x0138, 0x0139, 0x013B, 0x013D, 0x013E, 0x013F,
    0x0141, 0x0144, 0x0146, 0x0149, 0x014B, 0x014C, 0x014D, 0x014E, 0x014F, 0x0150, 0x0151, 0x0152,
    0x0153, 0x0155, 0x0157, 0x0159, 0x0162, 0x0163, 0x0164, 0x0165, 0x0166, 0x0167, 0x0168, 0x016A,
    0x016C, 0x016E, 0x0170, 0x0172, 0x0174, 0x0175, 0x0176, 0x0177, 0x0178, 0x0179, 0x017B, 0x017D,
    0x01A0, 0x01A1, 0x01AF, 0x01B0, 0x01FA, 0x01FB, 0x01FC, 0x01FD, 0x01FE, 0x020B, 0x021A, 0x021B,
    0x0400, 0x0401, 0x0402, 0x0403, 0x0404, 0x0405, 0x0409, 0x040A, 0x040B, 0x040C, 0x040E, 0x0410,
    0x0411, 0x0412, 0x0413, 0x0414, 0x0415, 0x0416, 0x0417, 0x041A, 0x041E, 0x0420, 0x0421, 0x0422,
    0x0423, 0x0424, 0x0425, 0x0426, 0x0429, 0x042A, 0x042C, 0x042D, 0x042E, 0x0430, 0x0431, 0x0432,
    0x0433, 0x0434, 0x0435, 0x0436, 0x0437, 0x0438, 0x0439, 0x043A, 0x043B, 0x043C, 0x043D, 0x043E,
    0x043F, 0x0440, 0x0441, 0x0442, 0x0443, 0x0444, 0x0445, 0x0446, 0x0447, 0x0448, 0x0449, 0x044A,
    0x044B, 0x044C, 0x044D, 0x044E, 0x044F, 0x0450, 0x0451, 0x0452, 0x0453, 0x0454, 0x0455, 0x0457,
    0x0458, 0x0459, 0x045A, 0x045B, 0x045C, 0x045D, 0x045E, 0x045F, 0x0460, 0x0461, 0x0462, 0x0463,
    0x0464, 0x0465, 0x0466, 0x0467, 0x0468, 0x0469, 0x046E, 0x0471, 0x0472, 0x0473, 0x0474, 0x0475,
    0x0476, 0x0477, 0x0478, 0x0479, 0x047A, 0x047B, 0x047C, 0x047D, 0x047E, 0x047F, 0x0480, 0x048A,
    0x048B, 0x048C, 0x048D, 0x048E, 0x048F, 0x0490, 0x0491, 0x0492, 0x0493, 0x0496, 0x0497, 0x0498,
    0x0499, 0x049A, 0x049B, 0x049C, 0x049D, 0x049E, 0x049F, 0x04A0, 0x04A1, 0x04A2, 0x04A3, 0x04A4,
    0x04A5, 0x04A9, 0x04AA, 0x04AB, 0x04AC, 0x04AD, 0x04AE, 0x04AF, 0x04B0, 0x04B1, 0x04B2, 0x04B3,
    0x04B4, 0x04B5, 0x04B6, 0x04B7, 0x04BC, 0x04BD, 0x04BE, 0x04BF, 0x04C1, 0x04C2, 0x04C5, 0x04C6,
    0x04C9, 0x04CA, 0x04CD, 0x04CE, 0x04D0, 0x04D1, 0x04D2, 0x04D3, 0x04D4, 0x04D5, 0x04D6, 0x04D7,
    0x04D8, 0x04D9, 0x04DA, 0x04DB, 0x04DC, 0x04DD, 0x04DE, 0x04DF, 0x04E3, 0x04E5, 0x04E6, 0x04E7,
    0x04E8, 0x04E9, 0x04EA, 0x04EB, 0x04EC, 0x04ED, 0x04EE, 0x04EF, 0x04F0, 0x04F1, 0x04F2, 0x04F3,
    0x04F5, 0x04F6, 0x04F7, 0x04F9, 0x04FA, 0x04FB, 0x04FC, 0x04FD, 0x04FE, 0x04FF, 0x1EA0, 0x1EA1,
    0x1EA2, 0x1EA3, 0x1EA4, 0x1EA5, 0x1EA6, 0x1EA7, 0x1EA8, 0x1EA9, 0x1EAA, 0x1EAB, 0x1EAC, 0x1EAD,
    0x1EAE, 0x1EAF, 0x1EB0, 0x1EB1, 0x1EB2, 0x1EB3, 0x1EB4, 0x1EB5, 0x1EB6, 0x1EB7, 0x1EB8, 0x1EB9,
    0x1EBA, 0x1EBB, 0x1EBC, 0x1EBD, 0x1EBE, 0x1EBF, 0x1EC0, 0x1EC1, 0x1EC2, 0x1EC3, 0x1EC4, 0x1EC5,
    0x1EC6, 0x1EC7, 0x1ECC, 0x1ECD, 0x1ECE, 0x1ECF, 0x1ED0, 0x1ED1, 0x1ED2, 0x1ED3, 0x1ED4, 0x1ED5,
    0x1ED6, 0x1ED7, 0x1ED8, 0x1ED9, 0x1EDA, 0x1EDB, 0x1EDC, 0x1EDD, 0x1EDE, 0x1EDF, 0x1EE0, 0x1EE1,
    0x1EE2, 0x1EE3, 0x1EE4, 0x1EE6, 0x1EE8, 0x1EE9, 0x1EEA, 0x1EEB, 0x1EEC, 0x1EED, 0x1EEE, 0x1EEF,
    0x1EF0, 0x1EF1, 0x1EF2, 0x1EF3, 0x1EF4, 0x1EF5, 0x1EF6, 0x1EF7, 0x1EF8, 0x1EF9, 0x2013, 0x2014,
    0x2015, 0x2018, 0x2019, 0x201A, 0x201C, 0x201D, 0x201E, 0x2039, 0x203A, 0xFB00,
};

static const uint8_t notosans_11_boldKernLeftClassIds[] = {
      1,   2,   1,   3,   4,   5,   4,   6,   7,   8,   9,  10,  11,  12,   9,  13,
     10,  14,  10,  15,  16,  17,  18,  18,   9,  19,  20,   3,  21,  22,  23,  24,
     23,  25,  22,  22,  22,  23,  23,  26,  24,  27,  27,  28,  27,   3,  29,  30,
     31,  32,   7,   7,   7,   7,   7,   7,  11,   9,  11,  11,  11,  11,  10,  10,
     10,  10,  10,  10,  10,  17,  17,  17,  17,  19,  14,  22,  22,  22,  22,  22,
     22,  23,  23,  23,  23,  23,  33,  33,  23,  23,  23,  23,  23,  23,  23,  27,
     23,  27,   7,  22,   7,  22,  34,  22,   9,   9,   9,   9,  10,  35,  10,  11,
     23,  11,  23,  11,  23,  11,  23,  11,  23,  22,  36,  33,  37,   9,  28,  13,
     13,  13,  35,  13,  13,  22,  22,  22,  22,  10,  23,  10,  23,  10,  23,  11,
     23,  26,  26,  26,  16,  24,  16,  38,  16,  24,  17,  17,  17,  17,  17,  17,
     18,  27,  19,  27,  19,  20,  20,  20,  39,  40,  41,  42,   7,  22,  11,  23,
     10,  33,  16,  24,  43,  43,  44,  45,  46,  47,  48,  48,  44,  49,  50,  51,
     52,  53,  45,  54,  43,  49,  53,  49,  55,  56,  46,  45,  50,  57,  49,  54,
     54,  48,  48,  55,  55,  58,  59,  60,  61,  62,  63,  64,  60,  65,  65,  64,
     65,  65,  65,  63,  65,  63,  66,  61,  67,  63,  64,  62,  65,  65,  62,  68,
     65,  68,  63,  63,  65,  63,  63,  69,  70,  66,  71,  72,  73,  68,  68,  74,
     64,  65,  67,  65,  55,  75,  76,  68,  46,  66,  51,  77,  51,  77,  78,  63,
     55,  63,  50,  75,  50,  75,  67,  67,  55,  63,  55,  63,  55,  75,  46,  54,
     62,  76,  68,  56,  63,  79,  80,  81,  82,  83,  84,  78,  60,  83,  84,  49,
     64,  49,  64,  49,  64,  54,  62,  81,  80,  63,  46,  66,  79,  80,  85,  86,
     85,  86,  83,  84,  54,  62,  54,  62,  87,  88,  87,  88,  49,  64,  54,  62,
     54,  62,  54,  62,  51,  58,  51,  58,  43,  88,  43,  88,  55,  63,  55,  63,
     49,  64,  78,  60,  65,  65,  55,  63,  55,  63,  55,  63,  55,  63,  50,  67,
     50,  67,  50,  67,  65,  79,  80,  65,  81,  82,  83,  84,  49,  84,   7,  22,
      7,  22,   7,  22,   7,  22,   7,  22,   7,  22,   7,  22,   7,  22,   7,  22,
      7,  22,   7,  22,   7,  22,  11,  23,  11,  23,  11,  23,  11,  23,  11,  23,
     11,  23,  11,  23,  11,  23,  10,  23,  10,  23,  10,  23,  10,  23,  10,  23,
     10,  23,  10,  23,  39,  40,  39,  40,  39,  40,  39,  40,  39,  40,  17,  17,
     41,  42,  41,  42,  41,  42,  41,  42,  41,  42,  19,  27,  19,  27,  19,  27,
     19,  27,   5,   5,   5,   1,   1,   4,   1,   1,   4,  30,  31,  25,
};

static const uint16_t notosans_11_boldKernRightCodepoints[] = {
    0x0021, 0x0022, 0x0026, 0x0027, 0x0029, 0x002C, 0x002D, 0x002E, 0x003A, 0x003B, 0x003F, 0x0041,
    0x0043, 0x0047, 0x0049, 0x004A, 0x004F, 0x0051, 0x0054, 0x0055, 0x0056, 0x0057, 0x0058, 0x0059,
    0x005A, 0x005D, 0x0061, 0x0062, 0x0063, 0x0064, 0x0065, 0x0066, 0x0067, 0x0068, 0x006A, 0x006B,
    0x006C, 0x006D, 0x006E, 0x006F, 0x0070, 0x0071, 0x0072, 0x0073, 0x0074, 0x0075, 0x0076, 0x0077,
    0x0078, 0x0079, 0x007A, 0x007D, 0x00AB, 0x00BB, 0x00C0, 0x00C1, 0x00C2, 0x00C3, 0x00C4, 0x00C5,
    0x00C6, 0x00C7, 0x00D2, 0x00D3, 0x00D4, 0x00D5, 0x00D6, 0x00D8, 0x00D9, 0x00DA, 0x00DB, 0x00DC,
    0x00DD, 0x00E0, 0x00E1, 0x00E2, 0x00E3, 0x00E4, 0x00E5, 0x00E6, 0x00E7, 0x00E8, 0x00E9, 0x00EA,
    0x00EB, 0x00F2, 0x00F3, 0x00F4, 0x00F5, 0x00F6, 0x00F8, 0x00F9, 0x00FA, 0x00FB, 0x00FC, 0x00FD,
    0x00FE, 0x00FF, 0x0100, 0x0101, 0x0102, 0x0103, 0x0104, 0x0105, 0x0106, 0x0107, 0x0108, 0x0109,
    0x010A, 0x010B, 0x010C, 0x010D, 0x010F, 0x0111, 0x0113, 0x0115, 0x0117, 0x0119, 0x011B, 0x011C,
    0x011D, 0x011E, 0x011F, 0x0120, 0x0121, 0x0122, 0x0123, 0x0125, 0x0127, 0x0129, 0x0137, 0x0138,
    0x013A, 0x013C, 0x013E, 0x0140, 0x0144, 0x0146, 0x014B, 0x014C, 0x014D, 0x014E, 0x014F, 0x0150,
    0x0151, 0x0152, 0x0153, 0x0155, 0x0157, 0x015B, 0x015F, 0x0162, 0x0163, 0x0164, 0x0165, 0x0166,
    0x0167, 0x0168, 0x0169, 0x016A, 0x016B, 0x016C, 0x016D, 0x016E, 0x016F, 0x0170, 0x0171, 0x0172,
    0x0173, 0x0174, 0x0175, 0x0176, 0x0177, 0x0178, 0x0179, 0x017A, 0x017B, 0x017C, 0x017D, 0x017E,
    0x01A0, 0x01A1, 0x01AF, 0x01B0, 0x01FA, 0x01FB, 0x01FC, 0x01FD, 0x01FE, 0x01FF, 0x0219, 0x021A,
    0x021B, 0x0402, 0x0404, 0x0405, 0x0408, 0x0409, 0x040B, 0x040E, 0x0410, 0x0414, 0x0416, 0x0417,
    0x041B, 0x041E, 0x0421, 0x0422, 0x0423, 0x0424, 0x0425, 0x0427, 0x042A, 0x042D, 0x042F, 0x0430,
    0x0431, 0x0432, 0x0433, 0x0434, 0x0435, 0x0436, 0x0437, 0x0438, 0x0439, 0x043A, 0x043B, 0x043C,
    0x043D, 0x043E, 0x043F, 0x0440, 0x0441, 0x0442, 0x0443, 0x0444, 0x0445, 0x0446, 0x0447, 0x0448,
    0x0449, 0x044A, 0x044B, 0x044C, 0x044D, 0x044E, 0x044F, 0x0450, 0x0451, 0x0452, 0x0453, 0x0454,
    0x0455, 0x0457, 0x0458, 0x0459, 0x045A, 0x045B, 0x045C, 0x045D, 0x045E, 0x045F, 0x0460, 0x0461,
    0x0462, 0x0465, 0x0466, 0x0467, 0x0469, 0x046D, 0x046E, 0x0470, 0x0472, 0x0473, 0x0474, 0x0475,
    0x0476, 0x0477, 0x0478, 0x0479, 0x047A, 0x047B, 0x047C, 0x047D, 0x047E, 0x047F, 0x0480, 0x0481,
    0x048B, 0x048C, 0x048D, 0x048F, 0x0491, 0x0492, 0x0495, 0x0496, 0x0497, 0x0498, 0x0499, 0x049B,
    0x049D, 0x049F, 0x04A0, 0x04A1, 0x04A3, 0x04A5, 0x04A7, 0x04A8, 0x04A9, 0x04AA, 0x04AB, 0x04AC,
    0x04AD, 0x04AE, 0x04AF, 0x04B0, 0x04B1, 0x04B2, 0x04B3, 0x04B4, 0x04B5, 0x04B6, 0x04B7, 0x04B8,
    0x04B9, 0x04BB, 0x04BC, 0x04BD, 0x04BE, 0x04BF, 0x04C1, 0x04C2, 0x04C4, 0x04C5, 0x04C6, 0x04C8,
    0x04CA, 0x04CB, 0x04CC, 0x04CE, 0x04D0, 0x04D1, 0x04D2, 0x04D3, 0x04D4, 0x04D5, 0x04D7, 0x04D8,
    0x04D9, 0x04DA, 0x04DB, 0x04DC, 0x04DD, 0x04DE, 0x04DF, 0x04E3, 0x04E5, 0x04E6, 0x04E7, 0x04E8,
    0x04E9, 0x04EA, 0x04EB, 0x04EC, 0x04ED, 0x04EE, 0x04EF, 0x04F0, 0x04F1, 0x04F2, 0x04F3, 0x04F4,
    0x04F5, 0x04F7, 0x04F9, 0x04FA, 0x04FC, 0x04FD, 0x04FE, 0x04FF, 0x1EA0, 0x1EA1, 0x1EA2, 0x1EA3,
    0x1EA4, 0x1EA5, 0x1EA6, 0x1EA7, 0x1EA8, 0x1EA9, 0x1EAA, 0x1EAB, 0x1EAC, 0x1EAD, 0x1EAE, 0x1EAF,
    0x1EB0, 0x1EB1, 0x1EB2, 0x1EB3, 0x1EB4, 0x1EB5, 0x1EB6, 0x1EB7, 0x1EB9, 0x1EBB, 0x1EBD, 0x1EBF,
    0x1EC1, 0x1EC3, 0x1EC5, 0x1EC7, 0x1ECC, 0x1ECD, 0x1ECE, 0x1ECF, 0x1ED0, 0x1ED1, 0x1ED2, 0x1ED3,
    0x1ED4, 0x1ED5, 0x1ED6, 0x1ED7, 0x1ED8, 0x1ED9, 0x1EDA, 0x1EDB, 0x1EDC, 0x1EDD, 0x1EDE, 0x1EDF,
    0x1EE0, 0x1EE1, 0x1EE2, 0x1EE3, 0x1EE4, 0x1EE5, 0x1EE6, 0x1EE7, 0x1EE8, 0x1EE9, 0x1EEA, 0x1EEB,
    0x1EEC, 0x1EED, 0x1EEE, 0x1EEF, 0x1EF0, 0x1EF1, 0x1EF2, 0x1EF4, 0x1EF5, 0x1EF6, 0x1EF7, 0x1EF8,
    0x1EF9, 0x2013, 0x2014, 0x2015, 0x2018, 0x2019, 0x201A, 0x201C, 0x201D, 0x201E, 0x2026, 0x2039,
    0x203A, 0xFB00, 0xFB01, 0xFB02, 0xFB03, 0xFB04,
};

static const uint8_t notosans_11_boldKernRightClassIds[] = {
      1,   2,   3,   2,   4,   5,   6,   5,   7,   7,   8,   9,  10,  10,  11,  12,
     10,  10,  13,  14,  15,  15,  16,  17,  18,   4,  19,  20,  21,  21,  21,  22,
     23,  20,  24,  20,  20,  25,  25,  21,  25,  21,  25,  26,  22,  25,  27,  27,
     27,  27,  28,   4,  29,  30,   9,   9,   9,   9,   9,   9,  31,  10,  10,  10,
     10,  10,  10,  10,  14,  14,  14,  14,  17,  21,  19,  19,  19,  19,  19,  19,
     21,  21,  21,  21,  21,  21,  21,  21,  21,  21,  21,  25,  25,  25,  25,  27,
     20,  27,   9,  19,   9,  19,   9,  19,  10,  21,  10,  21,  10,  21,  10,  21,
     21,  21,  21,  21,  21,  21,  21,  10,  23,  10,  23,  10,  23,  10,  23,  20,
     32,  33,  20,  25,  20,  20,  20,  20,  25,  25,  25,  10,  21,  10,  21,  10,
     21,  10,  21,  25,  25,  26,  26,  13,  22,  13,  22,  13,  22,  14,  25,  14,
     25,  14,  25,  14,  25,  14,  25,  14,  25,  15,  27,  17,  27,  17,  18,  28,
     18,  28,  18,  28,  10,  21,  14,  25,   9,  19,  31,  19,  10,  21,  26,  13,
     22,  34,  35,  36,  37,  38,  34,  39,  40,  41,  42,  43,  38,  35,  35,  34,
     39,  44,  42,  45,  34,  43,  46,  47,  48,  49,  49,  50,  51,  52,  53,  49,
     49,  49,  54,  49,  49,  51,  49,  49,  51,  55,  56,  51,  52,  49,  57,  49,
     49,  55,  49,  49,  53,  49,  58,  51,  51,  59,  49,  51,  60,  61,  62,  54,
     49,  59,  49,  49,  56,  49,  63,  64,  65,  66,  40,  50,  66,  66,  43,  45,
     63,  47,  67,  64,  67,  64,  63,  47,  63,  47,  63,  47,  63,  64,  63,  47,
     66,  65,  59,  66,  66,  65,  66,  42,  52,  43,  53,  66,  66,  59,  68,  55,
     66,  66,  66,  63,  47,  63,  47,  34,  55,  69,  70,  69,  70,  42,  52,  68,
     55,  45,  57,  45,  57,  66,  71,  72,  71,  72,  42,  52,  66,  73,  50,  66,
     66,  45,  57,  66,  40,  74,  40,  74,  40,  74,  47,  75,  74,  75,  74,  42,
     52,  43,  53,  49,  49,  63,  47,  63,  47,  63,  47,  43,  53,  39,  56,  39,
     56,  39,  56,  45,  57,  66,  49,  65,  42,  52,  42,  52,   9,  19,   9,  19,
      9,  19,   9,  19,   9,  19,   9,  19,   9,  19,   9,  19,   9,  19,   9,  19,
      9,  19,   9,  19,  21,  21,  21,  21,  21,  21,  21,  21,  10,  21,  10,  21,
     10,  21,  10,  21,  10,  21,  10,  21,  10,  21,  10,  21,  10,  21,  10,  21,
     10,  21,  10,  21,  14,  25,  14,  25,  14,  25,  14,  25,  14,  25,  14,  25,
     14,  25,  17,  17,  27,  17,  27,  17,  27,   6,   6,   6,  76,   2,   5,  76,
      2,   5,   5,  29,  30,  22,  22,  22,  22,  22,
};

static const uint16_t notosans_11_boldKernRowOffsets[] = {
        0,    29,    32,    37,    54,    61,    66,    72,    73,    75,    82,    83,    87,    93,   100,   101,
      117,   119,   130,   143,   145,   146,   147,   150,   151,   154,   159,   162,   163,   167,   173,   182,
      186,   187,   193,   200,   202,   203,   208,   214,   217,   227,   230,   231,   244,   269,   275,   277,
      288,   303,   332,   351,   353,   357,   369,   385,   402,   420,   426,   438,   446,   457,   469,   481,
      493,   495,   499,   511,   529,   535,   549,   553,   557,   559,   564,   566,   573,   581,   584,   609,
      616,   632,   635,   640,   642,   654,   656,   659,   662,
};

static const uint8_t notosans_11_boldKernSparseCols[] = {
      8,  12,  14,  16,  18,  20,  22,  24,  25,  30,  32,  33,  37,  38,  39,  40,
     41,  43,  46,  49,  52,  53,  54,  55,  58,  60,  67,  72,  73,  12,  14,  16,
     11,  23,  36,  43,  61,   9,  12,  13,  14,  16,  33,  36,  38,  43,  44,  54,
     56,  62,  66,  67,  68,  70,  12,  33,  38,  41,  51,  54,  67,  33,  41,  43,
     44,  56,   1,   9,  11,  12,  14,  16,   4,   9,  28,   4,   8,  12,  14,  15,
     16,  17,  11,   3,   4,   7,   8,   1,   9,  12,  13,  14,  16,   2,   4,   8,
     15,  17,  28,  30,  28,   2,   4,   5,   7,   8,   9,  12,  18,  20,  22,  24,
     25,  26,  27,  28,  29,   4,   8,   4,   7,   8,   9,  18,  20,  22,  24,  25,
     28,  29,   2,   4,   7,   8,   9,  18,  20,  22,  24,  25,  27,  28,  29,   9,
     28,  11,   1,   1,  26,  27,   1,   1,   3,   4,   1,   4,  18,  20,  22,   1,
      4,   7,  20,  11,  12,  14,  16,  12,  14,  16,  33,  39,  67,  12,  14,  15,
     16,  33,  38,  41,  44,  67,  11,  12,  14,  16,   3,   1,   9,  11,  12,  14,
     16,   0,   1,   3,   7,  19,  31,  75,   3,  32,  11,   0,   1,   3,   7,  75,
      8,  10,  12,  14,  15,  16,  19,  21,  26,   8,   9,  10,  12,  14,  15,  16,
     18,  20,  22,  19,  21,  26,  36,   1,  33,  38,  44,  54,  55,  56,  64,  66,
     67,  68,  69,  75,   1,   4,   5,   6,  29,  33,  34,  37,  39,  40,  43,  46,
     47,  48,  49,  50,  51,  52,  53,  54,  55,  56,  57,  59,  67,  28,  34,  43,
     56,  62,  70,   4,  43,   1,   4,  33,  38,  44,  51,  54,  55,  57,  67,  75,
      1,   5,   6,  28,  34,  43,  44,  46,  47,  50,  54,  55,  56,  62,  70,   1,
      4,   5,   6,  28,  29,  34,  35,  37,  39,  40,  43,  45,  46,  47,  48,  49,
     50,  51,  52,  53,  56,  57,  58,  59,  62,  70,  71,  72,   1,  29,  33,  34,
     36,  38,  43,  44,  50,  54,  55,  56,  64,  66,  67,  68,  70,  74,  75,  51,
     55,   3,  51,  56,  57,   4,  36,  37,  40,  43,  44,  49,  53,  54,  55,  56,
     61,   4,  33,  37,  38,  39,  40,  41,  42,  49,  51,  53,  57,  66,  67,  68,
     72,   4,   5,   6,  28,  29,  37,  38,  39,  40,  41,  43,  46,  49,  50,  53,
     57,  72,   1,   3,   4,   6,  33,  35,  37,  38,  39,  40,  41,  42,  45,  49,
     51,  53,  57,  67,   1,  33,  38,  51,  54,  55,   1,  33,  38,  39,  41,  45,
     49,  51,  54,  55,  56,  57,   3,  33,  38,  41,  45,  51,  54,  55,   1,   4,
      5,  37,  39,  40,  41,  49,  50,  53,  75,   1,   4,  33,  36,  37,  40,  44,
     49,  53,  54,  56,  61,   1,  33,  38,  39,  41,  45,  49,  51,  54,  55,  56,
     57,   5,  33,  34,  38,  43,  44,  46,  50,  56,  57,  71,  75,  33,  58,   1,
     33,  50,  57,   1,   4,  37,  39,  40,  41,  46,  49,  50,  53,  57,  75,   1,
      6,  33,  38,  39,  41,  43,  44,  45,  51,  54,  55,  56,  57,  63,  69,  71,
     75,   1,  33,  36,  54,  55,  61,   1,   4,   5,  37,  38,  39,  40,  41,  49,
     50,  53,  58,  60,  75,  33,  38,  45,  57,   1,  33,  58,  60,  36,  61,   1,
     33,  36,  54,  55,   4,  49,   1,  33,  44,  54,  66,  67,  68,   1,  46,  54,
     55,  56,  63,  69,  71,   4,  66,  68,   4,   5,  28,  29,  33,  34,  37,  39,
     40,  43,  46,  49,  51,  52,  54,  55,  56,  62,  63,  65,  69,  70,  71,  72,
     73,   4,   5,  39,  46,  49,  50,  53,   4,   5,  33,  39,  46,  49,  51,  52,
     56,  58,  62,  65,  67,  70,  71,  72,   4,  46,  49,  54,  56,  62,  70,  71,
     46,  56,   4,  39,  46,  49,  56,  58,  62,  65,  71,  72,  73,  74,   4,  49,
     33,  66,  68,   1,  51,  55,
};

static const int8_t notosans_11_boldKernSparseValues[] = {
     -26,    7,    7,    4,  -15,  -22,  -11,  -11,  -11,  -29,   26,    7,  -11,    7,  -26,  -22,
       7,   -4,  -15,  -26,    7,  -18,   11,    7,   11,   11,    7,  -22,   -7,  -22,   -7,  -11,
      33,   15,   37,  -11,   22,  -18,  -26,   -7,  -22,  -22,  -18,   22,   -7,  -15,  -29,  -15,
     -22,  -18,  -22,  -26,  -22,  -22,  -15,  -15,   -7,   -4,   -4,   -7,  -15,   -4,   -1,   -1,
      -1,   -1,  -26,   -7,   18,  -26,  -15,  -22,   -4,   -7,   -7,  -15,   -7,  -11,   -4,   -7,
      -4,   -4,   22,    7,  -22,    7,   -7,  -29,   -7,   -7,   -4,   -7,  -11,   -4,  -48,  -18,
      -7,   -4,   -7,  -11,   -4,   -7,  -22,  -15,    7,  -26,   -7,    7,  -29,  -26,  -26,  -18,
     -22,   -7,  -15,  -22,  -11,   -7,   -4,  -18,    7,  -15,   -4,   -7,   -7,   -4,   -4,   -4,
     -11,   -4,  -11,  -22,    7,  -22,   -7,  -18,  -18,  -18,  -11,  -15,   -7,  -29,  -11,   -4,
      -7,   35,   -4,   -4,   -7,   -4,    7,   22,   15,   -7,   15,  -59,   -7,   -7,   -4,   15,
     -15,    7,   -7,   18,   -7,   -4,  -11,  -11,   -4,  -11,  -11,   -4,   -4,  -22,  -11,   -7,
     -29,  -22,   -7,   -7,   -7,  -15,   37,  -15,  -11,  -15,   18,  -26,   -7,   40,  -26,  -15,
     -22,   43,   38,   53,   49,   11,   26,   34,   18,   43,   18,   48,   49,   60,   51,   34,
      -7,    7,   22,   26,   18,   22,    7,   15,   18,  -11,   -4,    7,   26,   26,   18,   22,
     -11,   -7,   -7,    7,   18,   18,   18,  -26,  -18,   -7,  -11,   -7,   -7,   -7,   -7,  -15,
     -22,  -18,   -7,  -11,    7,  -18,  -15,  -11,  -11,    7,   -7,   -9,  -26,   -9,  -13,  -15,
      -7,  -11,  -15,  -15,   -4,   -4,  -11,   -4,   -3,  -11,  -15,   -7,    4,   -7,   -7,  -11,
      -7,   -7,   -7,   -7,   -4,  -33,   -4,  -22,   -7,  -11,   -7,   -7,   -7,   -7,  -11,  -22,
       7,   -4,   -4,   -7,   -7,  -15,   -4,   -4,   -7,   -7,   -4,   -4,   -7,   -7,  -18,    7,
     -26,   -7,   -4,  -18,   -7,  -15,   -7,  -29,  -44,  -39,  -11,  -13,  -18,  -15,   -4,  -34,
     -26,  -11,   -7,  -18,   -7,  -18,   18,  -11,   -4,   -7,  -11,  -18,  -26,   -4,  -26,   -7,
      18,   -7,  -13,  -22,   -4,  -11,   -7,  -11,   -7,  -15,  -18,  -22,  -18,   -4,  -15,   -4,
      -4,   -4,   -4,   -6,   -4,   11,   33,   11,   15,   -4,   -9,   11,   11,   -4,   11,   -7,
      26,  -15,   -7,   -4,  -15,   -7,   -4,   -7,   -4,   -4,   -6,   -4,   -4,   -4,   -4,   -4,
      -7,  -48,   -4,   -4,   -7,   -4,  -22,   -7,  -18,  -22,   -7,   -4,   -9,  -18,   -4,  -15,
      -4,  -22,   -4,   -4,  -15,   -4,  -13,   -4,   -7,  -11,  -13,  -11,  -15,  -11,   -4,   -9,
      -6,   -6,   -4,   -7,   -4,  -15,  -12,   -7,   -4,   -4,   -2,  -22,  -14,   -4,  -11,   -7,
      -4,   -7,   -4,  -11,   -4,   -4,   -1,  -11,   -4,   -4,   -4,   -7,   -4,   -4,   11,  -15,
      -7,   -7,  -11,  -11,   -4,  -15,   -4,  -11,   15,   -4,    7,  -11,   37,    7,   11,   -6,
       7,    9,   -6,  -11,   22,   -2,  -15,  -14,   -4,   -7,   -7,   -4,   -7,   -4,  -11,   -4,
      -4,   -4,   -4,   -6,   -4,   -6,   -4,   -7,   -7,   -7,   -4,   -7,   11,  -11,   -1,    7,
      -7,   -4,   -4,    7,  -15,   -7,   -7,  -11,   -4,   -4,  -18,  -11,  -18,  -11,   15,  -29,
      -4,  -22,   -7,   -4,   -4,   -4,  -26,   -7,   -7,  -22,  -16,  -15,   -7,   -7,  -11,   -7,
     -11,   -4,  -15,   29,  -11,  -18,    7,   11,  -15,   -7,   -7,    9,  -11,  -11,   -4,  -15,
      -4,  -11,    9,    9,   15,   -7,  -11,   -4,   -7,   11,    7,   15,    6,   11,    7,   -4,
     -15,   15,  -11,  -18,  -15,   -7,  -15,  -15,  -15,   -7,  -11,   -7,  -11,  -26,   -7,  -18,
     -11,  -11,   -7,   -7,   -7,  -15,   -4,   -4,  -22,  -15,  -22,  -11,    7,   -7,  -15,  -26,
     -18,  -11,  -26,  -22,   -7,   -7,  -15,  -15,  -18,   -7,   -7,  -18,  -15,  -18,  -26,  -18,
     -29,  -18,   -7,  -11,   -4,  -15,   -4,  -11,  -18,   -7,    7,  -22,  -15,  -18,   -7,   -7,
     -18,    7,   -7,  -11,    7,   -7,  -11,  -15,  -11,   -7,  -11,   -7,  -18,   -7,  -18,   -7,
      -4,   -4,  -22,  -22,  -18,  -18,  -15,    7,   -7,  -11,  -15,  -15,  -15,   -4,  -15,   -4,
      -7,   -4,   -4,   -4,   -7,   -4,
};

static const EpdLigaturePair notosans_11_boldLigaturePairs[] = {
    { 0x00660066, 0xFB00 }, // f f -> U+FB00
    { 0x00660069, 0xFB01 }, // f i -> U+FB01
    { 0x0066006C, 0xFB02 }, // f l -> U+FB02
    { 0xFB000069, 0xFB03 }, // U+FB00 i -> U+FB03
    { 0xFB00006C, 0xFB04 }, // U+FB00 l -> U+FB04
};

static const EpdFontData notosans_11_bold = {
    notosans_11_boldBitmaps,
    notosans_11_boldGlyphs,
    notosans_11_boldIntervals,
    18,
    31,
    25,
    -7,
    true,
    notosans_11_boldGroups,
    13,
    nullptr,
    nullptr,  // kernLeftClasses: built-in fonts use the split arrays below
    nullptr,  // kernRightClasses
    notosans_11_boldKernLeftCodepoints,
    notosans_11_boldKernLeftClassIds,
    notosans_11_boldKernRightCodepoints,
    notosans_11_boldKernRightClassIds,
    nullptr,  // kernMatrix: built-in fonts use the sparse form below
    notosans_11_boldKernRowOffsets,
    notosans_11_boldKernSparseCols,
    notosans_11_boldKernSparseValues,
    478,
    474,
    88,
    76,
    notosans_11_boldLigaturePairs,
    5,
};
