/**
 * generated by fontconvert.py
 * name: ubuntu_12_bold
 * size: 12
 * mode: 1-bit
 * Command used: fontconvert.py ubuntu_12_bold 12 ../builtinFonts/source/Ubuntu/Ubuntu-Bold.ttf ../builtinFonts/source/NotoSans/NotoSans-Bold.ttf ../builtinFonts/source/NotoSansHebrew/NotoSansHebrew-Bold.ttf ../builtinFonts/source/NotoSansArabic/NotoSansArabic-Bold.ttf ../builtinFonts/source/Ubuntu/Ubuntu-Vietnamese-Bold.ttf --additional-intervals 0x05D0,0x05EA --additional-intervals 0x060C,0x060C --additional-intervals 0x061B,0x061B --additional-intervals 0x061F,0x061F --additional-intervals 0x0621,0x0621 --additional-intervals 0x0640,0x0640 --additional-intervals 0x0654,0x0654 --additional-intervals 0x0660,0x0669 --additional-intervals 0x06BA,0x06BA --additional-intervals 0x06D4,0x06D4 --additional-intervals 0x06D5,0x06D5 --additional-intervals 0x06F0,0x06F9 --additional-intervals 0xFB56,0xFB59 --additional-intervals 0xFB66,0xFB69 --additional-intervals 0xFB7A,0xFB7D --additional-intervals 0xFB88,0xFB95 --additional-intervals 0xFB9E,0xFB9F --additional-intervals 0xFBA6,0xFBB1 --additional-intervals 0xFBFC,0xFBFF --additional-intervals 0xFE80,0xFEFC
 */
#pragma once
#include "EpdFontData.h"

static const uint8_t ubuntu_12_boldBitmaps[42356] = {
    0xFF, 0xFF, 0xFF, 0xFF, 0xFF, 0xFB, 0xDC, 0x07, 0x7F, 0xFF, 0x70, 0xF7, 0xFD, 0xFF, 0x7F, 0xDF,
    0xF3, 0xFC, 0xEF, 0x38, 0x0F, 0x3C, 0x0F, 0x3C, 0x0F, 0x3C, 0x0F, 0x3C, 0xFF, 0xFE, 0xFF, 0xFE,
    0xFF, 0xFE, 0x1E, 0x78, 0x1E, 0x78, 0x3C, 0x78, 0xFF, 0xFE, 0xFF, 0xFE, 0xFF, 0xFE, 0x3C, 0xF0,
    0x78, 0xF0, 0x79, 0xE0, 0x79, 0xE0, 0x07, 0x80, 0x1E, 0x00, 0x78, 0x07, 0xFC, 0x3F, 0xF8, 0xFF,
    0xC7, 0xE7, 0x1F, 0x00, 0x7C, 0x01, 0xFE, 0x03, 0xFE, 0x0F, 0xFC, 0x0F, 0xF8, 0x07, 0xE0, 0x07,
    0x80, 0x1E, 0x78, 0xF9, 0xFF, 0xE7, 0xFF, 0x0F, 0xF8, 0x07, 0x80, 0x1E, 0x00, 0x78, 0x00, 0x3F,
    0x03, 0xC0, 0xFF, 0x0F, 0x81, 0xEF, 0x1E, 0x03, 0x9E, 0x78, 0x07, 0x1C, 0xF0, 0x0E, 0x7B, 0xC0,
    0x1E, 0xFF, 0x80, 0x3F, 0xDE, 0x00, 0x3F, 0x7D, 0xF8, 0x00, 0xF7, 0xF8, 0x03, 0xDE, 0xF0, 0x07,
    0xBC, 0xE0, 0x1E, 0x71, 0xC0, 0x7C, 0xF3, 0x80, 0xF1, 0xEF, 0x03, 0xE1, 0xFE, 0x07, 0x81, 0xF8,
    0x0F, 0xE0, 0x07, 0xFC, 0x01, 0xFF, 0x80, 0xFB, 0xE0, 0x3C, 0x78, 0x07, 0xBC, 0x01, 0xFF, 0x00,
    0x7F, 0x80, 0x3F, 0xCF, 0x1F, 0xFB, 0xC7, 0x9F, 0xF1, 0xE3, 0xFC, 0x78, 0x7E, 0x1F, 0x1F, 0x87,
    0xFF, 0xF0, 0xFF, 0xFE, 0x1F, 0xE7, 0x80, 0xFF, 0xFF, 0xFF, 0xF0, 0x0E, 0x0F, 0x1F, 0x1E, 0x3E,
    0x3C, 0x7C, 0x7C, 0x78, 0x78, 0xF8, 0xF8, 0xF8, 0xF8, 0xF8, 0x78, 0x78, 0x7C, 0x7C, 0x3C, 0x3E,
    0x1E, 0x1F, 0x0F, 0x0E, 0x60, 0xF0, 0xF8, 0x78, 0x7C, 0x3C, 0x3E, 0x3E, 0x1E, 0x1E, 0x1E, 0x1E,
    0x1F, 0x1E, 0x1E, 0x1E, 0x1E, 0x3E, 0x3E, 0x3C, 0x7C, 0x78, 0xF8, 0xF0, 0x60, 0x1E, 0x03, 0xC3,
    0xBB, 0x7F, 0xEF, 0xFF, 0xFF, 0x8F, 0xE3, 0xFE, 0x7B, 0xC6, 0x60, 0x0F, 0x00, 0xF0, 0x0F, 0x00,
    0xF0, 0xFF, 0xFF, 0xFF, 0xFF, 0xF0, 0xF0, 0x0F, 0x00, 0xF0, 0x0F, 0x00, 0x7D, 0xF7, 0xDE, 0x79,
    0xEF, 0x3C, 0xFF, 0xFF, 0xFF, 0x79, 0xFF, 0xDF, 0x78, 0x00, 0xF8, 0x07, 0x80, 0x3C, 0x03, 0xE0,
    0x1E, 0x00, 0xF0, 0x0F, 0x80, 0x78, 0x03, 0xC0, 0x3E, 0x01, 0xE0, 0x0F, 0x00, 0xF8, 0x07, 0x80,
    0x3C, 0x03, 0xE0, 0x1E, 0x00, 0xF0, 0x0F, 0x80, 0x78, 0x03, 0xC0, 0x3E, 0x01, 0xE0, 0x0F, 0x00,
    0xF8, 0x00, 0x0F, 0xC0, 0x7F, 0x83, 0xFF, 0x1F, 0xBE, 0x7C, 0x79, 0xE1, 0xE7, 0x87, 0xDE, 0x1F,
    0xF8, 0x7D, 0xE1, 0xF7, 0x87, 0xDE, 0x1E, 0x7C, 0x79, 0xFB, 0xE3, 0xFF, 0x07, 0xFC, 0x0F, 0xC0,
    0x07, 0x87, 0xE7, 0xF9, 0xFE, 0x7F, 0x9D, 0xE0, 0x78, 0x1E, 0x07, 0x81, 0xE0, 0x78, 0x1E, 0x07,
    0x81, 0xE0, 0x78, 0x1E, 0x07, 0x80, 0x1F, 0xC3, 0xFF, 0x9F, 0xFC, 0xFB, 0xF3, 0x0F, 0x80, 0x7C,
    0x03, 0xC0, 0x3E, 0x03, 0xE0, 0x7E, 0x07, 0xE0, 0x3E, 0x03, 0xE0, 0x3E, 0x01, 0xFF, 0xEF, 0xFF,
    0x7F, 0xF8, 0x3F, 0xC3, 0xFF, 0x1F, 0xFC, 0x73, 0xE0, 0x0F, 0x00, 0xF8, 0x7F, 0xC3, 0xFC, 0x1F,
    0xF0, 0x1F, 0x80, 0x3E, 0x01, 0xF0, 0x0F, 0xB8, 0xFD, 0xFF, 0xDF, 0xFC, 0x7F, 0xC0, 0x01, 0xF0,
    0x0F, 0xC0, 0x7F, 0x01, 0xFC, 0x0F, 0xF0, 0x7F, 0xC3, 0xEF, 0x0F, 0x3C, 0x78, 0xF1, 0xE3, 0xCF,
    0xFF, 0xFF, 0xFF, 0xFF, 0xFC, 0x03, 0xC0, 0x0F, 0x00, 0x3C, 0x00, 0xF0, 0x3F, 0xF1, 0xFF, 0x8F,
    0xFC, 0x78, 0x03, 0xC0, 0x1E, 0x00, 0xFF, 0x07, 0xFC, 0x3F, 0xF0, 0x3F, 0xC0, 0x3E, 0x00, 0xF0,
    0x0F, 0xB8, 0xFD, 0xFF, 0xCF, 0xFC, 0x7F, 0xC0, 0x01, 0xF0, 0x1F, 0xC0, 0xFF, 0x87, 0xF8, 0x3E,
    0x01, 0xF0, 0x07, 0xFE, 0x1F, 0xFC, 0x7F, 0xF9, 0xF3, 0xE7, 0x87, 0xDE, 0x1F, 0x78, 0x7D, 0xFB,
    0xE3, 0xFF, 0x8F, 0xFC, 0x0F, 0xE0, 0xFF, 0xFF, 0xFF, 0xFF, 0xFE, 0x03, 0xE0, 0x3E, 0x01, 0xF0,
    0x1F, 0x00, 0xF0, 0x0F, 0x80, 0x7C, 0x03, 0xC0, 0x3E, 0x01, 0xF0, 0x0F, 0x00, 0x78, 0x07, 0xC0,
    0x3E, 0x00, 0x0F, 0xE0, 0xFF, 0xC3, 0xFF, 0x9F, 0x3E, 0x78, 0x79, 0xF1, 0xE7, 0xCF, 0x8F, 0xFC,
    0x1F, 0xE0, 0xFF, 0xC7, 0xFF, 0x9E, 0x1F, 0x78, 0x7D, 0xF3, 0xE7, 0xFF, 0x8F, 0xFC, 0x1F, 0xE0,
    0x1F, 0xC0, 0xFF, 0xC7, 0xFF, 0x1F, 0x7E, 0xF8, 0x7B, 0xE1, 0xEF, 0x87, 0x9F, 0x3E, 0x7F, 0xF8,
    0xFF, 0xE1, 0xFF, 0x80, 0x3E, 0x01, 0xF0, 0x3F, 0xC3, 0xFE, 0x0F, 0xF0, 0x3F, 0x00, 0x79, 0xFF,
    0xDF, 0x78, 0x00, 0x00, 0x01, 0xE7, 0xFF, 0x7D, 0xE0, 0x79, 0xFF, 0xDF, 0x78, 0x00, 0x00, 0x00,
    0x07, 0xDF, 0x7D, 0xE7, 0x9E, 0xF3, 0xC0, 0x00, 0xF0, 0x7F, 0x3F, 0xFF, 0xFF, 0xFF, 0xEF, 0xF0,
    0xF8, 0x0F, 0xF0, 0xFF, 0xEF, 0xFF, 0x3F, 0xF0, 0x7F, 0x00, 0xF0, 0xFF, 0xFF, 0xFF, 0xFF, 0xF0,
    0x00, 0x00, 0x0F, 0xFF, 0xFF, 0xFF, 0xFF, 0x70, 0x0F, 0xE0, 0xFF, 0xCF, 0xFF, 0x7F, 0xF0, 0xFF,
    0x01, 0xF0, 0xFF, 0x7F, 0xFF, 0xFF, 0xFF, 0xCF, 0xE0, 0x70, 0x00, 0x7F, 0x9F, 0xF9, 0xFF, 0xB9,
    0xF0, 0x3E, 0x07, 0xC0, 0xF8, 0x3E, 0x0F, 0x83, 0xF0, 0x7C, 0x0F, 0x01, 0xE0, 0x00, 0x07, 0x80,
    0xF8, 0x3F, 0x03, 0xE0, 0x78, 0x00, 0x01, 0xFF, 0x00, 0x0F, 0xFF, 0x80, 0x3F, 0xFF, 0xC0, 0xFE,
    0x3F, 0x83, 0xE0, 0x0F, 0x8F, 0x80, 0x0F, 0x9E, 0x3F, 0xCF, 0x78, 0xFF, 0xCE, 0xF3, 0xFF, 0x9D,
    0xEF, 0xDF, 0x3B, 0xDE, 0x1E, 0x77, 0xBC, 0x3C, 0xEF, 0x78, 0x7B, 0xDE, 0xFD, 0xF7, 0xBC, 0xFF,
    0xFE, 0x3D, 0xFF, 0xFC, 0x7C, 0xFF, 0xF0, 0x7C, 0x00, 0x00, 0xFF, 0x0C, 0x00, 0xFF, 0xFC, 0x00,
    0x7F, 0xF8, 0x00, 0x3F, 0xF0, 0x00, 0x01, 0xE0, 0x00, 0xFC, 0x00, 0x3F, 0x00, 0x1F, 0xE0, 0x07,
    0xF8, 0x03, 0xFF, 0x00, 0xF3, 0xC0, 0x7C, 0xF8, 0x1E, 0x3E, 0x07, 0x87, 0x83, 0xFF, 0xF0, 0xFF,
    0xFC, 0x3F, 0xFF, 0x9F, 0x03, 0xE7, 0xC0, 0xFB, 0xE0, 0x1F, 0xF8, 0x07, 0xC0, 0xFF, 0xC3, 0xFF,
    0xCF, 0xFF, 0xBC, 0x7E, 0xF0, 0x7B, 0xC1, 0xEF, 0x1F, 0xBF, 0xFC, 0xFF, 0xF3, 0xFF, 0xEF, 0x0F,
    0xFC, 0x1F, 0xF0, 0x7F, 0xC7, 0xFF, 0xFF, 0xBF, 0xFE, 0xFF, 0xE0, 0x07, 0xFC, 0x3F, 0xFC, 0xFF,
    0xF3, 0xF8, 0xE7, 0xC0, 0x1F, 0x00, 0x3E, 0x00, 0x7C, 0x00, 0xF8, 0x01, 0xF0, 0x03, 0xE0, 0x07,
    0xC0, 0x07, 0xC0, 0x0F, 0xE3, 0x8F, 0xFF, 0x8F, 0xFF, 0x0F, 0xFC, 0xFF, 0xC0, 0xFF, 0xF0, 0xFF,
    0xF8, 0xF1, 0xFC, 0xF0, 0x7E, 0xF0, 0x3E, 0xF0, 0x1E, 0xF0, 0x1E, 0xF0, 0x1F, 0xF0, 0x1E, 0xF0,
    0x3E, 0xF0, 0x3E, 0xF0, 0x7E, 0xF1, 0xFC, 0xFF, 0xF8, 0xFF, 0xF0, 0xFF, 0xC0, 0xFF, 0xF7, 0xFF,
    0xBF, 0xFD, 0xE0, 0x0F, 0x00, 0x78, 0x03, 0xC0, 0x1F, 0xFC, 0xFF, 0xE7, 0xFF, 0x3C, 0x01, 0xE0,
    0x0F, 0x00, 0x78, 0x03, 0xFF, 0xFF, 0xFF, 0xFF, 0xF8, 0xFF, 0xFF, 0xFF, 0xFF, 0xFF, 0x00, 0xF0,
    0x0F, 0x00, 0xF0, 0x0F, 0xFE, 0xFF, 0xEF, 0xFE, 0xF0, 0x0F, 0x00, 0xF0, 0x0F, 0x00, 0xF0, 0x0F,
    0x00, 0xF0, 0x00, 0x07, 0xFC, 0x3F, 0xFC, 0xFF, 0xFB, 0xF8, 0xE7, 0xC0, 0x1F, 0x00, 0x3E, 0x00,
    0x7C, 0x00, 0xF8, 0x1F, 0xF0, 0x3F, 0xE0, 0x7F, 0xC0, 0xF7, 0xC1, 0xEF, 0xE3, 0xCF, 0xFF, 0x8F,
    0xFF, 0x07, 0xFE, 0xF0, 0x3F, 0xE0, 0x7F, 0xC0, 0xFF, 0x81, 0xFF, 0x03, 0xFE, 0x07, 0xFC, 0x0F,
    0xFF, 0xFF, 0xFF, 0xFF, 0xFF, 0xFF, 0xC0, 0xFF, 0x81, 0xFF, 0x03, 0xFE, 0x07, 0xFC, 0x0F, 0xF8,
    0x1F, 0xF0, 0x3E, 0xFF, 0xFF, 0xFF, 0xFF, 0xFF, 0xFF, 0xFF, 0xFF, 0xF0, 0x01, 0xF0, 0x1F, 0x01,
    0xF0, 0x1F, 0x01, 0xF0, 0x1F, 0x01, 0xF0, 0x1F, 0x01, 0xF0, 0x1F, 0x01, 0xF0, 0x1F, 0x01, 0xF7,
    0x3E, 0xFF, 0xEF, 0xFC, 0x7F, 0x80, 0xF0, 0x7D, 0xE1, 0xF3, 0xC7, 0xE7, 0x9F, 0x8F, 0x7E, 0x1F,
    0xF8, 0x3F, 0xE0, 0x7F, 0x80, 0xFF, 0x01, 0xFF, 0x03, 0xFF, 0x07, 0xBF, 0x0F, 0x3F, 0x1E, 0x3F,
    0x3C, 0x3E, 0x78, 0x3E, 0xF0, 0x7E, 0xF0, 0x0F, 0x00, 0xF0, 0x0F, 0x00, 0xF0, 0x0F, 0x00, 0xF0,
    0x0F, 0x00, 0xF0, 0x0F, 0x00, 0xF0, 0x0F, 0x00, 0xF0, 0x0F, 0x00, 0xFF, 0xFF, 0xFF, 0xFF, 0xF0,
    0x7C, 0x03, 0xE7, 0xE0, 0x3E, 0x7E, 0x07, 0xE7, 0xF0, 0x7E, 0x7F, 0x0F, 0xE7, 0xF8, 0xFF, 0x7F,
    0x9F, 0xF7, 0xFD, 0xFF, 0x7B, 0xDF, 0xF7, 0xBF, 0xDF, 0x79, 0xFD, 0xFF, 0x9F, 0x8F, 0xF9, 0xF8,
    0xFF, 0x8F, 0x8F, 0xF8, 0xF0, 0xFF, 0x80, 0x0F, 0xF8, 0x00, 0xF0, 0xF0, 0x1F, 0xF0, 0x3F, 0xF0,
    0x7F, 0xF0, 0xFF, 0xF1, 0xFF, 0xE3, 0xFF, 0xE7, 0xFB, 0xEF, 0xF7, 0xDF, 0xE7, 0xFF, 0xC7, 0xFF,
    0x87, 0xFF, 0x0F, 0xFE, 0x0F, 0xFC, 0x0F, 0xF8, 0x1F, 0xF0, 0x1E, 0x07, 0xF8, 0x07, 0xFF, 0x83,
    0xFF, 0xF1, 0xFC, 0xFC, 0x7C, 0x0F, 0xBE, 0x03, 0xEF, 0x80, 0x7F, 0xE0, 0x1F, 0xF8, 0x07, 0xFE,
    0x01, 0xFF, 0x80, 0x7F, 0xE0, 0x3E, 0x7C, 0x0F, 0x9F, 0xCF, 0xE3, 0xFF, 0xF0, 0x7F, 0xF8, 0x07,
    0xF8, 0x00, 0xFF, 0xC3, 0xFF, 0xCF, 0xFF, 0xBC, 0x7E, 0xF0, 0x7B, 0xC1, 0xFF, 0x07, 0xBC, 0x7E,
    0xFF, 0xFB, 0xFF, 0xCF, 0xFC, 0x3C, 0x00, 0xF0, 0x03, 0xC0, 0x0F, 0x00, 0x3C, 0x00, 0xF0, 0x00,
    0x07, 0xF8, 0x07, 0xFF, 0x83, 0xFF, 0xF1, 0xFC, 0xFC, 0x7C, 0x0F, 0xBE, 0x03, 0xEF, 0x80, 0x7F,
    0xE0, 0x1F, 0xF8, 0x07, 0xFE, 0x01, 0xFF, 0x80, 0x7F, 0xE0, 0x3E, 0x7C, 0x0F, 0x9F, 0xCF, 0xE3,
    0xFF, 0xF0, 0x7F, 0xF8, 0x0F, 0xF8, 0x00, 0x7C, 0x00, 0x0F, 0xE0, 0x03, 0xFE, 0x00, 0x7F, 0x00,
    0x07, 0xC0, 0xFF, 0xC1, 0xFF, 0xE3, 0xFF, 0xE7, 0x8F, 0xCF, 0x0F, 0x9E, 0x0F, 0x3C, 0x3E, 0x78,
    0xFC, 0xFF, 0xF9, 0xFF, 0xE3, 0xFF, 0x87, 0x9F, 0x0F, 0x1F, 0x1E, 0x3F, 0x3C, 0x3E, 0x78, 0x7E,
    0xF0, 0x7C, 0x0F, 0xF0, 0xFF, 0xE7, 0xFF, 0x9F, 0x9C, 0x7C, 0x01, 0xF0, 0x07, 0xF8, 0x0F, 0xF8,
    0x1F, 0xF0, 0x3F, 0xE0, 0x1F, 0xC0, 0x1F, 0x00, 0x7D, 0xE3, 0xF7, 0xFF, 0x9F, 0xFE, 0x3F, 0xE0,
    0xFF, 0xFF, 0xFF, 0xFF, 0xFF, 0xF8, 0x3E, 0x00, 0x7C, 0x00, 0xF8, 0x01, 0xF0, 0x03, 0xE0, 0x07,
    0xC0, 0x0F, 0x80, 0x1F, 0x00, 0x3E, 0x00, 0x7C, 0x00, 0xF8, 0x01, 0xF0, 0x03, 0xE0, 0x07, 0xC0,
    0xF8, 0x1F, 0xF0, 0x3F, 0xE0, 0x7F, 0xC0, 0xFF, 0x81, 0xFF, 0x03, 0xFE, 0x07, 0xFC, 0x0F, 0xF8,
    0x1F, 0xF0, 0x3F, 0xE0, 0x7F, 0xC0, 0xF7, 0xC3, 0xEF, 0xCF, 0xDF, 0xFF, 0x1F, 0xFC, 0x0F, 0xF0,
    0xF8, 0x07, 0xFF, 0x01, 0xF7, 0xC0, 0xF9, 0xF0, 0x3E, 0x3E, 0x0F, 0x0F, 0x87, 0xC3, 0xE1, 0xF0,
    0x7C, 0x78, 0x1F, 0x3E, 0x03, 0xCF, 0x00, 0xFF, 0xC0, 0x3F, 0xF0, 0x07, 0xF8, 0x01, 0xFE, 0x00,
    0x3F, 0x00, 0x0F, 0xC0, 0x01, 0xF0, 0x00, 0xF8, 0x00, 0x1E, 0xF8, 0x00, 0x1E, 0x7C, 0x3C, 0x3E,
    0x7C, 0x7C, 0x3E, 0x7C, 0x7E, 0x3E, 0x7C, 0x7E, 0x3C, 0x3C, 0x7E, 0x3C, 0x3E, 0xFF, 0x7C, 0x3E,
    0xFF, 0x7C, 0x3E, 0xEF, 0x78, 0x1F, 0xE7, 0xF8, 0x1F, 0xE7, 0xF8, 0x1F, 0xC7, 0xF0, 0x1F, 0xC3,
    0xF0, 0x0F, 0xC3, 0xF0, 0x0F, 0x83, 0xF0, 0x0F, 0x81, 0xE0, 0xFC, 0x1F, 0x3F, 0x1F, 0x8F, 0x8F,
    0x87, 0xEF, 0x81, 0xFF, 0xC0, 0x7F, 0xC0, 0x3F, 0xC0, 0x0F, 0xE0, 0x03, 0xE0, 0x03, 0xF8, 0x03,
    0xFE, 0x03, 0xFF, 0x81, 0xF7, 0xC1, 0xF3, 0xF1, 0xF8, 0xFC, 0xF8, 0x3E, 0xF8, 0x1F, 0x80, 0xF8,
    0x1F, 0xBE, 0x0F, 0x9F, 0x0F, 0x87, 0xC7, 0xC3, 0xE7, 0xC0, 0xFB, 0xE0, 0x7F, 0xE0, 0x1F, 0xF0,
    0x07, 0xF0, 0x03, 0xF0, 0x00, 0xF8, 0x00, 0x7C, 0x00, 0x3E, 0x00, 0x1F, 0x00, 0x0F, 0x80, 0x07,
    0xC0, 0x03, 0xE0, 0x00, 0x7F, 0xFE, 0xFF, 0xFD, 0xFF, 0xF0, 0x07, 0xE0, 0x1F, 0x80, 0x3E, 0x00,
    0xF8, 0x03, 0xF0, 0x07, 0xC0, 0x1F, 0x00, 0x7C, 0x00, 0xF8, 0x03, 0xE0, 0x0F, 0x80, 0x1F, 0xFF,
    0xFF, 0xFF, 0xFF, 0xFE, 0xFE, 0xFE, 0xFE, 0xF0, 0xF0, 0xF0, 0xF0, 0xF0, 0xF0, 0xF0, 0xF0, 0xF0,
    0xF0, 0xF0, 0xF0, 0xF0, 0xF0, 0xF0, 0xF0, 0xF0, 0xF0, 0xF0, 0xFE, 0xFE, 0xFE, 0xF8, 0x07, 0xC0,
    0x1E, 0x00, 0xF8, 0x07, 0xC0, 0x1E, 0x00, 0xF8, 0x07, 0xC0, 0x1E, 0x00, 0xF8, 0x03, 0xC0, 0x1E,
    0x00, 0xF8, 0x03, 0xC0, 0x1E, 0x00, 0xF8, 0x03, 0xC0, 0x1E, 0x00, 0xF8, 0x03, 0xC0, 0x1E, 0x00,
    0xF8, 0x03, 0xC0, 0x1E, 0x00, 0xF8, 0xFE, 0xFE, 0xFE, 0x1E, 0x1E, 0x1E, 0x1E, 0x1E, 0x1E, 0x1E,
    0x1E, 0x1E, 0x1E, 0x1E, 0x1E, 0x1E, 0x1E, 0x1E, 0x1E, 0x1E, 0x1E, 0x1E, 0xFE, 0xFE, 0xFE, 0x07,
    0x80, 0x3F, 0x00, 0xFE, 0x07, 0xF8, 0x3F, 0xF0, 0xFB, 0xC7, 0xCF, 0x9E, 0x1F, 0xF8, 0x7C, 0xC0,
    0xC0, 0xFF, 0xFF, 0xFF, 0xFF, 0xFE, 0x30, 0xF1, 0xE1, 0xE1, 0xC1, 0x80, 0x3F, 0xC1, 0xFF, 0x8F,
    0xFC, 0x63, 0xE0, 0x0F, 0x8F, 0xFD, 0xFF, 0xEF, 0xFF, 0x7C, 0xFB, 0xE7, 0xDF, 0xFE, 0xFF, 0xF3,
    0xFF, 0x00, 0x78, 0x07, 0xC0, 0x3E, 0x01, 0xF0, 0x0F, 0x80, 0x7C, 0x03, 0xFF, 0x1F, 0xFE, 0xFF,
    0xF7, 0xEF, 0xFE, 0x3F, 0xF0, 0xFF, 0x87, 0xFC, 0x3F, 0xE3, 0xFF, 0x3F, 0xFF, 0xF7, 0xFF, 0x1F,
    0xF0, 0x1F, 0xE7, 0xFD, 0xFF, 0x7E, 0x6F, 0x81, 0xE0, 0x3C, 0x07, 0x80, 0xF8, 0x1F, 0x8D, 0xFF,
    0x9F, 0xF1, 0xFE, 0x00, 0xF8, 0x07, 0xC0, 0x3E, 0x01, 0xF0, 0x0F, 0x80, 0x7C, 0x7F, 0xEF, 0xFF,
    0x7F, 0xFF, 0xEF, 0xFE, 0x3F, 0xE1, 0xFF, 0x0F, 0xF8, 0x7F, 0xE3, 0xFF, 0x9F, 0x7F, 0xF9, 0xFF,
    0xC7, 0xFC, 0x1F, 0xC1, 0xFF, 0x1F, 0xFD, 0xFB, 0xEF, 0x8F, 0xFF, 0xFF, 0xFF, 0xFF, 0xFF, 0xF8,
    0x07, 0xE3, 0x9F, 0xFC, 0x7F, 0xE1, 0xFF, 0x00, 0x1F, 0xCF, 0xF7, 0xFD, 0xF2, 0xF8, 0x3E, 0x0F,
    0xFB, 0xFE, 0xFF, 0xBE, 0x0F, 0x83, 0xE0, 0xF8, 0x3E, 0x0F, 0x83, 0xE0, 0xF8, 0x3E, 0x0F, 0x80,
    0x1F, 0xF1, 0xFF, 0x9F, 0xFD, 0xF9, 0xEF, 0x8F, 0x78, 0x7B, 0xC3, 0xDE, 0x1E, 0xF8, 0xF7, 0xEF,
    0x9F, 0xFC, 0xFF, 0xE3, 0xFF, 0x00, 0x79, 0xC7, 0xCF, 0xFE, 0x7F, 0xE3, 0xFE, 0x00, 0x78, 0x07,
    0xC0, 0x3E, 0x01, 0xF0, 0x0F, 0x80, 0x7C, 0x03, 0xFF, 0x1F, 0xFC, 0xFF, 0xF7, 0xCF, 0xBE, 0x3D,
    0xF1, 0xEF, 0x8F, 0x7C, 0x7B, 0xE3, 0xDF, 0x1E, 0xF8, 0xF7, 0xC7, 0xBE, 0x3C, 0x7F, 0xFE, 0xF0,
    0x03, 0xFF, 0xFF, 0xFF, 0xFF, 0xFF, 0xFF, 0xFF, 0xFE, 0x0F, 0x1F, 0x1F, 0x0F, 0x00, 0x00, 0x1F,
    0x1F, 0x1F, 0x1F, 0x1F, 0x1F, 0x1F, 0x1F, 0x1F, 0x1F, 0x1F, 0x1F, 0x1F, 0x1F, 0x1F, 0xFE, 0xFE,
    0xFC, 0x78, 0x03, 0xE0, 0x0F, 0x80, 0x3E, 0x00, 0xF8, 0x03, 0xE0, 0x0F, 0x8F, 0xBE, 0x7C, 0xFB,
    0xE3, 0xFF, 0x0F, 0xF8, 0x3F, 0xC0, 0xFF, 0x83, 0xFF, 0x0F, 0xFE, 0x3E, 0xF8, 0xF9, 0xF3, 0xE3,
    0xEF, 0x8F, 0x80, 0x79, 0xF3, 0xE7, 0xCF, 0x9F, 0x3E, 0x7C, 0xF9, 0xF3, 0xE7, 0xCF, 0x9F, 0x3E,
    0x7E, 0x7E, 0xFC, 0xF0, 0x7F, 0x9F, 0x9F, 0xFF, 0xFB, 0xFF, 0xFF, 0xFC, 0xFD, 0xFF, 0x9F, 0x1F,
    0xF1, 0xE3, 0xFE, 0x3C, 0x7F, 0xC7, 0x8F, 0xF8, 0xF1, 0xFF, 0x1E, 0x3F, 0xE3, 0xC7, 0xFC, 0x78,
    0xFF, 0x8F, 0x1E, 0x7F, 0xC7, 0xFF, 0x3F, 0xFD, 0xF3, 0xEF, 0x8F, 0x7C, 0x7B, 0xE3, 0xDF, 0x1E,
    0xF8, 0xF7, 0xC7, 0xBE, 0x3D, 0xF1, 0xEF, 0x8F, 0x00, 0x1F, 0xC0, 0xFF, 0x87, 0xFF, 0x3F, 0x7E,
    0xF8, 0xFB, 0xC1, 0xEF, 0x07, 0xBC, 0x1E, 0xF8, 0xFB, 0xF7, 0xE7, 0xFF, 0x0F, 0xF8, 0x1F, 0xC0,
    0x7F, 0xC7, 0xFF, 0x3F, 0xFD, 0xF3, 0xFF, 0x8F, 0xFC, 0x3F, 0xE1, 0xFF, 0x0F, 0xF8, 0xFF, 0xEF,
    0xFF, 0xFD, 0xFF, 0xEF, 0xFC, 0x7C, 0x03, 0xE0, 0x1F, 0x00, 0xF8, 0x07, 0xC0, 0x00, 0x1F, 0xF1,
    0xFF, 0xDF, 0xFF, 0xF9, 0xFF, 0x8F, 0xF8, 0x7F, 0xC3, 0xFE, 0x1F, 0xF8, 0xFF, 0xE7, 0xDF, 0xFE,
    0xFF, 0xF1, 0xFF, 0x80, 0x7C, 0x03, 0xE0, 0x1F, 0x00, 0xF8, 0x07, 0xC0, 0x7F, 0xFF, 0xEF, 0xFB,
    0xE6, 0xF8, 0x3E, 0x0F, 0x83, 0xE0, 0xF8, 0x3E, 0x0F, 0x83, 0xE0, 0xF8, 0x00, 0x1F, 0xE3, 0xFE,
    0x7F, 0xC7, 0xCC, 0x7F, 0x07, 0xFE, 0x7F, 0xE3, 0xFE, 0x03, 0xE7, 0x1E, 0x7F, 0xE7, 0xFC, 0x7F,
    0x80, 0xF8, 0x3E, 0x0F, 0x83, 0xE0, 0xFF, 0xBF, 0xEF, 0xFB, 0xE0, 0xF8, 0x3E, 0x0F, 0x83, 0xE0,
    0xF8, 0x3F, 0x27, 0xF9, 0xFF, 0x3F, 0x80, 0xF8, 0xFF, 0x8F, 0xF8, 0xFF, 0x8F, 0xF8, 0xFF, 0x8F,
    0xF8, 0xFF, 0x8F, 0xF8, 0xF7, 0xCF, 0x7F, 0xF3, 0xFF, 0x1F, 0xF0, 0xF8, 0x7F, 0xE1, 0xE7, 0x87,
    0x9F, 0x3E, 0x7C, 0xF0, 0xF3, 0xC3, 0xDF, 0x0F, 0xF8, 0x1F, 0xE0, 0x7F, 0x00, 0xFC, 0x03, 0xF0,
    0x07, 0x80, 0xF8, 0xF1, 0xFF, 0x8F, 0x1E, 0x78, 0xF1, 0xE7, 0x9F, 0x3E, 0x7D, 0xFB, 0xC3, 0xDF,
    0xBC, 0x3F, 0xFB, 0xC3, 0xFF, 0xF8, 0x1F, 0xBF, 0x81, 0xF9, 0xF8, 0x1F, 0x9F, 0x00, 0xF1, 0xF0,
    0x0F, 0x0F, 0x00, 0xF8, 0x79, 0xF3, 0xE3, 0xFF, 0x0F, 0xF8, 0x1F, 0xE0, 0x3F, 0x00, 0xF8, 0x03,
    0xF0, 0x1F, 0xE0, 0xFF, 0xC7, 0xCF, 0x1E, 0x3E, 0xF8, 0x7C, 0xF8, 0x7F, 0xE1, 0xE7, 0x87, 0x9F,
    0x3E, 0x7C, 0xF0, 0xF3, 0xC3, 0xFF, 0x0F, 0xF8, 0x1F, 0xE0, 0x7F, 0x80, 0xFC, 0x03, 0xF0, 0x07,
    0x80, 0x3E, 0x05, 0xF0, 0x3F, 0xC0, 0xFE, 0x03, 0xF0, 0x00, 0x7F, 0xF7, 0xFF, 0x7F, 0xF0, 0x3E,
    0x07, 0xC0, 0xF8, 0x0F, 0x81, 0xF0, 0x3E, 0x07, 0xC0, 0x7F, 0xFF, 0xFF, 0xFF, 0xF0, 0x07, 0x87,
    0xE1, 0xF8, 0x7C, 0x1E, 0x07, 0x81, 0xE0, 0x78, 0x1E, 0x0F, 0x83, 0xE3, 0xF0, 0xF8, 0x3F, 0x03,
    0xE0, 0xF8, 0x1E, 0x07, 0x81, 0xE0, 0x78, 0x1E, 0x07, 0xC1, 0xF8, 0x7E, 0x07, 0x80, 0xFF, 0xFF,
    0xFF, 0xFF, 0xFF, 0xFF, 0xFF, 0xFF, 0xFF, 0xFF, 0xFF, 0xFF, 0xF0, 0xF8, 0x7E, 0x3F, 0x07, 0xC3,
    0xE1, 0xF0, 0xF8, 0x7C, 0x3E, 0x1F, 0x07, 0xC3, 0xF0, 0xF8, 0xFC, 0x7C, 0x7C, 0x3E, 0x1F, 0x0F,
    0x87, 0xC3, 0xE1, 0xF3, 0xF1, 0xF8, 0xF8, 0x00, 0x3E, 0x1D, 0xFE, 0xF7, 0xFF, 0xBD, 0xFE, 0xF1,
    0xF0, 0x77, 0xFF, 0xF7, 0x01, 0xCF, 0xFF, 0xFF, 0xFF, 0xFF, 0xFF, 0xFF, 0xC0, 0x0F, 0x81, 0xF0,
    0x3E, 0x0F, 0xF3, 0xFE, 0xFF, 0xBF, 0x37, 0xC0, 0xF0, 0x1E, 0x03, 0xE0, 0x7E, 0x37, 0xFE, 0xFF,
    0xC7, 0xF8, 0x7C, 0x0F, 0x81, 0xF0, 0x07, 0xF0, 0x7F, 0x87, 0xFC, 0x3E, 0x63, 0xE0, 0x1F, 0x00,
    0xF8, 0x1F, 0xFC, 0xFF, 0xE7, 0xFF, 0x0F, 0x80, 0x7C, 0x03, 0xE0, 0x1E, 0x00, 0xFF, 0xE7, 0xFF,
    0x3F, 0xF8, 0x00, 0x00, 0xC0, 0xC7, 0xFF, 0x9F, 0xFF, 0x3F, 0xF8, 0xF3, 0xC3, 0xC7, 0x8F, 0x1E,
    0x3C, 0xF0, 0xFF, 0xE7, 0xFF, 0xDF, 0xFE, 0x30, 0x30, 0x7C, 0x3E, 0x7C, 0x3E, 0x3E, 0x3C, 0x3E,
    0x7C, 0x1F, 0x78, 0x1F, 0xF8, 0x0F, 0xF0, 0x0F, 0xF0, 0x3F, 0xFC, 0x3F, 0xFC, 0x03, 0xC0, 0x03,
    0xC0, 0x3F, 0xFC, 0x3F, 0xFC, 0x03, 0xC0, 0x03, 0xC0, 0x03, 0xC0, 0xFF, 0xFF, 0xFF, 0xFF, 0xFF,
    0x00, 0x00, 0x0F, 0xFF, 0xFF, 0xFF, 0xFF, 0xF0, 0x1F, 0xF1, 0xFF, 0x8F, 0xFC, 0xF8, 0xC7, 0xC0,
    0x3F, 0x80, 0xFF, 0x07, 0xFC, 0x7F, 0xF3, 0xDF, 0x9E, 0x3C, 0xF1, 0xE7, 0xEF, 0x3F, 0xF8, 0xFF,
    0x83, 0xFC, 0x07, 0xF0, 0x0F, 0x9C, 0x7C, 0xFF, 0xEF, 0xFE, 0x3F, 0xE0, 0x79, 0xCF, 0x7D, 0xEF,
    0xBC, 0xE0, 0x07, 0xF8, 0x07, 0xFF, 0x03, 0xF3, 0xF1, 0xF0, 0x3C, 0x7B, 0xF7, 0xBD, 0xFC, 0xEF,
    0x7F, 0x3F, 0x9E, 0xC7, 0xEF, 0x01, 0xFB, 0xC0, 0x7E, 0x7B, 0x1F, 0xDF, 0xCF, 0xF7, 0xFB, 0x9E,
    0xFD, 0xE7, 0xC0, 0xF0, 0xFC, 0xFC, 0x1F, 0xFC, 0x01, 0xFE, 0x00, 0x7F, 0x1F, 0xE2, 0x78, 0x7E,
    0x7F, 0xBF, 0xEF, 0x3B, 0xCE, 0x7F, 0x9F, 0xE0, 0x00, 0x10, 0x1C, 0x78, 0x7C, 0xF1, 0xF3, 0xE7,
    0xCF, 0x8F, 0x9F, 0x3E, 0x7C, 0x3E, 0x7C, 0x7C, 0xF8, 0x7C, 0xF8, 0x7C, 0xF0, 0x71, 0xE0, 0x81,
    0x00, 0xFF, 0xFF, 0xFF, 0xFF, 0xF0, 0x0F, 0x00, 0xF0, 0x0F, 0x00, 0xF0, 0x0F, 0x00, 0xF0, 0xFF,
    0xFF, 0xFF, 0x07, 0xF8, 0x07, 0xFF, 0x03, 0xF3, 0xF1, 0xF0, 0x3C, 0x7F, 0xF7, 0xBD, 0xFC, 0xEF,
    0x77, 0xBF, 0x9D, 0xE7, 0xE7, 0xF9, 0xF9, 0xFC, 0x7E, 0x77, 0x1F, 0xDD, 0xCF, 0xF7, 0x3B, 0x9F,
    0xCF, 0xE7, 0xC0, 0xF0, 0xFC, 0xFC, 0x1F, 0xFC, 0x01, 0xFE, 0x00, 0xFF, 0xFF, 0xFF, 0xE0, 0x3E,
    0x3F, 0xBD, 0xFE, 0xFF, 0x7B, 0xF8, 0xF8, 0x0F, 0x00, 0xF0, 0x0F, 0x00, 0xF0, 0xFF, 0xFF, 0xFF,
    0xFF, 0xF0, 0xF0, 0x0F, 0x00, 0xF0, 0x0F, 0x00, 0x00, 0xFF, 0xFF, 0xFF, 0xFF, 0xF0, 0x7E, 0x7F,
    0x9B, 0xC1, 0xE1, 0xF1, 0xF1, 0xF0, 0xF0, 0x7F, 0x7F, 0x80, 0x7E, 0xFF, 0x6F, 0x0F, 0x3E, 0x3F,
    0x0F, 0x47, 0xFF, 0xFE, 0x18, 0x78, 0xF3, 0xC7, 0x0C, 0x00, 0xF8, 0xF7, 0xC7, 0xBE, 0x3D, 0xF1,
    0xEF, 0x8F, 0x7C, 0x7B, 0xE3, 0xDF, 0x1E, 0xF8, 0xF7, 0xE7, 0xBF, 0xFD, 0xFF, 0xEF, 0xFF, 0x7C,
    0x03, 0xE0, 0x1F, 0x00, 0xF8, 0x07, 0xC0, 0x00, 0x07, 0xF8, 0x7F, 0xFD, 0xFF, 0xFF, 0xFF, 0xFF,
    0xF9, 0xFF, 0xF3, 0xFF, 0xE7, 0xFF, 0xCF, 0xFF, 0x9E, 0xFF, 0x3C, 0xFE, 0x78, 0x7C, 0xF0, 0x79,
    0xE0, 0xF3, 0xC1, 0xE7, 0x83, 0xCF, 0x07, 0x9E, 0x0F, 0x3C, 0x1E, 0x78, 0x3C, 0xF0, 0x79, 0xE0,
    0xF3, 0xC1, 0xE7, 0x80, 0x79, 0xFF, 0xDF, 0x78, 0x38, 0xE7, 0xC7, 0xFF, 0xFF, 0x00, 0x1E, 0xFD,
    0xFB, 0xF0, 0xE1, 0xC3, 0x87, 0x0E, 0x1C, 0x1F, 0x87, 0xF9, 0xEF, 0x38, 0xFF, 0x1F, 0xE3, 0xDC,
    0x7B, 0xDE, 0x3F, 0xC3, 0xF0, 0x10, 0x00, 0xF1, 0xC1, 0xE7, 0xC3, 0xE7, 0xC3, 0xEF, 0x87, 0xCF,
    0x87, 0xCF, 0x9F, 0x3E, 0x3E, 0xF8, 0xF9, 0xF1, 0xE7, 0xC3, 0xC7, 0x01, 0x00, 0x00, 0x1E, 0x07,
    0x81, 0xF8, 0x1E, 0x0F, 0xE0, 0xF0, 0x1F, 0x83, 0xC0, 0x1E, 0x1E, 0x00, 0x78, 0x78, 0x01, 0xE3,
    0xC0, 0x07, 0x8F, 0x1E, 0x1E, 0x78, 0xF8, 0x79, 0xE7, 0xE0, 0x0F, 0x1F, 0x80, 0x3C, 0xEE, 0x01,
    0xE7, 0xB8, 0x07, 0x9F, 0xF0, 0x3C, 0x7F, 0xC0, 0xF0, 0x0E, 0x07, 0x80, 0x38, 0x3E, 0x00, 0x00,
    0x1E, 0x07, 0x03, 0xF0, 0x78, 0x3F, 0x83, 0xC0, 0xFC, 0x3C, 0x01, 0xE3, 0xE0, 0x0F, 0x1E, 0x00,
    0x79, 0xF0, 0x03, 0xCF, 0x7E, 0x1E, 0xFF, 0xF8, 0xF7, 0x9B, 0xC0, 0x7C, 0x1E, 0x03, 0xC1, 0xF0,
    0x3E, 0x1F, 0x01, 0xE1, 0xF0, 0x1F, 0x0F, 0x00, 0xF0, 0xFF, 0x0F, 0x87, 0xF8, 0x78, 0x00, 0x00,
    0x7E, 0x03, 0xC1, 0xFC, 0x1E, 0x06, 0xF0, 0x78, 0x03, 0xC3, 0xC0, 0x3E, 0x0F, 0x00, 0xFC, 0x78,
    0x00, 0x71, 0xE0, 0x19, 0xCF, 0x1E, 0xFF, 0x3C, 0xFB, 0xF9, 0xE7, 0xE0, 0x07, 0x9F, 0x80, 0x3C,
    0xEE, 0x00, 0xF7, 0xB8, 0x07, 0x9F, 0xF0, 0x1E, 0x7F, 0xC0, 0xF0, 0x0E, 0x03, 0xC0, 0x38, 0x1E,
    0x00, 0x00, 0x0F, 0x01, 0xF0, 0x3E, 0x07, 0xC0, 0xF0, 0x00, 0x03, 0xC0, 0x78, 0x1F, 0x03, 0xE0,
    0xF8, 0x3E, 0x0F, 0x81, 0xF0, 0x3F, 0x73, 0xFF, 0x7F, 0xE7, 0xF8, 0x01, 0x80, 0x00, 0xF0, 0x00,
    0x3E, 0x00, 0x07, 0xC0, 0x00, 0xF0, 0x00, 0x18, 0x00, 0x00, 0x00, 0x07, 0x80, 0x03, 0xF0, 0x00,
    0xFC, 0x00, 0x7F, 0x80, 0x1F, 0xE0, 0x0F, 0xFC, 0x03, 0xCF, 0x01, 0xF3, 0xE0, 0x78, 0xF8, 0x1E,
    0x1E, 0x0F, 0xFF, 0xC3, 0xFF, 0xF0, 0xFF, 0xFE, 0x7C, 0x0F, 0x9F, 0x03, 0xEF, 0x80, 0x7F, 0xE0,
    0x1F, 0x00, 0x60, 0x00, 0x3C, 0x00, 0x1F, 0x00, 0x0F, 0x80, 0x03, 0xC0, 0x00, 0x60, 0x00, 0x00,
    0x00, 0x07, 0x80, 0x03, 0xF0, 0x00, 0xFC, 0x00, 0x7F, 0x80, 0x1F, 0xE0, 0x0F, 0xFC, 0x03, 0xCF,
    0x01, 0xF3, 0xE0, 0x78, 0xF8, 0x1E, 0x1E, 0x0F, 0xFF, 0xC3, 0xFF, 0xF0, 0xFF, 0xFE, 0x7C, 0x0F,
    0x9F, 0x03, 0xEF, 0x80, 0x7F, 0xE0, 0x1F, 0x00, 0xC0, 0x00, 0x78, 0x00, 0x3F, 0x00, 0x1F, 0xE0,
    0x03, 0x30, 0x00, 0x00, 0x00, 0x1E, 0x00, 0x0F, 0xC0, 0x03, 0xF0, 0x01, 0xFE, 0x00, 0x7F, 0x80,
    0x3F, 0xF0, 0x0F, 0x3C, 0x07, 0xCF, 0x81, 0xE3, 0xE0, 0x78, 0x78, 0x3F, 0xFF, 0x0F, 0xFF, 0xC3,
    0xFF, 0xF9, 0xF0, 0x3E, 0x7C, 0x0F, 0xBE, 0x01, 0xFF, 0x80, 0x7C, 0x03, 0xD8, 0x01, 0xFF, 0x00,
    0xFF, 0x80, 0x1B, 0xE0, 0x00, 0x00, 0x00, 0x00, 0x00, 0x1E, 0x00, 0x0F, 0xC0, 0x03, 0xF0, 0x01,
    0xFE, 0x00, 0x7F, 0x80, 0x3F, 0xF0, 0x0F, 0x3C, 0x07, 0xCF, 0x81, 0xE3, 0xE0, 0x78, 0x78, 0x3F,
    0xFF, 0x0F, 0xFF, 0xC3, 0xFF, 0xF9, 0xF0, 0x3E, 0x7C, 0x0F, 0xBE, 0x01, 0xFF, 0x80, 0x7C, 0x0F,
    0x38, 0x03, 0xDF, 0x00, 0xF7, 0xC0, 0x3C, 0xE0, 0x00, 0x00, 0x00, 0x00, 0x00, 0x1E, 0x00, 0x0F,
    0xC0, 0x03, 0xF0, 0x01, 0xFE, 0x00, 0x7F, 0x80, 0x3F, 0xF0, 0x0F, 0x3C, 0x07, 0xCF, 0x81, 0xE3,
    0xE0, 0x78, 0x78, 0x3F, 0xFF, 0x0F, 0xFF, 0xC3, 0xFF, 0xF9, 0xF0, 0x3E, 0x7C, 0x0F, 0xBE, 0x01,
    0xFF, 0x80, 0x7C, 0x01, 0xE0, 0x00, 0xFC, 0x00, 0x3F, 0x00, 0x0F, 0xC0, 0x03, 0xF0, 0x00, 0xFC,
    0x00, 0x3F, 0x00, 0x1F, 0xE0, 0x07, 0xF8, 0x01, 0xFE, 0x00, 0xFF, 0xC0, 0x3C, 0xF0, 0x1F, 0x3E,
    0x07, 0x8F, 0x81, 0xE1, 0xE0, 0xFF, 0xFC, 0x3F, 0xFF, 0x1F, 0xFF, 0xE7, 0xC0, 0xF9, 0xE0, 0x3E,
    0xF8, 0x07, 0xFE, 0x01, 0xF0, 0x00, 0x3F, 0xFF, 0x00, 0x7F, 0xFF, 0x00, 0x7F, 0xFF, 0x00, 0xFF,
    0x00, 0x01, 0xFF, 0x00, 0x01, 0xEF, 0x00, 0x03, 0xEF, 0x00, 0x07, 0xCF, 0xFE, 0x07, 0xCF, 0xFE,
    0x0F, 0x8F, 0xFE, 0x0F, 0xFF, 0x00, 0x1F, 0xFF, 0x00, 0x3F, 0xFF, 0x00, 0x3E, 0x0F, 0x00, 0x7C,
    0x0F, 0xFF, 0x7C, 0x0F, 0xFF, 0xF8, 0x0F, 0xFF, 0x07, 0xFC, 0x3F, 0xFC, 0xFF, 0xF3, 0xF8, 0xE7,
    0xC0, 0x1F, 0x00, 0x3E, 0x00, 0x7C, 0x00, 0xF8, 0x01, 0xF0, 0x03, 0xE0, 0x07, 0xC0, 0x07, 0xC0,
    0x0F, 0xE3, 0x8F, 0xFF, 0x8F, 0xFF, 0x07, 0xFC, 0x03, 0x80, 0x07, 0x80, 0x07, 0x00, 0x7E, 0x00,
    0xF8, 0x00, 0x0C, 0x00, 0xF0, 0x07, 0xC0, 0x1F, 0x00, 0x78, 0x01, 0x80, 0x00, 0x1F, 0xFE, 0xFF,
    0xF7, 0xFF, 0xBC, 0x01, 0xE0, 0x0F, 0x00, 0x78, 0x03, 0xFF, 0x9F, 0xFC, 0xFF, 0xE7, 0x80, 0x3C,
    0x01, 0xE0, 0x0F, 0x00, 0x7F, 0xFF, 0xFF, 0xFF, 0xFF, 0x03, 0x00, 0x3C, 0x03, 0xE0, 0x3E, 0x01,
    0xE0, 0x06, 0x00, 0x00, 0x1F, 0xFE, 0xFF, 0xF7, 0xFF, 0xBC, 0x01, 0xE0, 0x0F, 0x00, 0x78, 0x03,
    0xFF, 0x9F, 0xFC, 0xFF, 0xE7, 0x80, 0x3C, 0x01, 0xE0, 0x0F, 0x00, 0x7F, 0xFF, 0xFF, 0xFF, 0xFF,
    0x06, 0x00, 0x78, 0x0F, 0xE0, 0x7F, 0x83, 0x98, 0x00, 0x03, 0xFF, 0xDF, 0xFE, 0xFF, 0xF7, 0x80,
    0x3C, 0x01, 0xE0, 0x0F, 0x00, 0x7F, 0xF3, 0xFF, 0x9F, 0xFC, 0xF0, 0x07, 0x80, 0x3C, 0x01, 0xE0,
    0x0F, 0xFF, 0xFF, 0xFF, 0xFF, 0xE0, 0x79, 0xC3, 0xDF, 0x1E, 0xF8, 0xF3, 0x80, 0x00, 0x00, 0x03,
    0xFF, 0xDF, 0xFE, 0xFF, 0xF7, 0x80, 0x3C, 0x01, 0xE0, 0x0F, 0x00, 0x7F, 0xF3, 0xFF, 0x9F, 0xFC,
    0xF0, 0x07, 0x80, 0x3C, 0x01, 0xE0, 0x0F, 0xFF, 0xFF, 0xFF, 0xFF, 0xE0, 0x30, 0xF1, 0xF1, 0xF1,
    0xE1, 0x80, 0x1E, 0x3C, 0x78, 0xF1, 0xE3, 0xC7, 0x8F, 0x1E, 0x3C, 0x78, 0xF1, 0xE3, 0xC7, 0x8F,
    0x1E, 0x18, 0x79, 0xF7, 0xCF, 0x0C, 0x00, 0x3C, 0x78, 0xF1, 0xE3, 0xC7, 0x8F, 0x1E, 0x3C, 0x78,
    0xF1, 0xE3, 0xC7, 0x8F, 0x1E, 0x3C, 0x18, 0x3C, 0x7E, 0xFF, 0x66, 0x00, 0x3C, 0x3C, 0x3C, 0x3C,
    0x3C, 0x3C, 0x3C, 0x3C, 0x3C, 0x3C, 0x3C, 0x3C, 0x3C, 0x3C, 0x3C, 0x3C, 0x3C, 0xF3, 0xFC, 0xFF,
    0x3F, 0xCF, 0x00, 0x00, 0x01, 0xE0, 0x78, 0x1E, 0x07, 0x81, 0xE0, 0x78, 0x1E, 0x07, 0x81, 0xE0,
    0x78, 0x1E, 0x07, 0x81, 0xE0, 0x78, 0x1E, 0x07, 0x81, 0xE0, 0x3F, 0xF8, 0x0F, 0xFF, 0x83, 0xFF,
    0xF0, 0xF9, 0xFE, 0x3E, 0x0F, 0x8F, 0x83, 0xE3, 0xE0, 0x7F, 0xFF, 0x1F, 0xFF, 0xC7, 0xFF, 0xF1,
    0xF3, 0xE0, 0x7C, 0xF8, 0x3E, 0x3E, 0x1F, 0x8F, 0x9F, 0xC3, 0xFF, 0xF0, 0xFF, 0xF0, 0x3F, 0xF8,
    0x00, 0x0F, 0x70, 0x3F, 0xE0, 0x7F, 0xC0, 0xEF, 0x00, 0x00, 0x00, 0x00, 0x3C, 0x07, 0xFC, 0x0F,
    0xFC, 0x1F, 0xFC, 0x3F, 0xFC, 0x7F, 0xF8, 0xFF, 0xF9, 0xFE, 0xFB, 0xFD, 0xF7, 0xF9, 0xFF, 0xF1,
    0xFF, 0xE1, 0xFF, 0xC3, 0xFF, 0x83, 0xFF, 0x03, 0xFE, 0x07, 0xFC, 0x07, 0x80, 0x01, 0x80, 0x00,
    0xF0, 0x00, 0x3E, 0x00, 0x07, 0xC0, 0x00, 0xF0, 0x00, 0x18, 0x00, 0x00, 0x00, 0x1F, 0xE0, 0x1F,
    0xFE, 0x0F, 0xFF, 0xC7, 0xF3, 0xF1, 0xF0, 0x3E, 0xF8, 0x0F, 0xBE, 0x01, 0xFF, 0x80, 0x7F, 0xE0,
    0x1F, 0xF8, 0x07, 0xFE, 0x01, 0xFF, 0x80, 0xF9, 0xF0, 0x3E, 0x7F, 0x3F, 0x8F, 0xFF, 0xC1, 0xFF,
    0xE0, 0x1F, 0xE0, 0x00, 0x60, 0x00, 0x3C, 0x00, 0x1F, 0x00, 0x0F, 0x80, 0x03, 0xC0, 0x00, 0x60,
    0x00, 0x00, 0x00, 0x1F, 0xE0, 0x1F, 0xFE, 0x0F, 0xFF, 0xC7, 0xF3, 0xF1, 0xF0, 0x3E, 0xF8, 0x0F,
    0xBE, 0x01, 0xFF, 0x80, 0x7F, 0xE0, 0x1F, 0xF8, 0x07, 0xFE, 0x01, 0xFF, 0x80, 0xF9, 0xF0, 0x3E,
    0x7F, 0x3F, 0x8F, 0xFF, 0xC1, 0xFF, 0xE0, 0x1F, 0xE0, 0x00, 0xC0, 0x00, 0x78, 0x00, 0x7F, 0x00,
    0x1F, 0xE0, 0x07, 0x30, 0x00, 0x00, 0x00, 0x7F, 0x80, 0x7F, 0xF8, 0x3F, 0xFF, 0x1F, 0xCF, 0xC7,
    0xC0, 0xFB, 0xE0, 0x3E, 0xF8, 0x07, 0xFE, 0x01, 0xFF, 0x80, 0x7F, 0xE0, 0x1F, 0xF8, 0x07, 0xFE,
    0x03, 0xE7, 0xC0, 0xF9, 0xFC, 0xFE, 0x3F, 0xFF, 0x07, 0xFF, 0x80, 0x7F, 0x80, 0x07, 0xD8, 0x01,
    0xFF, 0x00, 0xFF, 0x80, 0x1B, 0xC0, 0x00, 0x00, 0x00, 0x00, 0x00, 0x7F, 0x80, 0x7F, 0xF8, 0x3F,
    0xFF, 0x1F, 0xCF, 0xC7, 0xC0, 0xFB, 0xE0, 0x3E, 0xF8, 0x07, 0xFE, 0x01, 0xFF, 0x80, 0x7F, 0xE0,
    0x1F, 0xF8, 0x07, 0xFE, 0x03, 0xE7, 0xC0, 0xF9, 0xFC, 0xFE, 0x3F, 0xFF, 0x07, 0xFF, 0x80, 0x7F,
    0x80, 0x0F, 0x38, 0x03, 0xDF, 0x00, 0xF7, 0xC0, 0x3C, 0xE0, 0x00, 0x00, 0x00, 0x00, 0x00, 0x7F,
    0x80, 0x7F, 0xF8, 0x3F, 0xFF, 0x1F, 0xCF, 0xC7, 0xC0, 0xFB, 0xE0, 0x3E, 0xF8, 0x07, 0xFE, 0x01,
    0xFF, 0x80, 0x7F, 0xE0, 0x1F, 0xF8, 0x07, 0xFE, 0x03, 0xE7, 0xC0, 0xF9, 0xFC, 0xFE, 0x3F, 0xFF,
    0x07, 0xFF, 0x80, 0x7F, 0x80, 0x30, 0xC7, 0x9E, 0xFF, 0xF7, 0xFE, 0x3F, 0xC1, 0xF8, 0x3F, 0xC7,
    0xFE, 0xFF, 0xF7, 0x9E, 0x30, 0xC0, 0x00, 0x03, 0x01, 0xFF, 0xE1, 0xFF, 0xF8, 0xFF, 0xFC, 0x7F,
    0x3F, 0x1F, 0x0F, 0xEF, 0x87, 0xFB, 0xE3, 0xFF, 0xF8, 0xF7, 0xFE, 0x79, 0xFF, 0xBC, 0x7F, 0xFE,
    0x1F, 0xFF, 0x8F, 0x9F, 0xC3, 0xE7, 0xF3, 0xF8, 0xFF, 0xFC, 0x7F, 0xFE, 0x1F, 0xFE, 0x03, 0x00,
    0x00, 0x06, 0x00, 0x1E, 0x00, 0x3E, 0x00, 0x3E, 0x00, 0x3C, 0x00, 0x30, 0x00, 0x00, 0x7C, 0x0F,
    0xF8, 0x1F, 0xF0, 0x3F, 0xE0, 0x7F, 0xC0, 0xFF, 0x81, 0xFF, 0x03, 0xFE, 0x07, 0xFC, 0x0F, 0xF8,
    0x1F, 0xF0, 0x3F, 0xE0, 0x7B, 0xE1, 0xF7, 0xE7, 0xEF, 0xFF, 0x8F, 0xFE, 0x07, 0xF8, 0x00, 0xC0,
    0x03, 0xC0, 0x0F, 0x80, 0x3E, 0x00, 0x78, 0x00, 0x60, 0x00, 0x00, 0x7C, 0x0F, 0xF8, 0x1F, 0xF0,
    0x3F, 0xE0, 0x7F, 0xC0, 0xFF, 0x81, 0xFF, 0x03, 0xFE, 0x07, 0xFC, 0x0F, 0xF8, 0x1F, 0xF0, 0x3F,
    0xE0, 0x7B, 0xE1, 0xF7, 0xE7, 0xEF, 0xFF, 0x8F, 0xFE, 0x07, 0xF8, 0x01, 0x80, 0x07, 0x80, 0x3F,
    0x80, 0x7F, 0x80, 0xE6, 0x00, 0x00, 0x3E, 0x07, 0xFC, 0x0F, 0xF8, 0x1F, 0xF0, 0x3F, 0xE0, 0x7F,
    0xC0, 0xFF, 0x81, 0xFF, 0x03, 0xFE, 0x07, 0xFC, 0x0F, 0xF8, 0x1F, 0xF0, 0x3D, 0xF0, 0xFB, 0xF3,
    0xF7, 0xFF, 0xC7, 0xFF, 0x03, 0xFC, 0x00, 0x1E, 0x70, 0x3D, 0xF0, 0x7B, 0xE0, 0xF3, 0x80, 0x00,
    0x00, 0x00, 0x3E, 0x07, 0xFC, 0x0F, 0xF8, 0x1F, 0xF0, 0x3F, 0xE0, 0x7F, 0xC0, 0xFF, 0x81, 0xFF,
    0x03, 0xFE, 0x07, 0xFC, 0x0F, 0xF8, 0x1F, 0xF0, 0x3D, 0xF0, 0xFB, 0xF3, 0xF7, 0xFF, 0xC7, 0xFF,
    0x03, 0xFC, 0x00, 0x00, 0x60, 0x00, 0x78, 0x00, 0x7C, 0x00, 0x7C, 0x00, 0x3C, 0x00, 0x0C, 0x00,
    0x00, 0x01, 0xF0, 0x3F, 0x7C, 0x1F, 0x3E, 0x1F, 0x0F, 0x8F, 0x87, 0xCF, 0x81, 0xF7, 0xC0, 0xFF,
    0xC0, 0x3F, 0xE0, 0x0F, 0xE0, 0x07, 0xE0, 0x01, 0xF0, 0x00, 0xF8, 0x00, 0x7C, 0x00, 0x3E, 0x00,
    0x1F, 0x00, 0x0F, 0x80, 0x07, 0xC0, 0xF0, 0x03, 0xC0, 0x0F, 0xFC, 0x3F, 0xFC, 0xFF, 0xFB, 0xC7,
    0xEF, 0x0F, 0xBC, 0x1F, 0xF0, 0x7F, 0xC3, 0xEF, 0x1F, 0xBF, 0xFE, 0xFF, 0xF3, 0xFF, 0x0F, 0x00,
    0x3C, 0x00, 0xF0, 0x00, 0x1F, 0xC0, 0x7F, 0xE1, 0xFF, 0xC3, 0xE7, 0xC7, 0x8F, 0x9F, 0x1E, 0x3E,
    0x7C, 0x7C, 0xF0, 0xFB, 0xC1, 0xF7, 0x83, 0xEF, 0xC7, 0xDF, 0xCF, 0x9F, 0xDF, 0x0F, 0xFE, 0x0F,
    0xFD, 0x9F, 0xFB, 0xFF, 0xF7, 0xFB, 0xEF, 0xE0, 0x06, 0x00, 0x78, 0x03, 0xE0, 0x0F, 0x00, 0x38,
    0x00, 0xC0, 0x00, 0x07, 0xF8, 0x3F, 0xF1, 0xFF, 0x8C, 0x7C, 0x01, 0xF1, 0xFF, 0xBF, 0xFD, 0xFF,
    0xEF, 0x9F, 0x7C, 0xFB, 0xFF, 0xDF, 0xFE, 0x7F, 0xE0, 0x01, 0x80, 0x1E, 0x01, 0xF0, 0x1F, 0x00,
    0xF0, 0x03, 0x00, 0x00, 0x07, 0xF8, 0x3F, 0xF1, 0xFF, 0x8C, 0x7C, 0x01, 0xF1, 0xFF, 0xBF, 0xFD,
    0xFF, 0xEF, 0x9F, 0x7C, 0xFB, 0xFF, 0xDF, 0xFE, 0x7F, 0xE0, 0x07, 0x00, 0x7C, 0x07, 0xF0, 0x7F,
    0xC1, 0x8C, 0x00, 0x00, 0xFF, 0x07, 0xFE, 0x3F, 0xF1, 0x8F, 0x80, 0x3E, 0x3F, 0xF7, 0xFF, 0xBF,
    0xFD, 0xF3, 0xEF, 0x9F, 0x7F, 0xFB, 0xFF, 0xCF, 0xFC, 0x1F, 0x61, 0xFF, 0x8F, 0xF8, 0x37, 0x80,
    0x00, 0x00, 0x00, 0xFF, 0x07, 0xFE, 0x3F, 0xF1, 0x8F, 0x80, 0x3E, 0x3F, 0xF7, 0xFF, 0xBF, 0xFD,
    0xF3, 0xEF, 0x9F, 0x7F, 0xFB, 0xFF, 0xCF, 0xFC, 0x3C, 0xE1, 0xEF, 0x8F, 0x7C, 0x79, 0xC0, 0x00,
    0x00, 0x00, 0xFF, 0x07, 0xFE, 0x3F, 0xF1, 0x8F, 0x80, 0x3E, 0x3F, 0xF7, 0xFF, 0xBF, 0xFD, 0xF3,
    0xEF, 0x9F, 0x7F, 0xFB, 0xFF, 0xCF, 0xFC, 0x07, 0x80, 0x7E, 0x03, 0x70, 0x1F, 0x80, 0xFC, 0x03,
    0xC0, 0x00, 0x07, 0xF8, 0x3F, 0xF1, 0xFF, 0x8C, 0x7C, 0x01, 0xF1, 0xFF, 0xBF, 0xFD, 0xFF, 0xEF,
    0x9F, 0x7C, 0xFB, 0xFF, 0xDF, 0xFE, 0x7F, 0xE0, 0x3F, 0xCF, 0xC1, 0xFF, 0xFF, 0x0F, 0xFF, 0xFC,
    0x63, 0xFB, 0xF0, 0x0F, 0x87, 0x8F, 0xFF, 0xFD, 0xFF, 0xFF, 0xEF, 0xFF, 0xFF, 0x7C, 0xF8, 0x03,
    0xE3, 0xF3, 0x9F, 0xFF, 0xFC, 0xFF, 0xFF, 0xE3, 0xFF, 0xFF, 0x00, 0x1F, 0xE7, 0xFD, 0xFF, 0x7E,
    0x6F, 0x81, 0xE0, 0x3C, 0x07, 0x80, 0xF8, 0x1F, 0x8D, 0xFF, 0x9F, 0xF0, 0xFE, 0x1E, 0x01, 0xE0,
    0x3C, 0x1F, 0x83, 0xE0, 0x0C, 0x00, 0xF0, 0x07, 0xC0, 0x1F, 0x00, 0x78, 0x01, 0x80, 0x00, 0x03,
    0xF8, 0x3F, 0xE3, 0xFF, 0xBF, 0x7D, 0xF1, 0xFF, 0xFF, 0xFF, 0xFF, 0xFF, 0xFF, 0x00, 0xFC, 0x73,
    0xFF, 0x8F, 0xFC, 0x3F, 0xE0, 0x03, 0x00, 0x3C, 0x03, 0xE0, 0x1E, 0x00, 0xE0, 0x06, 0x00, 0x00,
    0x03, 0xF8, 0x3F, 0xE3, 0xFF, 0xBF, 0x7D, 0xF1, 0xFF, 0xFF, 0xFF, 0xFF, 0xFF, 0xFF, 0x00, 0xFC,
    0x73, 0xFF, 0x8F, 0xFC, 0x3F, 0xE0, 0x06, 0x00, 0x7C, 0x07, 0xF0, 0x7F, 0x81, 0x8C, 0x00, 0x00,
    0x7F, 0x07, 0xFC, 0x7F, 0xF7, 0xEF, 0xBE, 0x3F, 0xFF, 0xFF, 0xFF, 0xFF, 0xFF, 0xE0, 0x1F, 0x8E,
    0x7F, 0xF1, 0xFF, 0x87, 0xFC, 0x39, 0xE3, 0xEF, 0x1F, 0x78, 0x73, 0xC0, 0x00, 0x00, 0x00, 0x7F,
    0x07, 0xFC, 0x7F, 0xF7, 0xEF, 0xBE, 0x3F, 0xFF, 0xFF, 0xFF, 0xFF, 0xFF, 0xE0, 0x1F, 0x8E, 0x7F,
    0xF1, 0xFF, 0x87, 0xFC, 0x30, 0xF1, 0xF1, 0xE1, 0xC1, 0x80, 0x3E, 0x7C, 0xF9, 0xF3, 0xE7, 0xCF,
    0x9F, 0x3E, 0x7C, 0xF9, 0xF3, 0xE0, 0x18, 0xF7, 0xFE, 0xF1, 0x80, 0x3E, 0xFB, 0xEF, 0xBE, 0xFB,
    0xEF, 0xBE, 0xFB, 0xEF, 0xBE, 0x0C, 0x1F, 0x1F, 0xCF, 0xF6, 0x30, 0x00, 0xF8, 0x7C, 0x3E, 0x1F,
    0x0F, 0x87, 0xC3, 0xE1, 0xF0, 0xF8, 0x7C, 0x3E, 0x1F, 0x0F, 0x80, 0x71, 0xCF, 0x7D, 0xEF, 0xB8,
    0xE0, 0x00, 0x00, 0x07, 0xC0, 0xF8, 0x1F, 0x03, 0xE0, 0x7C, 0x0F, 0x81, 0xF0, 0x3E, 0x07, 0xC0,
    0xF8, 0x1F, 0x03, 0xE0, 0x7C, 0x00, 0x07, 0x00, 0x3F, 0xE0, 0x7F, 0x83, 0xFE, 0x0F, 0xF0, 0x1F,
    0xC0, 0x0F, 0x87, 0xFE, 0x7F, 0xF9, 0xFF, 0xEF, 0xCF, 0xBE, 0x1E, 0xF0, 0x7B, 0xC1, 0xEF, 0x8F,
    0xBF, 0x7C, 0x7F, 0xF1, 0xFF, 0x81, 0xFC, 0x00, 0x1E, 0xE1, 0xFF, 0x0F, 0xF8, 0x77, 0x80, 0x00,
    0x00, 0x01, 0xFF, 0x1F, 0xFC, 0xFF, 0xF7, 0xCF, 0xBE, 0x3D, 0xF1, 0xEF, 0x8F, 0x7C, 0x7B, 0xE3,
    0xDF, 0x1E, 0xF8, 0xF7, 0xC7, 0xBE, 0x3C, 0x06, 0x00, 0x3C, 0x00, 0xF0, 0x01, 0xE0, 0x03, 0x80,
    0x06, 0x00, 0x00, 0x07, 0xF0, 0x3F, 0xE1, 0xFF, 0xCF, 0xDF, 0xBE, 0x3E, 0xF0, 0x7B, 0xC1, 0xEF,
    0x07, 0xBE, 0x3E, 0xFD, 0xF9, 0xFF, 0xC3, 0xFE, 0x07, 0xF0, 0x03, 0x80, 0x0F, 0x00, 0x7C, 0x03,
    0xE0, 0x0F, 0x00, 0x18, 0x00, 0x00, 0x07, 0xF0, 0x3F, 0xE1, 0xFF, 0xCF, 0xDF, 0xBE, 0x3E, 0xF0,
    0x7B, 0xC1, 0xEF, 0x07, 0xBE, 0x3E, 0xFD, 0xF9, 0xFF, 0xC3, 0xFE, 0x07, 0xF0, 0x07, 0x00, 0x3E,
    0x01, 0xFC, 0x0F, 0xF8, 0x18, 0xC0, 0x00, 0x01, 0xFC, 0x0F, 0xF8, 0x7F, 0xF3, 0xF7, 0xEF, 0x8F,
    0xBC, 0x1E, 0xF0, 0x7B, 0xC1, 0xEF, 0x8F, 0xBF, 0x7E, 0x7F, 0xF0, 0xFF, 0x81, 0xFC, 0x00, 0x1E,
    0xE0, 0xFF, 0x83, 0xFE, 0x0E, 0xF0, 0x00, 0x00, 0x00, 0x01, 0xFC, 0x0F, 0xF8, 0x7F, 0xF3, 0xF7,
    0xEF, 0x8F, 0xBC, 0x1E, 0xF0, 0x7B, 0xC1, 0xEF, 0x8F, 0xBF, 0x7E, 0x7F, 0xF0, 0xFF, 0x81, 0xFC,
    0x00, 0x3C, 0xE0, 0xF7, 0xC3, 0xDF, 0x0F, 0x38, 0x00, 0x00, 0x00, 0x01, 0xFC, 0x0F, 0xF8, 0x7F,
    0xF3, 0xF7, 0xEF, 0x8F, 0xBC, 0x1E, 0xF0, 0x7B, 0xC1, 0xEF, 0x8F, 0xBF, 0x7E, 0x7F, 0xF0, 0xFF,
    0x81, 0xFC, 0x00, 0x0F, 0x00, 0xF8, 0x0F, 0x80, 0xF0, 0x00, 0x0F, 0xFF, 0xFF, 0xFF, 0xFF, 0x00,
    0x00, 0xF0, 0x0F, 0x80, 0xF8, 0x0F, 0x00, 0x00, 0x30, 0x7F, 0xE3, 0xFF, 0x9F, 0xFC, 0xFD, 0xFB,
    0xEF, 0xEF, 0x3F, 0xBD, 0xDE, 0xFF, 0x7B, 0xF9, 0xEF, 0xDF, 0x9F, 0xFC, 0x7F, 0xE3, 0xFF, 0x06,
    0x00, 0x00, 0x0C, 0x01, 0xE0, 0x1F, 0x00, 0xF8, 0x07, 0x80, 0x30, 0x00, 0x0F, 0x8F, 0xF8, 0xFF,
    0x8F, 0xF8, 0xFF, 0x8F, 0xF8, 0xFF, 0x8F, 0xF8, 0xFF, 0x8F, 0x7C, 0xF7, 0xFF, 0x3F, 0xF1, 0xFF,
    0x03, 0x00, 0x78, 0x07, 0x80, 0xF0, 0x0E, 0x00, 0xC0, 0x00, 0x0F, 0x8F, 0xF8, 0xFF, 0x8F, 0xF8,
    0xFF, 0x8F, 0xF8, 0xFF, 0x8F, 0xF8, 0xFF, 0x8F, 0x7C, 0xF7, 0xFF, 0x3F, 0xF1, 0xFF, 0x06, 0x00,
    0xF8, 0x1F, 0xC3, 0xFC, 0x18, 0xC0, 0x00, 0xF8, 0xFF, 0x8F, 0xF8, 0xFF, 0x8F, 0xF8, 0xFF, 0x8F,
    0xF8, 0xFF, 0x8F, 0xF8, 0xF7, 0xCF, 0x7F, 0xF3, 0xFF, 0x1F, 0xF0, 0x39, 0xE7, 0xDE, 0x7D, 0xE3,
    0x9E, 0x00, 0x00, 0x00, 0xF8, 0xFF, 0x8F, 0xF8, 0xFF, 0x8F, 0xF8, 0xFF, 0x8F, 0xF8, 0xFF, 0x8F,
    0xF8, 0xF7, 0xCF, 0x7F, 0xF3, 0xFF, 0x1F, 0xF0, 0x00, 0xC0, 0x07, 0x80, 0x3E, 0x01, 0xF0, 0x07,
    0x80, 0x0C, 0x00, 0x00, 0x3E, 0x1F, 0xF8, 0x79, 0xE1, 0xE7, 0xCF, 0x9F, 0x3C, 0x3C, 0xF0, 0xFF,
    0xC3, 0xFE, 0x07, 0xF8, 0x1F, 0xE0, 0x3F, 0x00, 0xFC, 0x01, 0xE0, 0x0F, 0x81, 0x7C, 0x0F, 0xF0,
    0x3F, 0x80, 0xFC, 0x00, 0x78, 0x07, 0xC0, 0x3E, 0x01, 0xF0, 0x0F, 0x80, 0x7C, 0x03, 0xFF, 0x1F,
    0xFC, 0xFF, 0xF7, 0xCF, 0xFE, 0x3F, 0xF0, 0xFF, 0x87, 0xFC, 0x3F, 0xE3, 0xFF, 0xBF, 0xFF, 0xF7,
    0xFF, 0xBF, 0xF1, 0xF0, 0x0F, 0x80, 0x7C, 0x03, 0xE0, 0x1F, 0x00, 0x3C, 0xE0, 0xF7, 0xC3, 0xDF,
    0x0F, 0x38, 0x00, 0x00, 0x00, 0x0F, 0x87, 0xFE, 0x1E, 0x78, 0x79, 0xF3, 0xE7, 0xCF, 0x0F, 0x3C,
    0x3F, 0xF0, 0xFF, 0x81, 0xFE, 0x07, 0xF8, 0x0F, 0xC0, 0x3F, 0x00, 0x78, 0x03, 0xE0, 0x5F, 0x03,
    0xFC, 0x0F, 0xE0, 0x3F, 0x00, 0x07, 0xF8, 0x01, 0xFE, 0x00, 0x7F, 0x80, 0x00, 0x00, 0x00, 0x00,
    0x00, 0x00, 0x00, 0x1E, 0x00, 0x0F, 0xC0, 0x03, 0xF0, 0x01, 0xFE, 0x00, 0x7F, 0x80, 0x3F, 0xF0,
    0x0F, 0x3C, 0x07, 0xCF, 0x81, 0xE3, 0xE0, 0x78, 0x78, 0x3F, 0xFF, 0x0F, 0xFF, 0xC3, 0xFF, 0xF9,
    0xF0, 0x3E, 0x7C, 0x0F, 0xBE, 0x01, 0xFF, 0x80, 0x7C, 0x3F, 0xE1, 0xFF, 0x0F, 0xF8, 0x00, 0x00,
    0x00, 0x00, 0x00, 0xFF, 0x07, 0xFE, 0x3F, 0xF1, 0x8F, 0x80, 0x3E, 0x3F, 0xF7, 0xFF, 0xBF, 0xFD,
    0xF3, 0xEF, 0x9F, 0x7F, 0xFB, 0xFF, 0xCF, 0xFC, 0x07, 0x3C, 0x01, 0xEE, 0x00, 0x3F, 0x80, 0x07,
    0xC0, 0x00, 0x00, 0x00, 0x00, 0x00, 0x1E, 0x00, 0x0F, 0xC0, 0x03, 0xF0, 0x01, 0xFE, 0x00, 0x7F,
    0x80, 0x3F, 0xF0, 0x0F, 0x3C, 0x07, 0xCF, 0x81, 0xE3, 0xE0, 0x78, 0x78, 0x3F, 0xFF, 0x0F, 0xFF,
    0xC3, 0xFF, 0xF9, 0xF0, 0x3E, 0x7C, 0x0F, 0xBE, 0x01, 0xFF, 0x80, 0x7C, 0x1C, 0xE0, 0xEF, 0x07,
    0xF8, 0x1F, 0x80, 0x00, 0x00, 0x00, 0xFF, 0x07, 0xFE, 0x3F, 0xF1, 0x8F, 0x80, 0x3E, 0x3F, 0xF7,
    0xFF, 0xBF, 0xFD, 0xF3, 0xEF, 0x9F, 0x7F, 0xFB, 0xFF, 0xCF, 0xFC, 0x01, 0xE0, 0x00, 0x7E, 0x00,
    0x0F, 0xC0, 0x03, 0xFC, 0x00, 0x7F, 0x80, 0x1F, 0xF8, 0x03, 0xCF, 0x00, 0xF9, 0xF0, 0x1E, 0x3E,
    0x03, 0xC3, 0xC0, 0xFF, 0xFC, 0x1F, 0xFF, 0x83, 0xFF, 0xF8, 0xF8, 0x1F, 0x1F, 0x03, 0xE7, 0xC0,
    0x3E, 0xF8, 0x07, 0xC0, 0x00, 0x78, 0x00, 0x1E, 0x00, 0x03, 0x80, 0x00, 0xFC, 0x00, 0x0F, 0xC0,
    0x01, 0xF8, 0x3F, 0xC1, 0xFF, 0x8F, 0xFC, 0x63, 0xE0, 0x0F, 0x8F, 0xFD, 0xFF, 0xEF, 0xFF, 0x7C,
    0xFB, 0xE7, 0xDF, 0xFE, 0xFF, 0xF3, 0xFF, 0x00, 0x78, 0x07, 0x80, 0x78, 0x03, 0xF0, 0x0F, 0xC0,
    0x7E, 0x00, 0x60, 0x01, 0xE0, 0x07, 0xC0, 0x1F, 0x00, 0x3C, 0x00, 0x30, 0x00, 0x00, 0x03, 0xFE,
    0x1F, 0xFE, 0x7F, 0xF9, 0xFC, 0x73, 0xE0, 0x0F, 0x80, 0x1F, 0x00, 0x3E, 0x00, 0x7C, 0x00, 0xF8,
    0x01, 0xF0, 0x03, 0xE0, 0x03, 0xE0, 0x07, 0xF1, 0xC7, 0xFF, 0xC7, 0xFF, 0x87, 0xFE, 0x01, 0x80,
    0x78, 0x1F, 0x07, 0xC0, 0xF0, 0x0C, 0x00, 0x00, 0xFF, 0x3F, 0xEF, 0xFB, 0xF3, 0x7C, 0x0F, 0x01,
    0xE0, 0x3C, 0x07, 0xC0, 0xFC, 0x6F, 0xFC, 0xFF, 0x8F, 0xF0, 0x00, 0xC0, 0x03, 0xC0, 0x1F, 0xC0,
    0x3F, 0xC0, 0x73, 0x00, 0x00, 0x01, 0xFF, 0x0F, 0xFF, 0x3F, 0xFC, 0xFE, 0x39, 0xF0, 0x07, 0xC0,
    0x0F, 0x80, 0x1F, 0x00, 0x3E, 0x00, 0x7C, 0x00, 0xF8, 0x01, 0xF0, 0x01, 0xF0, 0x03, 0xF8, 0xE3,
    0xFF, 0xE3, 0xFF, 0xC3, 0xFF, 0x00, 0x07, 0x01, 0xF0, 0x7F, 0x1F, 0xE1, 0x8C, 0x00, 0x07, 0xF9,
    0xFF, 0x7F, 0xDF, 0x9B, 0xE0, 0x78, 0x0F, 0x01, 0xE0, 0x3E, 0x07, 0xE3, 0x7F, 0xE7, 0xFC, 0x7F,
    0x80, 0x01, 0xE0, 0x03, 0xC0, 0x07, 0x80, 0x0F, 0x00, 0x00, 0x00, 0x00, 0x01, 0xFF, 0x0F, 0xFF,
    0x3F, 0xFC, 0xFE, 0x39, 0xF0, 0x07, 0xC0, 0x0F, 0x80, 0x1F, 0x00, 0x3E, 0x00, 0x7C, 0x00, 0xF8,
    0x01, 0xF0, 0x01, 0xF0, 0x03, 0xF8, 0xE3, 0xFF, 0xE3, 0xFF, 0xC3, 0xFF, 0x00, 0x07, 0x01, 0xF0,
    0x3E, 0x03, 0x80, 0x00, 0x00, 0x07, 0xF9, 0xFF, 0x7F, 0xDF, 0x9B, 0xE0, 0x78, 0x0F, 0x01, 0xE0,
    0x3E, 0x07, 0xE3, 0x7F, 0xE7, 0xFC, 0x7F, 0x80, 0x06, 0x30, 0x0F, 0xF0, 0x1F, 0xC0, 0x0F, 0x00,
    0x0C, 0x00, 0x00, 0x00, 0x00, 0x03, 0xFE, 0x1F, 0xFE, 0x7F, 0xF9, 0xFC, 0x73, 0xE0, 0x0F, 0x80,
    0x1F, 0x00, 0x3E, 0x00, 0x7C, 0x00, 0xF8, 0x01, 0xF0, 0x03, 0xE0, 0x03, 0xE0, 0x07, 0xF1, 0xC7,
    0xFF, 0xC7, 0xFF, 0x87, 0xFE, 0x18, 0xC7, 0xFC, 0x7F, 0x07, 0xC0, 0x70, 0x00, 0x00, 0x00, 0xFF,
    0x3F, 0xEF, 0xFB, 0xF3, 0x7C, 0x0F, 0x01, 0xE0, 0x3C, 0x07, 0xC0, 0xFC, 0x6F, 0xFC, 0xFF, 0x8F,
    0xF0, 0x1C, 0xC0, 0x1F, 0xE0, 0x1F, 0xC0, 0x07, 0x80, 0x03, 0x00, 0x00, 0x00, 0x00, 0x00, 0xFF,
    0xC0, 0xFF, 0xF0, 0xFF, 0xF8, 0xF1, 0xFC, 0xF0, 0x7E, 0xF0, 0x3E, 0xF0, 0x1E, 0xF0, 0x1E, 0xF0,
    0x1F, 0xF0, 0x1E, 0xF0, 0x3E, 0xF0, 0x3E, 0xF0, 0x7E, 0xF1, 0xFC, 0xFF, 0xF8, 0xFF, 0xF0, 0xFF,
    0xC0, 0x00, 0xFB, 0x80, 0x3E, 0xE0, 0x0F, 0xB8, 0x03, 0xEE, 0x00, 0xFB, 0x80, 0x3E, 0xE1, 0xFF,
    0x81, 0xFF, 0xE0, 0x7F, 0xF8, 0x3F, 0x7E, 0x0F, 0x8F, 0x83, 0xC3, 0xE0, 0xF0, 0xF8, 0x3C, 0x3E,
    0x0F, 0x8F, 0x83, 0xF3, 0xE0, 0x7F, 0xF8, 0x0F, 0xFE, 0x01, 0xFF, 0x00, 0x3F, 0xF8, 0x0F, 0xFF,
    0x83, 0xFF, 0xF0, 0xF9, 0xFE, 0x3E, 0x0F, 0x8F, 0x83, 0xE3, 0xE0, 0x7F, 0xFF, 0x1F, 0xFF, 0xC7,
    0xFF, 0xF1, 0xF3, 0xE0, 0x7C, 0xF8, 0x3E, 0x3E, 0x1F, 0x8F, 0x9F, 0xC3, 0xFF, 0xF0, 0xFF, 0xF0,
    0x3F, 0xF8, 0x00, 0x00, 0xF8, 0x03, 0xE0, 0x7F, 0xC1, 0xFF, 0x00, 0xF8, 0x03, 0xE1, 0xFF, 0x8F,
    0xFE, 0x7F, 0xFB, 0xF7, 0xEF, 0x8F, 0xBC, 0x3E, 0xF0, 0xFB, 0xC3, 0xEF, 0x8F, 0xBF, 0x3E, 0x7F,
    0xF8, 0xFF, 0xE1, 0xFF, 0x00, 0x7F, 0xC3, 0xFE, 0x1F, 0xF0, 0x00, 0x00, 0x00, 0x00, 0x03, 0xFF,
    0xDF, 0xFE, 0xFF, 0xF7, 0x80, 0x3C, 0x01, 0xE0, 0x0F, 0x00, 0x7F, 0xF3, 0xFF, 0x9F, 0xFC, 0xF0,
    0x07, 0x80, 0x3C, 0x01, 0xE0, 0x0F, 0xFF, 0xFF, 0xFF, 0xFF, 0xE0, 0x3F, 0xE1, 0xFF, 0x0F, 0xF8,
    0x00, 0x00, 0x00, 0x00, 0x00, 0x7F, 0x07, 0xFC, 0x7F, 0xF7, 0xEF, 0xBE, 0x3F, 0xFF, 0xFF, 0xFF,
    0xFF, 0xFF, 0xE0, 0x1F, 0x8E, 0x7F, 0xF1, 0xFF, 0x87, 0xFC, 0x39, 0xC1, 0xFE, 0x0F, 0xF0, 0x3F,
    0x00, 0x00, 0x00, 0x03, 0xFF, 0xDF, 0xFE, 0xFF, 0xF7, 0x80, 0x3C, 0x01, 0xE0, 0x0F, 0x00, 0x7F,
    0xF3, 0xFF, 0x9F, 0xFC, 0xF0, 0x07, 0x80, 0x3C, 0x01, 0xE0, 0x0F, 0xFF, 0xFF, 0xFF, 0xFF, 0xE0,
    0x39, 0xE1, 0xEE, 0x07, 0xF0, 0x1F, 0x00, 0x00, 0x00, 0x00, 0x7F, 0x07, 0xFC, 0x7F, 0xF7, 0xEF,
    0xBE, 0x3F, 0xFF, 0xFF, 0xFF, 0xFF, 0xFF, 0xE0, 0x1F, 0x8E, 0x7F, 0xF1, 0xFF, 0x87, 0xFC, 0x0F,
    0x00, 0x78, 0x03, 0xC0, 0x1E, 0x00, 0x00, 0x00, 0x03, 0xFF, 0xDF, 0xFE, 0xFF, 0xF7, 0x80, 0x3C,
    0x01, 0xE0, 0x0F, 0x00, 0x7F, 0xF3, 0xFF, 0x9F, 0xFC, 0xF0, 0x07, 0x80, 0x3C, 0x01, 0xE0, 0x0F,
    0xFF, 0xFF, 0xFF, 0xFF, 0xE0, 0x0F, 0x00, 0x7C, 0x03, 0xE0, 0x1E, 0x00, 0x00, 0x00, 0x00, 0x7F,
    0x07, 0xFC, 0x7F, 0xF7, 0xEF, 0xBE, 0x3F, 0xFF, 0xFF, 0xFF, 0xFF, 0xFF, 0xE0, 0x1F, 0x8E, 0x7F,
    0xF1, 0xFF, 0x87, 0xFC, 0xFF, 0xF7, 0xFF, 0xBF, 0xFD, 0xE0, 0x0F, 0x00, 0x78, 0x03, 0xC0, 0x1F,
    0xFC, 0xFF, 0xE7, 0xFF, 0x3C, 0x01, 0xE0, 0x0F, 0x00, 0x78, 0x03, 0xFF, 0xFF, 0xFF, 0xFF, 0xF8,
    0x07, 0x80, 0x38, 0x03, 0xC0, 0x1F, 0x80, 0xFC, 0x03, 0xE0, 0x1F, 0xC1, 0xFF, 0x1F, 0xFD, 0xFB,
    0xEF, 0x8F, 0xFF, 0xFF, 0xFF, 0xFF, 0xFF, 0xF8, 0x07, 0xE3, 0x9F, 0xFC, 0x7F, 0xE1, 0xFF, 0x00,
    0xE0, 0x0F, 0x00, 0x7E, 0x03, 0xF0, 0x1F, 0x80, 0x19, 0x81, 0xFE, 0x07, 0xE0, 0x1E, 0x00, 0x60,
    0x00, 0x00, 0x00, 0x1F, 0xFE, 0xFF, 0xF7, 0xFF, 0xBC, 0x01, 0xE0, 0x0F, 0x00, 0x78, 0x03, 0xFF,
    0x9F, 0xFC, 0xFF, 0xE7, 0x80, 0x3C, 0x01, 0xE0, 0x0F, 0x00, 0x7F, 0xFF, 0xFF, 0xFF, 0xFF, 0x18,
    0xC1, 0xFF, 0x07, 0xF0, 0x1F, 0x00, 0x70, 0x00, 0x00, 0x00, 0x03, 0xF8, 0x3F, 0xE3, 0xFF, 0xBF,
    0x7D, 0xF1, 0xFF, 0xFF, 0xFF, 0xFF, 0xFF, 0xFF, 0x00, 0xFC, 0x73, 0xFF, 0x8F, 0xFC, 0x3F, 0xE0,
    0x00, 0xC0, 0x03, 0xC0, 0x1F, 0xC0, 0x3F, 0xC0, 0x73, 0x00, 0x00, 0x01, 0xFF, 0x0F, 0xFF, 0x3F,
    0xFE, 0xFE, 0x39, 0xF0, 0x07, 0xC0, 0x0F, 0x80, 0x1F, 0x00, 0x3E, 0x07, 0xFC, 0x0F, 0xF8, 0x1F,
    0xF0, 0x3D, 0xF0, 0x7B, 0xF8, 0xF3, 0xFF, 0xE3, 0xFF, 0xC1, 0xFF, 0x80, 0x03, 0x00, 0x3C, 0x07,
    0xF0, 0x3F, 0xC0, 0xCC, 0x00, 0x00, 0x7F, 0xC7, 0xFE, 0x7F, 0xF7, 0xE7, 0xBE, 0x3D, 0xE1, 0xEF,
    0x0F, 0x78, 0x7B, 0xE3, 0xDF, 0xBE, 0x7F, 0xF3, 0xFF, 0x8F, 0xFC, 0x01, 0xE7, 0x1F, 0x3F, 0xF9,
    0xFF, 0x8F, 0xF8, 0x0F, 0x38, 0x0E, 0xF0, 0x1F, 0xC0, 0x1F, 0x00, 0x00, 0x00, 0x00, 0x01, 0xFF,
    0x0F, 0xFF, 0x3F, 0xFE, 0xFE, 0x39, 0xF0, 0x07, 0xC0, 0x0F, 0x80, 0x1F, 0x00, 0x3E, 0x07, 0xFC,
    0x0F, 0xF8, 0x1F, 0xF0, 0x3D, 0xF0, 0x7B, 0xF8, 0xF3, 0xFF, 0xE3, 0xFF, 0xC1, 0xFF, 0x80, 0x1C,
    0xE0, 0xEF, 0x07, 0xF8, 0x1F, 0x80, 0x00, 0x00, 0x00, 0x7F, 0xC7, 0xFE, 0x7F, 0xF7, 0xE7, 0xBE,
    0x3D, 0xE1, 0xEF, 0x0F, 0x78, 0x7B, 0xE3, 0xDF, 0xBE, 0x7F, 0xF3, 0xFF, 0x8F, 0xFC, 0x01, 0xE7,
    0x1F, 0x3F, 0xF9, 0xFF, 0x8F, 0xF8, 0x01, 0xE0, 0x03, 0xC0, 0x07, 0x80, 0x0F, 0x00, 0x00, 0x00,
    0x00, 0x01, 0xFF, 0x0F, 0xFF, 0x3F, 0xFE, 0xFE, 0x39, 0xF0, 0x07, 0xC0, 0x0F, 0x80, 0x1F, 0x00,
    0x3E, 0x07, 0xFC, 0x0F, 0xF8, 0x1F, 0xF0, 0x3D, 0xF0, 0x7B, 0xF8, 0xF3, 0xFF, 0xE3, 0xFF, 0xC1,
    0xFF, 0x80, 0x07, 0x00, 0x7C, 0x03, 0xE0, 0x0E, 0x00, 0x00, 0x00, 0x00, 0x7F, 0xC7, 0xFE, 0x7F,
    0xF7, 0xE7, 0xBE, 0x3D, 0xE1, 0xEF, 0x0F, 0x78, 0x7B, 0xE3, 0xDF, 0xBE, 0x7F, 0xF3, 0xFF, 0x8F,
    0xFC, 0x01, 0xE7, 0x1F, 0x3F, 0xF9, 0xFF, 0x8F, 0xF8, 0x07, 0xFC, 0x3F, 0xFC, 0xFF, 0xFB, 0xF8,
    0xE7, 0xC0, 0x1F, 0x00, 0x3E, 0x00, 0x7C, 0x00, 0xF8, 0x1F, 0xF0, 0x3F, 0xE0, 0x7F, 0xC0, 0xF7,
    0xC1, 0xEF, 0xE3, 0xCF, 0xFF, 0x8F, 0xFF, 0x07, 0xFE, 0x00, 0x00, 0x07, 0x80, 0x0F, 0x00, 0x7E,
    0x00, 0x78, 0x00, 0x01, 0x80, 0x1E, 0x01, 0xE0, 0x0F, 0x00, 0x78, 0x00, 0x00, 0x00, 0x03, 0xFE,
    0x3F, 0xF3, 0xFF, 0xBF, 0x3D, 0xF1, 0xEF, 0x0F, 0x78, 0x7B, 0xC3, 0xDF, 0x1E, 0xFD, 0xF3, 0xFF,
    0x9F, 0xFC, 0x7F, 0xE0, 0x0F, 0x38, 0xF9, 0xFF, 0xCF, 0xFC, 0x7F, 0xC0, 0x03, 0x00, 0x0F, 0x00,
    0x3F, 0x80, 0xFF, 0x00, 0xCE, 0x00, 0x00, 0x3C, 0x0F, 0xF8, 0x1F, 0xF0, 0x3F, 0xE0, 0x7F, 0xC0,
    0xFF, 0x81, 0xFF, 0x03, 0xFF, 0xFF, 0xFF, 0xFF, 0xFF, 0xFF, 0xF0, 0x3F, 0xE0, 0x7F, 0xC0, 0xFF,
    0x81, 0xFF, 0x03, 0xFE, 0x07, 0xFC, 0x0F, 0x80, 0x1C, 0x01, 0xF0, 0x1F, 0xC0, 0xFE, 0x06, 0x30,
    0x00, 0x01, 0xE0, 0x1F, 0x00, 0xF8, 0x07, 0xC0, 0x3E, 0x01, 0xF0, 0x0F, 0xFC, 0x7F, 0xF3, 0xFF,
    0xDF, 0x3E, 0xF8, 0xF7, 0xC7, 0xBE, 0x3D, 0xF1, 0xEF, 0x8F, 0x7C, 0x7B, 0xE3, 0xDF, 0x1E, 0xF8,
    0xF0, 0x3E, 0x0F, 0x87, 0xC1, 0xF3, 0xFF, 0xFF, 0xFF, 0xFF, 0xFF, 0xFF, 0xFE, 0x7C, 0x1F, 0x0F,
    0x83, 0xE1, 0xFF, 0xFC, 0x3F, 0xFF, 0x87, 0xFF, 0xF0, 0xF8, 0x3E, 0x1F, 0x07, 0xC3, 0xE0, 0xF8,
    0x7C, 0x1F, 0x0F, 0x83, 0xE1, 0xF0, 0x7C, 0x3E, 0x0F, 0x80, 0x3C, 0x00, 0xF0, 0x0F, 0xFC, 0x3F,
    0xF0, 0x3C, 0x00, 0xF0, 0x03, 0xFE, 0x0F, 0xFC, 0x3F, 0xF8, 0xF3, 0xE3, 0xC7, 0xCF, 0x1F, 0x3C,
    0x7C, 0xF1, 0xF3, 0xC7, 0xCF, 0x1F, 0x3C, 0x7C, 0xF1, 0xF3, 0xC7, 0xC0, 0x7D, 0x9F, 0xFF, 0xF9,
    0xBE, 0x00, 0x00, 0x01, 0xE0, 0x78, 0x1E, 0x07, 0x81, 0xE0, 0x78, 0x1E, 0x07, 0x81, 0xE0, 0x78,
    0x1E, 0x07, 0x81, 0xE0, 0x78, 0x1E, 0x07, 0x81, 0xE0, 0x7D, 0xBF, 0xEF, 0xFB, 0xBC, 0x00, 0x00,
    0x03, 0xE0, 0xF8, 0x3E, 0x0F, 0x83, 0xE0, 0xF8, 0x3E, 0x0F, 0x83, 0xE0, 0xF8, 0x3E, 0x0F, 0x83,
    0xE0, 0x7F, 0x9F, 0xE7, 0xF8, 0x00, 0x00, 0x00, 0x01, 0xE0, 0x78, 0x1E, 0x07, 0x81, 0xE0, 0x78,
    0x1E, 0x07, 0x81, 0xE0, 0x78, 0x1E, 0x07, 0x81, 0xE0, 0x78, 0x1E, 0x07, 0x81, 0xE0, 0xFF, 0xFF,
    0xFF, 0xE0, 0x00, 0x00, 0x00, 0xF8, 0x7C, 0x3E, 0x1F, 0x0F, 0x87, 0xC3, 0xE1, 0xF0, 0xF8, 0x7C,
    0x3E, 0x1F, 0x0F, 0x80, 0xE7, 0xFB, 0x9F, 0xC7, 0xC0, 0x00, 0x00, 0xF0, 0x78, 0x3C, 0x1E, 0x0F,
    0x07, 0x83, 0xC1, 0xE0, 0xF0, 0x78, 0x3C, 0x1E, 0x0F, 0x07, 0x83, 0xC1, 0xE0, 0xF0, 0xF3, 0xFB,
    0xDF, 0xC7, 0xC0, 0x00, 0x00, 0xF8, 0x7C, 0x3E, 0x1F, 0x0F, 0x87, 0xC3, 0xE1, 0xF0, 0xF8, 0x7C,
    0x3E, 0x1F, 0x0F, 0x80, 0x3C, 0x78, 0xF1, 0xE3, 0xC7, 0x8F, 0x1E, 0x3C, 0x78, 0xF1, 0xE3, 0xC7,
    0x8F, 0x1E, 0x3C, 0x79, 0xE3, 0xCF, 0xEF, 0xDF, 0x80, 0x3D, 0xF7, 0xCF, 0x00, 0x07, 0xDF, 0x7D,
    0xF7, 0xDF, 0x7D, 0xF7, 0xDF, 0x7D, 0xF7, 0xDE, 0x73, 0xCF, 0xFF, 0x7C, 0x7B, 0xDE, 0xF0, 0x01,
    0xEF, 0x7B, 0xDE, 0xF7, 0xBD, 0xEF, 0x7B, 0xDE, 0xF7, 0xBD, 0xE0, 0xFF, 0xFF, 0xFF, 0xFF, 0xFF,
    0xFF, 0xFF, 0xFF, 0x80, 0xF0, 0x07, 0xFC, 0x01, 0xFF, 0x00, 0x7F, 0xC0, 0x1F, 0xF0, 0x07, 0xFC,
    0x01, 0xFF, 0x00, 0x7F, 0xC0, 0x1F, 0xF0, 0x07, 0xFC, 0x01, 0xFF, 0x00, 0x7F, 0xC0, 0x1F, 0xF0,
    0x07, 0xFC, 0x73, 0xEF, 0x3F, 0xFB, 0xCF, 0xFC, 0xF1, 0xFE, 0x00, 0x78, 0xFF, 0x9F, 0xF9, 0xF7,
    0x8F, 0x00, 0x00, 0x00, 0xF8, 0xFF, 0x8F, 0xF8, 0xFF, 0x8F, 0xF8, 0xFF, 0x8F, 0xF8, 0xFF, 0x8F,
    0xF8, 0xFF, 0x8F, 0xF8, 0xFF, 0x8F, 0xF8, 0xF0, 0x1F, 0x01, 0xF0, 0xFF, 0x0F, 0xE0, 0xFC, 0x00,
    0xE0, 0x07, 0xC0, 0x3F, 0x81, 0xFE, 0x03, 0x18, 0x00, 0x00, 0x1F, 0x00, 0x7C, 0x01, 0xF0, 0x07,
    0xC0, 0x1F, 0x00, 0x7C, 0x01, 0xF0, 0x07, 0xC0, 0x1F, 0x00, 0x7C, 0x01, 0xF0, 0x07, 0xC0, 0x1F,
    0x1C, 0xF8, 0xFF, 0xE3, 0xFF, 0x07, 0xF8, 0x00, 0x06, 0x07, 0xC3, 0xF8, 0xFF, 0x31, 0x80, 0x01,
    0xF0, 0x7C, 0x1F, 0x07, 0xC1, 0xF0, 0x7C, 0x1F, 0x07, 0xC1, 0xF0, 0x7C, 0x1F, 0x07, 0xC1, 0xF0,
    0x7C, 0x1F, 0x3F, 0x8F, 0xE3, 0xF0, 0xF0, 0x7D, 0xE1, 0xF3, 0xC7, 0xE7, 0x9F, 0x8F, 0x7E, 0x1F,
    0xF8, 0x3F, 0xE0, 0x7F, 0x80, 0xFF, 0x01, 0xFF, 0x03, 0xFF, 0x07, 0xBF, 0x0F, 0x3F, 0x1E, 0x3F,
    0x3C, 0x3E, 0x78, 0x3E, 0xF0, 0x7E, 0x00, 0x00, 0x1E, 0x00, 0x3C, 0x00, 0xF8, 0x01, 0xE0, 0x00,
    0x78, 0x03, 0xE0, 0x0F, 0x80, 0x3E, 0x00, 0xF8, 0x03, 0xE0, 0x0F, 0x8F, 0xBE, 0x7C, 0xFB, 0xE3,
    0xFF, 0x0F, 0xF8, 0x3F, 0xC0, 0xFF, 0x83, 0xFF, 0x0F, 0xFE, 0x3E, 0xF8, 0xF9, 0xF3, 0xE3, 0xEF,
    0x8F, 0x80, 0x00, 0x07, 0x80, 0x3E, 0x01, 0xF0, 0x07, 0x80, 0xF8, 0xFB, 0xE7, 0xCF, 0xBE, 0x3F,
    0xF0, 0xFF, 0x83, 0xFC, 0x0F, 0xF8, 0x3F, 0xF0, 0xFF, 0xE3, 0xEF, 0x8F, 0x9F, 0x3E, 0x7E, 0xF8,
    0xF8, 0x1C, 0x00, 0xF0, 0x0F, 0x80, 0xF8, 0x07, 0x80, 0x18, 0x00, 0x00, 0x0F, 0x00, 0x78, 0x03,
    0xC0, 0x1E, 0x00, 0xF0, 0x07, 0x80, 0x3C, 0x01, 0xE0, 0x0F, 0x00, 0x78, 0x03, 0xC0, 0x1E, 0x00,
    0xF0, 0x07, 0x80, 0x3F, 0xFD, 0xFF, 0xEF, 0xFF, 0x0C, 0xFB, 0xFF, 0x80, 0x0F, 0x3E, 0x7C, 0xF9,
    0xF3, 0xE7, 0xCF, 0x9F, 0x3E, 0x7C, 0xF9, 0xF3, 0xE7, 0xCF, 0xCF, 0xDF, 0x9E, 0xF0, 0x0F, 0x00,
    0xF0, 0x0F, 0x00, 0xF0, 0x0F, 0x00, 0xF0, 0x0F, 0x00, 0xF0, 0x0F, 0x00, 0xF0, 0x0F, 0x00, 0xF0,
    0x0F, 0x00, 0xFF, 0xFF, 0xFF, 0xFF, 0xF0, 0x00, 0x0F, 0x00, 0xF0, 0x1F, 0x01, 0xE0, 0x79, 0xF3,
    0xE7, 0xCF, 0x9F, 0x3E, 0x7C, 0xF9, 0xF3, 0xE7, 0xCF, 0x9F, 0x3E, 0x7E, 0x7E, 0xFC, 0xF0, 0x03,
    0x8F, 0x3E, 0x78, 0xF3, 0xCF, 0x3C, 0xF3, 0x8F, 0x38, 0xF3, 0x8F, 0x38, 0xF0, 0x0F, 0x00, 0xF0,
    0x0F, 0x00, 0xF0, 0x0F, 0x00, 0xF0, 0x0F, 0x00, 0xFF, 0xFF, 0xFF, 0xFF, 0xF0, 0x7B, 0xFE, 0xEF,
    0xBB, 0xEE, 0xFB, 0xBE, 0xEF, 0x83, 0xE0, 0xF8, 0x3E, 0x0F, 0x83, 0xE0, 0xF8, 0x3E, 0x0F, 0x83,
    0xF0, 0x7E, 0x1F, 0x83, 0xC0, 0xF0, 0x0F, 0x00, 0xF0, 0x0F, 0x00, 0xF1, 0xEF, 0x3E, 0xF3, 0xFF,
    0x3E, 0xF1, 0xEF, 0x00, 0xF0, 0x0F, 0x00, 0xF0, 0x0F, 0x00, 0xFF, 0xFF, 0xFF, 0xFF, 0xF0, 0x78,
    0x0F, 0x80, 0xF8, 0x0F, 0x80, 0xF8, 0x0F, 0x80, 0xF9, 0xEF, 0xBF, 0xFB, 0xFF, 0xBF, 0xF9, 0xEF,
    0x80, 0xF8, 0x0F, 0x80, 0xF8, 0x0F, 0xC0, 0x7E, 0x07, 0xE0, 0x3C, 0x00, 0x3E, 0x00, 0x7C, 0x00,
    0xF8, 0x01, 0xF0, 0x03, 0xE4, 0x07, 0xFC, 0x0F, 0xF8, 0x1F, 0xE0, 0x7F, 0x81, 0xFC, 0x03, 0xF8,
    0x03, 0xF0, 0x03, 0xE0, 0x07, 0xC0, 0x0F, 0xFF, 0x9F, 0xFF, 0x3F, 0xFE, 0x1F, 0x03, 0xE0, 0x7C,
    0x0F, 0x81, 0xF0, 0x3F, 0x07, 0xF0, 0xFE, 0x7F, 0x8F, 0xE1, 0xFC, 0x1F, 0x81, 0xF0, 0x3E, 0x07,
    0xC0, 0xF8, 0x1F, 0x81, 0xF0, 0x1E, 0x00, 0x01, 0x80, 0x03, 0xC0, 0x0F, 0x80, 0x3E, 0x00, 0x78,
    0x00, 0x40, 0x00, 0x00, 0x78, 0x0F, 0xF8, 0x1F, 0xF8, 0x3F, 0xF8, 0x7F, 0xF8, 0xFF, 0xF1, 0xFF,
    0xF3, 0xFD, 0xF7, 0xFB, 0xEF, 0xF3, 0xFF, 0xE3, 0xFF, 0xC3, 0xFF, 0x87, 0xFF, 0x07, 0xFE, 0x07,
    0xFC, 0x0F, 0xF8, 0x0F, 0x03, 0x00, 0x3C, 0x03, 0xE0, 0x3E, 0x01, 0xE0, 0x06, 0x00, 0x00, 0x0F,
    0xF8, 0xFF, 0xE7, 0xFF, 0xBE, 0x7D, 0xF1, 0xEF, 0x8F, 0x7C, 0x7B, 0xE3, 0xDF, 0x1E, 0xF8, 0xF7,
    0xC7, 0xBE, 0x3D, 0xF1, 0xE0, 0xF0, 0x1F, 0xF0, 0x3F, 0xF0, 0x7F, 0xF0, 0xFF, 0xF1, 0xFF, 0xE3,
    0xFF, 0xE7, 0xFB, 0xEF, 0xF7, 0xDF, 0xE7, 0xFF, 0xC7, 0xFF, 0x87, 0xFF, 0x0F, 0xFE, 0x0F, 0xFC,
    0x0F, 0xF8, 0x1F, 0xF0, 0x1E, 0x00, 0x00, 0x0F, 0x00, 0x3E, 0x00, 0xF8, 0x01, 0xF0, 0x00, 0x7F,
    0xC7, 0xFF, 0x3F, 0xFD, 0xF3, 0xEF, 0x8F, 0x7C, 0x7B, 0xE3, 0xDF, 0x1E, 0xF8, 0xF7, 0xC7, 0xBE,
    0x3D, 0xF1, 0xEF, 0x8F, 0x00, 0x00, 0x1C, 0x01, 0xE0, 0x1F, 0x00, 0xF0, 0x00, 0x0C, 0xE0, 0x3F,
    0xC0, 0x3F, 0x80, 0x3C, 0x00, 0x30, 0x00, 0x00, 0x00, 0x00, 0x78, 0x0F, 0xF8, 0x1F, 0xF8, 0x3F,
    0xF8, 0x7F, 0xF8, 0xFF, 0xF1, 0xFF, 0xF3, 0xFD, 0xF7, 0xFB, 0xEF, 0xF3, 0xFF, 0xE3, 0xFF, 0xC3,
    0xFF, 0x87, 0xFF, 0x07, 0xFE, 0x07, 0xFC, 0x0F, 0xF8, 0x0F, 0x18, 0xC1, 0xFE, 0x07, 0xF0, 0x1F,
    0x00, 0x60, 0x00, 0x00, 0x00, 0x0F, 0xF8, 0xFF, 0xE7, 0xFF, 0xBE, 0x7D, 0xF1, 0xEF, 0x8F, 0x7C,
    0x7B, 0xE3, 0xDF, 0x1E, 0xF8, 0xF7, 0xC7, 0xBE, 0x3D, 0xF1, 0xE0, 0x78, 0x00, 0xF0, 0x01, 0xE0,
    0x03, 0xC0, 0x0F, 0x00, 0x1E, 0x00, 0x07, 0xFE, 0x0F, 0xFE, 0x1F, 0xFE, 0x3E, 0x7C, 0x7C, 0x78,
    0xF8, 0xF1, 0xF1, 0xE3, 0xE3, 0xC7, 0xC7, 0x8F, 0x8F, 0x1F, 0x1E, 0x3E, 0x3C, 0x7C, 0x78, 0xF0,
    0x1F, 0xF0, 0x3F, 0xF0, 0x7F, 0xF0, 0xFF, 0xF1, 0xFF, 0xE3, 0xFF, 0xE7, 0xFB, 0xEF, 0xF7, 0xDF,
    0xE7, 0xFF, 0xC7, 0xFF, 0x87, 0xFF, 0x0F, 0xFE, 0x0F, 0xFC, 0x1F, 0xF8, 0x1F, 0xF0, 0x1E, 0x00,
    0x3C, 0x00, 0xF8, 0x07, 0xF0, 0x0F, 0xC0, 0x1F, 0x00, 0x7F, 0xC7, 0xFF, 0x3F, 0xFD, 0xF3, 0xEF,
    0x8F, 0x7C, 0x7B, 0xE3, 0xDF, 0x1E, 0xF8, 0xF7, 0xC7, 0xBE, 0x3D, 0xF1, 0xEF, 0x8F, 0x00, 0x78,
    0x07, 0xC0, 0xFE, 0x07, 0xF0, 0x3F, 0x00, 0x0F, 0xF8, 0x03, 0xFE, 0x00, 0xFF, 0x80, 0x00, 0x00,
    0x00, 0x00, 0x00, 0x00, 0x00, 0x7F, 0x80, 0x7F, 0xF8, 0x3F, 0xFF, 0x1F, 0xCF, 0xC7, 0xC0, 0xFB,
    0xE0, 0x3E, 0xF8, 0x07, 0xFE, 0x01, 0xFF, 0x80, 0x7F, 0xE0, 0x1F, 0xF8, 0x07, 0xFE, 0x03, 0xE7,
    0xC0, 0xF9, 0xFC, 0xFE, 0x3F, 0xFF, 0x07, 0xFF, 0x80, 0x7F, 0x80, 0x3F, 0xE0, 0xFF, 0x83, 0xFE,
    0x00, 0x00, 0x00, 0x00, 0x00, 0x01, 0xFC, 0x0F, 0xF8, 0x7F, 0xF3, 0xF7, 0xEF, 0x8F, 0xBC, 0x1E,
    0xF0, 0x7B, 0xC1, 0xEF, 0x8F, 0xBF, 0x7E, 0x7F, 0xF0, 0xFF, 0x81, 0xFC, 0x00, 0x0F, 0x38, 0x01,
    0xDE, 0x00, 0x7F, 0x80, 0x0F, 0xC0, 0x00, 0x00, 0x00, 0x00, 0x00, 0x7F, 0x80, 0x7F, 0xF8, 0x3F,
    0xFF, 0x1F, 0xCF, 0xC7, 0xC0, 0xFB, 0xE0, 0x3E, 0xF8, 0x07, 0xFE, 0x01, 0xFF, 0x80, 0x7F, 0xE0,
    0x1F, 0xF8, 0x07, 0xFE, 0x03, 0xE7, 0xC0, 0xF9, 0xFC, 0xFE, 0x3F, 0xFF, 0x07, 0xFF, 0x80, 0x7F,
    0x80, 0x3C, 0xE0, 0xF7, 0x81, 0xFC, 0x03, 0xE0, 0x00, 0x00, 0x00, 0x01, 0xFC, 0x0F, 0xF8, 0x7F,
    0xF3, 0xF7, 0xEF, 0x8F, 0xBC, 0x1E, 0xF0, 0x7B, 0xC1, 0xEF, 0x8F, 0xBF, 0x7E, 0x7F, 0xF0, 0xFF,
    0x81, 0xFC, 0x00, 0x01, 0x8C, 0x00, 0xF3, 0x80, 0x3D, 0xE0, 0x1E, 0xF0, 0x07, 0x38, 0x01, 0x8C,
    0x00, 0x00, 0x00, 0x1F, 0xE0, 0x1F, 0xFE, 0x0F, 0xFF, 0xC7, 0xF3, 0xF1, 0xF0, 0x3E, 0xF8, 0x0F,
    0xBE, 0x01, 0xFF, 0x80, 0x7F, 0xE0, 0x1F, 0xF8, 0x07, 0xFE, 0x01, 0xFF, 0x80, 0xF9, 0xF0, 0x3E,
    0x7F, 0x3F, 0x8F, 0xFF, 0xC1, 0xFF, 0xE0, 0x1F, 0xE0, 0x04, 0x20, 0x39, 0xE1, 0xFF, 0x87, 0xBC,
    0x3D, 0xE0, 0xE3, 0x00, 0x00, 0x07, 0xF0, 0x3F, 0xE1, 0xFF, 0xCF, 0xDF, 0xBE, 0x3E, 0xF0, 0x7B,
    0xC1, 0xEF, 0x07, 0xBE, 0x3E, 0xFD, 0xF9, 0xFF, 0xC3, 0xFE, 0x07, 0xF0, 0x07, 0xFF, 0xFE, 0x1F,
    0xFF, 0xFE, 0x3F, 0xFF, 0xFE, 0x7F, 0x9E, 0x00, 0x7C, 0x1E, 0x00, 0xF8, 0x1E, 0x00, 0xF8, 0x1E,
    0x00, 0xF8, 0x1F, 0xFC, 0xF8, 0x1F, 0xFC, 0xF8, 0x1F, 0xFC, 0xF8, 0x1E, 0x00, 0xF8, 0x1E, 0x00,
    0x7C, 0x1E, 0x00, 0x7F, 0x9E, 0x00, 0x3F, 0xFF, 0xFE, 0x1F, 0xFF, 0xFE, 0x07, 0xFF, 0xFE, 0x1F,
    0xCF, 0xE0, 0xFF, 0xFF, 0xC7, 0xFF, 0xFF, 0xBF, 0x7F, 0x3E, 0xF8, 0xF8, 0x7B, 0xC1, 0xFF, 0xFF,
    0x07, 0xFF, 0xFC, 0x1F, 0xFF, 0xF8, 0xF8, 0x03, 0xF7, 0xF8, 0xC7, 0xFF, 0xFF, 0x8F, 0xFF, 0xFE,
    0x1F, 0xCF, 0xF8, 0x03, 0x00, 0x0F, 0x00, 0x3E, 0x00, 0xF8, 0x01, 0xE0, 0x01, 0x80, 0x00, 0x00,
    0x7F, 0xE0, 0xFF, 0xF1, 0xFF, 0xF3, 0xC7, 0xE7, 0x87, 0xCF, 0x07, 0x9E, 0x1F, 0x3C, 0x7E, 0x7F,
    0xFC, 0xFF, 0xF1, 0xFF, 0xC3, 0xCF, 0x87, 0x8F, 0x8F, 0x1F, 0x9E, 0x1F, 0x3C, 0x3F, 0x78, 0x3E,
    0x06, 0x03, 0xC1, 0xF0, 0xF8, 0x3C, 0x06, 0x00, 0x01, 0xFF, 0xFF, 0xBF, 0xEF, 0x9B, 0xE0, 0xF8,
    0x3E, 0x0F, 0x83, 0xE0, 0xF8, 0x3E, 0x0F, 0x83, 0xE0, 0xFF, 0xC1, 0xFF, 0xE3, 0xFF, 0xE7, 0x8F,
    0xCF, 0x0F, 0x9E, 0x0F, 0x3C, 0x3E, 0x78, 0xFC, 0xFF, 0xF9, 0xFF, 0xE3, 0xFF, 0x87, 0x9F, 0x0F,
    0x1F, 0x1E, 0x3F, 0x3C, 0x3E, 0x78, 0x7E, 0xF0, 0x7C, 0x00, 0x00, 0x1E, 0x00, 0x3C, 0x01, 0xF0,
    0x03, 0xE0, 0x00, 0x3F, 0xEF, 0xF9, 0xFF, 0x3E, 0x67, 0xC0, 0xF8, 0x1F, 0x03, 0xE0, 0x7C, 0x0F,
    0x81, 0xF0, 0x3E, 0x07, 0xC0, 0x00, 0x0F, 0x03, 0xC0, 0xF8, 0x1E, 0x00, 0x19, 0x80, 0x7F, 0x80,
    0x7E, 0x00, 0x78, 0x00, 0x60, 0x00, 0x00, 0x00, 0x00, 0x7F, 0xE0, 0xFF, 0xF1, 0xFF, 0xF3, 0xC7,
    0xE7, 0x87, 0xCF, 0x07, 0x9E, 0x1F, 0x3C, 0x7E, 0x7F, 0xFC, 0xFF, 0xF1, 0xFF, 0xC3, 0xCF, 0x87,
    0x8F, 0x8F, 0x1F, 0x9E, 0x1F, 0x3C, 0x3F, 0x78, 0x3E, 0x33, 0x9F, 0xE3, 0xF8, 0x78, 0x0C, 0x00,
    0x00, 0x01, 0xFF, 0xFF, 0xBF, 0xEF, 0x9B, 0xE0, 0xF8, 0x3E, 0x0F, 0x83, 0xE0, 0xF8, 0x3E, 0x0F,
    0x83, 0xE0, 0x00, 0xC0, 0x07, 0x80, 0x3E, 0x01, 0xF0, 0x07, 0x80, 0x0C, 0x00, 0x00, 0x03, 0xFC,
    0x3F, 0xF9, 0xFF, 0xE7, 0xE7, 0x1F, 0x00, 0x7C, 0x01, 0xFE, 0x03, 0xFE, 0x07, 0xFC, 0x0F, 0xF8,
    0x07, 0xF0, 0x07, 0xC0, 0x1F, 0x78, 0xFD, 0xFF, 0xE7, 0xFF, 0x8F, 0xF8, 0x03, 0x00, 0x3C, 0x07,
    0xC0, 0xF8, 0x0F, 0x00, 0x40, 0x00, 0x01, 0xFE, 0x3F, 0xE7, 0xFC, 0x7C, 0xC7, 0xF0, 0x7F, 0xE7,
    0xFE, 0x3F, 0xE0, 0x3E, 0x71, 0xE7, 0xFE, 0x7F, 0xC7, 0xF8, 0x03, 0x80, 0x1F, 0x00, 0xFE, 0x03,
    0xFC, 0x0C, 0x60, 0x00, 0x00, 0xFF, 0x0F, 0xFE, 0x7F, 0xF9, 0xF9, 0xC7, 0xC0, 0x1F, 0x00, 0x7F,
    0x80, 0xFF, 0x81, 0xFF, 0x03, 0xFE, 0x01, 0xFC, 0x01, 0xF0, 0x07, 0xDE, 0x3F, 0x7F, 0xF9, 0xFF,
    0xE3, 0xFE, 0x00, 0x07, 0x00, 0xF8, 0x1F, 0xC3, 0xFC, 0x18, 0xC0, 0x00, 0x1F, 0xE3, 0xFE, 0x7F,
    0xC7, 0xCC, 0x7F, 0x07, 0xFE, 0x7F, 0xE3, 0xFE, 0x03, 0xE7, 0x1E, 0x7F, 0xE7, 0xFC, 0x7F, 0x80,
    0x0F, 0xF0, 0xFF, 0xE7, 0xFF, 0x9F, 0x9C, 0x7C, 0x01, 0xF0, 0x07, 0xF8, 0x0F, 0xF8, 0x1F, 0xF0,
    0x3F, 0xE0, 0x1F, 0xC0, 0x1F, 0x00, 0x7D, 0xE3, 0xF7, 0xFF, 0x9F, 0xFE, 0x3F, 0xE0, 0x1E, 0x00,
    0x7C, 0x02, 0xF0, 0x0F, 0xC0, 0x3E, 0x00, 0x1F, 0xE3, 0xFE, 0x7F, 0xC7, 0xCC, 0x7F, 0x07, 0xFE,
    0x7F, 0xE3, 0xFE, 0x03, 0xE7, 0x1E, 0x7F, 0xE7, 0xFE, 0x7F, 0x80, 0xE0, 0x0F, 0x01, 0x78, 0x3F,
    0x03, 0xF0, 0x0C, 0x60, 0x3F, 0xC0, 0xFE, 0x01, 0xF0, 0x01, 0x80, 0x00, 0x00, 0x00, 0x03, 0xFC,
    0x3F, 0xF9, 0xFF, 0xE7, 0xE7, 0x1F, 0x00, 0x7C, 0x01, 0xFE, 0x03, 0xFE, 0x07, 0xFC, 0x0F, 0xF8,
    0x07, 0xF0, 0x07, 0xC0, 0x1F, 0x78, 0xFD, 0xFF, 0xE7, 0xFF, 0x8F, 0xF8, 0x18, 0xC3, 0xFE, 0x1F,
    0xC0, 0xF8, 0x07, 0x00, 0x00, 0x00, 0x01, 0xFE, 0x3F, 0xE7, 0xFC, 0x7C, 0xC7, 0xF0, 0x7F, 0xE7,
    0xFE, 0x3F, 0xE0, 0x3E, 0x71, 0xE7, 0xFE, 0x7F, 0xC7, 0xF8, 0xFF, 0xFF, 0xFF, 0xFF, 0xFF, 0xF8,
    0x3E, 0x00, 0x7C, 0x00, 0xF8, 0x01, 0xF0, 0x03, 0xE0, 0x07, 0xC0, 0x0F, 0x80, 0x1F, 0x00, 0x3E,
    0x00, 0x7C, 0x00, 0xF8, 0x01, 0xF0, 0x03, 0xE0, 0x07, 0xC0, 0x07, 0x00, 0x1E, 0x00, 0x1E, 0x00,
    0x3C, 0x01, 0xF8, 0x03, 0xE0, 0x00, 0xF8, 0x3E, 0x0F, 0x83, 0xE0, 0xFF, 0xBF, 0xEF, 0xFB, 0xE0,
    0xF8, 0x3E, 0x0F, 0x83, 0xE0, 0xF8, 0x3F, 0x27, 0xF9, 0xFF, 0x3F, 0xC3, 0x80, 0xF0, 0x1C, 0x3F,
    0x0F, 0x80, 0x0C, 0x60, 0x1F, 0xE0, 0x3F, 0x80, 0x3E, 0x00, 0x18, 0x00, 0x00, 0x00, 0x00, 0x7F,
    0xFF, 0xFF, 0xFF, 0xFF, 0xFC, 0x1F, 0x00, 0x3E, 0x00, 0x7C, 0x00, 0xF8, 0x01, 0xF0, 0x03, 0xE0,
    0x07, 0xC0, 0x0F, 0x80, 0x1F, 0x00, 0x3E, 0x00, 0x7C, 0x00, 0xF8, 0x01, 0xF0, 0x03, 0xE0, 0x07,
    0x81, 0xEF, 0xFB, 0xFE, 0xFF, 0x3E, 0x0F, 0xFB, 0xFE, 0xFF, 0xBE, 0x0F, 0x83, 0xE0, 0xF8, 0x3E,
    0x0F, 0x83, 0xF2, 0x7F, 0x9F, 0xF3, 0xF8, 0xFF, 0xFF, 0xFF, 0xFF, 0xFF, 0xF8, 0x3E, 0x00, 0x7C,
    0x00, 0xF8, 0x01, 0xF0, 0x1F, 0xFE, 0x3F, 0xFC, 0x7F, 0xF8, 0x1F, 0x00, 0x3E, 0x00, 0x7C, 0x00,
    0xF8, 0x01, 0xF0, 0x03, 0xE0, 0x07, 0xC0, 0xF8, 0x3E, 0x0F, 0x83, 0xE0, 0xFF, 0xBF, 0xEF, 0xFB,
    0xE0, 0xF8, 0x3F, 0xEF, 0xFB, 0xE0, 0xF8, 0x3F, 0x27, 0xF9, 0xFF, 0x3F, 0x80, 0x0F, 0xB0, 0x1F,
    0xF0, 0x7F, 0xC0, 0x6F, 0x00, 0x00, 0x00, 0x00, 0x3E, 0x07, 0xFC, 0x0F, 0xF8, 0x1F, 0xF0, 0x3F,
    0xE0, 0x7F, 0xC0, 0xFF, 0x81, 0xFF, 0x03, 0xFE, 0x07, 0xFC, 0x0F, 0xF8, 0x1F, 0xF0, 0x3D, 0xF0,
    0xFB, 0xF3, 0xF7, 0xFF, 0xC7, 0xFF, 0x03, 0xFC, 0x00, 0x1E, 0xE3, 0xFE, 0x7F, 0xE3, 0x7C, 0x00,
    0x00, 0x00, 0xF8, 0xFF, 0x8F, 0xF8, 0xFF, 0x8F, 0xF8, 0xFF, 0x8F, 0xF8, 0xFF, 0x8F, 0xF8, 0xF7,
    0xCF, 0x7F, 0xF3, 0xFF, 0x1F, 0xF0, 0x1F, 0xF0, 0x3F, 0xE0, 0x7F, 0xC0, 0x00, 0x00, 0x00, 0x00,
    0x00, 0x3E, 0x07, 0xFC, 0x0F, 0xF8, 0x1F, 0xF0, 0x3F, 0xE0, 0x7F, 0xC0, 0xFF, 0x81, 0xFF, 0x03,
    0xFE, 0x07, 0xFC, 0x0F, 0xF8, 0x1F, 0xF0, 0x3D, 0xF0, 0xFB, 0xF3, 0xF7, 0xFF, 0xC7, 0xFF, 0x03,
    0xFC, 0x00, 0x3F, 0xE3, 0xFE, 0x3F, 0xE0, 0x00, 0x00, 0x00, 0x00, 0xF8, 0xFF, 0x8F, 0xF8, 0xFF,
    0x8F, 0xF8, 0xFF, 0x8F, 0xF8, 0xFF, 0x8F, 0xF8, 0xF7, 0xCF, 0x7F, 0xF3, 0xFF, 0x1F, 0xF0, 0x1E,
    0x70, 0x1D, 0xE0, 0x3F, 0x80, 0x3F, 0x00, 0x00, 0x00, 0x00, 0x3E, 0x07, 0xFC, 0x0F, 0xF8, 0x1F,
    0xF0, 0x3F, 0xE0, 0x7F, 0xC0, 0xFF, 0x81, 0xFF, 0x03, 0xFE, 0x07, 0xFC, 0x0F, 0xF8, 0x1F, 0xF0,
    0x3D, 0xF0, 0xFB, 0xF3, 0xF7, 0xFF, 0xC7, 0xFF, 0x03, 0xFC, 0x00, 0x39, 0xE3, 0xDE, 0x1F, 0xC0,
    0xF8, 0x00, 0x00, 0x00, 0xF8, 0xFF, 0x8F, 0xF8, 0xFF, 0x8F, 0xF8, 0xFF, 0x8F, 0xF8, 0xFF, 0x8F,
    0xF8, 0xF7, 0xCF, 0x7F, 0xF3, 0xFF, 0x1F, 0xF0, 0x03, 0xC0, 0x0F, 0xC0, 0x1B, 0x80, 0x37, 0x00,
    0x7E, 0x00, 0x78, 0x3E, 0x07, 0xFC, 0x0F, 0xF8, 0x1F, 0xF0, 0x3F, 0xE0, 0x7F, 0xC0, 0xFF, 0x81,
    0xFF, 0x03, 0xFE, 0x07, 0xFC, 0x0F, 0xF8, 0x1F, 0xF0, 0x3D, 0xF0, 0xFB, 0xF3, 0xF7, 0xFF, 0xC7,
    0xFF, 0x03, 0xFC, 0x00, 0x0F, 0x81, 0xF8, 0x1D, 0xC1, 0xDC, 0x1F, 0x80, 0xF8, 0x00, 0x0F, 0x8F,
    0xF8, 0xFF, 0x8F, 0xF8, 0xFF, 0x8F, 0xF8, 0xFF, 0x8F, 0xF8, 0xFF, 0x8F, 0x7C, 0xF7, 0xFF, 0x3F,
    0xF1, 0xFF, 0x03, 0x18, 0x0F, 0x78, 0x1E, 0xF0, 0x7B, 0xC0, 0xE7, 0x01, 0x8C, 0x00, 0x00, 0x7C,
    0x0F, 0xF8, 0x1F, 0xF0, 0x3F, 0xE0, 0x7F, 0xC0, 0xFF, 0x81, 0xFF, 0x03, 0xFE, 0x07, 0xFC, 0x0F,
    0xF8, 0x1F, 0xF0, 0x3F, 0xE0, 0x7B, 0xE1, 0xF7, 0xE7, 0xEF, 0xFF, 0x8F, 0xFE, 0x07, 0xF8, 0x0C,
    0x60, 0x73, 0x87, 0xBC, 0x39, 0xC3, 0xDE, 0x1C, 0xE0, 0x00, 0x1F, 0x1E, 0xF8, 0xF7, 0xC7, 0xBE,
    0x3D, 0xF1, 0xEF, 0x8F, 0x7C, 0x7B, 0xE3, 0xDF, 0x1E, 0x7C, 0xF3, 0xFF, 0x8F, 0xFC, 0x3F, 0xE0,
    0xF8, 0x1F, 0xF0, 0x3F, 0xE0, 0x7F, 0xC0, 0xFF, 0x81, 0xFF, 0x03, 0xFE, 0x07, 0xFC, 0x0F, 0xF8,
    0x1F, 0xF0, 0x3F, 0xE0, 0x7F, 0xC0, 0xF7, 0xC3, 0xEF, 0xCF, 0xDF, 0xFF, 0x1F, 0xFC, 0x0F, 0xF0,
    0x03, 0x80, 0x0F, 0x00, 0x1F, 0x80, 0x3F, 0x00, 0x7E, 0x00, 0xF8, 0xF7, 0xC7, 0xBE, 0x3D, 0xF1,
    0xEF, 0x8F, 0x7C, 0x7B, 0xE3, 0xDF, 0x1E, 0xF8, 0xF3, 0xE7, 0x9F, 0xFC, 0x7F, 0xE1, 0xFF, 0x00,
    0xF0, 0x0F, 0x00, 0x7E, 0x03, 0xF0, 0x0F, 0x80, 0x00, 0x18, 0x00, 0x00, 0x3C, 0x00, 0x00, 0xFE,
    0x00, 0x00, 0xFF, 0x00, 0x00, 0xE6, 0x00, 0x00, 0x00, 0x00, 0xF8, 0x00, 0x1E, 0xF8, 0x00, 0x1E,
    0x7C, 0x3C, 0x3E, 0x7C, 0x7C, 0x3E, 0x7C, 0x7E, 0x3E, 0x7C, 0x7E, 0x3C, 0x3C, 0x7E, 0x3C, 0x3E,
    0xFF, 0x7C, 0x3E, 0xFF, 0x7C, 0x3E, 0xEF, 0x78, 0x1F, 0xE7, 0xF8, 0x1F, 0xE7, 0xF8, 0x1F, 0xC7,
    0xF0, 0x1F, 0xC3, 0xF0, 0x0F, 0xC3, 0xF0, 0x0F, 0x83, 0xF0, 0x0F, 0x81, 0xE0, 0x00, 0x60, 0x00,
    0x0F, 0x00, 0x03, 0xF8, 0x00, 0x3F, 0xC0, 0x03, 0x18, 0x00, 0x00, 0x00, 0xF8, 0xF1, 0xFF, 0x8F,
    0x1E, 0x78, 0xF1, 0xE7, 0x9F, 0x3E, 0x7D, 0xFB, 0xC3, 0xDF, 0xBC, 0x3F, 0xFB, 0xC3, 0xFF, 0xF8,
    0x1F, 0xBF, 0x81, 0xF9, 0xF8, 0x1F, 0x9F, 0x00, 0xF1, 0xF0, 0x0F, 0x0F, 0x00, 0x01, 0x80, 0x01,
    0xF0, 0x01, 0xFC, 0x01, 0xFE, 0x00, 0x63, 0x00, 0x00, 0x03, 0xE0, 0x7E, 0xF8, 0x3E, 0x7C, 0x3E,
    0x1F, 0x1F, 0x0F, 0x9F, 0x03, 0xEF, 0x81, 0xFF, 0x80, 0x7F, 0xC0, 0x1F, 0xC0, 0x0F, 0xC0, 0x03,
    0xE0, 0x01, 0xF0, 0x00, 0xF8, 0x00, 0x7C, 0x00, 0x3E, 0x00, 0x1F, 0x00, 0x0F, 0x80, 0x03, 0x00,
    0x1E, 0x01, 0xFC, 0x07, 0xF8, 0x1C, 0xC0, 0x00, 0x0F, 0x87, 0xFE, 0x1E, 0x78, 0x79, 0xF3, 0xE7,
    0xCF, 0x0F, 0x3C, 0x3F, 0xF0, 0xFF, 0x81, 0xFE, 0x07, 0xF8, 0x0F, 0xC0, 0x3F, 0x00, 0x78, 0x03,
    0xE0, 0x5F, 0x03, 0xFC, 0x0F, 0xE0, 0x3F, 0x00, 0x0E, 0x78, 0x0F, 0xBC, 0x07, 0xDE, 0x01, 0xCF,
    0x00, 0x00, 0x00, 0x00, 0x03, 0xE0, 0x7E, 0xF8, 0x3E, 0x7C, 0x3E, 0x1F, 0x1F, 0x0F, 0x9F, 0x03,
    0xEF, 0x81, 0xFF, 0x80, 0x7F, 0xC0, 0x1F, 0xC0, 0x0F, 0xC0, 0x03, 0xE0, 0x01, 0xF0, 0x00, 0xF8,
    0x00, 0x7C, 0x00, 0x3E, 0x00, 0x1F, 0x00, 0x0F, 0x80, 0x00, 0xC0, 0x03, 0xC0, 0x0F, 0x80, 0x3E,
    0x00, 0x78, 0x00, 0x60, 0x00, 0x00, 0x3F, 0xFF, 0x7F, 0xFE, 0xFF, 0xF8, 0x03, 0xF0, 0x0F, 0xC0,
    0x1F, 0x00, 0x7C, 0x01, 0xF8, 0x03, 0xE0, 0x0F, 0x80, 0x3E, 0x00, 0x7C, 0x01, 0xF0, 0x07, 0xC0,
    0x0F, 0xFF, 0xFF, 0xFF, 0xFF, 0xFF, 0x03, 0x80, 0x3C, 0x07, 0xC0, 0xF8, 0x0F, 0x00, 0x60, 0x00,
    0x07, 0xFF, 0x7F, 0xF7, 0xFF, 0x03, 0xE0, 0x7C, 0x0F, 0x80, 0xF8, 0x1F, 0x03, 0xE0, 0x7C, 0x07,
    0xFF, 0xFF, 0xFF, 0xFF, 0x03, 0x80, 0x0F, 0x80, 0x1F, 0x00, 0x1C, 0x00, 0x00, 0x00, 0x00, 0x1F,
    0xFF, 0xBF, 0xFF, 0x7F, 0xFC, 0x01, 0xF8, 0x07, 0xE0, 0x0F, 0x80, 0x3E, 0x00, 0xFC, 0x01, 0xF0,
    0x07, 0xC0, 0x1F, 0x00, 0x3E, 0x00, 0xF8, 0x03, 0xE0, 0x07, 0xFF, 0xFF, 0xFF, 0xFF, 0xFF, 0x80,
    0x0F, 0x00, 0xF0, 0x0F, 0x00, 0xF0, 0x00, 0x00, 0x00, 0x7F, 0xF7, 0xFF, 0x7F, 0xF0, 0x3E, 0x07,
    0xC0, 0xF8, 0x0F, 0x81, 0xF0, 0x3E, 0x07, 0xC0, 0x7F, 0xFF, 0xFF, 0xFF, 0xF0, 0x0C, 0x60, 0x1F,
    0xE0, 0x3F, 0x80, 0x1E, 0x00, 0x18, 0x00, 0x00, 0x00, 0x00, 0x3F, 0xFF, 0x7F, 0xFE, 0xFF, 0xF8,
    0x03, 0xF0, 0x0F, 0xC0, 0x1F, 0x00, 0x7C, 0x01, 0xF8, 0x03, 0xE0, 0x0F, 0x80, 0x3E, 0x00, 0x7C,
    0x01, 0xF0, 0x07, 0xC0, 0x0F, 0xFF, 0xFF, 0xFF, 0xFF, 0xFF, 0x18, 0xC3, 0xFC, 0x1F, 0xC0, 0xF8,
    0x07, 0x00, 0x00, 0x00, 0x07, 0xFF, 0x7F, 0xF7, 0xFF, 0x03, 0xE0, 0x7C, 0x0F, 0x80, 0xF8, 0x1F,
    0x03, 0xE0, 0x7C, 0x07, 0xFF, 0xFF, 0xFF, 0xFF, 0x1F, 0xCF, 0xF7, 0xFD, 0xF2, 0xF8, 0x3E, 0x0F,
    0x83, 0xE0, 0xF8, 0x3E, 0x0F, 0x83, 0xE0, 0xF8, 0x3E, 0x0F, 0x83, 0xE0, 0xF8, 0x3E, 0x0F, 0x80,
    0x1F, 0xF0, 0x7F, 0xF8, 0x7F, 0xFC, 0x38, 0xFE, 0x00, 0x1F, 0x00, 0x1F, 0x00, 0x1F, 0xFF, 0xFF,
    0xFF, 0xFF, 0xFF, 0xFF, 0xF8, 0x1F, 0xF8, 0x1F, 0x7C, 0x3F, 0x7E, 0x7E, 0x3F, 0xFC, 0x1F, 0xF8,
    0x0F, 0xF0, 0x00, 0x03, 0xC0, 0x00, 0xF0, 0x7F, 0xFC, 0x7F, 0xFE, 0x3F, 0xFF, 0x9F, 0xCF, 0xE7,
    0xC0, 0xFB, 0xE0, 0x3E, 0xF8, 0x07, 0xFE, 0x01, 0xFF, 0x80, 0x7F, 0xE0, 0x1F, 0xF8, 0x07, 0xFE,
    0x03, 0xE7, 0xC0, 0xF9, 0xFC, 0xFE, 0x3F, 0xFF, 0x07, 0xFF, 0x80, 0x7F, 0x80, 0x00, 0x3C, 0x00,
    0x78, 0x7F, 0xF1, 0xFF, 0xE7, 0xFF, 0x9F, 0xBF, 0x3E, 0x3E, 0x78, 0x3C, 0xF0, 0x79, 0xE0, 0xF3,
    0xE3, 0xE7, 0xEF, 0xC7, 0xFF, 0x07, 0xFC, 0x07, 0xF0, 0x00, 0x00, 0x03, 0xC0, 0x00, 0xF0, 0x00,
    0x7F, 0xE0, 0x7F, 0xF8, 0x1F, 0xBE, 0x07, 0x8F, 0x81, 0xE3, 0xE0, 0x78, 0xF8, 0x1E, 0x3E, 0x07,
    0x8F, 0x81, 0xE3, 0xE0, 0x78, 0xF8, 0x1E, 0x3E, 0x07, 0x8F, 0x81, 0xE1, 0xF0, 0xF8, 0x7E, 0x7E,
    0x1F, 0xFF, 0x03, 0xFF, 0x80, 0x3F, 0xC0, 0x00, 0x1E, 0x00, 0x3C, 0x00, 0x7F, 0xC7, 0xFF, 0x8F,
    0xDF, 0x1E, 0x3E, 0x3C, 0x7C, 0x78, 0xF8, 0xF1, 0xF1, 0xE3, 0xE3, 0xC7, 0xC7, 0x87, 0xCF, 0x0F,
    0xFE, 0x0F, 0xFC, 0x0F, 0xF8, 0x00, 0x00, 0x0C, 0xC0, 0x00, 0x00, 0x7F, 0x80, 0x00, 0x00, 0xFC,
    0x00, 0x00, 0x01, 0xE0, 0x00, 0x00, 0x03, 0x00, 0x00, 0x00, 0x00, 0x00, 0x00, 0x00, 0x00, 0x3F,
    0xF0, 0x3F, 0xFF, 0xFF, 0xF0, 0xFF, 0xFF, 0xFF, 0xE3, 0xFF, 0xFF, 0x1F, 0xC0, 0x1F, 0xBC, 0x1F,
    0x80, 0x7C, 0xF0, 0x3E, 0x03, 0xE3, 0xC0, 0x78, 0x1F, 0x8F, 0x01, 0xE0, 0xFC, 0x3C, 0x07, 0xC3,
    0xE0, 0xF0, 0x1E, 0x1F, 0x03, 0xC0, 0xF8, 0xFC, 0x0F, 0x03, 0xE3, 0xE0, 0x3C, 0x1F, 0x9F, 0x00,
    0xF1, 0xFC, 0x7C, 0x03, 0xFF, 0xE3, 0xFF, 0xFF, 0xFF, 0x0F, 0xFF, 0xFF, 0xF0, 0x3F, 0xFF, 0x00,
    0x00, 0x18, 0xC0, 0x00, 0x03, 0xFC, 0x00, 0x00, 0x1F, 0xCF, 0xFC, 0x00, 0xF8, 0xFF, 0xF0, 0x06,
    0x0F, 0xFF, 0x80, 0x00, 0xF1, 0xFC, 0x00, 0x0F, 0x07, 0xE7, 0xFF, 0xF0, 0x3E, 0x7F, 0xFF, 0x01,
    0xE7, 0xFF, 0xF0, 0x1E, 0x03, 0xEF, 0x01, 0xF0, 0x7C, 0xF0, 0x1E, 0x0F, 0x8F, 0x03, 0xE1, 0xF0,
    0xF0, 0x3E, 0x1F, 0x0F, 0x07, 0xE3, 0xE0, 0xF1, 0xFC, 0x7C, 0x0F, 0xFF, 0x87, 0xFF, 0xFF, 0xF0,
    0xFF, 0xFF, 0xFC, 0x0F, 0xFF, 0x00, 0x00, 0x66, 0x00, 0x3E, 0x3F, 0xC0, 0x0F, 0x87, 0xF0, 0x03,
    0xE0, 0xF0, 0x00, 0xF8, 0x18, 0x00, 0x3E, 0x00, 0x00, 0x0F, 0x80, 0x00, 0x7F, 0xE7, 0xFF, 0x7F,
    0xF9, 0xFF, 0xDF, 0xFE, 0x7F, 0xFF, 0xDF, 0x80, 0xFB, 0xE3, 0xE0, 0x7C, 0xF0, 0xF8, 0x3E, 0x3C,
    0x3E, 0x1F, 0x0F, 0x0F, 0x87, 0xC3, 0xE3, 0xE3, 0xE0, 0xFC, 0xF9, 0xF0, 0x1F, 0xFE, 0x7F, 0xF3,
    0xFF, 0xBF, 0xFC, 0x7F, 0xCF, 0xFF, 0xF0, 0x00, 0x1F, 0xF0, 0x00, 0x1F, 0xF0, 0x00, 0x1F, 0xF0,
    0x00, 0x1F, 0xF0, 0x00, 0x1F, 0xF0, 0x00, 0x1F, 0xF0, 0x00, 0x1F, 0xF0, 0x00, 0x1F, 0xF0, 0x00,
    0x1F, 0xF0, 0x00, 0x1F, 0xF0, 0x00, 0x1F, 0xF0, 0x00, 0x1F, 0xF0, 0x00, 0x1F, 0xF0, 0x07, 0x3F,
    0xFF, 0xFF, 0xFE, 0xFF, 0xFF, 0xFC, 0xFF, 0xF7, 0xF8, 0x00, 0x03, 0xC0, 0x01, 0xFF, 0x00, 0x7F,
    0xC0, 0x0F, 0xF0, 0x00, 0x3C, 0x00, 0x0F, 0x00, 0x7F, 0xC0, 0x1F, 0xF0, 0x07, 0xFC, 0x01, 0xFF,
    0x00, 0x7F, 0xC0, 0x1F, 0xF0, 0x07, 0xFC, 0x01, 0xFF, 0x00, 0x7F, 0xC0, 0x1F, 0xFF, 0xF7, 0xFF,
    0xFD, 0xFF, 0xFF, 0x7C, 0x00, 0x1F, 0x00, 0x07, 0xC0, 0x0F, 0xE0, 0x03, 0xF8, 0x00, 0xFC, 0x78,
    0xF7, 0xC7, 0xFE, 0x3F, 0xF1, 0xEF, 0x80, 0x7C, 0x03, 0xE3, 0xFF, 0x1F, 0xF8, 0xFF, 0xC7, 0xFE,
    0x3F, 0xF1, 0xFF, 0x8F, 0xFC, 0x7F, 0xE3, 0xFF, 0x9F, 0x7E, 0xFB, 0xF7, 0xCF, 0x3E, 0x01, 0xF0,
    0x0F, 0x03, 0xF8, 0x1F, 0xC0, 0xFC, 0xF0, 0x1E, 0x00, 0xFF, 0xC0, 0xF0, 0x07, 0xFF, 0x07, 0x80,
    0x3F, 0xFC, 0x3C, 0x01, 0xFF, 0xF1, 0xE0, 0x0F, 0xFF, 0x8F, 0x00, 0x7F, 0xFE, 0x78, 0x03, 0xFE,
    0xFB, 0xC0, 0x1F, 0xF7, 0xDE, 0x00, 0xFF, 0x9F, 0xF0, 0x07, 0xFC, 0x7F, 0x80, 0x3F, 0xE1, 0xFC,
    0x01, 0xFF, 0x0F, 0xE0, 0x0F, 0xF8, 0x3F, 0x1C, 0xFB, 0xC0, 0xF9, 0xFF, 0xDE, 0x07, 0xCF, 0xFC,
    0xF0, 0x1E, 0x3F, 0xC0, 0x00, 0x00, 0x3C, 0x00, 0x00, 0x7F, 0xC0, 0x78, 0xFF, 0xC0, 0xF1, 0xEF,
    0xC1, 0xE0, 0x1F, 0xC3, 0xC0, 0x3F, 0xC7, 0x8F, 0xFF, 0x8F, 0x1F, 0xFF, 0x9E, 0x3F, 0xEF, 0xBC,
    0x7F, 0xDF, 0x78, 0xFF, 0x9F, 0xF1, 0xFF, 0x1F, 0xE3, 0xFE, 0x1F, 0xC7, 0xFC, 0x3F, 0x8F, 0xF8,
    0x3F, 0x1F, 0xF0, 0x3E, 0x3F, 0xE0, 0x7C, 0x7F, 0xC0, 0x78, 0xF8, 0x00, 0x01, 0xF0, 0x00, 0x03,
    0xC0, 0x00, 0x3F, 0x80, 0x00, 0x7F, 0x00, 0x00, 0xFC, 0x00, 0x01, 0xE0, 0x00, 0x1F, 0x00, 0x01,
    0xF0, 0x00, 0x1E, 0x00, 0x00, 0x00, 0x00, 0x00, 0x7F, 0xC1, 0xFF, 0xFE, 0x1F, 0xFF, 0xF1, 0xFF,
    0x9F, 0x1F, 0xF8, 0xF1, 0xFF, 0x8F, 0x1F, 0xF8, 0xF1, 0xFF, 0x8F, 0x1F, 0xF8, 0xF1, 0xFF, 0x8F,
    0x1F, 0xF8, 0xF1, 0xFF, 0x8F, 0x1F, 0xF8, 0xF1, 0xF0, 0x00, 0x1F, 0x00, 0x03, 0xE0, 0x00, 0xFE,
    0x00, 0x0F, 0xE0, 0x00, 0xF8, 0x03, 0x30, 0x01, 0xFE, 0x00, 0x7F, 0x00, 0x07, 0x80, 0x00, 0xC0,
    0x00, 0x00, 0x00, 0x00, 0x00, 0x07, 0x80, 0x03, 0xF0, 0x00, 0xFC, 0x00, 0x7F, 0x80, 0x1F, 0xE0,
    0x0F, 0xFC, 0x03, 0xCF, 0x01, 0xF3, 0xE0, 0x78, 0xF8, 0x1E, 0x1E, 0x0F, 0xFF, 0xC3, 0xFF, 0xF0,
    0xFF, 0xFE, 0x7C, 0x0F, 0x9F, 0x03, 0xEF, 0x80, 0x7F, 0xE0, 0x1F, 0x0C, 0xC0, 0xFF, 0x03, 0xF0,
    0x0F, 0x00, 0x30, 0x00, 0x00, 0x00, 0x07, 0xF8, 0x3F, 0xF1, 0xFF, 0x8C, 0x7C, 0x01, 0xF1, 0xFF,
    0xBF, 0xFD, 0xFF, 0xEF, 0x9F, 0x7C, 0xFB, 0xFF, 0xDF, 0xFE, 0x7F, 0xE0, 0x66, 0xFF, 0x7E, 0x3C,
    0x18, 0x00, 0x00, 0x3C, 0x3C, 0x3C, 0x3C, 0x3C, 0x3C, 0x3C, 0x3C, 0x3C, 0x3C, 0x3C, 0x3C, 0x3C,
    0x3C, 0x3C, 0x3C, 0x3C, 0x63, 0x3F, 0xDF, 0xC7, 0xC0, 0xC0, 0x00, 0x00, 0x7C, 0x3E, 0x1F, 0x0F,
    0x87, 0xC3, 0xE1, 0xF0, 0xF8, 0x7C, 0x3E, 0x1F, 0x0F, 0x87, 0xC0, 0x07, 0x30, 0x01, 0xFE, 0x00,
    0x7F, 0x00, 0x07, 0x80, 0x00, 0xC0, 0x00, 0x00, 0x00, 0x00, 0x00, 0x1F, 0xE0, 0x1F, 0xFE, 0x0F,
    0xFF, 0xC7, 0xF3, 0xF1, 0xF0, 0x3E, 0xF8, 0x0F, 0xBE, 0x01, 0xFF, 0x80, 0x7F, 0xE0, 0x1F, 0xF8,
    0x07, 0xFE, 0x01, 0xFF, 0x80, 0xF9, 0xF0, 0x3E, 0x7F, 0x3F, 0x8F, 0xFF, 0xC1, 0xFF, 0xE0, 0x1F,
    0xE0, 0x18, 0xC0, 0x7F, 0x81, 0xFC, 0x03, 0xE0, 0x07, 0x00, 0x00, 0x00, 0x00, 0x07, 0xF0, 0x3F,
    0xE1, 0xFF, 0xCF, 0xDF, 0xBE, 0x3E, 0xF0, 0x7B, 0xC1, 0xEF, 0x07, 0xBE, 0x3E, 0xFD, 0xF9, 0xFF,
    0xC3, 0xFE, 0x07, 0xF0, 0x0E, 0x60, 0x1F, 0xE0, 0x3F, 0x80, 0x1E, 0x00, 0x18, 0x00, 0x00, 0x00,
    0x00, 0x7C, 0x0F, 0xF8, 0x1F, 0xF0, 0x3F, 0xE0, 0x7F, 0xC0, 0xFF, 0x81, 0xFF, 0x03, 0xFE, 0x07,
    0xFC, 0x0F, 0xF8, 0x1F, 0xF0, 0x3F, 0xE0, 0x7B, 0xE1, 0xF7, 0xE7, 0xEF, 0xFF, 0x8F, 0xFE, 0x07,
    0xF8, 0x18, 0xC3, 0xFC, 0x1F, 0xC0, 0xF8, 0x06, 0x00, 0x00, 0x00, 0x0F, 0x8F, 0xF8, 0xFF, 0x8F,
    0xF8, 0xFF, 0x8F, 0xF8, 0xFF, 0x8F, 0xF8, 0xFF, 0x8F, 0x7C, 0xF7, 0xFF, 0x3F, 0xF1, 0xFF, 0x0F,
    0xE0, 0x1F, 0xC0, 0x00, 0x00, 0x73, 0x80, 0xEF, 0x01, 0xCE, 0x00, 0x00, 0x00, 0x00, 0xF8, 0x1F,
    0xF0, 0x3F, 0xE0, 0x7F, 0xC0, 0xFF, 0x81, 0xFF, 0x03, 0xFE, 0x07, 0xFC, 0x0F, 0xF8, 0x1F, 0xF0,
    0x3F, 0xE0, 0x7F, 0xC0, 0xF7, 0xC3, 0xEF, 0xCF, 0xDF, 0xFF, 0x1F, 0xFC, 0x0F, 0xF0, 0x1F, 0xC1,
    0xFC, 0x00, 0x03, 0xDC, 0x3D, 0xE3, 0xDC, 0x00, 0x00, 0x00, 0xF8, 0xFF, 0x8F, 0xF8, 0xFF, 0x8F,
    0xF8, 0xFF, 0x8F, 0xF8, 0xFF, 0x8F, 0xF8, 0xF7, 0xCF, 0x7F, 0xF3, 0xFF, 0x1F, 0xF0, 0x00, 0xC0,
    0x03, 0xC0, 0x0F, 0x00, 0xFF, 0xC3, 0xC7, 0x83, 0x8F, 0x00, 0x00, 0x7C, 0x0F, 0xF8, 0x1F, 0xF0,
    0x3F, 0xE0, 0x7F, 0xC0, 0xFF, 0x81, 0xFF, 0x03, 0xFE, 0x07, 0xFC, 0x0F, 0xF8, 0x1F, 0xF0, 0x3F,
    0xE0, 0x7B, 0xE1, 0xF7, 0xE7, 0xEF, 0xFF, 0x8F, 0xFE, 0x07, 0xF8, 0x01, 0x80, 0x3C, 0x07, 0x80,
    0x70, 0x7E, 0xE7, 0x8F, 0x78, 0xE0, 0x00, 0x00, 0x0F, 0x8F, 0xF8, 0xFF, 0x8F, 0xF8, 0xFF, 0x8F,
    0xF8, 0xFF, 0x8F, 0xF8, 0xFF, 0x8F, 0x7C, 0xF7, 0xFF, 0x3F, 0xF1, 0xFF, 0x06, 0x60, 0x0F, 0xC0,
    0x0F, 0x00, 0xEF, 0xC1, 0xC7, 0x83, 0x8F, 0x00, 0x00, 0x7C, 0x0F, 0xF8, 0x1F, 0xF0, 0x3F, 0xE0,
    0x7F, 0xC0, 0xFF, 0x81, 0xFF, 0x03, 0xFE, 0x07, 0xFC, 0x0F, 0xF8, 0x1F, 0xF0, 0x3F, 0xE0, 0x7B,
    0xE1, 0xF7, 0xE7, 0xEF, 0xFF, 0x8F, 0xFE, 0x07, 0xF8, 0x10, 0x81, 0xFC, 0x1F, 0xC0, 0xF8, 0x7E,
    0xE7, 0x8F, 0x78, 0xE0, 0x00, 0x00, 0x0F, 0x8F, 0xF8, 0xFF, 0x8F, 0xF8, 0xFF, 0x8F, 0xF8, 0xFF,
    0x8F, 0xF8, 0xFF, 0x8F, 0x7C, 0xF7, 0xFF, 0x3F, 0xF1, 0xFF, 0x02, 0x00, 0x0E, 0x00, 0x1E, 0x00,
    0xEF, 0xC1, 0xC7, 0x83, 0x8F, 0x00, 0x00, 0x7C, 0x0F, 0xF8, 0x1F, 0xF0, 0x3F, 0xE0, 0x7F, 0xC0,
    0xFF, 0x81, 0xFF, 0x03, 0xFE, 0x07, 0xFC, 0x0F, 0xF8, 0x1F, 0xF0, 0x3F, 0xE0, 0x7B, 0xE1, 0xF7,
    0xE7, 0xEF, 0xFF, 0x8F, 0xFE, 0x07, 0xF8, 0x0C, 0x01, 0xC0, 0x1E, 0x00, 0xF0, 0x7E, 0xE7, 0x8F,
    0x78, 0xE0, 0x00, 0x00, 0x0F, 0x8F, 0xF8, 0xFF, 0x8F, 0xF8, 0xFF, 0x8F, 0xF8, 0xFF, 0x8F, 0xF8,
    0xFF, 0x8F, 0x7C, 0xF7, 0xFF, 0x3F, 0xF1, 0xFF, 0x7F, 0x83, 0xFF, 0x1F, 0xFC, 0xE7, 0xE0, 0x0F,
    0xFF, 0xFF, 0xFF, 0xFF, 0xFF, 0xF0, 0xFF, 0xCF, 0x9F, 0xFC, 0xFF, 0xC1, 0xF8, 0x00, 0x07, 0xF8,
    0x01, 0xFE, 0x00, 0x00, 0x00, 0x1C, 0xE0, 0x07, 0xF8, 0x01, 0xCE, 0x00, 0x00, 0x00, 0x00, 0x00,
    0x01, 0xE0, 0x00, 0xFC, 0x00, 0x3F, 0x00, 0x1F, 0xE0, 0x07, 0xF8, 0x03, 0xFF, 0x00, 0xF3, 0xC0,
    0x7C, 0xF8, 0x1E, 0x3E, 0x07, 0x87, 0x83, 0xFF, 0xF0, 0xFF, 0xFC, 0x3F, 0xFF, 0x9F, 0x03, 0xE7,
    0xC0, 0xFB, 0xE0, 0x1F, 0xF8, 0x07, 0xC0, 0x1F, 0xC0, 0xFE, 0x00, 0x00, 0x3B, 0xC3, 0xDE, 0x0E,
    0xF0, 0x00, 0x00, 0x00, 0x3F, 0xC1, 0xFF, 0x8F, 0xFC, 0x63, 0xE0, 0x0F, 0x8F, 0xFD, 0xFF, 0xEF,
    0xFF, 0x7C, 0xFB, 0xE7, 0xDF, 0xFE, 0xFF, 0xF3, 0xFF, 0x00, 0x07, 0xF8, 0x01, 0xFE, 0x00, 0x00,
    0x00, 0x07, 0x80, 0x01, 0xE0, 0x00, 0x78, 0x00, 0x00, 0x00, 0x00, 0x00, 0x01, 0xE0, 0x00, 0xFC,
    0x00, 0x3F, 0x00, 0x1F, 0xE0, 0x07, 0xF8, 0x03, 0xFF, 0x00, 0xF3, 0xC0, 0x7C, 0xF8, 0x1E, 0x3E,
    0x07, 0x87, 0x83, 0xFF, 0xF0, 0xFF, 0xFC, 0x3F, 0xFF, 0x9F, 0x03, 0xE7, 0xC0, 0xFB, 0xE0, 0x1F,
    0xF8, 0x07, 0xC0, 0x1F, 0xC0, 0xFE, 0x00, 0x00, 0x0E, 0x00, 0x78, 0x03, 0x80, 0x00, 0x00, 0x00,
    0x3F, 0xC1, 0xFF, 0x8F, 0xFC, 0x63, 0xE0, 0x0F, 0x8F, 0xFD, 0xFF, 0xEF, 0xFF, 0x7C, 0xFB, 0xE7,
    0xDF, 0xFE, 0xFF, 0xF3, 0xFF, 0x00, 0x00, 0x1F, 0xE0, 0x00, 0x1F, 0xE0, 0x00, 0x1F, 0xE0, 0x00,
    0x00, 0x00, 0x00, 0x00, 0x00, 0x00, 0x00, 0x00, 0x00, 0x3F, 0xFF, 0x00, 0x7F, 0xFF, 0x00, 0x7F,
    0xFF, 0x00, 0xFF, 0x00, 0x01, 0xFF, 0x00, 0x01, 0xEF, 0x00, 0x03, 0xEF, 0x00, 0x07, 0xCF, 0xFE,
    0x07, 0xCF, 0xFE, 0x0F, 0x8F, 0xFE, 0x0F, 0xFF, 0x00, 0x1F, 0xFF, 0x00, 0x3F, 0xFF, 0x00, 0x3E,
    0x0F, 0x00, 0x7C, 0x0F, 0xFF, 0x7C, 0x0F, 0xFF, 0xF8, 0x0F, 0xFF, 0x03, 0xFE, 0x00, 0x1F, 0xF0,
    0x00, 0xFF, 0x80, 0x00, 0x00, 0x00, 0x00, 0x00, 0x00, 0x00, 0x00, 0xFF, 0x3F, 0x07, 0xFF, 0xFC,
    0x3F, 0xFF, 0xF1, 0x8F, 0xEF, 0xC0, 0x3E, 0x1E, 0x3F, 0xFF, 0xF7, 0xFF, 0xFF, 0xBF, 0xFF, 0xFD,
    0xF3, 0xE0, 0x0F, 0x8F, 0xCE, 0x7F, 0xFF, 0xF3, 0xFF, 0xFF, 0x8F, 0xFF, 0xFC, 0x07, 0xFC, 0x0F,
    0xFF, 0x0F, 0xFF, 0x8F, 0xE3, 0x87, 0xC0, 0x07, 0xC0, 0x03, 0xE0, 0x01, 0xF0, 0x3C, 0xF8, 0x1E,
    0x7C, 0x7F, 0xFE, 0x3F, 0xFF, 0x1F, 0xF7, 0xC1, 0xE3, 0xF8, 0xF0, 0xFF, 0xF8, 0x3F, 0xFC, 0x07,
    0xFE, 0x00, 0x1F, 0xF0, 0xFF, 0xC7, 0xFF, 0x3F, 0x3C, 0xF8, 0xF3, 0xCF, 0xFF, 0x3F, 0xFC, 0x3C,
    0xF8, 0xF3, 0xF7, 0xC7, 0xFF, 0x1F, 0xFC, 0x3F, 0xF0, 0x03, 0xC7, 0x1F, 0x1F, 0xFC, 0x7F, 0xE1,
    0xFF, 0x00, 0x03, 0x30, 0x0F, 0xF0, 0x0F, 0xC0, 0x0F, 0x00, 0x0C, 0x00, 0x00, 0x00, 0x00, 0x03,
    0xFE, 0x1F, 0xFE, 0x7F, 0xFD, 0xFC, 0x73, 0xE0, 0x0F, 0x80, 0x1F, 0x00, 0x3E, 0x00, 0x7C, 0x0F,
    0xF8, 0x1F, 0xF0, 0x3F, 0xE0, 0x7B, 0xE0, 0xF7, 0xF1, 0xE7, 0xFF, 0xC7, 0xFF, 0x83, 0xFF, 0x0C,
    0xC0, 0xFF, 0x03, 0xF0, 0x0F, 0x00, 0x30, 0x00, 0x00, 0x00, 0x03, 0xFE, 0x3F, 0xF3, 0xFF, 0xBF,
    0x3D, 0xF1, 0xEF, 0x0F, 0x78, 0x7B, 0xC3, 0xDF, 0x1E, 0xFD, 0xF3, 0xFF, 0x9F, 0xFC, 0x7F, 0xE0,
    0x0F, 0x38, 0xF9, 0xFF, 0xCF, 0xFC, 0x7F, 0xC0, 0x18, 0xC0, 0x3F, 0xC0, 0x7F, 0x00, 0x7C, 0x00,
    0x30, 0x00, 0x00, 0x00, 0x00, 0x78, 0x3E, 0xF0, 0xF9, 0xE3, 0xF3, 0xCF, 0xC7, 0xBF, 0x0F, 0xFC,
    0x1F, 0xF0, 0x3F, 0xC0, 0x7F, 0x80, 0xFF, 0x81, 0xFF, 0x83, 0xDF, 0x87, 0x9F, 0x8F, 0x1F, 0x9E,
    0x1F, 0x3C, 0x1F, 0x78, 0x3F, 0x63, 0x01, 0xFE, 0x07, 0xF0, 0x0F, 0x80, 0x0C, 0x00, 0x00, 0x07,
    0x80, 0x3E, 0x00, 0xF8, 0x03, 0xE0, 0x0F, 0x80, 0x3E, 0x00, 0xF8, 0xFB, 0xE7, 0xCF, 0xBE, 0x3F,
    0xF0, 0xFF, 0x83, 0xFC, 0x0F, 0xF8, 0x3F, 0xF0, 0xFF, 0xE3, 0xEF, 0x8F, 0x9F, 0x3E, 0x3E, 0xF8,
    0xF8, 0x07, 0xF8, 0x07, 0xFF, 0x83, 0xFF, 0xF1, 0xFC, 0xFE, 0x7C, 0x0F, 0xBE, 0x03, 0xEF, 0x80,
    0x7F, 0xE0, 0x1F, 0xF8, 0x07, 0xFE, 0x01, 0xFF, 0x80, 0x7F, 0xE0, 0x3E, 0x7C, 0x0F, 0x9F, 0xCF,
    0xC3, 0xFF, 0xF0, 0x7F, 0xF8, 0x07, 0xF8, 0x00, 0x3C, 0x00, 0x1E, 0x00, 0x07, 0xE0, 0x01, 0xF8,
    0x00, 0x7E, 0x00, 0x1F, 0xC0, 0xFF, 0x87, 0xFF, 0x3F, 0x7E, 0xF8, 0xFB, 0xC1, 0xEF, 0x07, 0xBC,
    0x1E, 0xF8, 0xFB, 0xF7, 0xE7, 0xFF, 0x0F, 0xF8, 0x1F, 0xC0, 0x1E, 0x00, 0xF0, 0x03, 0xF0, 0x0F,
    0xC0, 0x1F, 0x00, 0x0F, 0xF8, 0x03, 0xFE, 0x00, 0xFF, 0x80, 0x00, 0x00, 0x00, 0x00, 0x00, 0x00,
    0x00, 0x7F, 0x80, 0x7F, 0xF8, 0x3F, 0xFF, 0x1F, 0xCF, 0xE7, 0xC0, 0xFB, 0xE0, 0x3E, 0xF8, 0x07,
    0xFE, 0x01, 0xFF, 0x80, 0x7F, 0xE0, 0x1F, 0xF8, 0x07, 0xFE, 0x03, 0xE7, 0xC0, 0xF9, 0xFC, 0xFC,
    0x3F, 0xFF, 0x07, 0xFF, 0x80, 0x7F, 0x80, 0x03, 0xC0, 0x01, 0xE0, 0x00, 0x7E, 0x00, 0x1F, 0x80,
    0x07, 0xE0, 0x3F, 0xE0, 0xFF, 0x83, 0xFE, 0x00, 0x00, 0x00, 0x00, 0x00, 0x01, 0xFC, 0x0F, 0xF8,
    0x7F, 0xF3, 0xF7, 0xEF, 0x8F, 0xBC, 0x1E, 0xF0, 0x7B, 0xC1, 0xEF, 0x8F, 0xBF, 0x7E, 0x7F, 0xF0,
    0xFF, 0x81, 0xFC, 0x01, 0xE0, 0x0F, 0x00, 0x3F, 0x00, 0xFC, 0x01, 0xF0, 0x0C, 0x60, 0x7F, 0x80,
    0xFE, 0x01, 0xF0, 0x03, 0x80, 0x00, 0x00, 0x00, 0x1F, 0xFF, 0x7F, 0xFD, 0xFF, 0xF0, 0x1F, 0x80,
    0xFC, 0x07, 0xE0, 0x3F, 0x00, 0xFF, 0x03, 0xFE, 0x01, 0xFC, 0x01, 0xF0, 0x03, 0xC0, 0x1F, 0x78,
    0xFD, 0xFF, 0xEF, 0xFF, 0x8F, 0xF8, 0x19, 0xC3, 0xFC, 0x1F, 0xC0, 0xF0, 0x06, 0x00, 0x00, 0x00,
    0x00, 0x00, 0xFF, 0xFF, 0xFF, 0xFF, 0xF0, 0x3E, 0x07, 0xC0, 0x7C, 0x0F, 0x81, 0xF0, 0x1F, 0xC1,
    0xFE, 0x03, 0xF0, 0x1F, 0x00, 0xF0, 0x0F, 0x63, 0xFF, 0xFF, 0xFF, 0xEF, 0xF8, 0x31, 0x8F, 0xF3,
    0xF8, 0x7C, 0x06, 0x00, 0x00, 0x00, 0x7C, 0x1F, 0x07, 0xC1, 0xF0, 0x7C, 0x1F, 0x07, 0xC1, 0xF0,
    0x7C, 0x1F, 0x07, 0xC1, 0xF0, 0x7C, 0x1F, 0x07, 0xCF, 0xE3, 0xF8, 0xFC, 0x00, 0xFF, 0xC0, 0xFF,
    0xFF, 0xFF, 0xC3, 0xFF, 0xFF, 0xFF, 0x8F, 0xFF, 0xFC, 0x7F, 0x00, 0x7E, 0xF0, 0x7E, 0x01, 0xF3,
    0xC0, 0xF8, 0x0F, 0x8F, 0x01, 0xE0, 0x7E, 0x3C, 0x07, 0x83, 0xF0, 0xF0, 0x1F, 0x0F, 0x83, 0xC0,
    0x78, 0x7C, 0x0F, 0x03, 0xE3, 0xF0, 0x3C, 0x0F, 0x8F, 0x80, 0xF0, 0x7E, 0x7C, 0x03, 0xC7, 0xF1,
    0xF0, 0x0F, 0xFF, 0x8F, 0xFF, 0xFF, 0xFC, 0x3F, 0xFF, 0xFF, 0xC0, 0xFF, 0xFC, 0xFF, 0xC0, 0x00,
    0x0F, 0xFF, 0x00, 0x00, 0xFF, 0xF8, 0x00, 0x0F, 0x1F, 0xC0, 0x00, 0xF0, 0x7E, 0x7F, 0xFF, 0x03,
    0xE7, 0xFF, 0xF0, 0x1E, 0x7F, 0xFF, 0x01, 0xE0, 0x3E, 0xF0, 0x1F, 0x07, 0xCF, 0x01, 0xE0, 0xF8,
    0xF0, 0x3E, 0x1F, 0x0F, 0x03, 0xE1, 0xF0, 0xF0, 0x7E, 0x3E, 0x0F, 0x1F, 0xC7, 0xC0, 0xFF, 0xF8,
    0x7F, 0xFF, 0xFF, 0x0F, 0xFF, 0xFF, 0xC0, 0xFF, 0xF0, 0x00, 0xF8, 0x00, 0x00, 0x3E, 0x00, 0x00,
    0x0F, 0x80, 0x00, 0x03, 0xE0, 0x00, 0x00, 0xF8, 0x00, 0x00, 0x3E, 0x00, 0x01, 0xFF, 0x9F, 0xFD,
    0xFF, 0xE7, 0xFF, 0x7F, 0xF9, 0xFF, 0xFF, 0x7E, 0x03, 0xEF, 0x8F, 0x81, 0xF3, 0xC3, 0xE0, 0xF8,
    0xF0, 0xF8, 0x7C, 0x3C, 0x3E, 0x1F, 0x0F, 0x8F, 0x8F, 0x83, 0xF3, 0xE7, 0xC0, 0x7F, 0xF9, 0xFF,
    0xCF, 0xFE, 0xFF, 0xF1, 0xFF, 0x3F, 0xFC, 0x00, 0x60, 0x01, 0xE0, 0x07, 0xC0, 0x0F, 0x00, 0x1C,
    0x00, 0x30, 0x00, 0x00, 0x03, 0xFE, 0x1F, 0xFE, 0x7F, 0xFD, 0xFC, 0x73, 0xE0, 0x0F, 0x80, 0x1F,
    0x00, 0x3E, 0x00, 0x7C, 0x0F, 0xF8, 0x1F, 0xF0, 0x3F, 0xE0, 0x7B, 0xE0, 0xF7, 0xF1, 0xE7, 0xFF,
    0xC7, 0xFF, 0x83, 0xFF, 0x00, 0xC0, 0x0F, 0x00, 0xF8, 0x0F, 0x80, 0x78, 0x01, 0x80, 0x00, 0x03,
    0xFE, 0x3F, 0xF3, 0xFF, 0xBF, 0x3D, 0xF1, 0xEF, 0x0F, 0x78, 0x7B, 0xC3, 0xDF, 0x1E, 0xFD, 0xF3,
    0xFF, 0x9F, 0xFC, 0x7F, 0xE0, 0x0F, 0x38, 0xF9, 0xFF, 0xCF, 0xFC, 0x7F, 0xC0, 0xF0, 0x3E, 0x00,
    0xF0, 0x3E, 0x00, 0xF0, 0x3E, 0x00, 0xF0, 0x3E, 0x00, 0xF0, 0x3E, 0x1E, 0xF0, 0x3E, 0x1E, 0xF0,
    0x3E, 0x1E, 0xFF, 0xFE, 0x1E, 0xFF, 0xFE, 0x1E, 0xFF, 0xFE, 0x1E, 0xF0, 0x3E, 0x1E, 0xF0, 0x3E,
    0x1E, 0xF0, 0x3E, 0x3E, 0xF0, 0x3F, 0x7E, 0xF0, 0x1F, 0xFE, 0xF0, 0x1F, 0xFC, 0xF0, 0x07, 0xF8,
    0x7F, 0xE3, 0xFF, 0xCF, 0xFF, 0xBE, 0x7F, 0xF0, 0x7F, 0xC1, 0xFF, 0x07, 0xFC, 0x1F, 0xF0, 0x7F,
    0xC1, 0xFF, 0x0F, 0xBC, 0x7E, 0xF3, 0xF3, 0xFF, 0x8F, 0xFC, 0x3F, 0xC0, 0xFC, 0x03, 0xC0, 0x0F,
    0x00, 0x3C, 0x00, 0xF0, 0x03, 0xC0, 0x00, 0x06, 0x00, 0x1E, 0x00, 0x7C, 0x00, 0x3C, 0x00, 0x38,
    0x00, 0x20, 0x00, 0x00, 0x78, 0x0F, 0xF8, 0x1F, 0xF8, 0x3F, 0xF8, 0x7F, 0xF8, 0xFF, 0xF1, 0xFF,
    0xF3, 0xFD, 0xF7, 0xFB, 0xEF, 0xF3, 0xFF, 0xE3, 0xFF, 0xC3, 0xFF, 0x87, 0xFF, 0x07, 0xFE, 0x07,
    0xFC, 0x0F, 0xF8, 0x0F, 0x0C, 0x00, 0xF0, 0x07, 0xC0, 0x1F, 0x00, 0x78, 0x01, 0x80, 0x00, 0x0F,
    0xF8, 0xFF, 0xE7, 0xFF, 0xBE, 0x7D, 0xF1, 0xEF, 0x8F, 0x7C, 0x7B, 0xE3, 0xDF, 0x1E, 0xF8, 0xF7,
    0xC7, 0xBE, 0x3D, 0xF1, 0xE0, 0x00, 0x60, 0x00, 0x78, 0x00, 0x3E, 0x00, 0x06, 0x00, 0x00, 0x00,
    0x00, 0x78, 0x00, 0x3F, 0x00, 0x0F, 0xC0, 0x03, 0xF0, 0x00, 0xFC, 0x00, 0x3F, 0x00, 0x1F, 0xE0,
    0x07, 0xF8, 0x03, 0xFF, 0x00, 0xFF, 0xC0, 0x3C, 0xF0, 0x1F, 0x3E, 0x07, 0x8F, 0x83, 0xE1, 0xE0,
    0xFF, 0xFC, 0x3F, 0xFF, 0x1F, 0xFF, 0xE7, 0xC0, 0xF9, 0xE0, 0x3E, 0xF8, 0x07, 0xFE, 0x01, 0xF0,
    0x03, 0x80, 0x7C, 0x03, 0xE0, 0x1C, 0x00, 0x00, 0x03, 0xC0, 0x3F, 0x01, 0xF8, 0x07, 0x80, 0x00,
    0x00, 0x00, 0x7F, 0x83, 0xFF, 0x1F, 0xF8, 0xC7, 0xC0, 0x1F, 0x1F, 0xFB, 0xFF, 0xDF, 0xFE, 0xF9,
    0xF7, 0xCF, 0xBF, 0xFD, 0xFF, 0xE7, 0xFE, 0x00, 0x01, 0x80, 0x00, 0x01, 0xE0, 0x00, 0x03, 0xE0,
    0x00, 0x07, 0xC0, 0x00, 0x07, 0x80, 0x00, 0x02, 0x00, 0x00, 0x00, 0x00, 0x00, 0x3F, 0xFF, 0x00,
    0x7F, 0xFF, 0x00, 0x7F, 0xFF, 0x00, 0xFF, 0x00, 0x01, 0xFF, 0x00, 0x01, 0xEF, 0x00, 0x03, 0xEF,
    0x00, 0x07, 0xCF, 0xFE, 0x07, 0xCF, 0xFE, 0x0F, 0x8F, 0xFE, 0x0F, 0xFF, 0x00, 0x1F, 0xFF, 0x00,
    0x3F, 0xFF, 0x00, 0x3E, 0x0F, 0x00, 0x7C, 0x0F, 0xFF, 0x7C, 0x0F, 0xFF, 0xF8, 0x0F, 0xFF, 0x00,
    0x0C, 0x00, 0x00, 0xF0, 0x00, 0x0F, 0x80, 0x00, 0xF8, 0x00, 0x07, 0x80, 0x00, 0x18, 0x00, 0x00,
    0x00, 0x07, 0xF9, 0xF8, 0x3F, 0xFF, 0xE1, 0xFF, 0xFF, 0x8C, 0x7F, 0x7E, 0x01, 0xF0, 0xF1, 0xFF,
    0xFF, 0xBF, 0xFF, 0xFD, 0xFF, 0xFF, 0xEF, 0x9F, 0x00, 0x7C, 0x7E, 0x73, 0xFF, 0xFF, 0x9F, 0xFF,
    0xFC, 0x7F, 0xFF, 0xE0, 0x00, 0x60, 0x00, 0x3C, 0x00, 0x1F, 0x00, 0x0F, 0x80, 0x03, 0xC0, 0x00,
    0x60, 0x00, 0x00, 0x30, 0x1F, 0xFE, 0x1F, 0xFF, 0x8F, 0xFF, 0xC7, 0xF3, 0xF1, 0xF0, 0xFE, 0xF8,
    0x7F, 0xBE, 0x3F, 0xFF, 0x8F, 0x7F, 0xE7, 0x9F, 0xFB, 0xC7, 0xFF, 0xE1, 0xFF, 0xF8, 0xF9, 0xFC,
    0x3E, 0x7F, 0x3F, 0x8F, 0xFF, 0xC7, 0xFF, 0xE1, 0xFF, 0xE0, 0x30, 0x00, 0x00, 0x03, 0x80, 0x0F,
    0x00, 0x7C, 0x03, 0xE0, 0x0F, 0x00, 0x18, 0x00, 0x03, 0x07, 0xFE, 0x3F, 0xF9, 0xFF, 0xCF, 0xDF,
    0xBE, 0xFE, 0xF3, 0xFB, 0xDD, 0xEF, 0xF7, 0xBF, 0x9E, 0xFD, 0xF9, 0xFF, 0xC7, 0xFE, 0x3F, 0xF0,
    0x60, 0x00, 0x04, 0x20, 0x07, 0xBC, 0x01, 0xFF, 0x80, 0x3D, 0xE0, 0x07, 0xBC, 0x00, 0xC6, 0x00,
    0x00, 0x00, 0x07, 0x80, 0x03, 0xF0, 0x00, 0xFC, 0x00, 0x7F, 0x80, 0x1F, 0xE0, 0x0F, 0xFC, 0x03,
    0xCF, 0x01, 0xF3, 0xE0, 0x78, 0xF8, 0x1E, 0x1E, 0x0F, 0xFF, 0xC3, 0xFF, 0xF0, 0xFF, 0xFE, 0x7C,
    0x0F, 0x9F, 0x03, 0xEF, 0x80, 0x7F, 0xE0, 0x1F, 0x31, 0x83, 0x9C, 0x1E, 0xF0, 0x7B, 0xC1, 0xCE,
    0x06, 0x30, 0x00, 0x07, 0xF8, 0x3F, 0xF1, 0xFF, 0x8C, 0x7C, 0x01, 0xF1, 0xFF, 0xBF, 0xFD, 0xFF,
    0xEF, 0x9F, 0x7C, 0xFB, 0xFF, 0xDF, 0xFE, 0x7F, 0xE0, 0x03, 0xF0, 0x01, 0xFE, 0x00, 0x77, 0x80,
    0x1C, 0xE0, 0x00, 0x00, 0x00, 0x00, 0x00, 0x1E, 0x00, 0x0F, 0xC0, 0x03, 0xF0, 0x01, 0xFE, 0x00,
    0x7F, 0x80, 0x3F, 0xF0, 0x0F, 0x3C, 0x07, 0xCF, 0x81, 0xE3, 0xE0, 0x78, 0x78, 0x3F, 0xFF, 0x0F,
    0xFF, 0xC3, 0xFF, 0xF9, 0xF0, 0x3E, 0x7C, 0x0F, 0xBE, 0x01, 0xFF, 0x80, 0x7C, 0x0F, 0xC0, 0xFE,
    0x07, 0x78, 0x79, 0xC0, 0x00, 0x00, 0x00, 0xFF, 0x07, 0xFE, 0x3F, 0xF1, 0x8F, 0x80, 0x3E, 0x3F,
    0xF7, 0xFF, 0xBF, 0xFD, 0xF3, 0xEF, 0x9F, 0x7F, 0xFB, 0xFF, 0xCF, 0xFC, 0x63, 0x07, 0xBC, 0x3D,
    0xE0, 0xF7, 0x83, 0xDE, 0x0C, 0x60, 0x00, 0x1F, 0xFE, 0xFF, 0xF7, 0xFF, 0xBC, 0x01, 0xE0, 0x0F,
    0x00, 0x78, 0x03, 0xFF, 0x9F, 0xFC, 0xFF, 0xE7, 0x80, 0x3C, 0x01, 0xE0, 0x0F, 0x00, 0x7F, 0xFF,
    0xFF, 0xFF, 0xFF, 0x31, 0x83, 0x9C, 0x1E, 0xF0, 0x7B, 0xC1, 0xCE, 0x06, 0x30, 0x00, 0x03, 0xF8,
    0x3F, 0xE3, 0xFF, 0xBF, 0x7D, 0xF1, 0xFF, 0xFF, 0xFF, 0xFF, 0xFF, 0xFF, 0x00, 0xFC, 0x73, 0xFF,
    0x8F, 0xFC, 0x3F, 0xE0, 0x1F, 0x81, 0xFE, 0x0E, 0xF0, 0x73, 0x80, 0x00, 0x00, 0x03, 0xFF, 0xDF,
    0xFE, 0xFF, 0xF7, 0x80, 0x3C, 0x01, 0xE0, 0x0F, 0x00, 0x7F, 0xF3, 0xFF, 0x9F, 0xFC, 0xF0, 0x07,
    0x80, 0x3C, 0x01, 0xE0, 0x0F, 0xFF, 0xFF, 0xFF, 0xFF, 0xE0, 0x0F, 0x80, 0xFE, 0x0F, 0x78, 0x71,
    0xC0, 0x00, 0x00, 0x00, 0x7F, 0x07, 0xFC, 0x7F, 0xF7, 0xEF, 0xBE, 0x3F, 0xFF, 0xFF, 0xFF, 0xFF,
    0xFF, 0xE0, 0x1F, 0x8E, 0x7F, 0xF1, 0xFF, 0x87, 0xFC, 0x63, 0x1E, 0xF3, 0xDE, 0x3D, 0xE3, 0xDE,
    0x31, 0x80, 0x00, 0x78, 0x0F, 0x01, 0xE0, 0x3C, 0x07, 0x80, 0xF0, 0x1E, 0x03, 0xC0, 0x78, 0x0F,
    0x01, 0xE0, 0x3C, 0x07, 0x80, 0xF0, 0x1E, 0x03, 0xC0, 0x78, 0x31, 0x87, 0x38, 0x7B, 0xC3, 0xDE,
    0x1C, 0xE0, 0xC6, 0x00, 0x00, 0xF8, 0x0F, 0x80, 0xF8, 0x0F, 0x80, 0xF8, 0x0F, 0x80, 0xF8, 0x0F,
    0x80, 0xF8, 0x0F, 0x80, 0xF8, 0x0F, 0x80, 0xF8, 0x3F, 0x1F, 0xE7, 0xF9, 0xCE, 0x00, 0x00, 0x01,
    0xE0, 0x78, 0x1E, 0x07, 0x81, 0xE0, 0x78, 0x1E, 0x07, 0x81, 0xE0, 0x78, 0x1E, 0x07, 0x81, 0xE0,
    0x78, 0x1E, 0x07, 0x81, 0xE0, 0x3E, 0x3F, 0xBD, 0xFE, 0x70, 0x00, 0x00, 0xF8, 0x7C, 0x3E, 0x1F,
    0x0F, 0x87, 0xC3, 0xE1, 0xF0, 0xF8, 0x7C, 0x3E, 0x1F, 0x0F, 0x80, 0x0C, 0x60, 0x07, 0x38, 0x01,
    0xEF, 0x00, 0x3D, 0xE0, 0x07, 0x38, 0x00, 0xC6, 0x00, 0x00, 0x00, 0x1F, 0xE0, 0x1F, 0xFE, 0x0F,
    0xFF, 0xC7, 0xF3, 0xF1, 0xF0, 0x3E, 0xF8, 0x0F, 0xBE, 0x01, 0xFF, 0x80, 0x7F, 0xE0, 0x1F, 0xF8,
    0x07, 0xFE, 0x01, 0xFF, 0x80, 0xF9, 0xF0, 0x3E, 0x7F, 0x3F, 0x8F, 0xFF, 0xC1, 0xFF, 0xE0, 0x1F,
    0xE0, 0x31, 0x81, 0xCE, 0x07, 0xBC, 0x0F, 0x78, 0x1C, 0xE0, 0x31, 0x80, 0x00, 0x07, 0xF0, 0x3F,
    0xE1, 0xFF, 0xCF, 0xDF, 0xBE, 0x3E, 0xF0, 0x7B, 0xC1, 0xEF, 0x07, 0xBE, 0x3E, 0xFD, 0xF9, 0xFF,
    0xC3, 0xFE, 0x07, 0xF0, 0x03, 0xF0, 0x01, 0xFE, 0x00, 0x77, 0x80, 0x3C, 0xE0, 0x00, 0x00, 0x00,
    0x00, 0x00, 0x7F, 0x80, 0x7F, 0xF8, 0x3F, 0xFF, 0x1F, 0xCF, 0xC7, 0xC0, 0xFB, 0xE0, 0x3E, 0xF8,
    0x07, 0xFE, 0x01, 0xFF, 0x80, 0x7F, 0xE0, 0x1F, 0xF8, 0x07, 0xFE, 0x03, 0xE7, 0xC0, 0xF9, 0xFC,
    0xFE, 0x3F, 0xFF, 0x07, 0xFF, 0x80, 0x7F, 0x80, 0x0F, 0x80, 0x7F, 0x03, 0xDE, 0x0F, 0x38, 0x00,
    0x00, 0x00, 0x01, 0xFC, 0x0F, 0xF8, 0x7F, 0xF3, 0xF7, 0xEF, 0x8F, 0xBC, 0x1E, 0xF0, 0x7B, 0xC1,
    0xEF, 0x8F, 0xBF, 0x7E, 0x7F, 0xF0, 0xFF, 0x81, 0xFC, 0x00, 0x63, 0x01, 0xCF, 0x03, 0xDE, 0x03,
    0xDE, 0x03, 0x9C, 0x03, 0x18, 0x00, 0x00, 0x7F, 0xE0, 0xFF, 0xF1, 0xFF, 0xF3, 0xC7, 0xE7, 0x87,
    0xCF, 0x07, 0x9E, 0x1F, 0x3C, 0x7E, 0x7F, 0xFC, 0xFF, 0xF1, 0xFF, 0xC3, 0xCF, 0x87, 0x8F, 0x8F,
    0x1F, 0x9E, 0x1F, 0x3C, 0x3F, 0x78, 0x3E, 0x63, 0x1E, 0xF3, 0xDE, 0x3D, 0xE3, 0x9C, 0x31, 0x80,
    0x01, 0xFF, 0x7F, 0xCF, 0xF9, 0xF3, 0x3E, 0x07, 0xC0, 0xF8, 0x1F, 0x03, 0xE0, 0x7C, 0x0F, 0x81,
    0xF0, 0x3E, 0x00, 0x1F, 0x80, 0x7F, 0x80, 0xF7, 0x01, 0xCE, 0x00, 0x00, 0x00, 0x00, 0x3F, 0xF0,
    0x7F, 0xF8, 0xFF, 0xF9, 0xE3, 0xF3, 0xC3, 0xE7, 0x83, 0xCF, 0x0F, 0x9E, 0x3F, 0x3F, 0xFE, 0x7F,
    0xF8, 0xFF, 0xE1, 0xE7, 0xC3, 0xC7, 0xC7, 0x8F, 0xCF, 0x0F, 0x9E, 0x1F, 0xBC, 0x1F, 0x00, 0x3F,
    0x1F, 0xE7, 0xB9, 0xCF, 0x00, 0x00, 0x07, 0xFF, 0xFE, 0xFF, 0xBE, 0x6F, 0x83, 0xE0, 0xF8, 0x3E,
    0x0F, 0x83, 0xE0, 0xF8, 0x3E, 0x0F, 0x80, 0x18, 0xC0, 0x73, 0x80, 0xF7, 0x80, 0xF7, 0x80, 0xE7,
    0x00, 0xC6, 0x00, 0x00, 0x7C, 0x0F, 0xF8, 0x1F, 0xF0, 0x3F, 0xE0, 0x7F, 0xC0, 0xFF, 0x81, 0xFF,
    0x03, 0xFE, 0x07, 0xFC, 0x0F, 0xF8, 0x1F, 0xF0, 0x3F, 0xE0, 0x7B, 0xE1, 0xF7, 0xE7, 0xEF, 0xFF,
    0x8F, 0xFE, 0x07, 0xF8, 0x63, 0x0F, 0x78, 0xF7, 0x87, 0xBC, 0x3D, 0xE1, 0x8C, 0x00, 0x0F, 0x8F,
    0xF8, 0xFF, 0x8F, 0xF8, 0xFF, 0x8F, 0xF8, 0xFF, 0x8F, 0xF8, 0xFF, 0x8F, 0x7C, 0xF7, 0xFF, 0x3F,
    0xF1, 0xFF, 0x07, 0xE0, 0x1F, 0xC0, 0x3B, 0xC0, 0xF3, 0x80, 0x00, 0x00, 0x00, 0x3E, 0x07, 0xFC,
    0x0F, 0xF8, 0x1F, 0xF0, 0x3F, 0xE0, 0x7F, 0xC0, 0xFF, 0x81, 0xFF, 0x03, 0xFE, 0x07, 0xFC, 0x0F,
    0xF8, 0x1F, 0xF0, 0x3D, 0xF0, 0xFB, 0xF3, 0xF7, 0xFF, 0xC7, 0xFF, 0x03, 0xFC, 0x00, 0x0F, 0x81,
    0xFC, 0x3D, 0xC3, 0x9E, 0x00, 0x00, 0x00, 0xF8, 0xFF, 0x8F, 0xF8, 0xFF, 0x8F, 0xF8, 0xFF, 0x8F,
    0xF8, 0xFF, 0x8F, 0xF8, 0xF7, 0xCF, 0x7F, 0xF3, 0xFF, 0x1F, 0xF0, 0x0F, 0xF0, 0xFF, 0xE7, 0xFF,
    0x9F, 0x9C, 0x7C, 0x01, 0xF0, 0x07, 0xF8, 0x0F, 0xF8, 0x1F, 0xF0, 0x3F, 0xE0, 0x1F, 0xC0, 0x1F,
    0x00, 0x7D, 0xE3, 0xF7, 0xFF, 0x9F, 0xFE, 0x3F, 0xE0, 0x00, 0x00, 0x38, 0x01, 0xE0, 0x0F, 0x80,
    0x3C, 0x00, 0x1F, 0xE3, 0xFE, 0x7F, 0xC7, 0xCC, 0x7F, 0x07, 0xFE, 0x7F, 0xE3, 0xFE, 0x03, 0xE7,
    0x1E, 0x7F, 0xE7, 0xFC, 0x7F, 0x80, 0x00, 0x0F, 0x00, 0xF0, 0x3F, 0x01, 0xE0, 0xFF, 0xFF, 0xFF,
    0xFF, 0xFF, 0xF8, 0x3E, 0x00, 0x7C, 0x00, 0xF8, 0x01, 0xF0, 0x03, 0xE0, 0x07, 0xC0, 0x0F, 0x80,
    0x1F, 0x00, 0x3E, 0x00, 0x7C, 0x00, 0xF8, 0x01, 0xF0, 0x03, 0xE0, 0x07, 0xC0, 0x00, 0x00, 0x0F,
    0x00, 0x3C, 0x00, 0xF8, 0x01, 0xE0, 0x00, 0xF8, 0x3E, 0x0F, 0x83, 0xE0, 0xFF, 0xBF, 0xEF, 0xFB,
    0xE0, 0xF8, 0x3E, 0x0F, 0x83, 0xE0, 0xF8, 0x3F, 0x27, 0xF9, 0xFF, 0x3F, 0x80, 0x01, 0xE0, 0x78,
    0x3E, 0x0F, 0x00, 0x7F, 0xC7, 0xFF, 0x1F, 0xFC, 0xE7, 0xE0, 0x0F, 0x00, 0x7C, 0x03, 0xE0, 0x3E,
    0x07, 0xF1, 0xFF, 0x0F, 0xF8, 0x7F, 0xE0, 0x3F, 0x80, 0x7C, 0x03, 0xE0, 0x1F, 0x00, 0xF8, 0x07,
    0xC1, 0xFD, 0xFF, 0xEF, 0xFC, 0x7F, 0x80, 0xFF, 0x1F, 0xF9, 0xFF, 0x33, 0xF0, 0x3E, 0x07, 0xC3,
    0xF0, 0xFC, 0x1F, 0x83, 0xF8, 0x1F, 0x81, 0xF0, 0x3E, 0x07, 0xCF, 0xFF, 0xFE, 0xFF, 0x9F, 0xC0,
    0x0C, 0xE0, 0x3F, 0xC0, 0x3F, 0x80, 0x3C, 0x00, 0x30, 0x00, 0x00, 0x00, 0x00, 0x78, 0x1F, 0xF0,
    0x3F, 0xE0, 0x7F, 0xC0, 0xFF, 0x81, 0xFF, 0x03, 0xFE, 0x07, 0xFF, 0xFF, 0xFF, 0xFF, 0xFF, 0xFF,
    0xE0, 0x7F, 0xC0, 0xFF, 0x81, 0xFF, 0x03, 0xFE, 0x07, 0xFC, 0x0F, 0xF8, 0x1F, 0x63, 0x03, 0xFC,
    0x1F, 0xC0, 0x7C, 0x00, 0xC0, 0x00, 0x01, 0xE0, 0x1F, 0x00, 0xF8, 0x07, 0xC0, 0x3E, 0x01, 0xF0,
    0x0F, 0xFC, 0x7F, 0xF3, 0xFF, 0xDF, 0x3E, 0xF8, 0xF7, 0xC7, 0xBE, 0x3D, 0xF1, 0xEF, 0x8F, 0x7C,
    0x7B, 0xE3, 0xDF, 0x1E, 0xF8, 0xF0, 0x7F, 0x83, 0xFF, 0x1F, 0xFC, 0xC3, 0xE0, 0x0F, 0x80, 0x7F,
    0xFF, 0xFF, 0xFF, 0xFF, 0xFF, 0x87, 0xFE, 0x3E, 0xFF, 0xE7, 0xFE, 0x1F, 0xE0, 0x1C, 0x00, 0x78,
    0x7C, 0x3E, 0x1E, 0x0F, 0x0F, 0x0F, 0x8F, 0x8F, 0x87, 0x00, 0x0F, 0x03, 0xF0, 0xFF, 0x3F, 0xE7,
    0x1E, 0x3C, 0xEF, 0xFF, 0xFF, 0x73, 0xC0, 0x7F, 0xBF, 0xFF, 0xF8, 0x00, 0x0F, 0xFF, 0xFF, 0xF7,
    0xFE, 0xE0, 0xDC, 0x39, 0xFF, 0x3F, 0xC3, 0xF0, 0x01, 0xE7, 0x9E, 0x78, 0x73, 0xBC, 0xFF, 0x3D,
    0x8E, 0xF9, 0xFB, 0xF0, 0xE7, 0xCE, 0x08, 0x00, 0x7C, 0xFF, 0xBF, 0x77, 0xEF, 0x80, 0x1D, 0xE7,
    0xFD, 0xEF, 0x7B, 0xCE, 0x70, 0x60, 0x67, 0x9F, 0x3F, 0xE1, 0xFC, 0x1F, 0x80, 0x6F, 0xFF, 0xF0,
    0x66, 0xFF, 0xFF, 0xFF, 0xFF, 0x00, 0x73, 0x87, 0xFC, 0x7F, 0xC3, 0xDE, 0x1E, 0xE0, 0x0C, 0x07,
    0x85, 0xFB, 0xB7, 0x7F, 0x9F, 0xE3, 0xF0, 0x3F, 0x3F, 0xDD, 0xFE, 0x70, 0x3C, 0xE7, 0x9E, 0x7B,
    0xE7, 0x00, 0x7D, 0xE7, 0x9E, 0x73, 0xC6, 0x00, 0xF9, 0xE7, 0x9E, 0x38, 0xF1, 0x80, 0x7D, 0xE7,
    0x9E, 0x73, 0xC6, 0x00, 0x78, 0x3E, 0x0F, 0x83, 0xE0, 0xF0, 0x0E, 0x1F, 0x3E, 0x78, 0xF0, 0x18,
    0x7F, 0xFF, 0x1C, 0x60, 0x63, 0x8F, 0xFF, 0xE1, 0x80, 0xFF, 0xFC, 0x38, 0x70, 0xE1, 0xC0, 0x1E,
    0x7C, 0xF7, 0xEF, 0x9C, 0x00, 0x37, 0xEE, 0xF7, 0x30, 0xCF, 0xFF, 0xFC, 0xFF, 0xF3, 0x0C, 0x30,
    0x30, 0xCF, 0xFF, 0x30, 0xC0, 0xFF, 0xFF, 0x80, 0x1C, 0x71, 0xC7, 0x3F, 0xFF, 0xFE, 0xE3, 0x8E,
    0x38, 0xF3, 0xFF, 0xDF, 0x77, 0xFF, 0xF2, 0x00, 0x73, 0xBC, 0xFF, 0x3D, 0x8E, 0x7C, 0xFF, 0xBF,
    0x77, 0xEF, 0x80, 0x79, 0xE7, 0x9C, 0x70, 0x71, 0xE3, 0xEF, 0xFF, 0xE0, 0x11, 0xE7, 0x3C, 0xFF,
    0xF7, 0xC0, 0x6F, 0xFF, 0xF0, 0xFF, 0xFF, 0xFE, 0x1F, 0x87, 0xC0, 0xC0, 0xCC, 0xF3, 0x3F, 0xFC,
    0xCC, 0xC0, 0xDE, 0x7D, 0xFF, 0x1F, 0xC3, 0xF0, 0x0F, 0x03, 0xF0, 0xFF, 0x3F, 0xE7, 0x9E, 0xC0,
    0xF8, 0x7F, 0xFD, 0xFE, 0x3F, 0x00, 0x0C, 0x0F, 0xE7, 0xFB, 0xFF, 0xE1, 0xC0, 0x3E, 0x67, 0xFE,
    0x7F, 0xE6, 0x3C, 0x7F, 0xBF, 0xFF, 0xF8, 0xFF, 0xFF, 0xFF, 0xFF, 0xFF, 0xFF, 0xFF, 0x80, 0x0F,
    0xFF, 0xFF, 0xC0, 0x7C, 0xFF, 0xFB, 0xFF, 0x73, 0xC0, 0x00, 0x0F, 0xFF, 0xFF, 0xF7, 0xFE, 0x7F,
    0xFF, 0xEF, 0xFF, 0xFF, 0xFF, 0xFF, 0xF7, 0xFF, 0xFE, 0x00, 0x00, 0xE0, 0xFC, 0x7E, 0x7E, 0x3F,
    0x07, 0x00, 0x00, 0x00, 0xE0, 0x0E, 0x01, 0xE0, 0x1C, 0x01, 0xC0, 0x38, 0x03, 0x80, 0x78, 0x07,
    0x00, 0x70, 0x0E, 0x00, 0xE0, 0x0E, 0x01, 0xC0, 0x1C, 0x03, 0xC0, 0x38, 0x03, 0x80, 0x70, 0x07,
    0x00, 0x70, 0x00, 0xCE, 0x77, 0xFE, 0xE1, 0xF8, 0x7E, 0x1F, 0xFF, 0xFF, 0xC0, 0xFF, 0xFF, 0xFC,
    0x0F, 0x03, 0xFF, 0xFF, 0xF0, 0x33, 0xBF, 0xFC, 0xCF, 0x33, 0x4B, 0xF7, 0x9E, 0xFD, 0x20, 0x7F,
    0xEE, 0x77, 0xFE, 0xFF, 0xFF, 0xFF, 0xFF, 0x80, 0x0F, 0xFF, 0xFF, 0xC0, 0x78, 0xFC, 0x3C, 0x1E,
    0x0F, 0x0E, 0x1F, 0x3E, 0x78, 0xF0, 0x7C, 0xFF, 0xFB, 0xFF, 0x63, 0xC0, 0x77, 0xFE, 0x77, 0x00,
    0x03, 0xC1, 0xDF, 0xFF, 0xFB, 0xDD, 0xEF, 0x77, 0x18, 0xE7, 0x3F, 0xFF, 0x80, 0x00, 0x0F, 0xFF,
    0xFF, 0xFE, 0x07, 0xE0, 0x74, 0x02, 0xFF, 0xFF, 0xFF, 0xFF, 0x80, 0x0F, 0xFF, 0xFF, 0xC0, 0x66,
    0xFF, 0xFF, 0xFF, 0xFF, 0x00, 0xFF, 0xF1, 0xC7, 0x1C, 0x00, 0x0D, 0xB7, 0xFF, 0xFE, 0xDF, 0x86,
    0x00, 0x0C, 0x07, 0x81, 0xE0, 0xF3, 0x7F, 0xFF, 0xEE, 0xF8, 0x78, 0x1E, 0x07, 0x80, 0x00, 0x38,
    0xDF, 0xEF, 0xF9, 0x0C, 0x7D, 0xDF, 0xEE, 0xF8, 0x00, 0x0C, 0xC7, 0xF9, 0xFE, 0x33, 0x04, 0x80,
    0x00, 0xC7, 0x8C, 0x30, 0xC0, 0xF1, 0xE3, 0xFC, 0x78, 0xFC, 0x00, 0x0F, 0x0F, 0xC3, 0x0F, 0xFC,
    0x03, 0x03, 0x01, 0x80, 0x63, 0x60, 0x1B, 0xD0, 0x02, 0xF4, 0x00, 0xBD, 0x80, 0x6C, 0x60, 0x18,
    0x0C, 0x0C, 0x03, 0xCF, 0x0C, 0x3F, 0x0F, 0x00, 0x03, 0xF1, 0xE3, 0xFC, 0x78, 0xF0, 0x43, 0xCE,
    0xF7, 0x00, 0x07, 0x7E, 0xF7, 0x30, 0x0E, 0x0F, 0xC7, 0xFB, 0xCF, 0xFF, 0xC7, 0x81, 0xE0, 0x01,
    0xE7, 0x9E, 0x7D, 0x20, 0x1B, 0xDC, 0xF1, 0x80, 0x63, 0xCE, 0xF6, 0x00, 0xE3, 0xBE, 0xE3, 0xFB,
    0xFF, 0xE6, 0xC0, 0x0E, 0xF7, 0x7F, 0xE0, 0x07, 0xBF, 0xF7, 0x00, 0x00, 0xCF, 0xFF, 0x79, 0xE0,
    0x33, 0x3F, 0xFC, 0xCF, 0x33, 0xFF, 0xDF, 0xE0, 0x61, 0x87, 0xFE, 0x18, 0x00, 0xF0, 0x00, 0xF7,
    0xC0, 0x3E, 0x7F, 0xFF, 0xE1, 0xFF, 0xF8, 0x07, 0xFE, 0x00, 0xF0, 0x00, 0xF7, 0xC0, 0x3E, 0x7F,
    0xFF, 0xE1, 0xFF, 0xF8, 0x07, 0xFE, 0x00, 0xFF, 0xFF, 0xFF, 0xFF, 0xFF, 0xFF, 0xFF, 0xFF, 0x3F,
    0xE0, 0x77, 0xFF, 0xFF, 0xFF, 0xFF, 0xEE, 0x03, 0xFC, 0x07, 0xFE, 0x01, 0xFF, 0xF8, 0x3F, 0xFF,
    0xE7, 0xC0, 0x3E, 0xF0, 0x00, 0xF4, 0x00, 0x02, 0x00, 0x00, 0x00, 0x00, 0x07, 0x3F, 0xFF, 0xFD,
    0xFF, 0xFF, 0xE0, 0x00, 0x0E, 0x00, 0x00, 0x60, 0x01, 0xF6, 0xDF, 0xEF, 0xF7, 0xC0, 0x00, 0xFB,
    0xB7, 0xEF, 0xDF, 0x8F, 0x00, 0x19, 0x6D, 0xB6, 0xC0, 0x00, 0xFB, 0xF6, 0x7C, 0xFF, 0x9E, 0x00,
    0xCD, 0x9B, 0x36, 0x6F, 0xCF, 0x80, 0x01, 0xF7, 0xD8, 0x61, 0xF3, 0xC0, 0x00, 0x30, 0xDF, 0xFF,
    0x3C, 0xFF, 0x7C, 0x01, 0xC3, 0x07, 0xEF, 0xDD, 0xFB, 0xF7, 0xCC, 0x00, 0x3F, 0xFF, 0xFF, 0xB3,
    0xEC, 0xFB, 0x3E, 0xCC, 0x07, 0xFF, 0xCE, 0x73, 0x80, 0x03, 0x3F, 0xE6, 0x31, 0xEF, 0xCF, 0xD9,
    0xF3, 0xC3, 0x86, 0x00, 0x76, 0x3E, 0x3C, 0x3C, 0x7E, 0x66, 0x0C, 0x00, 0xF0, 0x07, 0xC0, 0x1F,
    0x00, 0x78, 0x01, 0x80, 0x00, 0x1F, 0xFE, 0xFF, 0xF7, 0xFF, 0xBC, 0x01, 0xE0, 0x0F, 0x00, 0x78,
    0x03, 0xFF, 0x9F, 0xFC, 0xFF, 0xE7, 0x80, 0x3C, 0x01, 0xE0, 0x0F, 0x00, 0x7F, 0xFF, 0xFF, 0xFF,
    0xFF, 0x79, 0xC3, 0xDF, 0x1E, 0xF8, 0xF3, 0x80, 0x00, 0x00, 0x03, 0xFF, 0xDF, 0xFE, 0xFF, 0xF7,
    0x80, 0x3C, 0x01, 0xE0, 0x0F, 0x00, 0x7F, 0xF3, 0xFF, 0x9F, 0xFC, 0xF0, 0x07, 0x80, 0x3C, 0x01,
    0xE0, 0x0F, 0xFF, 0xFF, 0xFF, 0xFF, 0xE0, 0xFF, 0xFE, 0x0F, 0xFF, 0xE0, 0xFF, 0xFE, 0x00, 0x7C,
    0x00, 0x07, 0xC0, 0x00, 0x7C, 0x00, 0x07, 0xFF, 0x80, 0x7F, 0xFC, 0x07, 0xFF, 0xE0, 0x7C, 0x7E,
    0x07, 0xC1, 0xE0, 0x7C, 0x1F, 0x07, 0xC1, 0xF0, 0x7C, 0x3E, 0x07, 0xDF, 0xE0, 0x7D, 0xFC, 0x07,
    0xDF, 0x80, 0x03, 0x00, 0x78, 0x0F, 0x81, 0xF0, 0x1E, 0x00, 0xC0, 0x00, 0x0F, 0xFF, 0xFF, 0xFF,
    0xFF, 0xF0, 0x0F, 0x00, 0xF0, 0x0F, 0x00, 0xF0, 0x0F, 0x00, 0xF0, 0x0F, 0x00, 0xF0, 0x0F, 0x00,
    0xF0, 0x0F, 0x00, 0xF0, 0x0F, 0x00, 0x07, 0xFC, 0x1F, 0xFE, 0x3F, 0xFE, 0x7F, 0x1C, 0x7C, 0x00,
    0xF8, 0x00, 0xF8, 0x00, 0xFF, 0xF0, 0xFF, 0xF0, 0xFF, 0xF0, 0xF8, 0x00, 0xF8, 0x00, 0x7C, 0x00,
    0x7F, 0x3C, 0x3F, 0xFE, 0x1F, 0xFE, 0x07, 0xFC, 0x0F, 0xF0, 0xFF, 0xE7, 0xFF, 0x9F, 0x9C, 0x7C,
    0x01, 0xF0, 0x07, 0xF8, 0x0F, 0xF8, 0x1F, 0xF0, 0x3F, 0xE0, 0x1F, 0xC0, 0x1F, 0x00, 0x7D, 0xE3,
    0xF7, 0xFF, 0x9F, 0xFE, 0x3F, 0xE0, 0xFF, 0xFF, 0xFF, 0xFF, 0xFF, 0xFF, 0xFF, 0xFF, 0xF0, 0xF3,
    0xFC, 0xFF, 0x3F, 0xCF, 0x00, 0x00, 0x01, 0xE0, 0x78, 0x1E, 0x07, 0x81, 0xE0, 0x78, 0x1E, 0x07,
    0x81, 0xE0, 0x78, 0x1E, 0x07, 0x81, 0xE0, 0x78, 0x1E, 0x07, 0x81, 0xE0, 0x01, 0xF0, 0x1F, 0x01,
    0xF0, 0x1F, 0x01, 0xF0, 0x1F, 0x01, 0xF0, 0x1F, 0x01, 0xF0, 0x1F, 0x01, 0xF0, 0x1F, 0x01, 0xF7,
    0x3E, 0xFF, 0xEF, 0xFC, 0x7F, 0x80, 0x03, 0xFF, 0xC0, 0x00, 0x7F, 0xFC, 0x00, 0x07, 0xFF, 0xC0,
    0x00, 0x7C, 0x7C, 0x00, 0x07, 0xC7, 0xC0, 0x00, 0x7C, 0x7C, 0x00, 0x07, 0xC7, 0xFF, 0x00, 0x7C,
    0x7F, 0xFC, 0x07, 0x87, 0xFF, 0xE0, 0x78, 0x7C, 0x7E, 0x07, 0x87, 0xC1, 0xE0, 0xF8, 0x7C, 0x1E,
    0x1F, 0x07, 0xC1, 0xE7, 0xF0, 0x7C, 0x7E, 0xFE, 0x07, 0xFF, 0xEF, 0xC0, 0x7F, 0xFC, 0xF8, 0x03,
    0xFF, 0x00, 0xF0, 0x3E, 0x00, 0xF0, 0x3E, 0x00, 0xF0, 0x3E, 0x00, 0xF0, 0x3E, 0x00, 0xF0, 0x3E,
    0x00, 0xF0, 0x3E, 0x00, 0xFF, 0xFF, 0xF8, 0xFF, 0xFF, 0xFC, 0xFF, 0xFF, 0xFE, 0xF0, 0x3E, 0x7F,
    0xF0, 0x3E, 0x1F, 0xF0, 0x3E, 0x1F, 0xF0, 0x3E, 0x1F, 0xF0, 0x3E, 0x7F, 0xF0, 0x3F, 0xFE, 0xF0,
    0x3F, 0xFC, 0xF0, 0x3F, 0xF8, 0xFF, 0xFE, 0x1F, 0xFF, 0xC3, 0xFF, 0xF8, 0x03, 0xE0, 0x00, 0x7C,
    0x00, 0x0F, 0x80, 0x01, 0xFF, 0xC0, 0x3F, 0xFC, 0x07, 0xFF, 0xC0, 0xF9, 0xF8, 0x1F, 0x0F, 0x83,
    0xE1, 0xF0, 0x7C, 0x3E, 0x0F, 0x87, 0xC1, 0xF0, 0xF8, 0x3E, 0x1F, 0x07, 0xC3, 0xE0, 0x00, 0xC0,
    0x03, 0xC0, 0x0F, 0x80, 0x3E, 0x00, 0x78, 0x00, 0x60, 0x00, 0x00, 0x78, 0x3E, 0xF0, 0xF9, 0xE3,
    0xF3, 0xCF, 0xC7, 0xBF, 0x0F, 0xFC, 0x1F, 0xF0, 0x3F, 0xC0, 0x7F, 0x80, 0xFF, 0x81, 0xFF, 0x83,
    0xDF, 0x87, 0x9F, 0x8F, 0x1F, 0x9E, 0x1F, 0x3C, 0x1F, 0x78, 0x3F, 0x03, 0x00, 0x1E, 0x00, 0x3E,
    0x00, 0x3E, 0x00, 0x3C, 0x00, 0x30, 0x00, 0x00, 0x78, 0x0F, 0xF0, 0x3F, 0xE0, 0xFF, 0xC3, 0xFF,
    0x8F, 0xFF, 0x1F, 0xFE, 0x7F, 0xFD, 0xF7, 0xFF, 0xCF, 0xFF, 0x9F, 0xFE, 0x3F, 0xF8, 0x7F, 0xF0,
    0xFF, 0xC1, 0xFF, 0x03, 0xFE, 0x07, 0xF8, 0x0F, 0x06, 0x38, 0x07, 0xBC, 0x03, 0xFE, 0x00, 0xFE,
    0x00, 0x3E, 0x00, 0x00, 0x00, 0x00, 0x01, 0xF0, 0x3E, 0x7C, 0x1F, 0x3E, 0x0F, 0x8F, 0x8F, 0x87,
    0xC7, 0xC1, 0xF3, 0xC0, 0xFB, 0xE0, 0x3F, 0xE0, 0x1F, 0xF0, 0x07, 0xF8, 0x01, 0xF8, 0x00, 0xFC,
    0x00, 0x7C, 0x02, 0x7E, 0x03, 0xFE, 0x01, 0xFE, 0x00, 0xFE, 0x00, 0xF0, 0x3F, 0xE0, 0x7F, 0xC0,
    0xFF, 0x81, 0xFF, 0x03, 0xFE, 0x07, 0xFC, 0x0F, 0xF8, 0x1F, 0xF0, 0x3F, 0xE0, 0x7F, 0xC0, 0xFF,
    0x81, 0xFF, 0x03, 0xFE, 0x07, 0xFF, 0xFF, 0xFF, 0xFF, 0xFF, 0xFE, 0x0F, 0x00, 0x1E, 0x00, 0x3C,
    0x00, 0x78, 0x00, 0xF0, 0x00, 0x01, 0xE0, 0x00, 0xFC, 0x00, 0x3F, 0x00, 0x1F, 0xE0, 0x07, 0xF8,
    0x03, 0xFF, 0x00, 0xF3, 0xC0, 0x7C, 0xF8, 0x1E, 0x3E, 0x07, 0x87, 0x83, 0xFF, 0xF0, 0xFF, 0xFC,
    0x3F, 0xFF, 0x9F, 0x03, 0xE7, 0xC0, 0xFB, 0xE0, 0x1F, 0xF8, 0x07, 0xC0, 0xFF, 0xF3, 0xFF, 0xCF,
    0xFF, 0x3C, 0x00, 0xF0, 0x03, 0xC0, 0x0F, 0xFC, 0x3F, 0xFC, 0xFF, 0xFB, 0xC7, 0xEF, 0x07, 0xBC,
    0x1E, 0xF0, 0x7B, 0xC7, 0xEF, 0xFF, 0xBF, 0xFC, 0xFF, 0xC0, 0xFF, 0xC3, 0xFF, 0xCF, 0xFF, 0xBC,
    0x7E, 0xF0, 0x7B, 0xC1, 0xEF, 0x1F, 0xBF, 0xFC, 0xFF, 0xF3, 0xFF, 0xEF, 0x0F, 0xFC, 0x1F, 0xF0,
    0x7F, 0xC7, 0xFF, 0xFF, 0xBF, 0xFE, 0xFF, 0xE0, 0xFF, 0xFF, 0xFF, 0xFF, 0xFF, 0x00, 0xF0, 0x0F,
    0x00, 0xF0, 0x0F, 0x00, 0xF0, 0x0F, 0x00, 0xF0, 0x0F, 0x00, 0xF0, 0x0F, 0x00, 0xF0, 0x0F, 0x00,
    0xF0, 0x00, 0x07, 0xFF, 0x80, 0x3F, 0xFC, 0x01, 0xFF, 0xE0, 0x0F, 0x8F, 0x00, 0x7C, 0x78, 0x03,
    0xE3, 0xC0, 0x1E, 0x1E, 0x00, 0xF0, 0xF0, 0x07, 0x87, 0x80, 0x7C, 0x3C, 0x03, 0xE1, 0xE0, 0x1E,
    0x0F, 0x01, 0xF0, 0x78, 0x0F, 0x83, 0xC3, 0xFF, 0xFF, 0xDF, 0xFF, 0xFE, 0xFF, 0xFF, 0xF7, 0xC0,
    0x07, 0xBE, 0x00, 0x3D, 0xF0, 0x01, 0xEF, 0x80, 0x0F, 0x7C, 0x00, 0x78, 0xFF, 0xF7, 0xFF, 0xBF,
    0xFD, 0xE0, 0x0F, 0x00, 0x78, 0x03, 0xC0, 0x1F, 0xFC, 0xFF, 0xE7, 0xFF, 0x3C, 0x01, 0xE0, 0x0F,
    0x00, 0x78, 0x03, 0xFF, 0xFF, 0xFF, 0xFF, 0xF8, 0xFC, 0x3E, 0x1F, 0x3F, 0x1F, 0x1F, 0x8F, 0x8F,
    0x9F, 0x87, 0xE7, 0xDF, 0x81, 0xFB, 0xEF, 0x80, 0x7F, 0xFF, 0x80, 0x1F, 0xFF, 0xC0, 0x07, 0xFF,
    0xC0, 0x03, 0xFF, 0xC0, 0x01, 0xFF, 0xF0, 0x01, 0xFF, 0xFC, 0x01, 0xF7, 0xFF, 0x01, 0xF3, 0xEF,
    0xC1, 0xF9, 0xF3, 0xE1, 0xF8, 0xF8, 0xF8, 0xF8, 0x7C, 0x7E, 0xF8, 0x3E, 0x1F, 0x00, 0x3F, 0xE0,
    0xFF, 0xE1, 0xFF, 0xE1, 0xC7, 0xE0, 0x07, 0xC0, 0x0F, 0x80, 0x7E, 0x0F, 0xFC, 0x1F, 0xF0, 0x3F,
    0xF8, 0x03, 0xF0, 0x01, 0xE0, 0x03, 0xCF, 0x1F, 0x9F, 0xFF, 0x7F, 0xFC, 0x3F, 0xF0, 0xF0, 0x1F,
    0xE0, 0x7F, 0xC1, 0xFF, 0x87, 0xFF, 0x1F, 0xFE, 0x3F, 0xFC, 0xFF, 0xFB, 0xEF, 0xFF, 0x9F, 0xFF,
    0x3F, 0xFC, 0x7F, 0xF0, 0xFF, 0xE1, 0xFF, 0x83, 0xFE, 0x07, 0xFC, 0x0F, 0xF0, 0x1E, 0x0C, 0x70,
    0x3D, 0xE0, 0x7F, 0xC0, 0x7F, 0x00, 0x7C, 0x00, 0x00, 0x00, 0x00, 0x78, 0x0F, 0xF0, 0x3F, 0xE0,
    0xFF, 0xC3, 0xFF, 0x8F, 0xFF, 0x1F, 0xFE, 0x7F, 0xFD, 0xF7, 0xFF, 0xCF, 0xFF, 0x9F, 0xFE, 0x3F,
    0xF8, 0x7F, 0xF0, 0xFF, 0xC1, 0xFF, 0x03, 0xFE, 0x07, 0xF8, 0x0F, 0xF0, 0x7D, 0xE1, 0xF3, 0xC7,
    0xE7, 0x9F, 0x8F, 0x7E, 0x1F, 0xF8, 0x3F, 0xE0, 0x7F, 0x80, 0xFF, 0x01, 0xFF, 0x03, 0xFF, 0x07,
    0xBF, 0x0F, 0x3F, 0x1E, 0x3F, 0x3C, 0x3E, 0x78, 0x3E, 0xF0, 0x7E, 0x03, 0xFF, 0xC1, 0xFF, 0xF0,
    0x7F, 0xFC, 0x1F, 0x1F, 0x07, 0xC7, 0xC1, 0xF1, 0xF0, 0x7C, 0x7C, 0x1F, 0x1F, 0x07, 0x87, 0xC1,
    0xE1, 0xF0, 0x78, 0x7C, 0x3E, 0x1F, 0x1F, 0x07, 0xDF, 0xC1, 0xFF, 0xE0, 0x7F, 0xF0, 0x1F, 0xF8,
    0x07, 0xC0, 0x7C, 0x03, 0xE7, 0xE0, 0x3E, 0x7E, 0x07, 0xE7, 0xF0, 0x7E, 0x7F, 0x0F, 0xE7, 0xF8,
    0xFF, 0x7F, 0x9F, 0xF7, 0xFD, 0xFF, 0x7B, 0xDF, 0xF7, 0xBF, 0xDF, 0x79, 0xFD, 0xFF, 0x9F, 0x8F,
    0xF9, 0xF8, 0xFF, 0x8F, 0x8F, 0xF8, 0xF0, 0xFF, 0x80, 0x0F, 0xF8, 0x00, 0xF0, 0xF0, 0x3F, 0xE0,
    0x7F, 0xC0, 0xFF, 0x81, 0xFF, 0x03, 0xFE, 0x07, 0xFC, 0x0F, 0xFF, 0xFF, 0xFF, 0xFF, 0xFF, 0xFF,
    0xC0, 0xFF, 0x81, 0xFF, 0x03, 0xFE, 0x07, 0xFC, 0x0F, 0xF8, 0x1F, 0xF0, 0x3E, 0x07, 0xF8, 0x07,
    0xFF, 0x83, 0xFF, 0xF1, 0xFC, 0xFC, 0x7C, 0x0F, 0xBE, 0x03, 0xEF, 0x80, 0x7F, 0xE0, 0x1F, 0xF8,
    0x07, 0xFE, 0x01, 0xFF, 0x80, 0x7F, 0xE0, 0x3E, 0x7C, 0x0F, 0x9F, 0xCF, 0xE3, 0xFF, 0xF0, 0x7F,
    0xF8, 0x07, 0xF8, 0x00, 0xFF, 0xFF, 0xFF, 0xFF, 0xFF, 0xFF, 0x81, 0xFF, 0x03, 0xFE, 0x07, 0xFC,
    0x0F, 0xF8, 0x1F, 0xF0, 0x3F, 0xE0, 0x7F, 0xC0, 0xFF, 0x81, 0xFF, 0x03, 0xFE, 0x07, 0xFC, 0x0F,
    0xF8, 0x1F, 0xF0, 0x3E, 0xFF, 0xC3, 0xFF, 0xCF, 0xFF, 0xBC, 0x7E, 0xF0, 0x7B, 0xC1, 0xFF, 0x07,
    0xBC, 0x7E, 0xFF, 0xFB, 0xFF, 0xCF, 0xFC, 0x3C, 0x00, 0xF0, 0x03, 0xC0, 0x0F, 0x00, 0x3C, 0x00,
    0xF0, 0x00, 0x07, 0xFC, 0x3F, 0xFC, 0xFF, 0xF3, 0xF8, 0xE7, 0xC0, 0x1F, 0x00, 0x3E, 0x00, 0x7C,
    0x00, 0xF8, 0x01, 0xF0, 0x03, 0xE0, 0x07, 0xC0, 0x07, 0xC0, 0x0F, 0xE3, 0x8F, 0xFF, 0x8F, 0xFF,
    0x0F, 0xFC, 0xFF, 0xFF, 0xFF, 0xFF, 0xFF, 0xF8, 0x3E, 0x00, 0x7C, 0x00, 0xF8, 0x01, 0xF0, 0x03,
    0xE0, 0x07, 0xC0, 0x0F, 0x80, 0x1F, 0x00, 0x3E, 0x00, 0x7C, 0x00, 0xF8, 0x01, 0xF0, 0x03, 0xE0,
    0x07, 0xC0, 0xF8, 0x1F, 0x3E, 0x0F, 0x9F, 0x07, 0xC7, 0xC7, 0xC3, 0xE3, 0xE0, 0xF9, 0xE0, 0x7D,
    0xF0, 0x1F, 0xF0, 0x0F, 0xF8, 0x03, 0xFC, 0x00, 0xFC, 0x00, 0x7E, 0x00, 0x3E, 0x01, 0x3F, 0x01,
    0xFF, 0x00, 0xFF, 0x00, 0x7F, 0x00, 0x00, 0x00, 0xF0, 0x00, 0x0F, 0x00, 0x0F, 0xFE, 0x01, 0xFF,
    0xF8, 0x3F, 0xFF, 0xC7, 0xEF, 0xFE, 0xF8, 0xF3, 0xEF, 0x8F, 0x1F, 0xF0, 0xF1, 0xFF, 0x0F, 0x1F,
    0xF8, 0xF1, 0xFF, 0x8F, 0x3E, 0x7E, 0xF7, 0xE7, 0xFF, 0xFC, 0x3F, 0xFF, 0x80, 0xFF, 0xF0, 0x00,
    0xF0, 0x00, 0x0F, 0x00, 0xFC, 0x1F, 0x3F, 0x1F, 0x8F, 0x8F, 0x87, 0xEF, 0x81, 0xFF, 0xC0, 0x7F,
    0xC0, 0x3F, 0xC0, 0x0F, 0xE0, 0x03, 0xE0, 0x03, 0xF8, 0x03, 0xFE, 0x03, 0xFF, 0x81, 0xF7, 0xC1,
    0xF3, 0xF1, 0xF8, 0xFC, 0xF8, 0x3E, 0xF8, 0x1F, 0x80, 0xF0, 0x3E, 0x3C, 0x0F, 0x8F, 0x03, 0xE3,
    0xC0, 0xF8, 0xF0, 0x3E, 0x3C, 0x0F, 0x8F, 0x03, 0xE3, 0xC0, 0xF8, 0xF0, 0x3E, 0x3C, 0x0F, 0x8F,
    0x03, 0xE3, 0xC0, 0xF8, 0xF0, 0x3E, 0x3C, 0x0F, 0x8F, 0xFF, 0xFF, 0xFF, 0xFF, 0xFF, 0xFF, 0xC0,
    0x01, 0xF0, 0x00, 0x7C, 0x00, 0x1F, 0x00, 0x07, 0xC0, 0x01, 0xF0, 0xF0, 0x3F, 0xC0, 0xFF, 0x03,
    0xFC, 0x0F, 0xF0, 0x3F, 0xC0, 0xFF, 0x83, 0xFF, 0x1F, 0xFF, 0xFD, 0xFF, 0xF3, 0xFF, 0xC0, 0x0F,
    0x00, 0x3C, 0x00, 0xF0, 0x03, 0xC0, 0x0F, 0x00, 0x3C, 0xF0, 0xF8, 0x7F, 0xC3, 0xE1, 0xFF, 0x0F,
    0x87, 0xFC, 0x3E, 0x1F, 0xF0, 0xF8, 0x7F, 0xC3, 0xE1, 0xFF, 0x0F, 0x87, 0xFC, 0x3E, 0x1F, 0xF0,
    0xF8, 0x7F, 0xC3, 0xE1, 0xFF, 0x0F, 0x87, 0xFC, 0x3E, 0x1F, 0xF0, 0xF8, 0x7F, 0xC3, 0xE1, 0xFF,
    0xFF, 0xFF, 0xFF, 0xFF, 0xFF, 0xFF, 0xFF, 0xFC, 0xF0, 0xF8, 0x7C, 0x78, 0x7C, 0x3E, 0x3C, 0x3E,
    0x1F, 0x1E, 0x1F, 0x0F, 0x8F, 0x0F, 0x87, 0xC7, 0x87, 0xC3, 0xE3, 0xC3, 0xE1, 0xF1, 0xE1, 0xF0,
    0xF8, 0xF0, 0xF8, 0x7C, 0x78, 0x7C, 0x3E, 0x3C, 0x3E, 0x1F, 0x1E, 0x1F, 0x0F, 0x8F, 0x0F, 0x87,
    0xC7, 0x87, 0xC3, 0xE3, 0xFF, 0xFF, 0xFF, 0xFF, 0xFF, 0xFF, 0xFF, 0xFF, 0xFF, 0x80, 0x00, 0x07,
    0xC0, 0x00, 0x03, 0xE0, 0x00, 0x01, 0xF0, 0x00, 0x00, 0xF8, 0x00, 0x00, 0x7C, 0xFF, 0x80, 0x1F,
    0xF0, 0x03, 0xFE, 0x00, 0x07, 0xC0, 0x00, 0xF8, 0x00, 0x1F, 0x00, 0x03, 0xFF, 0x80, 0x7F, 0xFC,
    0x0F, 0xFF, 0xC1, 0xF3, 0xF8, 0x3E, 0x0F, 0x07, 0xC1, 0xF0, 0xF8, 0x3C, 0x1F, 0x1F, 0x83, 0xFF,
    0xF0, 0x7F, 0xFC, 0x07, 0xFE, 0x00, 0xF0, 0x01, 0xFF, 0x00, 0x1F, 0xF0, 0x01, 0xFF, 0x00, 0x1F,
    0xF0, 0x01, 0xFF, 0x00, 0x1F, 0xFF, 0xC1, 0xFF, 0xFF, 0x1F, 0xFF, 0xF9, 0xFF, 0x3F, 0x9F, 0xF0,
    0xF9, 0xFF, 0x07, 0x9F, 0xF0, 0xF9, 0xFF, 0x1F, 0x9F, 0xFF, 0xF9, 0xFF, 0xFF, 0x1F, 0xFF, 0xC1,
    0xF0, 0xF0, 0x03, 0xC0, 0x0F, 0x00, 0x3C, 0x00, 0xF0, 0x03, 0xC0, 0x0F, 0xFC, 0x3F, 0xFC, 0xFF,
    0xFB, 0xCF, 0xEF, 0x07, 0xFC, 0x1F, 0xF0, 0x7F, 0xC7, 0xEF, 0xFF, 0xBF, 0xFC, 0xFF, 0xC0, 0x7F,
    0xC1, 0xFF, 0xE3, 0xFF, 0xE3, 0x8F, 0xE0, 0x07, 0xC0, 0x07, 0xC0, 0x0F, 0x8F, 0xFF, 0x1F, 0xFE,
    0x3F, 0xFC, 0x00, 0xF8, 0x01, 0xF0, 0x07, 0xCF, 0x3F, 0xBF, 0xFE, 0x7F, 0xF8, 0x7F, 0xC0, 0xF0,
    0x0F, 0xE0, 0xF0, 0x3F, 0xF8, 0xF0, 0x7F, 0xFC, 0xF0, 0xFC, 0xFE, 0xF0, 0xF8, 0x3E, 0xF1, 0xF0,
    0x1F, 0xF1, 0xF0, 0x1F, 0xFF, 0xE0, 0x1F, 0xFF, 0xE0, 0x1F, 0xFF, 0xE0, 0x1F, 0xF1, 0xF0, 0x1F,
    0xF1, 0xF0, 0x1F, 0xF1, 0xF8, 0x3E, 0xF0, 0xFC, 0xFE, 0xF0, 0x7F, 0xFC, 0xF0, 0x3F, 0xF8, 0xF0,
    0x1F, 0xE0, 0x0F, 0xFC, 0x7F, 0xFC, 0xFF, 0xFB, 0xF9, 0xF7, 0xC3, 0xEF, 0x07, 0xDF, 0x0F, 0xBF,
    0x1F, 0x7F, 0xFE, 0x7F, 0xFC, 0x7F, 0xF8, 0xF9, 0xF3, 0xE3, 0xEF, 0x87, 0xDF, 0x0F, 0xFC, 0x1F,
    0xF8, 0x3E, 0x3F, 0xC1, 0xFF, 0x8F, 0xFC, 0x63, 0xE0, 0x0F, 0x8F, 0xFD, 0xFF, 0xEF, 0xFF, 0x7C,
    0xFB, 0xE7, 0xDF, 0xFE, 0xFF, 0xF3, 0xFF, 0x00, 0x01, 0xF0, 0x7F, 0x87, 0xFE, 0x7F, 0xC7, 0xC0,
    0x3C, 0x03, 0xFF, 0x1F, 0xFE, 0xFF, 0xF7, 0xEF, 0xFC, 0x3F, 0xE0, 0xFF, 0x07, 0xFC, 0x3F, 0xE3,
    0xFF, 0xBF, 0x7F, 0xF1, 0xFF, 0x07, 0xF0, 0xFF, 0xE7, 0xFF, 0xBF, 0xFD, 0xF1, 0xFF, 0x8F, 0x7F,
    0xFB, 0xFF, 0xDF, 0xFF, 0xF8, 0xFF, 0xC7, 0xFF, 0xFF, 0xFF, 0xE7, 0xFE, 0x00, 0xFF, 0xDF, 0xFB,
    0xFF, 0x7C, 0x0F, 0x81, 0xF0, 0x3E, 0x07, 0xC0, 0xF8, 0x1F, 0x03, 0xE0, 0x7C, 0x0F, 0x80, 0x0F,
    0xFE, 0x07, 0xFF, 0x03, 0xFF, 0x83, 0xE7, 0xC1, 0xF3, 0xE0, 0xF9, 0xF0, 0x78, 0xF8, 0x3C, 0x7C,
    0x1E, 0x3E, 0x1F, 0x1F, 0x3F, 0xFF, 0xFF, 0xFF, 0xFF, 0xFF, 0xFF, 0x80, 0x3F, 0xC0, 0x1F, 0xE0,
    0x0F, 0xF0, 0x07, 0x80, 0x1F, 0xC1, 0xFF, 0x1F, 0xFD, 0xFB, 0xEF, 0x8F, 0xFF, 0xFF, 0xFF, 0xFF,
    0xFF, 0xF8, 0x07, 0xE3, 0x9F, 0xFC, 0x7F, 0xE1, 0xFF, 0x00, 0xFC, 0xF8, 0xFB, 0xE7, 0xCF, 0x8F,
    0xBE, 0xF8, 0x3F, 0xFF, 0xC1, 0xFF, 0xFC, 0x07, 0xFF, 0xC0, 0x1F, 0xFC, 0x01, 0xFF, 0xF0, 0x1F,
    0xFF, 0xC1, 0xFF, 0xDF, 0x0F, 0xBE, 0xFC, 0xF9, 0xF3, 0xEF, 0x8F, 0x8F, 0x80, 0x7F, 0xC7, 0xFE,
    0x7F, 0xE7, 0x3E, 0x01, 0xE3, 0xFE, 0x3F, 0xE3, 0xFE, 0x01, 0xF7, 0x1F, 0x7F, 0xF7, 0xFE, 0x7F,
    0xC0, 0xF8, 0x7F, 0xC7, 0xFE, 0x7F, 0xF7, 0xFF, 0xBF, 0xFF, 0xFF, 0xFF, 0xFF, 0xEF, 0xFE, 0x7F,
    0xF3, 0xFF, 0x1F, 0xF0, 0xFF, 0x87, 0x80, 0x18, 0xE1, 0xEF, 0x0F, 0xF8, 0x3F, 0x80, 0xF8, 0x00,
    0x00, 0x00, 0x1F, 0x0F, 0xF8, 0xFF, 0xCF, 0xFE, 0xFF, 0xF7, 0xFF, 0xFF, 0xFF, 0xFF, 0xFD, 0xFF,
    0xCF, 0xFE, 0x7F, 0xE3, 0xFE, 0x1F, 0xF0, 0xF0, 0xF8, 0xFB, 0xE7, 0xCF, 0xBE, 0x3F, 0xF0, 0xFF,
    0x83, 0xFC, 0x0F, 0xF8, 0x3F, 0xF0, 0xFF, 0xC3, 0xEF, 0x8F, 0x9F, 0x3E, 0x7E, 0xF8, 0xF8, 0x0F,
    0xFC, 0x3F, 0xF0, 0xFF, 0xC3, 0xCF, 0x0F, 0x3C, 0x7C, 0xF1, 0xF3, 0xC7, 0xCF, 0x1E, 0x3D, 0xF8,
    0xFF, 0xC3, 0xFE, 0x0F, 0xF0, 0x3C, 0x78, 0x0F, 0x3E, 0x0F, 0x9F, 0x07, 0xCF, 0xC7, 0xE7, 0xE3,
    0xF3, 0xFB, 0xF9, 0xFF, 0xFF, 0xFF, 0xFF, 0xFB, 0xEF, 0xFD, 0xF7, 0xFE, 0x73, 0xFF, 0x01, 0xFF,
    0x80, 0xF8, 0xF8, 0xF7, 0xC7, 0xBE, 0x3D, 0xF1, 0xEF, 0x8F, 0x7F, 0xFB, 0xFF, 0xDF, 0xFE, 0xF8,
    0xF7, 0xC7, 0xBE, 0x3D, 0xF1, 0xEF, 0x8F, 0x00, 0x1F, 0xC0, 0xFF, 0x87, 0xFF, 0x3F, 0x7E, 0xF8,
    0xFB, 0xC1, 0xEF, 0x07, 0xBC, 0x1E, 0xF8, 0xFB, 0xF7, 0xE7, 0xFF, 0x0F, 0xF8, 0x1F, 0xC0, 0xFF,
    0xF7, 0xFF, 0xBF, 0xFD, 0xF1, 0xEF, 0x8F, 0x7C, 0x7B, 0xE3, 0xDF, 0x1E, 0xF8, 0xF7, 0xC7, 0xBE,
    0x3D, 0xF1, 0xEF, 0x8F, 0x00, 0x7F, 0xC7, 0xFF, 0x3F, 0xFD, 0xF3, 0xFF, 0x8F, 0xFC, 0x3F, 0xE1,
    0xFF, 0x0F, 0xF8, 0xFF, 0xEF, 0xFF, 0xFD, 0xFF, 0xEF, 0xFC, 0x7C, 0x03, 0xE0, 0x1F, 0x00, 0xF8,
    0x07, 0xC0, 0x00, 0x1F, 0xE7, 0xFD, 0xFF, 0x7E, 0x6F, 0x81, 0xE0, 0x3C, 0x07, 0x80, 0xF8, 0x1F,
    0x8D, 0xFF, 0x9F, 0xF1, 0xFE, 0xFF, 0xFF, 0xFF, 0xFF, 0xFE, 0x1F, 0x00, 0xF8, 0x07, 0xC0, 0x3E,
    0x01, 0xF0, 0x0F, 0x80, 0x7C, 0x03, 0xE0, 0x1F, 0x00, 0xF8, 0x00, 0xF8, 0x7F, 0xE1, 0xE7, 0x87,
    0x9F, 0x3E, 0x7C, 0xF0, 0xF3, 0xC3, 0xFF, 0x0F, 0xF8, 0x1F, 0xE0, 0x7F, 0x80, 0xFC, 0x03, 0xF0,
    0x07, 0x80, 0x3E, 0x05, 0xF0, 0x3F, 0xC0, 0xFE, 0x03, 0xF0, 0x00, 0x01, 0xE0, 0x00, 0x78, 0x00,
    0x1E, 0x00, 0x07, 0x80, 0x01, 0xE0, 0x00, 0x78, 0x00, 0xFF, 0xC0, 0xFF, 0xFC, 0x7F, 0xFF, 0xBF,
    0xFF, 0xEF, 0x9E, 0x7F, 0xC7, 0x9F, 0xF1, 0xE3, 0xFC, 0x79, 0xFF, 0x9E, 0x7F, 0xFF, 0xBE, 0x7F,
    0xFF, 0x8F, 0xFF, 0xC0, 0xFF, 0xC0, 0x07, 0x80, 0x01, 0xE0, 0x00, 0x78, 0x00, 0x1E, 0x00, 0x07,
    0x80, 0xF8, 0x79, 0xF3, 0xE3, 0xFF, 0x0F, 0xF8, 0x1F, 0xE0, 0x3F, 0x00, 0xF8, 0x03, 0xF0, 0x1F,
    0xE0, 0xFF, 0xC7, 0xCF, 0x1E, 0x3E, 0xF8, 0x7C, 0xF8, 0xF1, 0xF1, 0xE3, 0xE3, 0xC7, 0xC7, 0x8F,
    0x8F, 0x1F, 0x1E, 0x3E, 0x3C, 0x7C, 0x78, 0xF8, 0xF1, 0xF1, 0xE3, 0xFF, 0xFF, 0xFF, 0xFF, 0xFF,
    0xE0, 0x03, 0xC0, 0x07, 0x80, 0x0F, 0x00, 0x1E, 0xF1, 0xFF, 0x1F, 0xF1, 0xFF, 0x1F, 0xF1, 0xFF,
    0x9F, 0xFF, 0xF7, 0xFF, 0x3F, 0xF0, 0x1F, 0x01, 0xF0, 0x1F, 0x01, 0xF0, 0xF8, 0xF1, 0xFF, 0x1E,
    0x3F, 0xE3, 0xC7, 0xFC, 0x78, 0xFF, 0x8F, 0x1F, 0xF1, 0xE3, 0xFE, 0x3C, 0x7F, 0xC7, 0x8F, 0xF8,
    0xF1, 0xFF, 0x1E, 0x3F, 0xFF, 0xFF, 0xFF, 0xFF, 0xFF, 0xFF, 0xFE, 0xF8, 0xF1, 0xE7, 0xC7, 0x8F,
    0x3E, 0x3C, 0x79, 0xF1, 0xE3, 0xCF, 0x8F, 0x1E, 0x7C, 0x78, 0xF3, 0xE3, 0xC7, 0x9F, 0x1E, 0x3C,
    0xF8, 0xF1, 0xE7, 0xC7, 0x8F, 0x3F, 0xFF, 0xFF, 0xFF, 0xFF, 0xFF, 0xFF, 0xFF, 0x80, 0x00, 0x3C,
    0x00, 0x01, 0xE0, 0x00, 0x0F, 0x00, 0x00, 0x78, 0xFF, 0x00, 0xFF, 0x00, 0xFF, 0x00, 0x1F, 0x00,
    0x1F, 0xF8, 0x1F, 0xFC, 0x1F, 0xFE, 0x1F, 0x3E, 0x1F, 0x1E, 0x1F, 0x3E, 0x1F, 0xFE, 0x1F, 0xFC,
    0x1F, 0xF8, 0xF8, 0x03, 0xFE, 0x00, 0xFF, 0x80, 0x3F, 0xE0, 0x0F, 0xFF, 0xC3, 0xFF, 0xF8, 0xFF,
    0xFF, 0x3F, 0xE7, 0xCF, 0xF8, 0xFB, 0xFE, 0x7C, 0xFF, 0xFF, 0x3F, 0xFF, 0xCF, 0x7F, 0xC3, 0xC0,
    0xF8, 0x07, 0xC0, 0x3E, 0x01, 0xF0, 0x0F, 0xFC, 0x7F, 0xFB, 0xFF, 0xDF, 0x3E, 0xF8, 0xFF, 0xCF,
    0xBF, 0xFD, 0xFF, 0xE7, 0xFC, 0x00, 0x7F, 0x83, 0xFF, 0x1F, 0xF8, 0xE7, 0xE0, 0x0F, 0x0F, 0xF8,
    0x7F, 0xE3, 0xFE, 0x00, 0xF3, 0x9F, 0x9F, 0xF8, 0xFF, 0xC7, 0xF8, 0x00, 0xF8, 0x3F, 0x8F, 0x87,
    0xFC, 0xF8, 0xFF, 0xEF, 0x9F, 0xBE, 0xF9, 0xF1, 0xFF, 0xFE, 0x1F, 0xFF, 0xE1, 0xFF, 0xFE, 0x1F,
    0xF9, 0xF1, 0xFF, 0x9F, 0xBE, 0xF8, 0xFF, 0xEF, 0x87, 0xFC, 0xF8, 0x3F, 0x80, 0x1F, 0xF9, 0xFF,
    0xDF, 0xFE, 0xF8, 0xF7, 0xC7, 0xBF, 0xFC, 0xFF, 0xE3, 0xFF, 0x1E, 0x79, 0xF3, 0xCF, 0x1E, 0xF8,
    0xF7, 0x87, 0x80, 0x0C, 0x00, 0xF0, 0x07, 0xC0, 0x1F, 0x00, 0x78, 0x01, 0x80, 0x00, 0x03, 0xF8,
    0x3F, 0xE3, 0xFF, 0xBF, 0x7D, 0xF1, 0xFF, 0xFF, 0xFF, 0xFF, 0xFF, 0xFF, 0x00, 0xFC, 0x73, 0xFF,
    0x8F, 0xFC, 0x3F, 0xE0, 0x39, 0xE3, 0xEF, 0x1F, 0x78, 0x73, 0xC0, 0x00, 0x00, 0x00, 0x7F, 0x07,
    0xFC, 0x7F, 0xF7, 0xEF, 0xBE, 0x3F, 0xFF, 0xFF, 0xFF, 0xFF, 0xFF, 0xE0, 0x1F, 0x8E, 0x7F, 0xF1,
    0xFF, 0x87, 0xFC, 0x3C, 0x00, 0xF0, 0x0F, 0xFC, 0x3F, 0xF0, 0x3C, 0x00, 0xF0, 0x03, 0xFE, 0x0F,
    0xFC, 0x3F, 0xF8, 0xF3, 0xE3, 0xC7, 0xCF, 0x1F, 0x3C, 0x7C, 0xF1, 0xF3, 0xC7, 0xCF, 0x1F, 0x3C,
    0x7C, 0xF1, 0xF3, 0xC7, 0xC0, 0x1F, 0x00, 0x7C, 0x0F, 0xE0, 0x3F, 0x80, 0xFC, 0x06, 0x01, 0xE0,
    0x3E, 0x0F, 0x01, 0xC0, 0x10, 0x00, 0x07, 0xFE, 0xFF, 0xDF, 0xFB, 0xE0, 0x7C, 0x0F, 0x81, 0xF0,
    0x3E, 0x07, 0xC0, 0xF8, 0x1F, 0x03, 0xE0, 0x7C, 0x00, 0x0F, 0xF0, 0xFF, 0x8F, 0xFC, 0xFC, 0xE7,
    0x80, 0x3F, 0xE1, 0xFF, 0x0F, 0xF8, 0x78, 0x03, 0xF3, 0x8F, 0xFC, 0x7F, 0xF0, 0xFF, 0x00, 0x1F,
    0xE3, 0xFE, 0x7F, 0xC7, 0xCC, 0x7F, 0x07, 0xFE, 0x7F, 0xE3, 0xFE, 0x03, 0xE7, 0x1E, 0x7F, 0xE7,
    0xFC, 0x7F, 0x80, 0x7F, 0xFE, 0xF0, 0x03, 0xFF, 0xFF, 0xFF, 0xFF, 0xFF, 0xFF, 0xFF, 0xFE, 0x71,
    0xCF, 0x7D, 0xEF, 0xB8, 0xE0, 0x00, 0x00, 0x07, 0xC0, 0xF8, 0x1F, 0x03, 0xE0, 0x7C, 0x0F, 0x81,
    0xF0, 0x3E, 0x07, 0xC0, 0xF8, 0x1F, 0x03, 0xE0, 0x7C, 0x00, 0x0F, 0x1F, 0x1F, 0x0F, 0x00, 0x00,
    0x1F, 0x1F, 0x1F, 0x1F, 0x1F, 0x1F, 0x1F, 0x1F, 0x1F, 0x1F, 0x1F, 0x1F, 0x1F, 0x1F, 0x1F, 0xFE,
    0xFE, 0xFC, 0x0F, 0xFC, 0x00, 0x3F, 0xF0, 0x00, 0xFF, 0xC0, 0x03, 0xCF, 0x00, 0x0F, 0x3C, 0x00,
    0x7C, 0xFF, 0xC1, 0xF3, 0xFF, 0x87, 0xCF, 0xFF, 0x1E, 0x3C, 0x7D, 0xF8, 0xF1, 0xFF, 0xC3, 0xFF,
    0xFE, 0x0F, 0xFE, 0xF0, 0x3F, 0xF0, 0xF8, 0xF0, 0x0F, 0x8F, 0x00, 0xF8, 0xF0, 0x0F, 0x8F, 0x00,
    0xF8, 0xF0, 0x0F, 0xFF, 0xFC, 0xFF, 0xFF, 0xEF, 0xFF, 0xFF, 0xF8, 0xF9, 0xFF, 0x8F, 0x1F, 0xF8,
    0xFF, 0xFF, 0x8F, 0xFE, 0xF8, 0xFF, 0xC0, 0x3C, 0x00, 0xF0, 0x0F, 0xFC, 0x3F, 0xF0, 0x3C, 0x00,
    0xF0, 0x03, 0xFE, 0x0F, 0xFC, 0x3F, 0xF8, 0xF3, 0xE3, 0xC7, 0xCF, 0x1F, 0x3C, 0x7C, 0xF1, 0xF3,
    0xC7, 0xCF, 0x1F, 0x3C, 0x7C, 0xF1, 0xF3, 0xC7, 0xC0, 0x01, 0x80, 0x0F, 0x00, 0x7C, 0x03, 0xE0,
    0x0F, 0x00, 0x18, 0x00, 0x00, 0x3E, 0x3E, 0xF9, 0xF3, 0xEF, 0x8F, 0xFC, 0x3F, 0xE0, 0xFF, 0x03,
    0xFE, 0x0F, 0xFC, 0x3F, 0xF0, 0xFB, 0xE3, 0xE7, 0xCF, 0x9F, 0xBE, 0x3E, 0x0C, 0x00, 0xF0, 0x07,
    0xC0, 0x1F, 0x00, 0x78, 0x01, 0x80, 0x00, 0x1F, 0x0F, 0xF8, 0xFF, 0xCF, 0xFE, 0xFF, 0xF7, 0xFF,
    0xFF, 0xFF, 0xFF, 0xFD, 0xFF, 0xCF, 0xFE, 0x7F, 0xE3, 0xFE, 0x1F, 0xF0, 0xF0, 0x18, 0xE0, 0xF7,
    0x83, 0xFE, 0x07, 0xF0, 0x0F, 0x80, 0x00, 0x00, 0x00, 0x3E, 0x1F, 0xF8, 0x79, 0xE1, 0xE7, 0xCF,
    0x9F, 0x3C, 0x3C, 0xF0, 0xFF, 0xC3, 0xFE, 0x07, 0xF8, 0x1F, 0xE0, 0x3F, 0x00, 0xFC, 0x01, 0xE0,
    0x0F, 0x81, 0x7C, 0x0F, 0xF0, 0x3F, 0x80, 0xFC, 0x00, 0xF8, 0xF7, 0xC7, 0xBE, 0x3D, 0xF1, 0xEF,
    0x8F, 0x7C, 0x7B, 0xE3, 0xDF, 0x1E, 0xF8, 0xF7, 0xC7, 0xBF, 0xFD, 0xFF, 0xEF, 0xFF, 0x07, 0x80,
    0x3C, 0x01, 0xE0, 0x0F, 0x00, 0xF8, 0x7C, 0x1F, 0xF8, 0x7C, 0x1F, 0xF8, 0x7C, 0x1F, 0xF8, 0x3C,
    0x1F, 0x78, 0x3C, 0x1E, 0x78, 0x3E, 0x1E, 0x7C, 0x7E, 0x1E, 0x7C, 0x7E, 0x3E, 0x7C, 0x7E, 0x3E,
    0x3C, 0xFE, 0x3E, 0x3E, 0xFF, 0x3C, 0x3E, 0xFF, 0x3C, 0x1E, 0xEF, 0x7C, 0x1F, 0xEF, 0xF8, 0x0F,
    0xE7, 0xF8, 0x0F, 0xE7, 0xF0, 0x07, 0xC3, 0xF0, 0x07, 0xC3, 0xE0, 0xF8, 0x78, 0x7B, 0xE1, 0xE1,
    0xEF, 0x87, 0x87, 0xBE, 0x1E, 0x1E, 0x78, 0x7C, 0x79, 0xE1, 0xF3, 0xE7, 0xC7, 0xCF, 0x9F, 0x3F,
    0x3C, 0x3C, 0xFE, 0xF0, 0xFF, 0xFF, 0x81, 0xFD, 0xFE, 0x07, 0xF3, 0xF8, 0x0F, 0x8F, 0xC0, 0x3E,
    0x1E, 0x00, 0x0F, 0x80, 0x03, 0xE0, 0x0F, 0xFF, 0x83, 0xFF, 0xE0, 0xFF, 0xF8, 0x03, 0xE0, 0x00,
    0xF8, 0x00, 0x3F, 0xF0, 0x0F, 0xFF, 0x03, 0xFF, 0xE0, 0xF9, 0xF8, 0x3E, 0x1F, 0x0F, 0x87, 0xC3,
    0xE1, 0xF0, 0xF8, 0x7C, 0x3E, 0x7E, 0x0F, 0xFF, 0x83, 0xFF, 0xC0, 0xFF, 0xC0, 0x1E, 0x00, 0x3C,
    0x00, 0x78, 0x00, 0xF0, 0x01, 0xE0, 0x03, 0xC0, 0x3F, 0xFC, 0x7F, 0xF8, 0xFF, 0xF0, 0x3C, 0x00,
    0x78, 0x00, 0xFF, 0xC1, 0xFF, 0xC3, 0xFF, 0xC7, 0x8F, 0x8F, 0x1F, 0x1F, 0xFE, 0x3F, 0xF8, 0x7F,
    0xE0, 0x00, 0x00, 0x07, 0x80, 0xFF, 0xBC, 0x1F, 0xFF, 0xE1, 0xFF, 0xFF, 0x0F, 0xCF, 0x78, 0xF8,
    0x03, 0xC7, 0x80, 0x1E, 0x7C, 0x00, 0xFF, 0xFF, 0xC7, 0xFF, 0xFE, 0x3F, 0xFF, 0xF1, 0xFF, 0xFF,
    0x8F, 0x3E, 0x00, 0x78, 0xF0, 0x03, 0xC7, 0xC0, 0x1E, 0x3F, 0x8F, 0xF0, 0xFF, 0xFF, 0x83, 0xFF,
    0xFC, 0x0F, 0xFC, 0x00, 0x0F, 0x00, 0x78, 0x3F, 0xDF, 0x0F, 0xFF, 0xE3, 0xFF, 0x7C, 0xFC, 0x6F,
    0x9F, 0x01, 0xFF, 0xFE, 0x3F, 0xFF, 0xE7, 0xFF, 0xFC, 0xFF, 0xFF, 0x9F, 0x3E, 0x03, 0xE7, 0xC1,
    0x7C, 0x7F, 0xEF, 0x8F, 0xFD, 0xF0, 0x7F, 0x80, 0x03, 0xC0, 0x03, 0xF0, 0x00, 0x7E, 0x00, 0x1F,
    0xE0, 0x03, 0xFC, 0x00, 0x7B, 0x80, 0x1E, 0x78, 0x03, 0xCF, 0x00, 0x7F, 0xF0, 0x1F, 0xFE, 0x03,
    0xFF, 0xC0, 0xFF, 0xFC, 0x1E, 0xF7, 0x83, 0xDE, 0xF8, 0xFB, 0xCF, 0x1E, 0x79, 0xE3, 0xCF, 0x3E,
    0xF9, 0xE3, 0xDE, 0x3C, 0x78, 0x07, 0xE0, 0x07, 0xE0, 0x0F, 0xF0, 0x0F, 0xF0, 0x0F, 0xF0, 0x1E,
    0x78, 0x1F, 0xF8, 0x3F, 0xFC, 0x3F, 0xFC, 0x3F, 0xFC, 0x7B, 0xDE, 0x7B, 0xDE, 0xF3, 0xCF, 0xF3,
    0xCF, 0xF0, 0x1F, 0x80, 0xF0, 0x1F, 0x80, 0xF0, 0x3F, 0xC0, 0xF0, 0x3F, 0xC0, 0xF0, 0x3F, 0xC0,
    0xF0, 0x79, 0xE0, 0xF0, 0x79, 0xE0, 0xFF, 0xFF, 0xF0, 0xFF, 0xFF, 0xF0, 0xFF, 0xFF, 0xF0, 0xFF,
    0xFF, 0xF8, 0xF1, 0xEF, 0x78, 0xF1, 0xEF, 0x78, 0xF3, 0xCF, 0x3C, 0xF3, 0xCF, 0x3C, 0xF7, 0xCF,
    0x3E, 0xF7, 0x8F, 0x1E, 0xF7, 0x8F, 0x1E, 0x70, 0x1F, 0x01, 0xE0, 0xFE, 0x07, 0x83, 0xF8, 0x1E,
    0x0F, 0xF0, 0x78, 0x7B, 0xC1, 0xFF, 0xFF, 0x07, 0xFF, 0xFE, 0x1F, 0xFF, 0xF8, 0x7F, 0xFF, 0xF1,
    0xE7, 0xBF, 0xC7, 0x9E, 0xFF, 0x1E, 0xF3, 0xDE, 0x7B, 0xCF, 0x79, 0xFF, 0x3D, 0xF0, 0x3F, 0xFF,
    0xC3, 0xFF, 0xFC, 0x3F, 0xFF, 0xC1, 0xFF, 0xF8, 0x0F, 0x0F, 0x00, 0x79, 0xE0, 0x07, 0xFE, 0x00,
    0x3F, 0xC0, 0x0F, 0xFF, 0x01, 0xFF, 0xF8, 0x1F, 0xFF, 0x83, 0xEF, 0x7C, 0x3C, 0xF3, 0xC3, 0xCF,
    0x3C, 0x7C, 0xF3, 0xE7, 0x8F, 0x1E, 0x78, 0xF1, 0xEF, 0x8F, 0x1F, 0x7F, 0xFE, 0x7F, 0xFE, 0x7F,
    0xFC, 0x3E, 0x78, 0x1E, 0xF8, 0x0F, 0xF0, 0x1F, 0xF0, 0x3F, 0xF8, 0x3F, 0xFC, 0x7B, 0xFC, 0x7B,
    0xDE, 0x7B, 0xDE, 0xF3, 0xDE, 0xF3, 0xCF, 0xF1, 0xFF, 0xFE, 0x78, 0xFF, 0xFF, 0x3C, 0x7F, 0xFF,
    0x9E, 0x1F, 0xFF, 0x8F, 0x07, 0x8F, 0x87, 0x83, 0xE7, 0x83, 0xC0, 0xFF, 0x81, 0xFF, 0xFF, 0xC0,
    0xFF, 0xFF, 0xF8, 0x7F, 0xFF, 0xFC, 0x3F, 0xFF, 0xFF, 0x1E, 0x3E, 0xF7, 0x8F, 0x1E, 0x7B, 0xE7,
    0x9F, 0x3C, 0xF3, 0xCF, 0x9E, 0x7D, 0xE7, 0x8F, 0x3E, 0xF7, 0xC7, 0x8F, 0x7B, 0xE3, 0xC7, 0xC0,
    0x73, 0xFF, 0xF3, 0xDF, 0xFF, 0x9E, 0x7F, 0xFC, 0xF1, 0xE7, 0xC7, 0x87, 0xBC, 0x3F, 0xFF, 0xC1,
    0xFF, 0xFF, 0x0F, 0xFF, 0xFC, 0x7F, 0xFF, 0xE3, 0xCF, 0xF7, 0x9E, 0xF7, 0xBC, 0xF7, 0xBD, 0xE7,
    0xBD, 0xE7, 0xBF, 0xCF, 0x3C, 0x1C, 0x3C, 0x3C, 0xF8, 0x3F, 0xE0, 0x3F, 0x01, 0xFF, 0x0F, 0xFF,
    0x1F, 0xFF, 0x3C, 0x3E, 0x20, 0x3E, 0x00, 0x78, 0x01, 0xF0, 0xFF, 0xC1, 0xFF, 0x03, 0xFF, 0x03,
    0xFF, 0x00, 0x1F, 0x00, 0x1E, 0x00, 0x7C, 0x01, 0xF8, 0xFF, 0xE7, 0xFF, 0xCF, 0xFE, 0x3F, 0xE0,
    0x7C, 0x00, 0xFF, 0xF0, 0xFF, 0xF0, 0xFF, 0xE0, 0x7F, 0xC0, 0x38, 0x79, 0xE7, 0xC7, 0xF8, 0x7F,
    0xC7, 0xFF, 0x3F, 0xFC, 0xC3, 0xE0, 0x0F, 0x0F, 0xF0, 0x7F, 0x03, 0xFC, 0x1F, 0xF0, 0x07, 0x80,
    0x3C, 0x7F, 0xEF, 0xFE, 0xFF, 0xE7, 0xF8, 0x3C, 0x01, 0xFF, 0xCF, 0xFF, 0x3F, 0xF8, 0x7F, 0x80,
    0xF1, 0xE3, 0xFC, 0x78, 0xFF, 0x1E, 0x3F, 0xC7, 0x8F, 0xF1, 0xE3, 0xFC, 0x78, 0xFF, 0x1E, 0x3F,
    0xC7, 0x8F, 0xF1, 0xE3, 0xFE, 0x79, 0xF7, 0xFF, 0xF9, 0xFF, 0xFE, 0x1F, 0xFE, 0x01, 0xFE, 0x00,
    0x1E, 0x00, 0x07, 0x80, 0x01, 0xE0, 0x00, 0x78, 0x00, 0x01, 0xF0, 0x00, 0x3E, 0x00, 0x07, 0xC0,
    0x00, 0xF8, 0x00, 0x1F, 0x01, 0xF3, 0xEF, 0xBE, 0x7D, 0xF7, 0xCF, 0x9E, 0xF9, 0xF3, 0xDF, 0x3E,
    0x7B, 0xE7, 0xCF, 0xFC, 0xF9, 0xFF, 0x9F, 0x3F, 0xF3, 0xE7, 0xDE, 0x7C, 0xF3, 0xEF, 0xBE, 0x7F,
    0xFF, 0x87, 0xFF, 0xF0, 0x7F, 0xF8, 0x00, 0xF8, 0x00, 0x1F, 0x00, 0x03, 0xE0, 0x00, 0x7C, 0x00,
    0x0F, 0x80, 0x01, 0xF0, 0x00, 0x07, 0xF8, 0x07, 0xFF, 0x83, 0xFF, 0xF1, 0xFC, 0xFC, 0x7C, 0x0F,
    0xBE, 0x03, 0xEF, 0x80, 0x7F, 0xFF, 0xBF, 0xFF, 0xFF, 0xFF, 0xFF, 0xFF, 0xDF, 0xFF, 0xE0, 0x1E,
    0x7C, 0x0F, 0x9F, 0xCF, 0xE3, 0xFF, 0xF0, 0x7F, 0xF8, 0x07, 0xF8, 0x00, 0x1F, 0xC0, 0xFF, 0x87,
    0xFF, 0x3F, 0x7E, 0xF8, 0x7B, 0xFD, 0xEF, 0xFF, 0xBD, 0xFE, 0xF8, 0x7B, 0xF7, 0xE7, 0xFF, 0x0F,
    0xF8, 0x1F, 0xC0, 0xF8, 0x03, 0xF7, 0xC0, 0x3F, 0x9F, 0x03, 0xFC, 0xF8, 0x1F, 0x47, 0xC1, 0xF0,
    0x1F, 0x0F, 0x80, 0xF8, 0x78, 0x03, 0xC7, 0xC0, 0x1F, 0x3E, 0x00, 0xF9, 0xE0, 0x03, 0xFF, 0x00,
    0x1F, 0xF0, 0x00, 0x7F, 0x80, 0x03, 0xFC, 0x00, 0x0F, 0xC0, 0x00, 0x7E, 0x00, 0x03, 0xE0, 0x00,
    0xF8, 0x3E, 0xF8, 0x7E, 0x78, 0x7E, 0x7C, 0xF8, 0x7C, 0xF0, 0x3C, 0xF0, 0x3F, 0xE0, 0x1F, 0xE0,
    0x1F, 0xE0, 0x1F, 0xC0, 0x0F, 0xC0, 0x0F, 0x80, 0x07, 0x80, 0x39, 0xC0, 0x0F, 0xF8, 0x03, 0xDE,
    0x00, 0x7B, 0xC0, 0x0F, 0x70, 0x00, 0x00, 0x0F, 0x00, 0x7F, 0xE0, 0x3F, 0xF8, 0x0F, 0xDE, 0x07,
    0xF7, 0xC1, 0xE1, 0xF0, 0x78, 0x3C, 0x3E, 0x0F, 0x8F, 0x03, 0xE3, 0xC0, 0x79, 0xF0, 0x1E, 0x78,
    0x07, 0xDE, 0x00, 0xFF, 0x00, 0x3F, 0xC0, 0x0F, 0xF0, 0x01, 0xF8, 0x00, 0x7E, 0x00, 0x1F, 0x80,
    0x73, 0x80, 0x7F, 0xC0, 0x7B, 0xC0, 0x3D, 0xE0, 0x1E, 0xE0, 0x00, 0x00, 0xF0, 0x1E, 0xF8, 0x3E,
    0xF8, 0x3E, 0x78, 0x7E, 0x7C, 0x78, 0x3C, 0xF8, 0x3C, 0xF0, 0x3E, 0xF0, 0x1F, 0xF0, 0x1F, 0xE0,
    0x1F, 0xE0, 0x0F, 0xC0, 0x0F, 0xC0, 0x07, 0xC0, 0x00, 0x00, 0x00, 0x00, 0x0F, 0xF8, 0x00, 0x00,
    0x1F, 0xFC, 0x00, 0x00, 0x3F, 0xFE, 0x00, 0x00, 0x7F, 0x7F, 0x00, 0x00, 0x7C, 0x1F, 0x3C, 0x0F,
    0xF8, 0x0F, 0x3E, 0x1F, 0xF8, 0x0F, 0xBE, 0x1F, 0xF8, 0x0F, 0x9E, 0x1E, 0xF8, 0x0F, 0x9F, 0x3E,
    0xF8, 0x0F, 0x9F, 0x3C, 0xF8, 0x0F, 0x8F, 0x3C, 0xF8, 0x0F, 0x8F, 0xFC, 0xF8, 0x0F, 0x07, 0xF8,
    0x7C, 0x1F, 0x07, 0xF8, 0x7E, 0x3F, 0x07, 0xF8, 0x3F, 0xFE, 0x03, 0xF0, 0x1F, 0xFC, 0x03, 0xF0,
    0x0F, 0xF8, 0x01, 0xE0, 0x01, 0xC0, 0x01, 0xE0, 0x00, 0x00, 0x03, 0xE0, 0x00, 0x00, 0x07, 0xC0,
    0x00, 0x00, 0x3F, 0xC0, 0x00, 0x00, 0x3F, 0x80, 0x00, 0x00, 0x3F, 0x00, 0x1F, 0xC3, 0xE0, 0xF9,
    0xFF, 0x9F, 0x07, 0x9F, 0xFC, 0x78, 0x7D, 0xF9, 0xF3, 0xE3, 0xEF, 0x87, 0x9F, 0x1E, 0x7C, 0x3E,
    0x79, 0xF3, 0xC1, 0xF3, 0xEF, 0x1E, 0x0F, 0x8F, 0x78, 0xF8, 0x7C, 0x7F, 0xC7, 0xC3, 0xE3, 0xFC,
    0x3E, 0x3E, 0x0F, 0xE0, 0xFF, 0xF0, 0x7F, 0x03, 0xFF, 0x01, 0xF0, 0x0F, 0xF0, 0x0F, 0x80, 0x1C,
    0x00, 0x78, 0x00, 0x00, 0x07, 0xC0, 0x00, 0x00, 0x7E, 0x00, 0x00, 0x0F, 0xE0, 0x00, 0x00, 0x7E,
    0x00, 0x00, 0x03, 0xE0, 0x00, 0x00, 0xC0, 0x00, 0x3C, 0x00, 0x1F, 0xF0, 0x0F, 0xFF, 0x83, 0xFF,
    0xF8, 0xFF, 0xFF, 0x1F, 0x39, 0xF7, 0xC0, 0x3E, 0xF8, 0x03, 0xFF, 0x00, 0x7F, 0xE0, 0x0F, 0xFC,
    0x01, 0xFF, 0x80, 0x3F, 0xF0, 0x07, 0xFE, 0x01, 0xF3, 0xE6, 0x3E, 0x7F, 0xFF, 0x87, 0xFF, 0xF0,
    0x7F, 0xFC, 0x07, 0xFE, 0x00, 0x1F, 0x00, 0x01, 0xC0, 0x00, 0x00, 0x00, 0x07, 0x00, 0x3F, 0x81,
    0xFF, 0xC7, 0xFF, 0xCF, 0xFF, 0xBE, 0xEF, 0xFC, 0x0F, 0xF0, 0x1F, 0xE0, 0x3F, 0xE0, 0x7F, 0xC1,
    0xFF, 0xFB, 0xEF, 0xFF, 0x8F, 0xFE, 0x0F, 0xF8, 0x03, 0x80, 0x03, 0x00, 0x00, 0x7C, 0x00, 0x00,
    0x7F, 0xE0, 0x00, 0x3F, 0xF0, 0x00, 0x1D, 0xF8, 0x00, 0x0F, 0xC0, 0x00, 0x01, 0xF0, 0x00, 0x00,
    0x38, 0x00, 0x00, 0x78, 0x00, 0x00, 0x38, 0x00, 0x07, 0xF1, 0xFE, 0x0F, 0xF8, 0xFF, 0x87, 0xFC,
    0x7F, 0xE7, 0xEC, 0x19, 0xF3, 0xC0, 0x00, 0x7F, 0xE0, 0x00, 0x3F, 0xF0, 0x00, 0x1F, 0xF8, 0x00,
    0x07, 0xFC, 0x00, 0x03, 0xFE, 0x0F, 0x81, 0xFF, 0x07, 0xC0, 0xFF, 0x83, 0xE0, 0xFB, 0xC1, 0xF0,
    0x7D, 0xF0, 0xF8, 0x7C, 0xFE, 0xFE, 0xFE, 0x3F, 0xFF, 0xFE, 0x0F, 0xFF, 0xFF, 0x03, 0xFD, 0xFE,
    0x00, 0x30, 0x1C, 0x00, 0x03, 0xF0, 0x00, 0x0F, 0xFC, 0x00, 0x7F, 0xF0, 0x01, 0xDF, 0xC0, 0x00,
    0xF0, 0x00, 0x03, 0xC0, 0x00, 0x07, 0x00, 0x00, 0x3C, 0x00, 0x00, 0xC0, 0x00, 0x7E, 0x3F, 0x83,
    0xFC, 0xFF, 0x1F, 0xE3, 0xFE, 0xFD, 0x87, 0xFB, 0xE0, 0x01, 0xEF, 0x80, 0x07, 0xFC, 0x1E, 0x1F,
    0xF0, 0xF8, 0x7F, 0xE3, 0xE1, 0xFF, 0x8F, 0x87, 0xBF, 0x3F, 0x3E, 0x7F, 0xFF, 0xF9, 0xFF, 0xFF,
    0xC3, 0xFC, 0xFE, 0x01, 0x80, 0xC0, 0x01, 0xFF, 0x80, 0x01, 0xFF, 0x80, 0x01, 0xFF, 0x80, 0x01,
    0x99, 0x00, 0x00, 0x00, 0x00, 0xF8, 0x7C, 0x1F, 0xF8, 0x7C, 0x1F, 0xF8, 0x7C, 0x1F, 0xF8, 0x3C,
    0x1F, 0x78, 0x3C, 0x1E, 0x78, 0x3E, 0x1E, 0x7C, 0x7E, 0x1E, 0x7C, 0x7E, 0x3E, 0x7C, 0x7E, 0x3E,
    0x3C, 0xFE, 0x3E, 0x3E, 0xFF, 0x3C, 0x3E, 0xFF, 0x3C, 0x1E, 0xEF, 0x7C, 0x1F, 0xEF, 0xF8, 0x0F,
    0xE7, 0xF8, 0x0F, 0xE7, 0xF0, 0x07, 0xC3, 0xF0, 0x07, 0xC3, 0xE0, 0x07, 0xFF, 0x00, 0x1F, 0xFC,
    0x00, 0x3F, 0xF0, 0x00, 0xCC, 0x80, 0x00, 0x00, 0x03, 0xE1, 0xE1, 0xEF, 0x87, 0x87, 0xBE, 0x1E,
    0x1E, 0xF8, 0x78, 0x79, 0xE1, 0xF1, 0xE7, 0x87, 0xCF, 0x9F, 0x1F, 0x3E, 0x7C, 0xFC, 0xF0, 0xF3,
    0xFB, 0xC3, 0xFF, 0xFE, 0x07, 0xF7, 0xF8, 0x1F, 0xCF, 0xE0, 0x3E, 0x3F, 0x00, 0xF8, 0x78, 0x00,
    0x00, 0x00, 0x07, 0xFC, 0x1F, 0xFE, 0x3F, 0xFE, 0x3F, 0x3C, 0x7C, 0x00, 0x7C, 0x00, 0xF8, 0x00,
    0xF8, 0x00, 0xF8, 0x00, 0xF8, 0x00, 0xF8, 0x00, 0xF8, 0x00, 0x78, 0x00, 0x7C, 0x00, 0x7F, 0x08,
    0x3F, 0xFC, 0x1F, 0xFC, 0x0F, 0xFC, 0x00, 0xFC, 0x00, 0x7C, 0x00, 0x7C, 0x00, 0x7C, 0x00, 0x7C,
    0x00, 0x7C, 0x1F, 0xE3, 0xFF, 0x7F, 0xEF, 0xFE, 0xF8, 0x0F, 0x00, 0xF0, 0x0F, 0x00, 0xF0, 0x0F,
    0x80, 0xFC, 0x07, 0xFC, 0x3F, 0xC1, 0xFC, 0x03, 0xC0, 0x3C, 0x03, 0xC0, 0x3C, 0x03, 0xC0, 0x3C,
    0x00, 0x20, 0x03, 0x83, 0x38, 0x3F, 0xC0, 0xFC, 0x01, 0xF0, 0x0F, 0xE0, 0x67, 0xE7, 0x17, 0xF0,
    0x0F, 0x80, 0x3E, 0x01, 0xFC, 0x1C, 0xE0, 0xC0, 0x0E, 0x00, 0x00, 0x00, 0x00, 0x00, 0x7F, 0xFF,
    0xFF, 0xE0, 0x00, 0x0F, 0xDF, 0xFB, 0xFF, 0xFC, 0x70, 0x77, 0xFD, 0xE7, 0x80, 0xF7, 0xDE, 0xEE,
    0x00, 0x7C, 0x3F, 0xFF, 0xFF, 0x9F, 0x00, 0x07, 0x80, 0x00, 0x00, 0x3F, 0x00, 0x00, 0x00, 0xCC,
    0x00, 0x00, 0x02, 0x10, 0x00, 0x07, 0x00, 0x03, 0x80, 0x3E, 0x00, 0x1F, 0x01, 0xFC, 0x00, 0xFE,
    0x06, 0x30, 0x03, 0x18, 0x00, 0x00, 0x00, 0x00, 0x00, 0x00, 0x00, 0x00, 0x00, 0x00, 0x00, 0x06,
    0x00, 0x00, 0x18, 0x7C, 0x00, 0x01, 0xF9, 0xF8, 0x00, 0x07, 0xE4, 0x60, 0x00, 0x18, 0x80, 0x00,
    0x00, 0x00, 0x00, 0x00, 0x00, 0x00, 0x00, 0x00, 0x00, 0x00, 0x00, 0x00, 0x00, 0x03, 0xE0, 0x01,
    0xF0, 0x1F, 0xC0, 0x0F, 0xC0, 0x63, 0x00, 0x31, 0x80, 0x00, 0x00, 0x00, 0x00, 0x01, 0xE0, 0x00,
    0x00, 0x0F, 0xC0, 0x00, 0x00, 0x63, 0x00, 0x00, 0x00, 0x00, 0x00, 0x00, 0x00, 0x03, 0x00, 0x00,
    0x00, 0x70, 0x00, 0x00, 0x07, 0x00, 0x00, 0x00, 0x60, 0x00, 0x0C, 0x0E, 0x00, 0x00, 0xE0, 0xE0,
    0x38, 0x07, 0x00, 0x0F, 0x80, 0x70, 0x01, 0xE0, 0x03, 0x00, 0x0C, 0x00, 0x20, 0x00, 0x00, 0x00,
    0x00, 0x00, 0x00, 0x00, 0x00, 0x00, 0x80, 0x00, 0x01, 0x0F, 0xC0, 0x00, 0x3C, 0xFC, 0x00, 0x03,
    0xF1, 0xC0, 0x00, 0x0F, 0x00, 0x00, 0x00, 0x00, 0x00, 0x00, 0x00, 0x00, 0x00, 0x00, 0x00, 0x00,
    0x00, 0x40, 0x01, 0x00, 0x0C, 0x00, 0x78, 0x00, 0xE0, 0x0F, 0x82, 0x0E, 0x01, 0xE0, 0x70, 0x70,
    0x00, 0x07, 0x03, 0x00, 0x00, 0x60, 0x20, 0x00, 0x0E, 0x00, 0x00, 0x00, 0xC0, 0x00, 0x1E, 0x70,
    0x07, 0xBC, 0x00, 0xFF, 0x00, 0x3F, 0x80, 0x07, 0xC0, 0x00, 0x00, 0x00, 0x00, 0x03, 0xC0, 0x78,
    0xF0, 0x3E, 0x3C, 0x1F, 0x8F, 0x0F, 0xE3, 0xC7, 0xF8, 0xF1, 0xFE, 0x3C, 0xFF, 0x8F, 0x7D, 0xE3,
    0xFE, 0x78, 0xFF, 0x9E, 0x3F, 0xC7, 0x8F, 0xE1, 0xE3, 0xF8, 0x78, 0xFC, 0x1E, 0x3E, 0x07, 0xFF,
    0x81, 0xFF, 0xC0, 0x7F, 0x00, 0x07, 0x80, 0x01, 0xE0, 0x00, 0xF8, 0x00, 0x3C, 0x00, 0x06, 0x00,
    0x38, 0xE0, 0x7B, 0xC0, 0xFF, 0x80, 0xFE, 0x00, 0xF8, 0x00, 0x00, 0x00, 0x00, 0x78, 0x7C, 0xF1,
    0xF9, 0xE3, 0xF3, 0xCF, 0xE7, 0xBF, 0xCF, 0xFF, 0x9F, 0xFF, 0x3F, 0xFE, 0x7F, 0x7C, 0xFC, 0xF9,
    0xF9, 0xFF, 0xE3, 0xFF, 0x87, 0xE0, 0x03, 0xC0, 0x0F, 0x80, 0x1E, 0x00, 0x18, 0x3C, 0x00, 0xFF,
    0x80, 0xFF, 0x80, 0xFF, 0x80, 0x3C, 0x00, 0x3C, 0x00, 0x3F, 0xF8, 0x3F, 0xFC, 0x3F, 0xFE, 0x3C,
    0x7E, 0x3C, 0x1F, 0x3C, 0x1F, 0x3C, 0x1F, 0x3C, 0x7E, 0x3F, 0xFE, 0x3F, 0xFC, 0x3F, 0xF0, 0x7C,
    0x01, 0xF0, 0x0F, 0xF8, 0x3F, 0xE0, 0x7C, 0x01, 0xFF, 0x87, 0xFF, 0x9F, 0xFE, 0x7C, 0xFD, 0xF1,
    0xF7, 0xCF, 0xDF, 0xFE, 0x7F, 0xF8, 0xFF, 0x80, 0xFF, 0xE3, 0xFF, 0xCF, 0xFF, 0xBC, 0x7F, 0xF0,
    0x7F, 0xDD, 0xFF, 0x7F, 0xFD, 0xFE, 0xFF, 0xFB, 0xFF, 0xCF, 0xFE, 0x3C, 0x3C, 0xF0, 0xF3, 0xC1,
    0x8F, 0x00, 0x3C, 0x00, 0xF0, 0x00, 0x7F, 0xC3, 0xFF, 0xCF, 0xFF, 0x3E, 0x7E, 0xF8, 0xFB, 0xE1,
    0xFF, 0x87, 0xFE, 0xDF, 0xFF, 0xFB, 0xFF, 0xEF, 0xFF, 0xBF, 0xFC, 0xFF, 0xF3, 0xE3, 0xCF, 0x87,
    0x3E, 0x1C, 0xF8, 0x03, 0xE0, 0x00, 0x00, 0xF0, 0x0F, 0x00, 0xFF, 0xFF, 0xFF, 0xFF, 0xFF, 0xF0,
    0x0F, 0x00, 0xF0, 0x0F, 0x00, 0xF0, 0x0F, 0x00, 0xF0, 0x0F, 0x00, 0xF0, 0x0F, 0x00, 0xF0, 0x0F,
    0x00, 0xF0, 0x0F, 0x00, 0x01, 0xC0, 0x38, 0x07, 0x7F, 0xEF, 0xFD, 0xFF, 0xBE, 0x07, 0xC0, 0xF8,
    0x1F, 0x03, 0xE0, 0x7C, 0x0F, 0x81, 0xF0, 0x3E, 0x07, 0xC0, 0x3F, 0xFE, 0x7F, 0xFC, 0xFF, 0xF9,
    0xF0, 0x03, 0xE0, 0x07, 0xC0, 0x0F, 0x80, 0x7F, 0xF0, 0xFF, 0xE1, 0xFF, 0xC0, 0xF8, 0x01, 0xF0,
    0x03, 0xE0, 0x07, 0xC0, 0x0F, 0x80, 0x1F, 0x00, 0x3E, 0x00, 0x3F, 0xF3, 0xFF, 0x3F, 0xF3, 0xC0,
    0x3C, 0x03, 0xC0, 0xFF, 0xCF, 0xFC, 0x3C, 0x03, 0xC0, 0x3C, 0x03, 0xC0, 0x3C, 0x00, 0xFF, 0xF3,
    0xFF, 0xCF, 0xFF, 0x3C, 0x00, 0xF0, 0x03, 0xC0, 0x0F, 0xFC, 0x3F, 0xFC, 0xFF, 0xFB, 0xC7, 0xEF,
    0x07, 0xFC, 0x1F, 0xF0, 0x3F, 0xC0, 0xFF, 0x03, 0xFC, 0x1F, 0xF0, 0x7C, 0x01, 0xF0, 0x1F, 0x81,
    0xFC, 0x07, 0xF0, 0x1F, 0x00, 0xFF, 0xE7, 0xFF, 0x3F, 0xF9, 0xF0, 0x0F, 0x80, 0x7F, 0xE3, 0xFF,
    0x9F, 0xFE, 0xF9, 0xF7, 0xC7, 0xBE, 0x3F, 0xF0, 0xFF, 0x8F, 0x80, 0x7C, 0x07, 0xC0, 0xFE, 0x07,
    0xE0, 0x3E, 0x00, 0xFC, 0x3E, 0x1F, 0x1F, 0x8F, 0x8F, 0xC3, 0xE3, 0xE7, 0xE0, 0xFC, 0xFB, 0xF0,
    0x1F, 0xBE, 0xF8, 0x03, 0xFF, 0xFC, 0x00, 0x7F, 0xFF, 0x00, 0x0F, 0xFF, 0x80, 0x03, 0xFF, 0xC0,
    0x00, 0xFF, 0xF8, 0x00, 0x7F, 0xFF, 0x00, 0x3E, 0xFF, 0xE0, 0x1F, 0x3E, 0xF8, 0x0F, 0xCF, 0x9F,
    0x07, 0xE3, 0xE3, 0xF9, 0xF0, 0xF8, 0xFE, 0xF8, 0x3E, 0x1F, 0x80, 0x00, 0x01, 0xE0, 0x00, 0x00,
    0x78, 0x00, 0x00, 0x1E, 0x00, 0x00, 0x07, 0x80, 0xFC, 0xF8, 0xF9, 0xF3, 0xE7, 0xC3, 0xEF, 0xBE,
    0x07, 0xFF, 0xF8, 0x1F, 0xFF, 0xC0, 0x3F, 0xFE, 0x00, 0x7F, 0xF0, 0x03, 0xFF, 0xE0, 0x1F, 0xFF,
    0xC0, 0xFF, 0xFF, 0x83, 0xEF, 0xBF, 0xDF, 0x3E, 0x7F, 0xF8, 0xF8, 0xFC, 0x00, 0x00, 0xF0, 0x00,
    0x03, 0xC0, 0x00, 0x0F, 0x00, 0x00, 0x3C, 0x3F, 0xE0, 0xFF, 0xE1, 0xFF, 0xE1, 0xC7, 0xE0, 0x07,
    0xC0, 0x0F, 0x80, 0x7E, 0x0F, 0xFC, 0x1F, 0xF0, 0x3F, 0xF8, 0x03, 0xF0, 0x01, 0xE0, 0x03, 0xCF,
    0x1F, 0x9F, 0xFF, 0x7F, 0xFC, 0x3F, 0xF0, 0x0F, 0x00, 0x1F, 0x00, 0x1E, 0x00, 0xFC, 0x01, 0xF0,
    0x00, 0x7F, 0xC7, 0xFE, 0x7F, 0xE7, 0x3E, 0x01, 0xE3, 0xFE, 0x3F, 0xE3, 0xFE, 0x01, 0xF7, 0x1F,
    0x7F, 0xF7, 0xFE, 0x7F, 0xC0, 0xF0, 0x0F, 0x01, 0x78, 0x1F, 0x81, 0xF0, 0xF0, 0x7C, 0xF0, 0xFC,
    0xF1, 0xF8, 0xF3, 0xF0, 0xF7, 0xE0, 0xFF, 0xC0, 0xFF, 0x80, 0xFF, 0x00, 0xFF, 0x80, 0xFF, 0xC0,
    0xFF, 0xC0, 0xF7, 0xE0, 0xF3, 0xF0, 0xF1, 0xF8, 0xF0, 0xFF, 0xF0, 0x7F, 0xF0, 0x7F, 0x00, 0x0F,
    0x00, 0x0F, 0x00, 0x0F, 0x00, 0x0F, 0x00, 0x0F, 0xF8, 0xFB, 0xE7, 0xCF, 0xBE, 0x3F, 0xF0, 0xFF,
    0x83, 0xFC, 0x0F, 0xF8, 0x3F, 0xF0, 0xFF, 0xC3, 0xEF, 0x8F, 0x9F, 0xFE, 0x3F, 0xF8, 0xFC, 0x00,
    0xF0, 0x03, 0xC0, 0x0F, 0x00, 0x3C, 0xF0, 0x0F, 0xBC, 0x07, 0xEF, 0x01, 0xF3, 0xDC, 0xF8, 0xF7,
    0x7C, 0x3D, 0xFE, 0x0F, 0x7F, 0x83, 0xFF, 0xC0, 0xFF, 0xF0, 0x3F, 0xFE, 0x0F, 0x7F, 0xC3, 0xDF,
    0xF0, 0xF7, 0x7E, 0x3D, 0xCF, 0xCF, 0x01, 0xF3, 0xC0, 0x7E, 0xF0, 0x0F, 0x80, 0xF8, 0x3F, 0xF8,
    0x3E, 0xFF, 0x7C, 0xFF, 0xF8, 0xFF, 0xF0, 0xFF, 0xE0, 0xFF, 0xF0, 0xFF, 0xF0, 0xFF, 0xF8, 0xFF,
    0x7C, 0xF8, 0x3E, 0xF8, 0x3E, 0xF8, 0x1F, 0x3E, 0x00, 0x0F, 0x83, 0xEF, 0xF9, 0xFB, 0xFE, 0xFC,
    0xFF, 0xFE, 0x0F, 0xBF, 0x03, 0xFF, 0x80, 0xFF, 0xC0, 0x3F, 0xE0, 0x0F, 0xF0, 0x03, 0xFE, 0x00,
    0xFF, 0xC0, 0x3F, 0xF8, 0x0F, 0xBF, 0x03, 0xE7, 0xE0, 0xF8, 0xFC, 0x3E, 0x1F, 0x0F, 0x83, 0xE0,
    0x7C, 0x01, 0xFE, 0x7F, 0xFD, 0xF7, 0xFF, 0xC7, 0xDF, 0x0F, 0xFC, 0x1F, 0xF0, 0x3F, 0xC0, 0x7F,
    0xC0, 0xFF, 0xC1, 0xFF, 0xC3, 0xEF, 0xC7, 0xC7, 0xCF, 0x8F, 0xC0, 0xFF, 0x83, 0xEF, 0xF8, 0x7C,
    0xFF, 0x8F, 0x80, 0xF9, 0xF0, 0x0F, 0xBF, 0x00, 0xFF, 0xC0, 0x0F, 0xF8, 0x00, 0xFF, 0x80, 0x0F,
    0xFC, 0x00, 0xFF, 0xE0, 0x0F, 0xFE, 0x00, 0xFB, 0xF0, 0x0F, 0x9F, 0x80, 0xF8, 0xFC, 0x0F, 0x87,
    0xC0, 0xF8, 0x3E, 0x0F, 0x83, 0xF0, 0xFF, 0x1F, 0x7F, 0x9F, 0x3F, 0xDF, 0x03, 0xFF, 0x01, 0xFF,
    0x00, 0xFF, 0x00, 0x7F, 0xC0, 0x3F, 0xF0, 0x1F, 0xFC, 0x0F, 0xBE, 0x07, 0xCF, 0x83, 0xE7, 0xE1,
    0xF1, 0xF0, 0xF0, 0x3E, 0x3C, 0x0F, 0x8F, 0x03, 0xE3, 0xC0, 0xF8, 0xF0, 0x3E, 0x3C, 0x0F, 0x8F,
    0x03, 0xE3, 0xFF, 0xF8, 0xFF, 0xFE, 0x3F, 0xFF, 0x8F, 0x03, 0xE3, 0xC0, 0xF8, 0xF0, 0x3E, 0x3C,
    0x0F, 0x8F, 0x03, 0xFF, 0xC0, 0xFF, 0xF0, 0x3F, 0xC0, 0x00, 0xF0, 0x00, 0x3C, 0x00, 0x0F, 0x00,
    0x03, 0xC0, 0x00, 0xF0, 0xF8, 0xF1, 0xF1, 0xE3, 0xE3, 0xC7, 0xC7, 0x8F, 0x8F, 0x1F, 0xFE, 0x3F,
    0xFC, 0x7F, 0xF8, 0xF8, 0xF1, 0xF1, 0xE3, 0xE3, 0xFF, 0xC7, 0xFF, 0x8F, 0xE0, 0x03, 0xC0, 0x07,
    0x80, 0x0F, 0x00, 0x1E, 0xF0, 0x3F, 0xFE, 0x07, 0xFF, 0xC0, 0xFF, 0xF8, 0x1F, 0x0F, 0x03, 0xE1,
    0xE0, 0x7C, 0x3C, 0x0F, 0x87, 0xFF, 0xF0, 0xFF, 0xFE, 0x1F, 0xFF, 0xC3, 0xC0, 0xF8, 0x78, 0x1F,
    0x0F, 0x03, 0xE1, 0xE0, 0x7C, 0x3C, 0x0F, 0x87, 0x81, 0xF0, 0xF0, 0x3E, 0x00, 0xF8, 0xFE, 0xF8,
    0xFE, 0xF8, 0xFE, 0xF8, 0xF0, 0xF8, 0xF0, 0xFF, 0xF0, 0xFF, 0xF0, 0xFF, 0xF0, 0xF8, 0xF0, 0xF8,
    0xF0, 0xF8, 0xF0, 0xF8, 0xF0, 0xF8, 0xF0, 0xFF, 0xFE, 0x00, 0x7F, 0xFF, 0x00, 0x3F, 0xFF, 0x80,
    0x1E, 0x07, 0xC0, 0x0F, 0x03, 0xE0, 0x07, 0x81, 0xF0, 0x03, 0xC0, 0xFF, 0xE1, 0xE0, 0x7F, 0xF8,
    0xF0, 0x3F, 0xFE, 0x78, 0x1F, 0x3F, 0xBC, 0x0F, 0x83, 0xDE, 0x07, 0xC1, 0xFF, 0x03, 0xE0, 0xFF,
    0x81, 0xF0, 0x3F, 0xC0, 0xF8, 0x3F, 0xE0, 0x7C, 0x1F, 0xF0, 0x3E, 0x0F, 0x80, 0x00, 0x07, 0x80,
    0x00, 0x0F, 0xC0, 0x00, 0x1F, 0xC0, 0x00, 0x0F, 0xC0, 0x00, 0x0F, 0xC0, 0xFF, 0xF0, 0x0F, 0xFF,
    0x00, 0xFF, 0xF0, 0x0F, 0x8F, 0x00, 0xF8, 0xF0, 0x0F, 0x8F, 0xF8, 0xF8, 0xFF, 0xEF, 0x8F, 0xFE,
    0xF8, 0xFB, 0xFF, 0x8F, 0x0F, 0xF8, 0xF0, 0xFF, 0x8F, 0x0F, 0xF8, 0xF0, 0xF0, 0x00, 0x0F, 0x00,
    0x01, 0xF0, 0x00, 0xFE, 0x00, 0x0F, 0xE0, 0x00, 0xFC, 0x07, 0xFC, 0x03, 0xFF, 0x80, 0xFF, 0xE0,
    0x3F, 0x8C, 0x07, 0xC0, 0x01, 0xF0, 0xFE, 0x3E, 0x3F, 0xE7, 0xCF, 0xFE, 0xF9, 0xF7, 0xDF, 0x3C,
    0x7B, 0xEF, 0x8F, 0x7D, 0xF1, 0xE7, 0xFE, 0x7C, 0xFF, 0xFF, 0x8F, 0xFF, 0xE0, 0xFF, 0xF8, 0x07,
    0xFC, 0x00, 0x1F, 0xE0, 0x01, 0xFF, 0x00, 0x0F, 0xE0, 0x00, 0x7C, 0x1F, 0xC0, 0x7F, 0x81, 0xFF,
    0x07, 0xE6, 0x0F, 0x1F, 0x9E, 0x7F, 0xBD, 0xFF, 0x7B, 0xDE, 0xF7, 0x9D, 0xFF, 0x79, 0xFF, 0xF1,
    0xFF, 0xC1, 0xFF, 0x00, 0x7F, 0x00, 0x7F, 0x00, 0x7E, 0x00, 0x3C, 0x07, 0xFC, 0x3F, 0xFC, 0xFF,
    0xF3, 0xF8, 0xE7, 0xC0, 0x1F, 0x00, 0x3E, 0x00, 0x7C, 0x00, 0xF8, 0x01, 0xF0, 0x03, 0xE0, 0x07,
    0xC0, 0x07, 0xC0, 0x0F, 0xE3, 0x8F, 0xFF, 0x8F, 0xFF, 0x07, 0xFC, 0x03, 0x80, 0x07, 0x80, 0x07,
    0x00, 0x7E, 0x00, 0xF8, 0x00, 0x1F, 0xE7, 0xFD, 0xFF, 0x7E, 0x6F, 0x81, 0xE0, 0x3C, 0x07, 0x80,
    0xF8, 0x1F, 0x8D, 0xFF, 0x9F, 0xF0, 0xFE, 0x1E, 0x01, 0xE0, 0x3C, 0x1F, 0x83, 0xE0, 0xFF, 0xFF,
    0xFF, 0xFF, 0xFF, 0xF8, 0x3E, 0x00, 0x7C, 0x00, 0xF8, 0x01, 0xF0, 0x03, 0xE0, 0x07, 0xC0, 0x0F,
    0x80, 0x1F, 0x00, 0x3E, 0x00, 0x7C, 0x00, 0xF8, 0x01, 0xFE, 0x03, 0xFC, 0x07, 0xF8, 0x00, 0xF0,
    0x01, 0xE0, 0x03, 0xC0, 0x07, 0x80, 0x0F, 0x00, 0xFF, 0xFF, 0xFF, 0xFF, 0xFE, 0x1F, 0x00, 0xF8,
    0x07, 0xC0, 0x3E, 0x01, 0xF0, 0x0F, 0x80, 0x7C, 0x03, 0xF8, 0x1F, 0xC0, 0xFE, 0x00, 0xF0, 0x07,
    0x80, 0x3C, 0x01, 0xE0, 0xF8, 0x1F, 0xBE, 0x0F, 0x9F, 0x0F, 0x87, 0xC7, 0xC3, 0xE7, 0xC0, 0xFB,
    0xE0, 0x7F, 0xE0, 0x1F, 0xF0, 0x07, 0xF0, 0x03, 0xF0, 0x00, 0xF8, 0x00, 0x7C, 0x00, 0x3E, 0x00,
    0x1F, 0x00, 0x0F, 0x80, 0x07, 0xC0, 0x03, 0xE0, 0x00, 0xF8, 0x7F, 0xE1, 0xE7, 0x8F, 0x9F, 0x3E,
    0x7C, 0xF0, 0xF7, 0xC3, 0xFF, 0x07, 0xF8, 0x1F, 0xE0, 0x7F, 0x00, 0xFC, 0x03, 0xE0, 0x07, 0x80,
    0x1E, 0x00, 0x78, 0x01, 0xE0, 0x07, 0x80, 0x1E, 0x00, 0xF8, 0x1F, 0xBE, 0x0F, 0x9F, 0x0F, 0x87,
    0xC7, 0xC3, 0xE7, 0xC0, 0xFB, 0xE0, 0x7F, 0xE0, 0x1F, 0xF0, 0x07, 0xF0, 0x03, 0xF0, 0x07, 0xFF,
    0x03, 0xFF, 0x81, 0xFF, 0xC0, 0x1F, 0x00, 0x0F, 0x80, 0x07, 0xC0, 0x03, 0xE0, 0x00, 0xF8, 0x7F,
    0xE1, 0xE7, 0x8F, 0x9F, 0x3E, 0x7C, 0xF0, 0xF7, 0xC3, 0xFF, 0x07, 0xF8, 0x1F, 0xE0, 0x7F, 0x00,
    0xFC, 0x0F, 0xFC, 0x3F, 0xF0, 0x1E, 0x00, 0x78, 0x01, 0xE0, 0x07, 0x80, 0x1E, 0x00, 0xFC, 0x1F,
    0x1F, 0x8F, 0xC3, 0xE3, 0xE0, 0xFD, 0xF0, 0x1F, 0xFC, 0x03, 0xFE, 0x00, 0xFF, 0x00, 0x1F, 0xC0,
    0x03, 0xE0, 0x01, 0xFC, 0x00, 0xFF, 0x80, 0x7F, 0xF0, 0x1F, 0x7C, 0x0F, 0x9F, 0x87, 0xE3, 0xFD,
    0xF0, 0x7F, 0xF8, 0x1F, 0xC0, 0x01, 0xF0, 0x00, 0x7C, 0x00, 0x1F, 0x00, 0x07, 0xC0, 0x01, 0xF0,
    0xF8, 0x78, 0xF9, 0xF0, 0xFF, 0xC1, 0xFF, 0x01, 0xFE, 0x01, 0xF8, 0x03, 0xF0, 0x07, 0xE0, 0x1F,
    0xE0, 0x7F, 0xE1, 0xF3, 0xFB, 0xC7, 0xFF, 0x87, 0xE0, 0x03, 0xC0, 0x07, 0x80, 0x0F, 0x00, 0x1E,
    0xFF, 0xFD, 0xF1, 0xFF, 0xFB, 0xE3, 0xFF, 0xF7, 0xC0, 0x3C, 0x0F, 0x80, 0x78, 0x1F, 0x00, 0xF0,
    0x3E, 0x01, 0xE0, 0x7C, 0x03, 0xC0, 0xF8, 0x07, 0x81, 0xF0, 0x0F, 0x03, 0xE0, 0x1E, 0x07, 0xC0,
    0x3C, 0x0F, 0x80, 0x78, 0x1F, 0x00, 0xF0, 0x3E, 0x01, 0xFF, 0xFF, 0x83, 0xFF, 0xFF, 0x07, 0xFF,
    0xFE, 0x00, 0x00, 0x3C, 0x00, 0x00, 0x78, 0x00, 0x00, 0xF0, 0x00, 0x01, 0xE0, 0x00, 0x03, 0xC0,
    0xFF, 0xDE, 0x7F, 0xEF, 0x3F, 0xF7, 0x87, 0xC3, 0xC3, 0xE1, 0xE1, 0xF0, 0xF0, 0xF8, 0x78, 0x7C,
    0x3C, 0x3E, 0x1E, 0x1F, 0x0F, 0x0F, 0xFF, 0xE7, 0xFF, 0xF3, 0xFF, 0xF8, 0x00, 0x3C, 0x00, 0x1E,
    0x00, 0x0F, 0x00, 0x07, 0x80, 0xF8, 0x3E, 0x7C, 0x1F, 0x3E, 0x0F, 0x9F, 0x07, 0xCF, 0x83, 0xE7,
    0xC1, 0xF3, 0xE0, 0xF9, 0xF8, 0x7C, 0x7F, 0xFE, 0x3F, 0xFF, 0x07, 0xFF, 0x80, 0x07, 0xC0, 0x03,
    0xE0, 0x01, 0xF0, 0x00, 0xFE, 0x00, 0x7F, 0x00, 0x3F, 0x80, 0x07, 0xC0, 0x03, 0xE0, 0x01, 0xF0,
    0x00, 0xF8, 0x00, 0x7C, 0xF8, 0xF1, 0xF1, 0xE3, 0xE3, 0xC7, 0xC7, 0x8F, 0x8F, 0x1F, 0x9E, 0x1F,
    0xFC, 0x3F, 0xF8, 0x3F, 0xF0, 0x01, 0xE0, 0x03, 0xF8, 0x07, 0xF0, 0x0F, 0xE0, 0x03, 0xC0, 0x07,
    0x80, 0x0F, 0x00, 0x1E, 0xF8, 0x3F, 0xE0, 0xFF, 0x83, 0xFE, 0x0F, 0xF8, 0x3F, 0xEE, 0xFF, 0xBB,
    0xFF, 0xEF, 0x7F, 0xFD, 0xFF, 0xF1, 0xFF, 0xC0, 0xEF, 0x03, 0xBC, 0x0E, 0xF0, 0x03, 0xC0, 0x0F,
    0x00, 0x3C, 0xF8, 0x7F, 0xC3, 0xFE, 0x1F, 0xF0, 0xFF, 0xB7, 0xFF, 0xBD, 0xFF, 0xEF, 0xFF, 0x3F,
    0xF8, 0x1B, 0xC0, 0xDE, 0x00, 0xF0, 0x07, 0x80, 0xF0, 0x03, 0xC0, 0x0F, 0x00, 0x3C, 0x00, 0xF0,
    0x03, 0xFF, 0x8F, 0xFF, 0xBF, 0xFF, 0xF8, 0xFF, 0xC1, 0xFF, 0x03, 0xFC, 0x0F, 0xF0, 0x3F, 0xC0,
    0xFF, 0x03, 0xFC, 0x0F, 0xF0, 0x3C, 0x78, 0x07, 0xC0, 0x3E, 0x01, 0xF0, 0x0F, 0x80, 0x7C, 0x03,
    0xFF, 0x1F, 0xFC, 0xFF, 0xF7, 0xCF, 0xBE, 0x3D, 0xF1, 0xEF, 0x8F, 0x7C, 0x7B, 0xE3, 0xDF, 0x1E,
    0xF8, 0xF7, 0xC7, 0xBE, 0x3C, 0x00, 0x7F, 0x80, 0x07, 0xFE, 0x00, 0x7F, 0xF8, 0x07, 0xE7, 0xEF,
    0x7E, 0x1F, 0x7B, 0xE0, 0x7F, 0xFF, 0x03, 0xFF, 0xFF, 0xFF, 0x7F, 0xFF, 0xF8, 0xFF, 0xFF, 0xC1,
    0xF0, 0x00, 0x0F, 0x80, 0x00, 0x7C, 0x00, 0x01, 0xFC, 0xF0, 0x07, 0xFF, 0xC0, 0x1F, 0xFE, 0x00,
    0x7F, 0xC0, 0x01, 0xFC, 0x71, 0xFF, 0x3D, 0xFF, 0xDF, 0xFB, 0xEF, 0xF8, 0xFF, 0xFF, 0xFD, 0xFF,
    0xFE, 0x7F, 0xFF, 0x0F, 0x80, 0x07, 0xE3, 0x81, 0xFF, 0xC0, 0x7F, 0xE0, 0x1F, 0xF0, 0x00, 0x7F,
    0x80, 0x07, 0xFE, 0x00, 0x7F, 0xF8, 0x07, 0xE7, 0xEF, 0x7E, 0x1F, 0x7B, 0xE0, 0x7F, 0xFF, 0x03,
    0xFF, 0xFF, 0xFF, 0x7F, 0xFF, 0xF8, 0xFF, 0xFF, 0xC1, 0xF0, 0x00, 0x0F, 0x80, 0x00, 0x7C, 0x00,
    0x01, 0xFC, 0xF0, 0x0F, 0xFF, 0xC0, 0x1F, 0xFE, 0x00, 0x7F, 0xE0, 0x00, 0xF0, 0x00, 0x07, 0x80,
    0x00, 0x3C, 0x00, 0x01, 0xE0, 0x00, 0x01, 0xFC, 0x71, 0xFF, 0x3D, 0xFF, 0xDF, 0xFB, 0xEF, 0xF8,
    0xFF, 0xFF, 0xFD, 0xFF, 0xFE, 0x7F, 0xFF, 0x0F, 0x80, 0x07, 0xE3, 0x81, 0xFF, 0xC0, 0x7F, 0xE0,
    0x1F, 0xF0, 0x03, 0xC0, 0x01, 0xE0, 0x00, 0xF0, 0xFF, 0xFF, 0xFF, 0xFF, 0xFF, 0xFF, 0xFF, 0xFF,
    0xF0, 0x00, 0xE3, 0x00, 0x00, 0x7B, 0xC0, 0x00, 0x3F, 0xE0, 0x00, 0x0F, 0xE0, 0x00, 0x03, 0xE0,
    0x00, 0x00, 0x00, 0x00, 0x00, 0x00, 0x01, 0xF8, 0x7C, 0x3E, 0x7E, 0x3E, 0x3F, 0x1F, 0x1F, 0x3F,
    0x0F, 0xCF, 0xBF, 0x03, 0xF7, 0xDF, 0x00, 0xFF, 0xFF, 0x00, 0x3F, 0xFF, 0x80, 0x0F, 0xFF, 0x80,
    0x07, 0xFF, 0x80, 0x03, 0xFF, 0xE0, 0x03, 0xFF, 0xF8, 0x03, 0xEF, 0xFE, 0x03, 0xE7, 0xDF, 0x83,
    0xF3, 0xE7, 0xC3, 0xF1, 0xF1, 0xF1, 0xF0, 0xF8, 0xFD, 0xF0, 0x7C, 0x3E, 0x01, 0x8C, 0x00, 0x1E,
    0xF0, 0x00, 0xFF, 0x80, 0x03, 0xF8, 0x00, 0x0F, 0x80, 0x00, 0x00, 0x00, 0x00, 0x00, 0x1F, 0x9F,
    0x1F, 0x7C, 0xF9, 0xF1, 0xF7, 0xDF, 0x07, 0xFF, 0xF8, 0x3F, 0xFF, 0x80, 0xFF, 0xF8, 0x03, 0xFF,
    0x80, 0x3F, 0xFE, 0x03, 0xFF, 0xF8, 0x3F, 0xFB, 0xE1, 0xF7, 0xDF, 0x9F, 0x3E, 0x7D, 0xF1, 0xF1,
    0xF0, 0xF0, 0x7D, 0xE1, 0xF3, 0xC7, 0xE7, 0x9F, 0x8F, 0x7E, 0x1E, 0xF8, 0x3F, 0xE0, 0x7F, 0xE0,
    0xFF, 0xF1, 0xFF, 0xF3, 0xCF, 0xF7, 0x83, 0xEF, 0x03, 0xDE, 0x07, 0xBC, 0x0F, 0x78, 0x1E, 0xF0,
    0x3C, 0x00, 0xF8, 0x07, 0xF0, 0x3F, 0xC0, 0x7F, 0x00, 0xFC, 0x00, 0xF8, 0xFF, 0xCF, 0xBE, 0xF9,
    0xFF, 0x8F, 0xF8, 0x7F, 0xE3, 0xFF, 0x9F, 0xFE, 0xF9, 0xF7, 0xC7, 0xFE, 0x1F, 0xF0, 0xFF, 0x87,
    0x80, 0x7C, 0x07, 0xC0, 0xFE, 0x07, 0xE0, 0x3E, 0x00, 0x07, 0xFF, 0xC0, 0x3F, 0xFE, 0x01, 0xFF,
    0xF0, 0x0F, 0x8F, 0x80, 0x7C, 0x7C, 0x03, 0xE3, 0xE0, 0x1E, 0x1F, 0x00, 0xF0, 0xF8, 0x07, 0x87,
    0xC0, 0x3C, 0x3E, 0x03, 0xE1, 0xF0, 0x1F, 0x0F, 0x81, 0xF0, 0x7C, 0x3F, 0x83, 0xE3, 0xF8, 0x1F,
    0xFF, 0x80, 0xFE, 0xF0, 0x07, 0xF0, 0x00, 0x07, 0x80, 0x00, 0x7C, 0x00, 0x03, 0xC0, 0x00, 0x3E,
    0x00, 0x00, 0xE0, 0x0F, 0xFC, 0x07, 0xFE, 0x03, 0xFF, 0x01, 0xE7, 0x80, 0xF3, 0xC0, 0xF9, 0xE0,
    0x7C, 0xF0, 0x3E, 0x78, 0x1E, 0x3C, 0x3F, 0x1E, 0x3F, 0x0F, 0xFF, 0x07, 0xFF, 0x03, 0xF0, 0x00,
    0x78, 0x00, 0x7C, 0x00, 0x3C, 0x00, 0x0C, 0x00, 0xF0, 0x3F, 0xE0, 0x7F, 0xC0, 0xFF, 0x81, 0xFF,
    0x03, 0xFE, 0x07, 0xFC, 0x0F, 0xFF, 0xFF, 0xFF, 0xFF, 0xFF, 0xFF, 0xC0, 0xFF, 0x81, 0xFF, 0x03,
    0xFE, 0x07, 0xFC, 0x0F, 0xF8, 0x1F, 0xF0, 0x3E, 0x00, 0x7C, 0x00, 0xF8, 0x0F, 0xE0, 0x1F, 0xC0,
    0x3F, 0x00, 0xF8, 0xFF, 0xC7, 0xFE, 0x3F, 0xF1, 0xFF, 0x8F, 0xFF, 0xFF, 0xFF, 0xFF, 0xFF, 0xF8,
    0xFF, 0xC7, 0xFE, 0x3F, 0xF1, 0xFF, 0x8F, 0x80, 0x7C, 0x03, 0xC0, 0xFE, 0x07, 0xF0, 0x3F, 0x00,
    0xF0, 0x3E, 0x3C, 0x0F, 0x8F, 0x03, 0xE3, 0xC0, 0xF8, 0xF0, 0x3E, 0x3C, 0x0F, 0x8F, 0x03, 0xE3,
    0xFF, 0xF8, 0xFF, 0xFE, 0x3F, 0xFF, 0x8F, 0x03, 0xE3, 0xC0, 0xF8, 0xF0, 0x3E, 0x3C, 0x0F, 0x8F,
    0x03, 0xFB, 0xC0, 0xFE, 0xF0, 0x3F, 0x80, 0x03, 0xE0, 0x00, 0xF8, 0x00, 0x7C, 0x00, 0x1E, 0x00,
    0x03, 0x80, 0xF8, 0xF1, 0xF1, 0xE3, 0xE3, 0xC7, 0xC7, 0x8F, 0x8F, 0x1F, 0xFE, 0x3F, 0xFC, 0x7F,
    0xF8, 0xF8, 0xF1, 0xF1, 0xE3, 0xE3, 0xF7, 0xC7, 0xEF, 0x8F, 0xC0, 0x07, 0x80, 0x1E, 0x00, 0x3C,
    0x00, 0x30, 0xF0, 0x3F, 0xC0, 0xFF, 0x03, 0xFC, 0x0F, 0xF0, 0x3F, 0xC0, 0xFF, 0x83, 0xFF, 0x1F,
    0xFF, 0xFD, 0xFF, 0xF3, 0xFF, 0xC0, 0x0F, 0x00, 0x3C, 0x00, 0xF0, 0x1F, 0xC0, 0x7F, 0x01, 0xFC,
    0x07, 0x80, 0x1E, 0x00, 0x78, 0x01, 0xE0, 0x07, 0x80, 0xF1, 0xFF, 0x1F, 0xF1, 0xFF, 0x1F, 0xF9,
    0xFF, 0xFF, 0x7F, 0xF3, 0xFF, 0x01, 0xF0, 0x1F, 0x07, 0xF0, 0x7F, 0x07, 0xF0, 0x78, 0x07, 0x80,
    0x78, 0x07, 0x80, 0x7C, 0x03, 0xE0, 0xFC, 0x07, 0xC1, 0xF8, 0x1F, 0x83, 0xF8, 0x3F, 0x07, 0xF0,
    0xFE, 0x0F, 0xF1, 0xFE, 0x1F, 0xE7, 0xFC, 0x3F, 0xEF, 0xF8, 0x7B, 0xDF, 0xF0, 0xF7, 0xFB, 0xE1,
    0xE7, 0xF7, 0xC7, 0xCF, 0xC7, 0x8F, 0x9F, 0x8F, 0x1F, 0x1F, 0x1E, 0x3E, 0x3C, 0x3F, 0xFC, 0x00,
    0x7F, 0xF8, 0x00, 0xFE, 0x00, 0x00, 0x78, 0x00, 0x01, 0xF0, 0x00, 0x03, 0xC0, 0x00, 0x07, 0x80,
    0x00, 0x06, 0x00, 0x78, 0x1F, 0x0F, 0x83, 0xE1, 0xF0, 0xFC, 0x3F, 0x1F, 0x8F, 0xE7, 0xF1, 0xFE,
    0xFE, 0x3F, 0xFF, 0xC7, 0xBF, 0xF8, 0xF7, 0xEF, 0x1E, 0x7D, 0xE3, 0xCF, 0x3F, 0xF8, 0x07, 0xFF,
    0x00, 0xFE, 0x00, 0x07, 0x80, 0x00, 0xF0, 0x00, 0x3C, 0x00, 0x03, 0x00, 0xFF, 0xFF, 0xFF, 0xFF,
    0xFF, 0xFF, 0xFF, 0xFF, 0xFF, 0xFF, 0xF8, 0x07, 0x38, 0x03, 0xDE, 0x00, 0x7F, 0x80, 0x1F, 0xE0,
    0x03, 0xF0, 0x00, 0x00, 0x00, 0x00, 0x00, 0x07, 0x80, 0x03, 0xF0, 0x00, 0xFC, 0x00, 0x7F, 0x80,
    0x1F, 0xE0, 0x0F, 0xFC, 0x03, 0xCF, 0x01, 0xF3, 0xE0, 0x78, 0xF8, 0x1E, 0x1E, 0x0F, 0xFF, 0xC3,
    0xFF, 0xF0, 0xFF, 0xFE, 0x7C, 0x0F, 0x9F, 0x03, 0xEF, 0x80, 0x7F, 0xE0, 0x1F, 0x1C, 0xE1, 0xE7,
    0x87, 0xF8, 0x3F, 0xC0, 0xFC, 0x00, 0x00, 0x00, 0x07, 0xF8, 0x3F, 0xF1, 0xFF, 0x8C, 0x7C, 0x01,
    0xF1, 0xFF, 0xBF, 0xFD, 0xFF, 0xEF, 0x9F, 0x7C, 0xFB, 0xFF, 0xDF, 0xFE, 0x7F, 0xE0, 0x0F, 0x38,
    0x03, 0xDF, 0x00, 0xF7, 0xC0, 0x3C, 0xE0, 0x00, 0x00, 0x00, 0x00, 0x00, 0x1E, 0x00, 0x0F, 0xC0,
    0x03, 0xF0, 0x01, 0xFE, 0x00, 0x7F, 0x80, 0x3F, 0xF0, 0x0F, 0x3C, 0x07, 0xCF, 0x81, 0xE3, 0xE0,
    0x78, 0x78, 0x3F, 0xFF, 0x0F, 0xFF, 0xC3, 0xFF, 0xF9, 0xF0, 0x3E, 0x7C, 0x0F, 0xBE, 0x01, 0xFF,
    0x80, 0x7C, 0x3C, 0xE1, 0xEF, 0x8F, 0x7C, 0x79, 0xC0, 0x00, 0x00, 0x00, 0xFF, 0x07, 0xFE, 0x3F,
    0xF1, 0x8F, 0x80, 0x3E, 0x3F, 0xF7, 0xFF, 0xBF, 0xFD, 0xF3, 0xEF, 0x9F, 0x7F, 0xFB, 0xFF, 0xCF,
    0xFC, 0x00, 0x3F, 0xFF, 0x00, 0x7F, 0xFF, 0x00, 0x7F, 0xFF, 0x00, 0xFF, 0x00, 0x01, 0xFF, 0x00,
    0x01, 0xEF, 0x00, 0x03, 0xEF, 0x00, 0x07, 0xCF, 0xFE, 0x07, 0xCF, 0xFE, 0x0F, 0x8F, 0xFE, 0x0F,
    0xFF, 0x00, 0x1F, 0xFF, 0x00, 0x3F, 0xFF, 0x00, 0x3E, 0x0F, 0x00, 0x7C, 0x0F, 0xFF, 0x7C, 0x0F,
    0xFF, 0xF8, 0x0F, 0xFF, 0x3F, 0xCF, 0xC1, 0xFF, 0xFF, 0x0F, 0xFF, 0xFC, 0x63, 0xFB, 0xF0, 0x0F,
    0x87, 0x8F, 0xFF, 0xFD, 0xFF, 0xFF, 0xEF, 0xFF, 0xFF, 0x7C, 0xF8, 0x03, 0xE3, 0xF3, 0x9F, 0xFF,
    0xFC, 0xFF, 0xFF, 0xE3, 0xFF, 0xFF, 0x00, 0x39, 0xC3, 0xCF, 0x0F, 0xF0, 0x7F, 0x81, 0xF8, 0x00,
    0x00, 0x00, 0x1F, 0xFE, 0xFF, 0xF7, 0xFF, 0xBC, 0x01, 0xE0, 0x0F, 0x00, 0x78, 0x03, 0xFF, 0x9F,
    0xFC, 0xFF, 0xE7, 0x80, 0x3C, 0x01, 0xE0, 0x0F, 0x00, 0x7F, 0xFF, 0xFF, 0xFF, 0xFF, 0x18, 0xC1,
    0xEF, 0x0F, 0xF8, 0x3F, 0x80, 0xF8, 0x00, 0x00, 0x00, 0x03, 0xF8, 0x3F, 0xE3, 0xFF, 0xBF, 0x7D,
    0xF1, 0xFF, 0xFF, 0xFF, 0xFF, 0xFF, 0xFF, 0x00, 0xFC, 0x73, 0xFF, 0x8F, 0xFC, 0x3F, 0xE0, 0x1F,
    0xF0, 0x7F, 0xF8, 0x7F, 0xFC, 0x38, 0xFE, 0x00, 0x1F, 0x00, 0x1F, 0x00, 0x1F, 0xFF, 0xFF, 0xFF,
    0xFF, 0xFF, 0xFF, 0xF8, 0x1F, 0xF8, 0x1F, 0x7C, 0x3F, 0x7E, 0x7E, 0x3F, 0xFC, 0x1F, 0xF8, 0x0F,
    0xF0, 0x7F, 0x83, 0xFF, 0x1F, 0xFC, 0xE7, 0xE0, 0x0F, 0xFF, 0xFF, 0xFF, 0xFF, 0xFF, 0xF0, 0xFF,
    0xCF, 0x9F, 0xFC, 0xFF, 0xC1, 0xF8, 0x00, 0x1E, 0x70, 0x1E, 0xF8, 0x1E, 0xF8, 0x1E, 0x70, 0x00,
    0x00, 0x00, 0x00, 0x1F, 0xF0, 0x7F, 0xF8, 0x7F, 0xFC, 0x38, 0xFE, 0x00, 0x1F, 0x00, 0x1F, 0x00,
    0x1F, 0xFF, 0xFF, 0xFF, 0xFF, 0xFF, 0xFF, 0xF8, 0x1F, 0xF8, 0x1F, 0x7C, 0x3F, 0x7E, 0x7E, 0x3F,
    0xFC, 0x1F, 0xF8, 0x0F, 0xF0, 0x39, 0xE3, 0xEF, 0x1F, 0x78, 0x73, 0xC0, 0x00, 0x00, 0x01, 0xFE,
    0x0F, 0xFC, 0x7F, 0xF3, 0x9F, 0x80, 0x3F, 0xFF, 0xFF, 0xFF, 0xFF, 0xFF, 0xC3, 0xFF, 0x3E, 0x7F,
    0xF3, 0xFF, 0x07, 0xE0, 0x00, 0xE7, 0x80, 0x00, 0xFB, 0xC0, 0x00, 0x7D, 0xE0, 0x00, 0x1C, 0xF0,
    0x00, 0x00, 0x00, 0x00, 0x00, 0x00, 0x03, 0xF0, 0xF8, 0x7C, 0xFC, 0x7C, 0x7E, 0x3E, 0x3E, 0x7E,
    0x1F, 0x9F, 0x7E, 0x07, 0xEF, 0xBE, 0x01, 0xFF, 0xFE, 0x00, 0x7F, 0xFF, 0x00, 0x1F, 0xFF, 0x00,
    0x0F, 0xFF, 0x00, 0x07, 0xFF, 0xC0, 0x07, 0xFF, 0xF0, 0x07, 0xDF, 0xFC, 0x07, 0xCF, 0xBF, 0x07,
    0xE7, 0xCF, 0x87, 0xE3, 0xE3, 0xE3, 0xE1, 0xF1, 0xFB, 0xE0, 0xF8, 0x7C, 0x03, 0xCE, 0x00, 0x1E,
    0xF8, 0x00, 0xF7, 0xC0, 0x07, 0x9C, 0x00, 0x00, 0x00, 0x00, 0x00, 0x03, 0xF3, 0xE3, 0xEF, 0x9F,
    0x3E, 0x3E, 0xFB, 0xE0, 0xFF, 0xFF, 0x07, 0xFF, 0xF0, 0x1F, 0xFF, 0x00, 0x7F, 0xF0, 0x07, 0xFF,
    0xC0, 0x7F, 0xFF, 0x07, 0xFF, 0x7C, 0x3E, 0xFB, 0xF3, 0xE7, 0xCF, 0xBE, 0x3E, 0x3E, 0x3C, 0xF0,
    0x79, 0xE0, 0xF3, 0xC1, 0xE7, 0x80, 0x00, 0x00, 0x00, 0x0F, 0xF8, 0x3F, 0xF8, 0x7F, 0xF8, 0x71,
    0xF8, 0x01, 0xF0, 0x03, 0xE0, 0x1F, 0x83, 0xFF, 0x07, 0xFC, 0x0F, 0xFE, 0x00, 0xFC, 0x00, 0x78,
    0x00, 0xF3, 0xC7, 0xE7, 0xFF, 0xDF, 0xFF, 0x0F, 0xFC, 0x00, 0x79, 0xC7, 0xBE, 0x7B, 0xE7, 0x9C,
    0x00, 0x00, 0x00, 0x7F, 0xC7, 0xFE, 0x7F, 0xE7, 0x3E, 0x01, 0xE3, 0xFE, 0x3F, 0xE3, 0xFE, 0x01,
    0xF7, 0x1F, 0x7F, 0xF7, 0xFE, 0x7F, 0xC0, 0x7F, 0xFD, 0xFF, 0xF7, 0xFF, 0xC0, 0x7E, 0x03, 0xF0,
    0x1F, 0x80, 0xFC, 0x03, 0xFC, 0x0F, 0xF8, 0x07, 0xF0, 0x07, 0xC0, 0x0F, 0x00, 0x7D, 0xE3, 0xF7,
    0xFF, 0xBF, 0xFE, 0x3F, 0xE0, 0xFF, 0xFF, 0xFF, 0xFF, 0xF0, 0x3E, 0x07, 0xC0, 0x7C, 0x0F, 0x81,
    0xF0, 0x1F, 0xC1, 0xFE, 0x03, 0xF0, 0x1F, 0x00, 0xF0, 0x0F, 0x63, 0xFF, 0xFF, 0xFF, 0xEF, 0xF8,
    0x1F, 0xF0, 0x3F, 0xE0, 0x7F, 0xC0, 0x00, 0x00, 0x00, 0x00, 0x00, 0x3C, 0x07, 0xF8, 0x1F, 0xF0,
    0x7F, 0xE1, 0xFF, 0xC7, 0xFF, 0x8F, 0xFF, 0x3F, 0xFE, 0xFB, 0xFF, 0xE7, 0xFF, 0xCF, 0xFF, 0x1F,
    0xFC, 0x3F, 0xF8, 0x7F, 0xE0, 0xFF, 0x81, 0xFF, 0x03, 0xFC, 0x07, 0x80, 0x3F, 0xE1, 0xFF, 0x0F,
    0xF8, 0x00, 0x00, 0x00, 0x00, 0x03, 0xE1, 0xFF, 0x1F, 0xF9, 0xFF, 0xDF, 0xFE, 0xFF, 0xFF, 0xFF,
    0xFF, 0xFF, 0xBF, 0xF9, 0xFF, 0xCF, 0xFC, 0x7F, 0xC3, 0xFE, 0x1E, 0x1E, 0x70, 0x3D, 0xF0, 0x7B,
    0xE0, 0xF3, 0x80, 0x00, 0x00, 0x00, 0x3C, 0x07, 0xF8, 0x1F, 0xF0, 0x7F, 0xE1, 0xFF, 0xC7, 0xFF,
    0x8F, 0xFF, 0x3F, 0xFE, 0xFB, 0xFF, 0xE7, 0xFF, 0xCF, 0xFF, 0x1F, 0xFC, 0x3F, 0xF8, 0x7F, 0xE0,
    0xFF, 0x81, 0xFF, 0x03, 0xFC, 0x07, 0x80, 0x3C, 0xE1, 0xE7, 0x8F, 0x3C, 0x79, 0xC0, 0x00, 0x00,
    0x03, 0xE1, 0xFF, 0x1F, 0xF9, 0xFF, 0xDF, 0xFE, 0xFF, 0xFF, 0xFF, 0xFF, 0xFF, 0xBF, 0xF9, 0xFF,
    0xCF, 0xFC, 0x7F, 0xC3, 0xFE, 0x1E, 0x0F, 0x38, 0x03, 0xCF, 0x00, 0xF3, 0xC0, 0x3C, 0xF0, 0x00,
    0x00, 0x00, 0x00, 0x00, 0x7F, 0x80, 0x7F, 0xF8, 0x3F, 0xFF, 0x1F, 0xCF, 0xC7, 0xC0, 0xFB, 0xE0,
    0x3E, 0xF8, 0x07, 0xFE, 0x01, 0xFF, 0x80, 0x7F, 0xE0, 0x1F, 0xF8, 0x07, 0xFE, 0x03, 0xE7, 0xC0,
    0xF9, 0xFC, 0xFE, 0x3F, 0xFF, 0x07, 0xFF, 0x80, 0x7F, 0x80, 0x3C, 0xE0, 0xF7, 0xC3, 0xDF, 0x0F,
    0x38, 0x00, 0x00, 0x00, 0x01, 0xFC, 0x0F, 0xF8, 0x7F, 0xF3, 0xF7, 0xEF, 0x8F, 0xBC, 0x1E, 0xF0,
    0x7B, 0xC1, 0xEF, 0x8F, 0xBF, 0x7E, 0x7F, 0xF0, 0xFF, 0x81, 0xFC, 0x00, 0x07, 0xF8, 0x07, 0xFF,
    0x83, 0xFF, 0xF1, 0xFC, 0xFC, 0x7C, 0x0F, 0xBE, 0x03, 0xEF, 0x80, 0x7F, 0xFF, 0xFF, 0xFF, 0xFF,
    0xFF, 0xFF, 0xFF, 0x80, 0x7F, 0xE0, 0x3E, 0x7C, 0x0F, 0x9F, 0xCF, 0xE3, 0xFF, 0xF0, 0x7F, 0xF8,
    0x07, 0xF8, 0x00, 0x1F, 0xC0, 0xFF, 0x87, 0xFF, 0x3F, 0x7E, 0xF0, 0x7B, 0xFF, 0xEF, 0xFF, 0xBC,
    0x1E, 0xF8, 0xFB, 0xF7, 0xE7, 0xFF, 0x0F, 0xF8, 0x1F, 0xC0, 0x0F, 0x38, 0x03, 0xCF, 0x00, 0xF3,
    0xC0, 0x3C, 0xF0, 0x00, 0x00, 0x00, 0x00, 0x00, 0x7F, 0x80, 0x7F, 0xF8, 0x3F, 0xFF, 0x1F, 0xCF,
    0xC7, 0xC0, 0xFB, 0xE0, 0x3E, 0xF8, 0x07, 0xFF, 0xFF, 0xFF, 0xFF, 0xFF, 0xFF, 0xFF, 0xF8, 0x07,
    0xFE, 0x03, 0xE7, 0xC0, 0xF9, 0xFC, 0xFE, 0x3F, 0xFF, 0x07, 0xFF, 0x80, 0x7F, 0x80, 0x39, 0xE1,
    0xF7, 0x87, 0xDE, 0x0E, 0x78, 0x00, 0x00, 0x00, 0x01, 0xFC, 0x0F, 0xF8, 0x7F, 0xF3, 0xF7, 0xEF,
    0x07, 0xBF, 0xFE, 0xFF, 0xFB, 0xC1, 0xEF, 0x8F, 0xBF, 0x7E, 0x7F, 0xF0, 0xFF, 0x81, 0xFC, 0x00,
    0x3C, 0xE0, 0x7B, 0xE0, 0xF7, 0xC1, 0xE7, 0x00, 0x00, 0x00, 0x00, 0x1F, 0xF0, 0x7F, 0xF8, 0xFF,
    0xF8, 0xE3, 0xF8, 0x01, 0xF0, 0x01, 0xF0, 0x03, 0xE3, 0xFF, 0xC7, 0xFF, 0x8F, 0xFF, 0x00, 0x3E,
    0x00, 0x7C, 0x01, 0xF3, 0xCF, 0xEF, 0xFF, 0x9F, 0xFE, 0x1F, 0xF0, 0x00, 0x39, 0xE3, 0xEF, 0x1F,
    0x78, 0x73, 0xC0, 0x00, 0x00, 0x01, 0xFE, 0x0F, 0xFC, 0x7F, 0xE3, 0x9F, 0x80, 0x3C, 0x3F, 0xE1,
    0xFF, 0x8F, 0xF8, 0x03, 0xCE, 0x7E, 0x7F, 0xE3, 0xFF, 0x1F, 0xE0, 0x0F, 0xF8, 0x07, 0xFC, 0x03,
    0xFE, 0x00, 0x00, 0x00, 0x00, 0x00, 0x00, 0x03, 0xE0, 0x7C, 0xF8, 0x3E, 0x7C, 0x1F, 0x1F, 0x1F,
    0x0F, 0x8F, 0x83, 0xE7, 0x81, 0xF7, 0xC0, 0x7F, 0xC0, 0x3F, 0xE0, 0x0F, 0xF0, 0x03, 0xF0, 0x01,
    0xF8, 0x00, 0xF8, 0x04, 0xFC, 0x07, 0xFC, 0x03, 0xFC, 0x01, 0xFC, 0x00, 0x1F, 0xE0, 0x7F, 0x81,
    0xFE, 0x00, 0x00, 0x00, 0x00, 0x00, 0x0F, 0x87, 0xFE, 0x1E, 0x78, 0x79, 0xF3, 0xE7, 0xCF, 0x0F,
    0x3C, 0x3F, 0xF0, 0xFF, 0x81, 0xFE, 0x07, 0xF8, 0x0F, 0xC0, 0x3F, 0x00, 0x78, 0x03, 0xE0, 0x5F,
    0x03, 0xFC, 0x0F, 0xE0, 0x3F, 0x00, 0x0E, 0x38, 0x07, 0xBE, 0x03, 0xDF, 0x01, 0xC7, 0x00, 0x00,
    0x00, 0x00, 0x03, 0xE0, 0x7C, 0xF8, 0x3E, 0x7C, 0x1F, 0x1F, 0x1F, 0x0F, 0x8F, 0x83, 0xE7, 0x81,
    0xF7, 0xC0, 0x7F, 0xC0, 0x3F, 0xE0, 0x0F, 0xF0, 0x03, 0xF0, 0x01, 0xF8, 0x00, 0xF8, 0x04, 0xFC,
    0x07, 0xFC, 0x03, 0xFC, 0x01, 0xFC, 0x00, 0x3C, 0xE0, 0xF7, 0xC3, 0xDF, 0x0F, 0x38, 0x00, 0x00,
    0x00, 0x0F, 0x87, 0xFE, 0x1E, 0x78, 0x79, 0xF3, 0xE7, 0xCF, 0x0F, 0x3C, 0x3F, 0xF0, 0xFF, 0x81,
    0xFE, 0x07, 0xF8, 0x0F, 0xC0, 0x3F, 0x00, 0x78, 0x03, 0xE0, 0x5F, 0x03, 0xFC, 0x0F, 0xE0, 0x3F,
    0x00, 0x03, 0x18, 0x01, 0xCE, 0x01, 0xEF, 0x00, 0xE7, 0x80, 0xF7, 0x80, 0x73, 0x80, 0x00, 0x01,
    0xF0, 0x3E, 0x7C, 0x1F, 0x3E, 0x0F, 0x8F, 0x8F, 0x87, 0xC7, 0xC1, 0xF3, 0xC0, 0xFB, 0xE0, 0x3F,
    0xE0, 0x1F, 0xF0, 0x07, 0xF8, 0x01, 0xF8, 0x00, 0xFC, 0x00, 0x7C, 0x02, 0x7E, 0x03, 0xFE, 0x01,
    0xFE, 0x00, 0xFE, 0x00, 0x06, 0x30, 0x3D, 0xE0, 0xF7, 0x87, 0xBC, 0x3D, 0xE0, 0x63, 0x00, 0x00,
    0x3E, 0x1F, 0xF8, 0x79, 0xE1, 0xE7, 0xCF, 0x9F, 0x3C, 0x3C, 0xF0, 0xFF, 0xC3, 0xFE, 0x07, 0xF8,
    0x1F, 0xE0, 0x3F, 0x00, 0xFC, 0x01, 0xE0, 0x0F, 0x81, 0x7C, 0x0F, 0xF0, 0x3F, 0x80, 0xFC, 0x00,
    0x1C, 0xF0, 0xF3, 0xC3, 0xCF, 0x0F, 0x3C, 0x00, 0x00, 0x00, 0x0F, 0x03, 0xFC, 0x0F, 0xF0, 0x3F,
    0xC0, 0xFF, 0x03, 0xFC, 0x0F, 0xF8, 0x3F, 0xF1, 0xFF, 0xFF, 0xDF, 0xFF, 0x3F, 0xFC, 0x00, 0xF0,
    0x03, 0xC0, 0x0F, 0x00, 0x3C, 0x00, 0xF0, 0x03, 0xC0, 0x79, 0xC7, 0xBE, 0x7B, 0xE7, 0x9C, 0x00,
    0x00, 0x00, 0xF1, 0xFF, 0x1F, 0xF1, 0xFF, 0x1F, 0xF1, 0xFF, 0x9F, 0xFF, 0xF7, 0xFF, 0x3F, 0xF0,
    0x1F, 0x01, 0xF0, 0x1F, 0x01, 0xF0, 0xFF, 0xFF, 0xFF, 0xFF, 0xFF, 0x00, 0xF0, 0x0F, 0x00, 0xF0,
    0x0F, 0x00, 0xF0, 0x0F, 0x00, 0xF0, 0x0F, 0x00, 0xF0, 0x0F, 0x00, 0xFE, 0x0F, 0xE0, 0xFE, 0x01,
    0xE0, 0x1E, 0x01, 0xE0, 0x1E, 0x01, 0xE0, 0xFF, 0xDF, 0xFB, 0xFF, 0x7C, 0x0F, 0x81, 0xF0, 0x3E,
    0x07, 0xC0, 0xF8, 0x1F, 0x03, 0xF8, 0x7F, 0x0F, 0xE0, 0x3C, 0x07, 0x80, 0xF0, 0x1E, 0x00, 0x07,
    0x9C, 0x00, 0x7B, 0xE0, 0x07, 0xBE, 0x00, 0x79, 0xC0, 0x00, 0x00, 0x00, 0x00, 0x00, 0xF0, 0x01,
    0xFF, 0x00, 0x1F, 0xF0, 0x01, 0xFF, 0x00, 0x1F, 0xF0, 0x01, 0xFF, 0x00, 0x1F, 0xFF, 0xC1, 0xFF,
    0xFF, 0x1F, 0xFF, 0xF9, 0xFF, 0x3F, 0x9F, 0xF0, 0xF9, 0xFF, 0x07, 0x9F, 0xF0, 0xF9, 0xFF, 0x1F,
    0x9F, 0xFF, 0xF9, 0xFF, 0xFF, 0x1F, 0xFF, 0xC1, 0xF0, 0x07, 0x3C, 0x03, 0xEF, 0x00, 0xFB, 0xC0,
    0x1C, 0xF0, 0x00, 0x00, 0x00, 0x00, 0x0F, 0x80, 0x3F, 0xE0, 0x0F, 0xF8, 0x03, 0xFE, 0x00, 0xFF,
    0xFC, 0x3F, 0xFF, 0x8F, 0xFF, 0xF3, 0xFE, 0x7C, 0xFF, 0x8F, 0xBF, 0xE7, 0xCF, 0xFF, 0xF3, 0xFF,
    0xFC, 0xF7, 0xFC, 0x3C, 0x3F, 0xFC, 0xFF, 0xF3, 0xFF, 0xCF, 0xFE, 0x3C, 0x00, 0xF0, 0x03, 0xC0,
    0x3F, 0xF8, 0xFF, 0xE3, 0xFF, 0x8F, 0xFE, 0x0F, 0x00, 0x3C, 0x00, 0xF0, 0x03, 0xFC, 0x0F, 0xF0,
    0x3F, 0xC0, 0xFF, 0x00, 0x3C, 0x00, 0xF0, 0x07, 0xC0, 0x7F, 0x01, 0xF8, 0x07, 0xE0, 0x00, 0x00,
    0x7F, 0xF7, 0xFF, 0x7F, 0xF7, 0xFF, 0x7C, 0x07, 0xC0, 0xFF, 0xCF, 0xFC, 0xFF, 0xC7, 0xC0, 0x7C,
    0x07, 0xF8, 0x7F, 0x87, 0xF8, 0x07, 0x80, 0x78, 0x07, 0x81, 0xF8, 0x1F, 0x01, 0xE0, 0xF8, 0x1F,
    0x1F, 0x07, 0xC3, 0xC3, 0xE0, 0xF8, 0xF8, 0x1F, 0x7C, 0x07, 0xFE, 0x00, 0xFF, 0x80, 0x1F, 0xC0,
    0x07, 0xE0, 0x01, 0xF8, 0x00, 0xFF, 0x00, 0x3F, 0xE0, 0x1F, 0xF8, 0x07, 0xDF, 0x03, 0xE3, 0xFD,
    0xF0, 0xFF, 0x7C, 0x1F, 0xFE, 0x03, 0xF0, 0x00, 0x3C, 0x00, 0x0F, 0x00, 0x07, 0xC0, 0x07, 0xF0,
    0x01, 0xF8, 0x00, 0x7C, 0x00, 0x00, 0x00, 0xF8, 0x7C, 0x7C, 0x7C, 0x7C, 0xF8, 0x3E, 0xF0, 0x1F,
    0xF0, 0x1F, 0xE0, 0x0F, 0xC0, 0x0F, 0xC0, 0x1F, 0xE0, 0x1F, 0xF0, 0x3E, 0xF0, 0x7C, 0xFF, 0x7C,
    0x7F, 0xF8, 0x7F, 0x00, 0x0F, 0x00, 0x0F, 0x00, 0x0F, 0x00, 0x7E, 0x00, 0x7E, 0x00, 0x7C, 0xF8,
    0x1F, 0x3E, 0x0F, 0x8F, 0x0F, 0x87, 0xC7, 0xC1, 0xF7, 0xC0, 0xFF, 0xC0, 0x3F, 0xE0, 0xFF, 0xFE,
    0x7F, 0xFF, 0x3F, 0xFF, 0x9F, 0xFF, 0xC1, 0xFF, 0x01, 0xFF, 0x80, 0xFB, 0xE0, 0xF8, 0xF8, 0xF8,
    0x7C, 0x7C, 0x1F, 0x7C, 0x07, 0xC0, 0xF8, 0x7C, 0xF8, 0xF9, 0xF3, 0xE1, 0xF7, 0x81, 0xFF, 0x0F,
    0xFF, 0x1F, 0xFF, 0x3F, 0xFE, 0x7F, 0xF8, 0x3F, 0xE0, 0xFB, 0xC3, 0xE7, 0xC7, 0xC7, 0xDF, 0x0F,
    0x80, 0x7E, 0x0F, 0x1F, 0x07, 0x87, 0xC3, 0xC3, 0xF3, 0xE0, 0xF9, 0xF0, 0x7E, 0xF0, 0x7F, 0xF8,
    0x7F, 0xF8, 0x3D, 0xF8, 0x3E, 0x7C, 0x1F, 0x1F, 0x0F, 0x0F, 0x87, 0x83, 0xE3, 0xC0, 0xFB, 0xE0,
    0x7C, 0x3F, 0xC0, 0xFF, 0xE1, 0xFF, 0xC1, 0xFF, 0xC0, 0x0F, 0x80, 0x1F, 0x00, 0x3E, 0x00, 0x7C,
    0x00, 0xF8, 0x01, 0xF0, 0x03, 0xE3, 0xFF, 0xEF, 0xFF, 0xFF, 0xFF, 0xBF, 0xFF, 0x00, 0x3E, 0x0F,
    0xC7, 0xF8, 0xFE, 0x07, 0x81, 0xE0, 0x78, 0x1E, 0x07, 0x81, 0xE0, 0xF9, 0xFE, 0xFF, 0xFE, 0xFF,
    0x3C, 0x00, 0x7F, 0xFD, 0xFF, 0xF7, 0xFF, 0xDF, 0xFE, 0x01, 0xF0, 0x07, 0xC0, 0x1F, 0x00, 0x7C,
    0x01, 0xF0, 0x07, 0xC0, 0x1F, 0x00, 0x7C, 0x01, 0xF0, 0x07, 0xC0, 0x1F, 0x00, 0xFF, 0xF3, 0xFF,
    0xEF, 0xFF, 0xDF, 0xFF, 0x00, 0x3C, 0x00, 0xF0, 0x03, 0xFE, 0x0F, 0xF8, 0x3F, 0xE0, 0xFF, 0x83,
    0xFE, 0x0F, 0xF8, 0x3F, 0xE0, 0xFF, 0x83, 0xC0, 0x7E, 0xFD, 0xFB, 0xF1, 0xE3, 0xC7, 0x8F, 0x1E,
    0x3C, 0x78, 0xF1, 0xE3, 0xC7, 0x80, 0x7F, 0xBF, 0xDF, 0xEF, 0xE3, 0xE1, 0xE0, 0xF0, 0x78, 0x7C,
    0x1E, 0x0F, 0x07, 0x83, 0xE1, 0xF0, 0xF8, 0x7F, 0xFC, 0x7F, 0xFE, 0x7F, 0xFE, 0x7F, 0xFF, 0x3C,
    0x1F, 0x3C, 0x1F, 0x3C, 0x1F, 0x3C, 0x1F, 0x3C, 0x1F, 0x3C, 0x1F, 0x3C, 0x1F, 0x3C, 0x1F, 0x3C,
    0x1F, 0x3C, 0x1F, 0x3C, 0x1F, 0xF3, 0xF1, 0xE7, 0xF3, 0xCF, 0xF7, 0x9F, 0xEF, 0x03, 0xFE, 0x07,
    0xFC, 0x0F, 0xF8, 0x1F, 0xF0, 0x3F, 0xF0, 0x7F, 0xE1, 0xF3, 0xFF, 0xE7, 0xFF, 0x87, 0xFE, 0x03,
    0xF8, 0x00, 0x7E, 0xFD, 0xFB, 0xF1, 0xE3, 0xC7, 0x8F, 0x1E, 0x7F, 0xE3, 0xFF, 0x9F, 0xFE, 0xFF,
    0xF0, 0x0F, 0x80, 0x3C, 0x01, 0xE0, 0x0F, 0x00, 0x78, 0x03, 0xC0, 0x1E, 0x00, 0xF0, 0x07, 0x80,
    0x3C, 0x01, 0xE0, 0x0F, 0x00, 0x78, 0x03, 0xC0, 0x1E, 0x00, 0xF0, 0x7F, 0x83, 0xFF, 0x1F, 0xF8,
    0xFF, 0xE0, 0x1F, 0x00, 0x7C, 0x03, 0xE0, 0x1F, 0x00, 0xF8, 0x07, 0xC0, 0x7C, 0xFF, 0xEF, 0xFE,
    0x7F, 0xF3, 0xFE, 0x00, 0xF8, 0x03, 0xE0, 0x0F, 0x80, 0x3E, 0x00, 0xFF, 0xFB, 0xFF, 0xEF, 0xFF,
    0x9F, 0xFE, 0x00, 0xF0, 0x07, 0xC0, 0x1F, 0x00, 0x78, 0x03, 0xE0, 0x0F, 0x80, 0x3C, 0x01, 0xF0,
    0x07, 0xC0, 0x1E, 0x00, 0xF8, 0x00, 0xFF, 0xF9, 0xFF, 0xFB, 0xFF, 0xFB, 0xFF, 0xF7, 0xC1, 0xEF,
    0x83, 0xDF, 0x07, 0xBE, 0x0F, 0x7C, 0x1E, 0xF8, 0x3D, 0xF0, 0x7B, 0xFF, 0xF7, 0xFF, 0xEF, 0xFF,
    0xDF, 0xFF, 0x80, 0x78, 0xFC, 0x3C, 0xFF, 0x1F, 0xFF, 0xC7, 0xFF, 0xF3, 0xF0, 0xF9, 0xF0, 0x7C,
    0x78, 0x1E, 0x7C, 0x0F, 0x3E, 0x07, 0x9F, 0x07, 0xCF, 0x03, 0xE7, 0x9F, 0xE7, 0xCF, 0xF3, 0xEF,
    0xF1, 0xF7, 0xF0, 0x7E, 0xFD, 0xFB, 0xF1, 0xE3, 0xC7, 0x8F, 0x1E, 0x3C, 0x78, 0xF1, 0xE3, 0xC7,
    0x8F, 0x1E, 0x3C, 0x78, 0xF0, 0x7C, 0xFE, 0xFF, 0x7F, 0x1F, 0x1F, 0x1F, 0x1F, 0x1F, 0x1F, 0x1F,
    0xFF, 0xFF, 0xFF, 0xFF, 0x7F, 0xF8, 0x7F, 0xFE, 0x7F, 0xFE, 0x7F, 0xFF, 0x3C, 0x1F, 0x3C, 0x0F,
    0x7C, 0x0F, 0x7C, 0x0F, 0x7C, 0x0F, 0x7C, 0x1F, 0x3C, 0x1F, 0x3F, 0xFE, 0x3F, 0xFE, 0x1F, 0xFC,
    0x07, 0xF8, 0x00, 0x00, 0xF8, 0x3D, 0xF0, 0x79, 0xE0, 0xF3, 0xC3, 0xE7, 0xC7, 0xCF, 0x8F, 0x9F,
    0x1F, 0x1E, 0x3E, 0x3C, 0x78, 0x79, 0xF0, 0xF3, 0xE1, 0xFF, 0x8F, 0xFE, 0x3F, 0xF8, 0x7F, 0xC0,
    0xF8, 0x00, 0x00, 0x00, 0x3F, 0xC1, 0xFF, 0xCF, 0xFF, 0xBF, 0xFE, 0xF0, 0x7F, 0xC1, 0xFF, 0x07,
    0xFF, 0x0F, 0x7C, 0x3C, 0xF0, 0xF0, 0x83, 0xC0, 0x0F, 0x00, 0x3C, 0x00, 0xF0, 0x03, 0xC0, 0x0F,
    0x00, 0x3C, 0x00, 0xF0, 0x03, 0xC0, 0x0F, 0x1F, 0xE0, 0x7F, 0xF1, 0xFF, 0xF3, 0xFF, 0xE7, 0x83,
    0xEF, 0x07, 0xDF, 0x0F, 0xBF, 0x0F, 0x3E, 0x3E, 0x3C, 0x7C, 0x01, 0xF9, 0xFF, 0xE7, 0xFF, 0x8F,
    0xFE, 0x1F, 0xF8, 0x00, 0xF8, 0x3D, 0xF0, 0xF7, 0xC7, 0xCF, 0x1F, 0x3E, 0x7C, 0xF9, 0xE1, 0xEF,
    0x87, 0xFC, 0x1F, 0xF0, 0x3F, 0x80, 0xF8, 0x03, 0xE0, 0x07, 0x80, 0x1F, 0x00, 0x7C, 0x00, 0xF0,
    0x03, 0xC0, 0x0F, 0x80, 0x3E, 0x00, 0x78, 0x7C, 0x3D, 0xF0, 0xF3, 0xE7, 0xCF, 0xDF, 0x1F, 0x7C,
    0x3F, 0xE0, 0xFF, 0x81, 0xFC, 0x03, 0xE0, 0x0F, 0x80, 0x1F, 0x0F, 0xFE, 0x7F, 0xF9, 0xFF, 0xE7,
    0xFF, 0x80, 0xFF, 0xFF, 0xFF, 0xFF, 0xFF, 0xFB, 0xFF, 0xE0, 0x03, 0xC0, 0x0F, 0x80, 0x1F, 0x7C,
    0x3C, 0xF8, 0xF9, 0xF1, 0xF3, 0xE3, 0xC7, 0xC7, 0x8F, 0x9F, 0x1F, 0x3E, 0x3E, 0x78, 0x7C, 0x00,
    0xF8, 0x01, 0xF0, 0x03, 0xE0, 0x07, 0xC0, 0x00, 0x7F, 0xC7, 0xFE, 0x7F, 0xF7, 0xFF, 0x00, 0xF0,
    0x0F, 0x00, 0xF0, 0x0F, 0x00, 0xF0, 0x0F, 0x00, 0xF0, 0x0F, 0x00, 0xF0, 0x0F, 0x00, 0xF0, 0xF9,
    0xE7, 0xFE, 0x79, 0xFF, 0x9E, 0x7F, 0xEF, 0x9F, 0xFB, 0xE7, 0xFE, 0xF1, 0xFF, 0xFC, 0x7F, 0xFE,
    0x1E, 0xFF, 0x07, 0x9E, 0x03, 0xE7, 0xC0, 0xF9, 0xFF, 0xFC, 0x3F, 0xFF, 0x07, 0xFF, 0x80, 0x7F,
    0x80, 0x7F, 0xFC, 0x3F, 0xFF, 0x9F, 0xFF, 0xC7, 0xFF, 0xF1, 0xF0, 0xF8, 0xF8, 0x7C, 0x7C, 0x3E,
    0x3E, 0x1F, 0x1F, 0x0F, 0x8F, 0x87, 0xC7, 0xC3, 0xE7, 0xE1, 0xF7, 0xE0, 0xFB, 0xF0, 0x7D, 0xF0,
    0x3E, 0x23, 0xDF, 0xEF, 0xFD, 0xE0, 0x00, 0x7C, 0xF1, 0xE7, 0xCF, 0x9F, 0x7E, 0x00, 0x00, 0x00,
    0x00, 0x06, 0x1F, 0x7E, 0xFC, 0xF8, 0xE0, 0x00, 0x01, 0xFF, 0x1F, 0xFF, 0xFF, 0xFF, 0xFF, 0x7C,
    0x3B, 0xE0, 0x1F, 0xC0, 0x7F, 0x01, 0xFC, 0x07, 0xE0, 0x0F, 0x00, 0x78, 0x00, 0x00, 0x0C, 0x01,
    0xF8, 0x0F, 0xC0, 0x7E, 0x03, 0xE0, 0x06, 0x00, 0x1F, 0x87, 0xF0, 0xFE, 0x3F, 0xC7, 0x80, 0xF0,
    0x1F, 0x71, 0xFF, 0x7F, 0xFF, 0xFF, 0xFE, 0x3E, 0x04, 0x00, 0xFF, 0xBF, 0xEF, 0xFF, 0xFE, 0xFE,
    0x00, 0x38, 0xF3, 0x83, 0xA7, 0xDF, 0x98, 0x00, 0x00, 0xC7, 0xBF, 0x7C, 0xE0, 0x00, 0x03, 0xCF,
    0xBE, 0x79, 0xE7, 0x9F, 0x7D, 0xF7, 0xCF, 0x3C, 0xF3, 0xCF, 0x3C, 0xF0, 0x00, 0x00, 0x07, 0x83,
    0xBC, 0x3D, 0xF1, 0xEF, 0xFF, 0x3F, 0xF1, 0xFF, 0x8F, 0xF0, 0x7C, 0x03, 0xE0, 0x1F, 0x00, 0x78,
    0x03, 0xC0, 0x1E, 0x00, 0xF0, 0x07, 0x80, 0x3C, 0x01, 0xE0, 0x00, 0x00, 0x00, 0x03, 0xC0, 0xFF,
    0xBF, 0xFE, 0xFF, 0x7F, 0xFD, 0xFF, 0xF7, 0xFF, 0xDF, 0xFE, 0x7C, 0x01, 0xF0, 0x03, 0xC0, 0x0F,
    0x00, 0x3C, 0x00, 0xF0, 0x03, 0xC0, 0x0F, 0x00, 0x3C, 0x00, 0xF0, 0x00, 0x00, 0x00, 0x00, 0x00,
    0xF0, 0x1F, 0x03, 0xF0, 0x7E, 0x07, 0xC0, 0x78, 0x07, 0xF0, 0x7F, 0x03, 0xF0, 0x3F, 0x07, 0xE0,
    0x78, 0x0F, 0x80, 0xFF, 0xE7, 0xFE, 0x7F, 0xF3, 0xFE, 0x03, 0x00, 0x07, 0x01, 0xFC, 0x3F, 0xE7,
    0xFE, 0x7F, 0xF7, 0x9F, 0xF8, 0xFF, 0x0F, 0xF0, 0xFF, 0x8F, 0x7F, 0xF7, 0xFE, 0x3F, 0xE1, 0xFC,
    0x00, 0x07, 0xFF, 0x3F, 0xF9, 0xFF, 0xCF, 0xFE, 0x00, 0xF0, 0x07, 0x80, 0x3C, 0x01, 0xE0, 0x0F,
    0x00, 0x7C, 0x03, 0xE0, 0x0F, 0x00, 0x78, 0x03, 0xC0, 0x1E, 0x00, 0xF0, 0x07, 0xC0, 0x10, 0x10,
    0x11, 0xE0, 0x7B, 0xE0, 0xF7, 0xC3, 0xE7, 0x87, 0xCF, 0x8F, 0x0F, 0x3E, 0x1E, 0x78, 0x3E, 0xF0,
    0x7F, 0xE0, 0x7F, 0x80, 0xFF, 0x01, 0xFE, 0x01, 0xF8, 0x03, 0xF0, 0x07, 0xE0, 0x07, 0x80, 0x0F,
    0x00, 0x18, 0x00, 0x00, 0x00, 0x0F, 0x00, 0x1F, 0x00, 0x3E, 0x00, 0xFC, 0x01, 0xFC, 0x03, 0xF8,
    0x0F, 0xF0, 0x1F, 0xE0, 0x3F, 0xE0, 0xFB, 0xC1, 0xE7, 0x83, 0xCF, 0x8F, 0x8F, 0x1E, 0x1E, 0x7C,
    0x3E, 0xF8, 0x3D, 0xE0, 0x78, 0xC0, 0xC0, 0x00, 0x01, 0xF8, 0x3F, 0xC7, 0xFC, 0xFF, 0xEF, 0x3E,
    0xF1, 0xEF, 0xFE, 0xFF, 0xE7, 0xFE, 0x3F, 0xE0, 0xFF, 0x01, 0xF0, 0x0F, 0x00, 0xF0, 0x0F, 0x00,
    0xF0, 0x0F, 0x00, 0x00, 0x00, 0x01, 0xC0, 0x00, 0xF8, 0x00, 0x3E, 0x78, 0x07, 0x9E, 0x01, 0xE7,
    0x80, 0x7F, 0xE0, 0x1F, 0xF8, 0x07, 0xFE, 0x01, 0xEF, 0x80, 0x79, 0xF0, 0x7E, 0x7F, 0xFF, 0x0F,
    0xFF, 0x81, 0xFF, 0xC0, 0x1F, 0xC0, 0xFF, 0xFF, 0xF8, 0x0C, 0x01, 0xC0, 0x7C, 0x1F, 0xC1, 0xFC,
    0x7F, 0x9F, 0xFB, 0xCF, 0xF9, 0xFF, 0x3F, 0xFF, 0xBF, 0xF7, 0xFC, 0x7F, 0x00, 0x00, 0x00, 0xC7,
    0xBF, 0x7C, 0xE0, 0x00, 0x03, 0xCF, 0xBE, 0x79, 0xE7, 0x9F, 0x7D, 0xF7, 0xCF, 0x3C, 0xF3, 0xCF,
    0x3C, 0xF0, 0x00, 0x00, 0x07, 0x83, 0xBC, 0x3D, 0xF1, 0xEF, 0xFF, 0x3F, 0xF1, 0xFF, 0x8F, 0xF0,
    0x7C, 0x03, 0xE0, 0x1F, 0x00, 0x78, 0x03, 0xC0, 0x1E, 0x00, 0xF0, 0x07, 0x80, 0x3C, 0x01, 0xE0,
    0x00, 0x00, 0x00, 0x03, 0xC0, 0xFF, 0xBF, 0xFE, 0xFF, 0x7F, 0xFD, 0xFF, 0xF7, 0xFF, 0xDF, 0xFE,
    0x7C, 0x01, 0xF0, 0x03, 0xC0, 0x0F, 0x00, 0x3C, 0x00, 0xF0, 0x03, 0xC0, 0x0F, 0x00, 0x3C, 0x00,
    0xF0, 0x00, 0x00, 0x00, 0x00, 0x07, 0x9F, 0x3D, 0xF9, 0xEF, 0xCF, 0xF8, 0x7F, 0xF9, 0xFF, 0xCF,
    0xFF, 0x7F, 0xF3, 0xFC, 0x1F, 0x00, 0xF8, 0x07, 0xC0, 0x1E, 0x00, 0xF0, 0x07, 0x80, 0x3C, 0x01,
    0xE0, 0x00, 0x00, 0x03, 0x00, 0x1E, 0x00, 0xF8, 0x01, 0xF0, 0x0F, 0xE0, 0x7F, 0xC1, 0xFF, 0x0F,
    0xBE, 0x7C, 0x79, 0xE1, 0xF7, 0x87, 0xDE, 0xCF, 0xFB, 0xBF, 0xFF, 0xF7, 0xFF, 0x9F, 0xFE, 0x3F,
    0xF0, 0x1F, 0xC3, 0xFC, 0x3F, 0x87, 0xF8, 0x78, 0x07, 0x80, 0x7C, 0x63, 0xFE, 0x3F, 0xF0, 0xFF,
    0x0F, 0xC1, 0xF8, 0x3F, 0x03, 0xE0, 0x7C, 0x07, 0xC0, 0x78, 0x01, 0x80, 0x10, 0x11, 0xE0, 0x7B,
    0xE0, 0xF7, 0xC3, 0xE7, 0x87, 0xCF, 0x8F, 0x0F, 0x3E, 0x1E, 0x78, 0x3E, 0xF0, 0x7F, 0xE0, 0x7F,
    0x80, 0xFF, 0x01, 0xFE, 0x01, 0xF8, 0x03, 0xF0, 0x07, 0xE0, 0x07, 0x80, 0x0F, 0x00, 0x18, 0x00,
    0x00, 0x00, 0x0F, 0x00, 0x1F, 0x00, 0x3E, 0x00, 0xFC, 0x01, 0xFC, 0x03, 0xF8, 0x0F, 0xF0, 0x1F,
    0xE0, 0x3F, 0xE0, 0xFB, 0xC1, 0xE7, 0x83, 0xCF, 0x8F, 0x8F, 0x1E, 0x1E, 0x7C, 0x3E, 0xF8, 0x3D,
    0xE0, 0x78, 0xC0, 0xC0, 0x00, 0x01, 0xF8, 0x3F, 0xC7, 0xFC, 0xFF, 0xEF, 0x3E, 0xF1, 0xEF, 0xFE,
    0xFF, 0xE7, 0xFE, 0x3F, 0xE0, 0xFF, 0x01, 0xF0, 0x0F, 0x00, 0xF0, 0x0F, 0x00, 0xF0, 0x0F, 0x03,
    0xE0, 0x01, 0xFC, 0x00, 0x7F, 0x00, 0x1F, 0xE0, 0x0F, 0xF8, 0x03, 0xDE, 0x00, 0xF7, 0xC0, 0x7C,
    0xF0, 0x1E, 0x3C, 0x07, 0x8F, 0x83, 0xFF, 0xE0, 0xFF, 0xF8, 0x3F, 0xFF, 0x1F, 0xFF, 0xC7, 0xC0,
    0xF3, 0xE0, 0x3E, 0xF8, 0x0F, 0xBE, 0x01, 0xF0, 0x00, 0x00, 0x07, 0x00, 0x03, 0xE0, 0x00, 0xF8,
    0x00, 0x3E, 0x00, 0x03, 0x00, 0x3F, 0xC3, 0xFF, 0x8F, 0xFC, 0x73, 0xE0, 0x0F, 0x87, 0xFD, 0xFF,
    0xFF, 0xFF, 0xF8, 0xFF, 0x87, 0xFC, 0x7F, 0xFF, 0xFF, 0xFF, 0xBF, 0xBC, 0x70, 0x00, 0xE0, 0x0F,
    0x80, 0x7C, 0x03, 0xE0, 0x04, 0x00, 0x03, 0xE0, 0x00, 0xFC, 0x00, 0x3F, 0x00, 0x03, 0xC0, 0x01,
    0xE0, 0x00, 0x70, 0x00, 0x08, 0x00, 0x0F, 0x80, 0x07, 0xF0, 0x01, 0xFC, 0x00, 0x7F, 0x80, 0x3F,
    0xE0, 0x0F, 0x78, 0x03, 0xDF, 0x01, 0xF3, 0xC0, 0x78, 0xF0, 0x1E, 0x3E, 0x0F, 0xFF, 0x83, 0xFF,
    0xE0, 0xFF, 0xFC, 0x7F, 0xFF, 0x1F, 0x03, 0xCF, 0x80, 0xFB, 0xE0, 0x3E, 0xF8, 0x07, 0xC0, 0x0F,
    0x80, 0xFC, 0x03, 0xF0, 0x07, 0x80, 0x78, 0x03, 0x80, 0x08, 0x07, 0xF8, 0x7F, 0xF1, 0xFF, 0x8E,
    0x7C, 0x01, 0xF0, 0xFF, 0xBF, 0xFF, 0xFF, 0xFF, 0x1F, 0xF0, 0xFF, 0x8F, 0xFF, 0xFF, 0xFF, 0xF7,
    0xF7, 0x8E, 0x00, 0x00, 0x07, 0x80, 0x01, 0xE0, 0x3E, 0xF0, 0x1F, 0xF0, 0x0F, 0x78, 0x03, 0x8E,
    0x00, 0x00, 0x00, 0x0F, 0x80, 0x07, 0xF0, 0x01, 0xFC, 0x00, 0x7F, 0x80, 0x3F, 0xE0, 0x0F, 0x78,
    0x03, 0xDF, 0x01, 0xF3, 0xC0, 0x78, 0xF0, 0x1E, 0x3E, 0x0F, 0xFF, 0x83, 0xFF, 0xE0, 0xFF, 0xFC,
    0x7F, 0xFF, 0x1F, 0x03, 0xCF, 0x80, 0xFB, 0xE0, 0x3E, 0xF8, 0x07, 0xC0, 0x00, 0x1E, 0x00, 0x3C,
    0x3E, 0xF0, 0xFF, 0x83, 0xDE, 0x07, 0x1C, 0x00, 0x00, 0x1F, 0xE0, 0x7F, 0xF0, 0x7F, 0xE0, 0xE7,
    0xC0, 0x07, 0xC0, 0xFF, 0x8F, 0xFF, 0x3F, 0xFE, 0x7C, 0x7C, 0xF0, 0xF9, 0xE3, 0xF3, 0xFF, 0xE7,
    0xFF, 0xC7, 0xF7, 0x83, 0x80, 0x00, 0xF0, 0x00, 0x1C, 0x00, 0x03, 0xBE, 0x00, 0x7F, 0xC0, 0x0F,
    0x78, 0x03, 0x8E, 0x00, 0x00, 0x00, 0x0F, 0x80, 0x07, 0xF0, 0x01, 0xFC, 0x00, 0x7F, 0x80, 0x3F,
    0xE0, 0x0F, 0x78, 0x03, 0xDF, 0x01, 0xF3, 0xC0, 0x78, 0xF0, 0x1E, 0x3E, 0x0F, 0xFF, 0x83, 0xFF,
    0xE0, 0xFF, 0xFC, 0x7F, 0xFF, 0x1F, 0x03, 0xCF, 0x80, 0xFB, 0xE0, 0x3E, 0xF8, 0x07, 0xC0, 0xE0,
    0x01, 0xE0, 0x01, 0xEF, 0x80, 0xFF, 0x80, 0xF7, 0x81, 0xC7, 0x00, 0x00, 0x07, 0xF8, 0x1F, 0xFC,
    0x1F, 0xF8, 0x39, 0xF0, 0x01, 0xF0, 0x3F, 0xE3, 0xFF, 0xCF, 0xFF, 0x9F, 0x1F, 0x3C, 0x3E, 0x78,
    0xFC, 0xFF, 0xF9, 0xFF, 0xF1, 0xFD, 0xE0, 0xE0, 0x00, 0x00, 0x0E, 0x00, 0x03, 0xC0, 0x00, 0x70,
    0x0F, 0xB8, 0x07, 0xFC, 0x03, 0xDE, 0x00, 0xE3, 0x80, 0x00, 0x00, 0x03, 0xE0, 0x01, 0xFC, 0x00,
    0x7F, 0x00, 0x1F, 0xE0, 0x0F, 0xF8, 0x03, 0xDE, 0x00, 0xF7, 0xC0, 0x7C, 0xF0, 0x1E, 0x3C, 0x07,
    0x8F, 0x83, 0xFF, 0xE0, 0xFF, 0xF8, 0x3F, 0xFF, 0x1F, 0xFF, 0xC7, 0xC0, 0xF3, 0xE0, 0x3E, 0xF8,
    0x0F, 0xBE, 0x01, 0xF0, 0x00, 0x38, 0x00, 0xF0, 0x01, 0xC3, 0xEE, 0x1F, 0xF0, 0xF7, 0x83, 0x8E,
    0x00, 0x00, 0x3F, 0xC1, 0xFF, 0xC3, 0xFF, 0x0E, 0x7C, 0x00, 0xF8, 0x3F, 0xE7, 0xFF, 0xBF, 0xFE,
    0xF8, 0xFB, 0xC3, 0xEF, 0x1F, 0xBF, 0xFE, 0xFF, 0xF9, 0xFD, 0xE1, 0xC0, 0x00, 0x01, 0x8C, 0x01,
    0xFF, 0x00, 0x7F, 0xC0, 0x18, 0xE0, 0x01, 0xF0, 0x00, 0xFE, 0x00, 0x7B, 0xC0, 0x1C, 0x70, 0x00,
    0x00, 0x00, 0xF8, 0x00, 0x7F, 0x00, 0x1F, 0xC0, 0x07, 0xF8, 0x03, 0xFE, 0x00, 0xF7, 0x80, 0x3D,
    0xF0, 0x1F, 0x3C, 0x07, 0x8F, 0x01, 0xE3, 0xE0, 0xFF, 0xF8, 0x3F, 0xFE, 0x0F, 0xFF, 0xC7, 0xFF,
    0xF1, 0xF0, 0x3C, 0xF8, 0x0F, 0xBE, 0x03, 0xEF, 0x80, 0x7C, 0x04, 0x30, 0xFF, 0x87, 0xFC, 0x33,
    0xC0, 0x78, 0x07, 0xE0, 0x7F, 0x87, 0x8E, 0x00, 0x01, 0xFE, 0x1F, 0xF8, 0x7F, 0xE3, 0x9F, 0x00,
    0x7C, 0x3F, 0xEF, 0xFF, 0xFF, 0xFF, 0xC7, 0xFC, 0x3F, 0xE3, 0xFF, 0xFF, 0xFF, 0xFD, 0xFD, 0xE3,
    0x80, 0x01, 0xC0, 0x00, 0xF8, 0x00, 0x7F, 0x00, 0x3D, 0xE0, 0x1E, 0x3C, 0x00, 0x00, 0x00, 0x3E,
    0x00, 0x1F, 0xC0, 0x07, 0xF0, 0x01, 0xFE, 0x00, 0xFF, 0x80, 0x3D, 0xE0, 0x0F, 0x7C, 0x07, 0xCF,
    0x01, 0xE3, 0xC0, 0x78, 0xF8, 0x3F, 0xFE, 0x0F, 0xFF, 0x83, 0xFF, 0xF1, 0xFF, 0xFC, 0x7C, 0x0F,
    0x3E, 0x03, 0xEF, 0x80, 0xFB, 0xE0, 0x1F, 0x00, 0x00, 0x00, 0x70, 0x00, 0x3E, 0x00, 0x0F, 0x80,
    0x03, 0xE0, 0x00, 0x30, 0x00, 0x07, 0x00, 0x7C, 0x07, 0xF0, 0x7B, 0xC7, 0x8F, 0x00, 0x00, 0xFF,
    0x0F, 0xFE, 0x3F, 0xF1, 0xCF, 0x80, 0x3E, 0x1F, 0xF7, 0xFF, 0xFF, 0xFF, 0xE3, 0xFE, 0x1F, 0xF1,
    0xFF, 0xFF, 0xFF, 0xFE, 0xFE, 0xF1, 0xC0, 0x03, 0x80, 0x3E, 0x01, 0xF0, 0x0F, 0x80, 0x30, 0x00,
    0x00, 0x70, 0x00, 0x3C, 0x00, 0x0E, 0x00, 0x3F, 0x70, 0x0F, 0xF8, 0x01, 0xFE, 0x00, 0x3F, 0x00,
    0x00, 0x00, 0x03, 0xE0, 0x01, 0xFC, 0x00, 0x7F, 0x00, 0x1F, 0xE0, 0x0F, 0xF8, 0x03, 0xDE, 0x00,
    0xF7, 0xC0, 0x7C, 0xF0, 0x1E, 0x3C, 0x07, 0x8F, 0x83, 0xFF, 0xE0, 0xFF, 0xF8, 0x3F, 0xFF, 0x1F,
    0xFF, 0xC7, 0xC0, 0xF3, 0xE0, 0x3E, 0xF8, 0x0F, 0xBE, 0x01, 0xF0, 0x00, 0x00, 0x1E, 0x00, 0xE0,
    0x7E, 0xC3, 0xFE, 0x0F, 0xF0, 0x3F, 0x00, 0x00, 0x3F, 0xC3, 0xFF, 0x8F, 0xFC, 0x73, 0xE0, 0x0F,
    0x87, 0xFD, 0xFF, 0xFF, 0xFF, 0xF8, 0xFF, 0x87, 0xFC, 0x7F, 0xFF, 0xFF, 0xFF, 0xBF, 0xBC, 0x70,
    0x00, 0x03, 0x80, 0x00, 0xE0, 0x00, 0x1C, 0x00, 0x3B, 0x70, 0x0F, 0xF8, 0x01, 0xFE, 0x00, 0x3F,
    0x00, 0x00, 0x00, 0x03, 0xE0, 0x01, 0xFC, 0x00, 0x7F, 0x00, 0x1F, 0xE0, 0x0F, 0xF8, 0x03, 0xDE,
    0x00, 0xF7, 0xC0, 0x7C, 0xF0, 0x1E, 0x3C, 0x07, 0x8F, 0x83, 0xFF, 0xE0, 0xFF, 0xF8, 0x3F, 0xFF,
    0x1F, 0xFF, 0xC7, 0xC0, 0xF3, 0xE0, 0x3E, 0xF8, 0x0F, 0xBE, 0x01, 0xF0, 0x00, 0x00, 0x70, 0x03,
    0xC0, 0x76, 0xC3, 0xFE, 0x0F, 0xF0, 0x3F, 0x00, 0x00, 0x3F, 0xC3, 0xFF, 0x8F, 0xFC, 0x73, 0xE0,
    0x0F, 0x87, 0xFD, 0xFF, 0xFF, 0xFF, 0xF8, 0xFF, 0x87, 0xFC, 0x7F, 0xFF, 0xFF, 0xFF, 0xBF, 0xBC,
    0x70, 0x00, 0x00, 0x00, 0x00, 0x78, 0x00, 0x1E, 0x00, 0x07, 0x80, 0x0F, 0xD8, 0x03, 0xFE, 0x00,
    0x7F, 0x80, 0x0F, 0x80, 0x00, 0x00, 0x00, 0xF8, 0x00, 0x7F, 0x00, 0x1F, 0xC0, 0x07, 0xF8, 0x03,
    0xFE, 0x00, 0xF7, 0x80, 0x3D, 0xF0, 0x1F, 0x3C, 0x07, 0x8F, 0x01, 0xE3, 0xE0, 0xFF, 0xF8, 0x3F,
    0xFE, 0x0F, 0xFF, 0xC7, 0xFF, 0xF1, 0xF0, 0x3C, 0xF8, 0x0F, 0xBE, 0x03, 0xEF, 0x80, 0x7C, 0x07,
    0x00, 0x3C, 0x01, 0xE0, 0x6E, 0xC3, 0xFE, 0x0F, 0xE0, 0x3E, 0x00, 0x00, 0x3F, 0xC3, 0xFF, 0x8F,
    0xFC, 0x73, 0xE0, 0x0F, 0x87, 0xFD, 0xFF, 0xFF, 0xFF, 0xF8, 0xFF, 0x87, 0xFC, 0x7F, 0xFF, 0xFF,
    0xFF, 0xBF, 0xBC, 0x70, 0x00, 0x01, 0x8C, 0x01, 0xFF, 0x00, 0x7F, 0xC0, 0x18, 0xE0, 0x06, 0x0C,
    0x01, 0xFF, 0x00, 0x3F, 0x80, 0x07, 0xC0, 0x00, 0x00, 0x00, 0xF8, 0x00, 0x7F, 0x00, 0x1F, 0xC0,
    0x07, 0xF8, 0x03, 0xFE, 0x00, 0xF7, 0x80, 0x3D, 0xF0, 0x1F, 0x3C, 0x07, 0x8F, 0x01, 0xE3, 0xE0,
    0xFF, 0xF8, 0x3F, 0xFE, 0x0F, 0xFF, 0xC7, 0xFF, 0xF1, 0xF0, 0x3C, 0xF8, 0x0F, 0xBE, 0x03, 0xEF,
    0x80, 0x7C, 0x04, 0x30, 0xFF, 0x87, 0xFC, 0x33, 0xC1, 0x87, 0x0F, 0xF8, 0x7F, 0x81, 0xF8, 0x00,
    0x01, 0xFE, 0x1F, 0xF8, 0x7F, 0xE3, 0x9F, 0x00, 0x7C, 0x3F, 0xEF, 0xFF, 0xFF, 0xFF, 0xC7, 0xFC,
    0x3F, 0xE3, 0xFF, 0xFF, 0xFF, 0xFD, 0xFD, 0xE3, 0x80, 0x0C, 0x0C, 0x03, 0x87, 0x00, 0xFF, 0xC0,
    0x1F, 0xE0, 0x03, 0xF0, 0x00, 0x00, 0x00, 0x3E, 0x00, 0x1F, 0xC0, 0x07, 0xF0, 0x01, 0xFE, 0x00,
    0xFF, 0x80, 0x3D, 0xE0, 0x0F, 0x7C, 0x07, 0xCF, 0x01, 0xE3, 0xC0, 0x78, 0xF8, 0x3F, 0xFE, 0x0F,
    0xFF, 0x83, 0xFF, 0xF1, 0xFF, 0xFC, 0x7C, 0x0F, 0x3E, 0x03, 0xEF, 0x80, 0xFB, 0xE0, 0x1F, 0x00,
    0x00, 0x00, 0x70, 0x00, 0x3E, 0x00, 0x0F, 0x80, 0x03, 0xE0, 0x00, 0x30, 0x00, 0x30, 0x71, 0xC3,
    0x8F, 0xFC, 0x3F, 0xC0, 0xFC, 0x00, 0x00, 0xFF, 0x0F, 0xFE, 0x3F, 0xF1, 0xCF, 0x80, 0x3E, 0x1F,
    0xF7, 0xFF, 0xFF, 0xFF, 0xE3, 0xFE, 0x1F, 0xF1, 0xFF, 0xFF, 0xFF, 0xFE, 0xFE, 0xF1, 0xC0, 0x03,
    0x00, 0x3E, 0x01, 0xF0, 0x0F, 0x00, 0x30, 0x00, 0xFF, 0xFF, 0xFF, 0xFF, 0xFF, 0xFF, 0x01, 0xE0,
    0x3C, 0x07, 0xFE, 0xFF, 0xDF, 0xFB, 0xFF, 0x78, 0x0F, 0x01, 0xE0, 0x3F, 0xF7, 0xFF, 0xFF, 0xFF,
    0xFC, 0x00, 0x06, 0x01, 0xE0, 0x7C, 0x07, 0x80, 0x60, 0x1F, 0xC1, 0xFF, 0x1F, 0xFC, 0xF9, 0xFF,
    0x87, 0xFF, 0xFF, 0xFF, 0xFF, 0xFF, 0xFF, 0xF7, 0xC0, 0x3E, 0x04, 0xFF, 0xE3, 0xFF, 0x0F, 0xF8,
    0x0E, 0x00, 0x60, 0x07, 0x80, 0x3C, 0x01, 0xE0, 0x06, 0x00, 0x3E, 0x07, 0xE0, 0xFC, 0x03, 0x81,
    0xF0, 0x38, 0x02, 0x07, 0xFF, 0xFF, 0xFF, 0xFF, 0xFF, 0xF8, 0x0F, 0x01, 0xE0, 0x3F, 0xF7, 0xFE,
    0xFF, 0xDF, 0xFB, 0xC0, 0x78, 0x0F, 0x01, 0xFF, 0xBF, 0xFF, 0xFF, 0xFF, 0xE0, 0x0F, 0x80, 0x7E,
    0x03, 0xF0, 0x03, 0x80, 0x7C, 0x03, 0x80, 0x08, 0x03, 0xF8, 0x3F, 0xE3, 0xFF, 0x9F, 0x3F, 0xF0,
    0xFF, 0xFF, 0xFF, 0xFF, 0xFF, 0xFF, 0xFE, 0xF8, 0x07, 0xC0, 0x9F, 0xFC, 0x7F, 0xE1, 0xFF, 0x01,
    0xC0, 0x3C, 0xEF, 0xFF, 0xFF, 0x73, 0xC0, 0x01, 0xFF, 0xFF, 0xFF, 0xFF, 0xFF, 0xFE, 0x03, 0xC0,
    0x78, 0x0F, 0xFD, 0xFF, 0xBF, 0xF7, 0xFE, 0xF0, 0x1E, 0x03, 0xC0, 0x7F, 0xEF, 0xFF, 0xFF, 0xFF,
    0xF8, 0x1E, 0x71, 0xFF, 0x9F, 0xF8, 0xE7, 0x80, 0x00, 0x0F, 0xE0, 0xFF, 0x8F, 0xFE, 0x7C, 0xFF,
    0xC3, 0xFF, 0xFF, 0xFF, 0xFF, 0xFF, 0xFF, 0xFB, 0xE0, 0x1F, 0x02, 0x7F, 0xF1, 0xFF, 0x87, 0xFC,
    0x07, 0x00, 0x00, 0x38, 0x03, 0xCF, 0xBC, 0xFF, 0x8F, 0x78, 0x71, 0xC0, 0x00, 0x1F, 0xFC, 0xFF,
    0xE7, 0xFF, 0x3F, 0xF9, 0xE0, 0x0F, 0x00, 0x78, 0x03, 0xFF, 0x1F, 0xF8, 0xFF, 0xC7, 0xFE, 0x3C,
    0x01, 0xE0, 0x0F, 0x00, 0x7F, 0xE3, 0xFF, 0x9F, 0xFC, 0xFF, 0xE0, 0x00, 0x0E, 0x00, 0x3C, 0x3E,
    0xF0, 0xFF, 0xC3, 0xDE, 0x07, 0x1C, 0x00, 0x00, 0x0F, 0xE0, 0x3F, 0xE0, 0xFF, 0xE1, 0xF3, 0xE7,
    0xC3, 0xCF, 0xFF, 0x9F, 0xFF, 0x3F, 0xFE, 0x7F, 0xF8, 0xF8, 0x01, 0xF0, 0x21, 0xFF, 0xC1, 0xFF,
    0x81, 0xFF, 0x00, 0x70, 0x00, 0xF0, 0x01, 0xE0, 0x01, 0xEF, 0x80, 0xFF, 0x80, 0xF7, 0x81, 0xC7,
    0x00, 0x00, 0x07, 0xFF, 0x0F, 0xFE, 0x1F, 0xFC, 0x3F, 0xF8, 0x78, 0x00, 0xF0, 0x01, 0xE0, 0x03,
    0xFF, 0x07, 0xFE, 0x0F, 0xFC, 0x1F, 0xF8, 0x3C, 0x00, 0x78, 0x00, 0xF0, 0x01, 0xFF, 0x83, 0xFF,
    0x87, 0xFF, 0x0F, 0xFE, 0xF0, 0x01, 0xE0, 0x01, 0xEF, 0x80, 0xFF, 0x80, 0xF7, 0x81, 0xC7, 0x00,
    0x00, 0x03, 0xF8, 0x0F, 0xF8, 0x3F, 0xF8, 0x7C, 0xF9, 0xF0, 0xF3, 0xFF, 0xE7, 0xFF, 0xCF, 0xFF,
    0x9F, 0xFE, 0x3E, 0x00, 0x7C, 0x08, 0x7F, 0xF0, 0x7F, 0xE0, 0x7F, 0xC0, 0x1C, 0x00, 0x00, 0xE0,
    0x0F, 0x00, 0x73, 0xEE, 0x7F, 0xCF, 0x78, 0xE3, 0x80, 0x00, 0xFF, 0xEF, 0xFE, 0xFF, 0xEF, 0xFE,
    0xF0, 0x0F, 0x00, 0xF0, 0x0F, 0xFC, 0xFF, 0xCF, 0xFC, 0xFF, 0xCF, 0x00, 0xF0, 0x0F, 0x00, 0xFF,
    0xCF, 0xFE, 0xFF, 0xEF, 0xFE, 0x00, 0x38, 0x00, 0xF0, 0x01, 0xC3, 0xEE, 0x1F, 0xF0, 0xF7, 0x83,
    0x8E, 0x00, 0x00, 0x1F, 0xC0, 0xFF, 0x87, 0xFF, 0x1F, 0x3E, 0xF8, 0x7B, 0xFF, 0xEF, 0xFF, 0xBF,
    0xFE, 0xFF, 0xF3, 0xE0, 0x0F, 0x81, 0x1F, 0xFC, 0x3F, 0xF0, 0x7F, 0xC0, 0x38, 0x00, 0x18, 0xCF,
    0xF9, 0xFF, 0x31, 0xC1, 0xF0, 0x7F, 0x1E, 0xF3, 0x8E, 0x00, 0x1F, 0xFF, 0xFF, 0xFF, 0xFF, 0xFF,
    0xE0, 0x3C, 0x07, 0x80, 0xFF, 0xDF, 0xFB, 0xFF, 0x7F, 0xEF, 0x01, 0xE0, 0x3C, 0x07, 0xFE, 0xFF,
    0xFF, 0xFF, 0xFF, 0x80, 0x06, 0x30, 0xFF, 0x87, 0xFC, 0x33, 0xC0, 0x7C, 0x07, 0xF0, 0x7F, 0x83,
    0x8E, 0x00, 0x00, 0xFE, 0x0F, 0xF8, 0xFF, 0xE7, 0x8F, 0xFC, 0x3F, 0xFF, 0xFF, 0xFF, 0xFF, 0xFF,
    0xFF, 0xBE, 0x01, 0xF0, 0x27, 0xFF, 0x1F, 0xF8, 0x7F, 0xC0, 0x70, 0x0E, 0x07, 0xE0, 0xFE, 0x3F,
    0xEF, 0x1E, 0x00, 0x3F, 0xFF, 0xFF, 0xFF, 0xFF, 0xFF, 0xC0, 0x78, 0x0F, 0x01, 0xFF, 0xBF, 0xF7,
    0xFE, 0xFF, 0xDE, 0x03, 0xC0, 0x78, 0x0F, 0xFD, 0xFF, 0xFF, 0xFF, 0xFF, 0x00, 0x01, 0x80, 0x78,
    0x1F, 0x01, 0xE0, 0x18, 0x00, 0x07, 0x00, 0x7C, 0x07, 0xF0, 0x7B, 0xC7, 0x8F, 0x00, 0x00, 0x7F,
    0x07, 0xFC, 0x7F, 0xF3, 0xE7, 0xFE, 0x1F, 0xFF, 0xFF, 0xFF, 0xFF, 0xFF, 0xFF, 0xDF, 0x00, 0xF8,
    0x13, 0xFF, 0x8F, 0xFC, 0x3F, 0xE0, 0x38, 0x01, 0x80, 0x1E, 0x00, 0xF0, 0x07, 0x80, 0x18, 0x00,
    0x7E, 0x3F, 0x0F, 0xC1, 0xE1, 0xE0, 0xE0, 0x01, 0xFF, 0xFF, 0xBF, 0xCF, 0x83, 0xC1, 0xE0, 0xF0,
    0x78, 0x3C, 0x1E, 0x0F, 0x07, 0x83, 0xC1, 0xE0, 0xF1, 0xFF, 0xFF, 0xFF, 0x80, 0xFB, 0xFF, 0xC7,
    0x7D, 0xC2, 0x1E, 0xFB, 0xEF, 0xBE, 0xFB, 0xEF, 0xBE, 0xFB, 0xEF, 0xBE, 0xF8, 0xFF, 0xFF, 0xDF,
    0xE7, 0xC1, 0xE0, 0xF0, 0x78, 0x3C, 0x1E, 0x0F, 0x07, 0x83, 0xC1, 0xE0, 0xF0, 0x78, 0xFF, 0xFF,
    0xFF, 0xC0, 0x03, 0x03, 0xC1, 0xF0, 0xF0, 0x30, 0x03, 0xFF, 0xF7, 0x01, 0xFF, 0xFF, 0xFF, 0xFF,
    0xFF, 0xFF, 0xFF, 0xFF, 0xF0, 0x19, 0xFF, 0x79, 0x80, 0x00, 0x00, 0x03, 0xFE, 0x01, 0xFF, 0xE0,
    0xFF, 0xFC, 0x7F, 0x3F, 0x9F, 0x03, 0xEF, 0x80, 0xFB, 0xE0, 0x1F, 0xF8, 0x07, 0xFE, 0x01, 0xFF,
    0x80, 0x7F, 0xE0, 0x1F, 0xF8, 0x07, 0xFE, 0x03, 0xE7, 0xC0, 0xF9, 0xFC, 0xFE, 0x3F, 0xFF, 0x07,
    0xFF, 0x80, 0xFF, 0xC0, 0x07, 0x80, 0x00, 0xC0, 0x00, 0x78, 0x00, 0x3E, 0x00, 0x07, 0x80, 0x00,
    0xC0, 0x00, 0x1F, 0xC0, 0xFF, 0xC7, 0xFF, 0x3F, 0x3E, 0xF8, 0x7B, 0xE1, 0xFF, 0x07, 0xFC, 0x1F,
    0xF8, 0x7F, 0xE1, 0xFF, 0x8F, 0x9F, 0xFE, 0x3F, 0xF0, 0x7F, 0x80, 0x70, 0x00, 0xC0, 0x0F, 0x80,
    0x3E, 0x00, 0x78, 0x00, 0xC0, 0x03, 0xE0, 0x00, 0xFC, 0x00, 0x3F, 0x00, 0x01, 0xC0, 0x01, 0xF0,
    0x00, 0x70, 0x00, 0x00, 0x00, 0x3F, 0xE0, 0x1F, 0xFE, 0x0F, 0xFF, 0xC7, 0xF3, 0xF9, 0xF0, 0x3E,
    0xF8, 0x0F, 0xBE, 0x01, 0xFF, 0x80, 0x7F, 0xE0, 0x1F, 0xF8, 0x07, 0xFE, 0x01, 0xFF, 0x80, 0x7F,
    0xE0, 0x3E, 0x7C, 0x0F, 0x9F, 0xCF, 0xE3, 0xFF, 0xF0, 0x7F, 0xF8, 0x0F, 0xFC, 0x00, 0x78, 0x00,
    0x0F, 0x80, 0x3F, 0x00, 0xFC, 0x00, 0x70, 0x07, 0xC0, 0x1C, 0x00, 0x20, 0x07, 0xF0, 0x3F, 0xF1,
    0xFF, 0xCF, 0xCF, 0xBE, 0x1E, 0xF8, 0x7F, 0xC1, 0xFF, 0x07, 0xFE, 0x1F, 0xF8, 0x7F, 0xE3, 0xE7,
    0xFF, 0x8F, 0xFC, 0x1F, 0xE0, 0x1C, 0x00, 0x00, 0x03, 0x80, 0x01, 0xE0, 0x3F, 0xF0, 0x1F, 0xF0,
    0x0F, 0x78, 0x03, 0x8F, 0x00, 0x00, 0x00, 0x3F, 0xE0, 0x1F, 0xFE, 0x0F, 0xFF, 0xC7, 0xF3, 0xF9,
    0xF0, 0x3E, 0xF8, 0x0F, 0xBE, 0x01, 0xFF, 0x80, 0x7F, 0xE0, 0x1F, 0xF8, 0x07, 0xFE, 0x01, 0xFF,
    0x80, 0x7F, 0xE0, 0x3E, 0x7C, 0x0F, 0x9F, 0xCF, 0xE3, 0xFF, 0xF0, 0x7F, 0xF8, 0x0F, 0xFC, 0x00,
    0x78, 0x00, 0x00, 0x0E, 0x00, 0x3C, 0x3E, 0xF0, 0xFF, 0xC1, 0xDE, 0x07, 0x1E, 0x00, 0x00, 0x0F,
    0xE0, 0x3F, 0xF0, 0xFF, 0xE3, 0xF3, 0xE7, 0xC3, 0xCF, 0x87, 0xDE, 0x0F, 0xBC, 0x1F, 0x7C, 0x3E,
    0xF8, 0x7D, 0xF1, 0xF1, 0xFF, 0xE1, 0xFF, 0x81, 0xFE, 0x00, 0xE0, 0x00, 0x70, 0x00, 0x1E, 0x00,
    0x03, 0xBF, 0x00, 0x7F, 0xC0, 0x07, 0x78, 0x03, 0x8F, 0x00, 0x00, 0x00, 0x3F, 0xE0, 0x1F, 0xFE,
    0x0F, 0xFF, 0xC7, 0xF3, 0xF9, 0xF0, 0x3E, 0xF8, 0x0F, 0xBE, 0x01, 0xFF, 0x80, 0x7F, 0xE0, 0x1F,
    0xF8, 0x07, 0xFE, 0x01, 0xFF, 0x80, 0x7F, 0xE0, 0x3E, 0x7C, 0x0F, 0x9F, 0xCF, 0xE3, 0xFF, 0xF0,
    0x7F, 0xF8, 0x0F, 0xFC, 0x00, 0x78, 0x00, 0x70, 0x00, 0x70, 0x00, 0x3B, 0xE0, 0x1F, 0xF0, 0x07,
    0xF8, 0x0E, 0x3C, 0x00, 0x00, 0x07, 0xF0, 0x0F, 0xFC, 0x1F, 0xFC, 0x3F, 0x3E, 0x3E, 0x1E, 0x3E,
    0x1F, 0x3C, 0x1F, 0x3C, 0x1F, 0x3E, 0x1F, 0x3E, 0x1F, 0x3E, 0x3E, 0x1F, 0xFE, 0x0F, 0xFC, 0x07,
    0xF8, 0x01, 0xC0, 0x00, 0x0F, 0x00, 0x03, 0xC0, 0x00, 0x70, 0x0F, 0xF8, 0x07, 0xFC, 0x01, 0xDE,
    0x00, 0xE3, 0xC0, 0x00, 0x00, 0x0F, 0xF8, 0x07, 0xFF, 0x83, 0xFF, 0xF1, 0xFC, 0xFE, 0x7C, 0x0F,
    0xBE, 0x03, 0xEF, 0x80, 0x7F, 0xE0, 0x1F, 0xF8, 0x07, 0xFE, 0x01, 0xFF, 0x80, 0x7F, 0xE0, 0x1F,
    0xF8, 0x0F, 0x9F, 0x03, 0xE7, 0xF3, 0xF8, 0xFF, 0xFC, 0x1F, 0xFE, 0x03, 0xFF, 0x00, 0x1E, 0x00,
    0x00, 0x38, 0x00, 0xF0, 0x01, 0xC3, 0xEF, 0x1F, 0xF0, 0x77, 0x83, 0x8F, 0x00, 0x00, 0x1F, 0xC0,
    0xFF, 0xC7, 0xFF, 0x3F, 0x3E, 0xF8, 0x7B, 0xE1, 0xFF, 0x07, 0xFC, 0x1F, 0xF8, 0x7F, 0xE1, 0xFF,
    0x8F, 0x9F, 0xFE, 0x3F, 0xF0, 0x7F, 0x80, 0x70, 0x00, 0x01, 0x8C, 0x01, 0xFF, 0x00, 0x7F, 0xC0,
    0x18, 0xE0, 0x01, 0xF0, 0x00, 0xFE, 0x00, 0x7B, 0xC0, 0x1C, 0x70, 0x00, 0x00, 0x03, 0xFE, 0x01,
    0xFF, 0xE0, 0xFF, 0xFC, 0x7F, 0x3F, 0x9F, 0x03, 0xEF, 0x80, 0xFB, 0xE0, 0x1F, 0xF8, 0x07, 0xFE,
    0x01, 0xFF, 0x80, 0x7F, 0xE0, 0x1F, 0xF8, 0x07, 0xFE, 0x03, 0xE7, 0xC0, 0xF9, 0xFC, 0xFE, 0x3F,
    0xFF, 0x07, 0xFF, 0x80, 0xFF, 0xC0, 0x07, 0x80, 0x06, 0x10, 0x3F, 0xC1, 0xFF, 0x06, 0x78, 0x07,
    0xC0, 0x3F, 0x80, 0xFF, 0x07, 0x1C, 0x00, 0x00, 0x7F, 0x03, 0xFF, 0x1F, 0xFC, 0xFC, 0xFB, 0xE1,
    0xEF, 0x87, 0xFC, 0x1F, 0xF0, 0x7F, 0xE1, 0xFF, 0x87, 0xFE, 0x3E, 0x7F, 0xF8, 0xFF, 0xC1, 0xFE,
    0x01, 0xC0, 0x01, 0xE0, 0x00, 0xFC, 0x00, 0x7F, 0x80, 0x3F, 0xE0, 0x0F, 0x3C, 0x00, 0x00, 0x00,
    0xFF, 0x80, 0x7F, 0xF8, 0x3F, 0xFF, 0x1F, 0xCF, 0xE7, 0xC0, 0xFB, 0xE0, 0x3E, 0xF8, 0x07, 0xFE,
    0x01, 0xFF, 0x80, 0x7F, 0xE0, 0x1F, 0xF8, 0x07, 0xFE, 0x01, 0xFF, 0x80, 0xF9, 0xF0, 0x3E, 0x7F,
    0x3F, 0x8F, 0xFF, 0xC1, 0xFF, 0xE0, 0x3F, 0xF0, 0x01, 0xE0, 0x00, 0x30, 0x00, 0x1E, 0x00, 0x0F,
    0x80, 0x01, 0xE0, 0x00, 0x30, 0x00, 0x07, 0x80, 0x3F, 0x01, 0xFC, 0x0F, 0xF8, 0x38, 0xF0, 0x00,
    0x01, 0xFC, 0x0F, 0xFC, 0x7F, 0xF3, 0xF3, 0xEF, 0x87, 0xBE, 0x1F, 0xF0, 0x7F, 0xC1, 0xFF, 0x87,
    0xFE, 0x1F, 0xF8, 0xF9, 0xFF, 0xE3, 0xFF, 0x07, 0xF8, 0x07, 0x00, 0x0C, 0x00, 0xF8, 0x03, 0xE0,
    0x07, 0x80, 0x0C, 0x00, 0x00, 0x3C, 0x00, 0x03, 0xE0, 0x00, 0x3E, 0x00, 0x03, 0xE0, 0x00, 0x1C,
    0x00, 0x00, 0x00, 0x7C, 0x3F, 0xF3, 0xC3, 0xFF, 0xDE, 0x3F, 0xFF, 0xF3, 0xF9, 0xFF, 0x1F, 0x03,
    0xF1, 0xF0, 0x1F, 0x0F, 0x80, 0x7C, 0x7C, 0x03, 0xE3, 0xE0, 0x1F, 0x1F, 0x00, 0xF8, 0xF8, 0x07,
    0xC7, 0xC0, 0x3E, 0x3E, 0x03, 0xE0, 0xF8, 0x1F, 0x07, 0xF3, 0xF8, 0x1F, 0xFF, 0x80, 0x7F, 0xF8,
    0x01, 0xFF, 0x80, 0x01, 0xE0, 0x00, 0x00, 0xF0, 0x00, 0xF8, 0x00, 0xF8, 0x00, 0xF8, 0x00, 0x70,
    0x78, 0x00, 0x7C, 0x7F, 0x3E, 0x7F, 0xFE, 0x7F, 0xFF, 0x7F, 0xFE, 0x3E, 0x1E, 0x1F, 0x0F, 0x8F,
    0x07, 0xC7, 0x83, 0xE3, 0xE1, 0xF1, 0xF0, 0xF8, 0xF8, 0xF8, 0x3F, 0xFC, 0x0F, 0xFC, 0x03, 0xFC,
    0x00, 0x70, 0x00, 0x07, 0x00, 0x00, 0x7E, 0x00, 0x01, 0xF0, 0x00, 0x03, 0xC0, 0x00, 0x0F, 0x00,
    0x00, 0x00, 0x7C, 0x3F, 0xF3, 0xC3, 0xFF, 0xDE, 0x3F, 0xFF, 0xF3, 0xF9, 0xFF, 0x1F, 0x03, 0xF1,
    0xF0, 0x1F, 0x0F, 0x80, 0x7C, 0x7C, 0x03, 0xE3, 0xE0, 0x1F, 0x1F, 0x00, 0xF8, 0xF8, 0x07, 0xC7,
    0xC0, 0x3E, 0x3E, 0x03, 0xE0, 0xF8, 0x1F, 0x07, 0xF3, 0xF8, 0x1F, 0xFF, 0x80, 0x7F, 0xF8, 0x01,
    0xFF, 0x80, 0x01, 0xE0, 0x00, 0x1C, 0x00, 0x1F, 0x00, 0x07, 0xC0, 0x00, 0xF0, 0x00, 0x3C, 0x78,
    0x00, 0x7C, 0x7F, 0x3E, 0x7F, 0xFE, 0x7F, 0xFF, 0x7F, 0xFE, 0x3E, 0x1E, 0x1F, 0x0F, 0x8F, 0x07,
    0xC7, 0x83, 0xE3, 0xE1, 0xF1, 0xF0, 0xF8, 0xF8, 0xF8, 0x3F, 0xFC, 0x0F, 0xFC, 0x03, 0xFC, 0x00,
    0x70, 0x00, 0x03, 0xE0, 0x00, 0x1F, 0x80, 0x00, 0xFC, 0x00, 0x01, 0xE0, 0x00, 0x1F, 0x00, 0x00,
    0xE0, 0x00, 0x03, 0x03, 0xE1, 0xFF, 0x9E, 0x1F, 0xFE, 0xF1, 0xFF, 0xFF, 0x9F, 0xCF, 0xF8, 0xF8,
    0x1F, 0x8F, 0x80, 0xF8, 0x7C, 0x03, 0xE3, 0xE0, 0x1F, 0x1F, 0x00, 0xF8, 0xF8, 0x07, 0xC7, 0xC0,
    0x3E, 0x3E, 0x01, 0xF1, 0xF0, 0x1F, 0x07, 0xC0, 0xF8, 0x3F, 0x9F, 0xC0, 0xFF, 0xFC, 0x03, 0xFF,
    0xC0, 0x0F, 0xFC, 0x00, 0x0F, 0x00, 0x00, 0x0F, 0x80, 0x07, 0xE0, 0x03, 0xF0, 0x00, 0x78, 0x00,
    0x7C, 0x00, 0x38, 0x3C, 0x08, 0x3E, 0x3F, 0x9F, 0x3F, 0xFF, 0x3F, 0xFF, 0xBF, 0xFF, 0x1F, 0x0F,
    0x0F, 0x87, 0xC7, 0x83, 0xE3, 0xC1, 0xF1, 0xF0, 0xF8, 0xF8, 0x7C, 0x7C, 0x7C, 0x1F, 0xFE, 0x07,
    0xFE, 0x01, 0xFE, 0x00, 0x38, 0x00, 0x07, 0xCC, 0x00, 0x7F, 0xE0, 0x03, 0xFF, 0x00, 0x18, 0xF0,
    0x00, 0x00, 0x0F, 0x87, 0xFE, 0x78, 0x7F, 0xFB, 0xC7, 0xFF, 0xFE, 0x7F, 0x3F, 0xE3, 0xE0, 0x7E,
    0x3E, 0x03, 0xE1, 0xF0, 0x0F, 0x8F, 0x80, 0x7C, 0x7C, 0x03, 0xE3, 0xE0, 0x1F, 0x1F, 0x00, 0xF8,
    0xF8, 0x07, 0xC7, 0xC0, 0x7C, 0x1F, 0x03, 0xE0, 0xFE, 0x7F, 0x03, 0xFF, 0xF0, 0x0F, 0xFF, 0x00,
    0x3F, 0xF0, 0x00, 0x3C, 0x00, 0x1E, 0x30, 0x1F, 0xF8, 0x0F, 0xFC, 0x06, 0x3C, 0xF0, 0x00, 0xF8,
    0xFE, 0x7C, 0xFF, 0xFC, 0xFF, 0xFE, 0xFF, 0xFC, 0x7C, 0x3C, 0x3E, 0x1F, 0x1E, 0x0F, 0x8F, 0x07,
    0xC7, 0xC3, 0xE3, 0xE1, 0xF1, 0xF1, 0xF0, 0x7F, 0xF8, 0x1F, 0xF8, 0x07, 0xF8, 0x00, 0xE0, 0x00,
    0x00, 0x00, 0xF8, 0x7F, 0xE7, 0x87, 0xFF, 0xBC, 0x7F, 0xFF, 0xE7, 0xF3, 0xFE, 0x3E, 0x07, 0xE3,
    0xE0, 0x3E, 0x1F, 0x00, 0xF8, 0xF8, 0x07, 0xC7, 0xC0, 0x3E, 0x3E, 0x01, 0xF1, 0xF0, 0x0F, 0x8F,
    0x80, 0x7C, 0x7C, 0x07, 0xC1, 0xF0, 0x3E, 0x0F, 0xE7, 0xF0, 0x3F, 0xFF, 0x00, 0xFF, 0xF0, 0x03,
    0xFF, 0x00, 0x03, 0xC0, 0x00, 0x0C, 0x00, 0x00, 0xF0, 0x00, 0x0F, 0x80, 0x00, 0x3C, 0x00, 0x00,
    0xC0, 0x00, 0x00, 0x07, 0x80, 0x07, 0xC7, 0xF3, 0xE7, 0xFF, 0xE7, 0xFF, 0xF7, 0xFF, 0xE3, 0xE1,
    0xE1, 0xF0, 0xF8, 0xF0, 0x7C, 0x78, 0x3E, 0x3E, 0x1F, 0x1F, 0x0F, 0x8F, 0x8F, 0x83, 0xFF, 0xC0,
    0xFF, 0xC0, 0x3F, 0xC0, 0x07, 0x00, 0x01, 0x80, 0x01, 0xE0, 0x01, 0xF0, 0x00, 0x78, 0x00, 0x18,
    0x00, 0xF0, 0x1F, 0xE0, 0x3F, 0xC0, 0x7F, 0x80, 0xFF, 0x01, 0xFE, 0x03, 0xFC, 0x07, 0xF8, 0x0F,
    0xF0, 0x1F, 0xE0, 0x3F, 0xC0, 0x7F, 0x80, 0xFF, 0x03, 0xFF, 0x07, 0xFF, 0x1F, 0xBF, 0xFE, 0x3F,
    0xF8, 0x3F, 0xE0, 0x0E, 0x00, 0x18, 0x00, 0xF8, 0x01, 0xF0, 0x01, 0xE0, 0x01, 0x80, 0xF8, 0x7F,
    0xE1, 0xFF, 0x87, 0xFE, 0x1F, 0xF8, 0x7F, 0xE1, 0xFF, 0x87, 0xFE, 0x1F, 0xF8, 0x7F, 0xE1, 0xFF,
    0xCF, 0xDF, 0xFF, 0x7F, 0xFC, 0xFE, 0xF0, 0xE0, 0x00, 0xC0, 0x07, 0x80, 0x3E, 0x00, 0x78, 0x00,
    0xC0, 0x0F, 0x80, 0x1F, 0x80, 0x3F, 0x00, 0x1E, 0x00, 0x7C, 0x00, 0xE0, 0x00, 0x00, 0x78, 0x0F,
    0xF0, 0x1F, 0xE0, 0x3F, 0xC0, 0x7F, 0x80, 0xFF, 0x01, 0xFE, 0x03, 0xFC, 0x07, 0xF8, 0x0F, 0xF0,
    0x1F, 0xE0, 0x3F, 0xC0, 0x7F, 0x81, 0xFF, 0x83, 0xFF, 0x8F, 0xDF, 0xFF, 0x1F, 0xFC, 0x1F, 0xF0,
    0x07, 0x00, 0x0F, 0x80, 0x3F, 0x00, 0xFC, 0x00, 0x70, 0x07, 0xC0, 0x1E, 0x00, 0x20, 0x3E, 0x1F,
    0xF8, 0x7F, 0xE1, 0xFF, 0x87, 0xFE, 0x1F, 0xF8, 0x7F, 0xE1, 0xFF, 0x87, 0xFE, 0x1F, 0xF8, 0x7F,
    0xF3, 0xF7, 0xFF, 0xDF, 0xFF, 0x3F, 0xBC, 0x38, 0x00, 0x00, 0xF0, 0x00, 0x0F, 0x80, 0x00, 0xF8,
    0x00, 0x07, 0x80, 0x00, 0x78, 0x00, 0x00, 0x00, 0x7F, 0xC0, 0x7B, 0xDE, 0x03, 0xFE, 0xF0, 0x1F,
    0xF7, 0x80, 0xFF, 0x3C, 0x07, 0xE1, 0xE0, 0x3C, 0x0F, 0x01, 0xE0, 0x78, 0x0F, 0x03, 0xC0, 0x78,
    0x1E, 0x03, 0xC0, 0xF0, 0x1E, 0x07, 0x80, 0xF0, 0x3C, 0x07, 0x81, 0xF0, 0x7C, 0x0F, 0xC7, 0xE0,
    0x3F, 0xFE, 0x00, 0xFF, 0xE0, 0x03, 0xFE, 0x00, 0x03, 0x80, 0x00, 0x00, 0xF0, 0x00, 0x3E, 0x00,
    0x0F, 0x80, 0x03, 0xE0, 0x00, 0x78, 0x1E, 0x00, 0x07, 0xFE, 0x1F, 0xFF, 0xC3, 0xFE, 0xF8, 0x7F,
    0xDF, 0x0F, 0xE3, 0xE1, 0xF0, 0x7C, 0x3E, 0x0F, 0x87, 0xC1, 0xF0, 0xF8, 0x3E, 0x1F, 0x07, 0xC3,
    0xE0, 0xFC, 0xFC, 0x0F, 0xFF, 0x81, 0xFF, 0xF0, 0x1F, 0xDE, 0x00, 0xE0, 0x00, 0x1E, 0x00, 0x00,
    0xF8, 0x00, 0x03, 0xE0, 0x00, 0x0F, 0x00, 0x00, 0x3C, 0x00, 0x00, 0x00, 0x7F, 0xC0, 0x7B, 0xDE,
    0x03, 0xFE, 0xF0, 0x1F, 0xF7, 0x80, 0xFF, 0x3C, 0x07, 0xE1, 0xE0, 0x3C, 0x0F, 0x01, 0xE0, 0x78,
    0x0F, 0x03, 0xC0, 0x78, 0x1E, 0x03, 0xC0, 0xF0, 0x1E, 0x07, 0x80, 0xF0, 0x3C, 0x07, 0x81, 0xF0,
    0x7C, 0x0F, 0xC7, 0xE0, 0x3F, 0xFE, 0x00, 0xFF, 0xE0, 0x03, 0xFE, 0x00, 0x03, 0x80, 0x00, 0x1E,
    0x00, 0x03, 0xE0, 0x00, 0x3C, 0x00, 0x03, 0xC0, 0x00, 0x3C, 0x1E, 0x00, 0x07, 0xFE, 0x1F, 0xFF,
    0xC3, 0xFE, 0xF8, 0x7F, 0xDF, 0x0F, 0xE3, 0xE1, 0xF0, 0x7C, 0x3E, 0x0F, 0x87, 0xC1, 0xF0, 0xF8,
    0x3E, 0x1F, 0x07, 0xC3, 0xE0, 0xFC, 0xFC, 0x0F, 0xFF, 0x81, 0xFF, 0xF0, 0x1F, 0xDE, 0x00, 0xE0,
    0x00, 0x0F, 0x80, 0x00, 0x7E, 0x00, 0x03, 0xF0, 0x00, 0x07, 0x80, 0x00, 0x7C, 0x00, 0x03, 0x80,
    0x00, 0x00, 0x03, 0xFE, 0x03, 0xDE, 0xF0, 0x1F, 0xF7, 0x80, 0xFF, 0xBC, 0x07, 0xF9, 0xE0, 0x3F,
    0x0F, 0x01, 0xE0, 0x78, 0x0F, 0x03, 0xC0, 0x78, 0x1E, 0x03, 0xC0, 0xF0, 0x1E, 0x07, 0x80, 0xF0,
    0x3C, 0x07, 0x81, 0xE0, 0x3C, 0x0F, 0x83, 0xE0, 0x7E, 0x3F, 0x01, 0xFF, 0xF0, 0x07, 0xFF, 0x00,
    0x1F, 0xF0, 0x00, 0x1C, 0x00, 0x00, 0x0F, 0x80, 0x01, 0xF8, 0x00, 0x3F, 0x80, 0x00, 0xF0, 0x00,
    0x7C, 0x00, 0x0F, 0x03, 0xC0, 0xC0, 0xFF, 0xC3, 0xFF, 0xF8, 0x7F, 0xDF, 0x0F, 0xFB, 0xE1, 0xFC,
    0x7C, 0x3E, 0x0F, 0x87, 0xC1, 0xF0, 0xF8, 0x3E, 0x1F, 0x07, 0xC3, 0xE0, 0xF8, 0x7C, 0x1F, 0x9F,
    0x81, 0xFF, 0xF0, 0x3F, 0xFE, 0x03, 0xFB, 0xC0, 0x1C, 0x00, 0x00, 0x0F, 0x38, 0x00, 0xFF, 0xC0,
    0x0F, 0xFC, 0x00, 0x73, 0xC0, 0x00, 0x00, 0x0F, 0xF8, 0x0F, 0x7B, 0xC0, 0x7F, 0xDE, 0x03, 0xFE,
    0xF0, 0x1F, 0xE7, 0x80, 0xFC, 0x3C, 0x07, 0x81, 0xE0, 0x3C, 0x0F, 0x01, 0xE0, 0x78, 0x0F, 0x03,
    0xC0, 0x78, 0x1E, 0x03, 0xC0, 0xF0, 0x1E, 0x07, 0x80, 0xF0, 0x3E, 0x0F, 0x81, 0xF8, 0xFC, 0x07,
    0xFF, 0xC0, 0x1F, 0xFC, 0x00, 0x7F, 0xC0, 0x00, 0x70, 0x00, 0x1F, 0x38, 0x07, 0xFE, 0x00, 0xFF,
    0xC0, 0x1C, 0xF0, 0xF0, 0x00, 0x3F, 0xF0, 0xFF, 0xFE, 0x1F, 0xF7, 0xC3, 0xFE, 0xF8, 0x7F, 0x1F,
    0x0F, 0x83, 0xE1, 0xF0, 0x7C, 0x3E, 0x0F, 0x87, 0xC1, 0xF0, 0xF8, 0x3E, 0x1F, 0x07, 0xE7, 0xE0,
    0x7F, 0xFC, 0x0F, 0xFF, 0x80, 0xFE, 0xF0, 0x07, 0x00, 0x00, 0x00, 0x00, 0xFF, 0x80, 0xF7, 0xBC,
    0x07, 0xFD, 0xE0, 0x3F, 0xEF, 0x01, 0xFE, 0x78, 0x0F, 0xC3, 0xC0, 0x78, 0x1E, 0x03, 0xC0, 0xF0,
    0x1E, 0x07, 0x80, 0xF0, 0x3C, 0x07, 0x81, 0xE0, 0x3C, 0x0F, 0x01, 0xE0, 0x78, 0x0F, 0x03, 0xE0,
    0xF8, 0x1F, 0x8F, 0xC0, 0x7F, 0xFC, 0x01, 0xFF, 0xC0, 0x07, 0xFC, 0x00, 0x07, 0x00, 0x00, 0x70,
    0x00, 0x07, 0xC0, 0x00, 0x3E, 0x00, 0x00, 0xF0, 0x00, 0x03, 0x00, 0x00, 0x00, 0x01, 0xE0, 0x00,
    0x7F, 0xE1, 0xFF, 0xFC, 0x3F, 0xEF, 0x87, 0xFD, 0xF0, 0xFE, 0x3E, 0x1F, 0x07, 0xC3, 0xE0, 0xF8,
    0x7C, 0x1F, 0x0F, 0x83, 0xE1, 0xF0, 0x7C, 0x3E, 0x0F, 0xCF, 0xC0, 0xFF, 0xF8, 0x1F, 0xFF, 0x01,
    0xFD, 0xE0, 0x0E, 0x00, 0x00, 0x60, 0x00, 0x1E, 0x00, 0x07, 0xC0, 0x00, 0x78, 0x00, 0x06, 0x00,
    0x00, 0x03, 0x00, 0x03, 0xC0, 0x01, 0xF0, 0x00, 0x7C, 0x00, 0x1E, 0x00, 0x06, 0x00, 0x00, 0x01,
    0xF0, 0x3F, 0x7C, 0x1F, 0x3E, 0x1F, 0x0F, 0x8F, 0x87, 0xCF, 0x81, 0xF7, 0xC0, 0xFF, 0xC0, 0x3F,
    0xE0, 0x0F, 0xE0, 0x07, 0xE0, 0x01, 0xF0, 0x00, 0xF8, 0x00, 0x7C, 0x00, 0x3E, 0x00, 0x1F, 0x00,
    0x0F, 0x80, 0x07, 0xC0, 0x0C, 0x00, 0x78, 0x01, 0xF0, 0x03, 0xE0, 0x07, 0x80, 0x0C, 0x00, 0x00,
    0x3E, 0x1F, 0xF8, 0x79, 0xE1, 0xE7, 0xCF, 0x9F, 0x3C, 0x3C, 0xF0, 0xFF, 0xC3, 0xFE, 0x07, 0xF8,
    0x1F, 0xE0, 0x3F, 0x00, 0xFC, 0x01, 0xE0, 0x0F, 0x81, 0x7C, 0x0F, 0xF0, 0x3F, 0x80, 0xFC, 0x00,
    0xF8, 0x1F, 0xF8, 0x3E, 0x7C, 0x3E, 0x7C, 0x7C, 0x3E, 0x7C, 0x3E, 0xF8, 0x1F, 0xF8, 0x0F, 0xF0,
    0x0F, 0xF0, 0x07, 0xE0, 0x07, 0xC0, 0x03, 0xC0, 0x03, 0xC0, 0x03, 0xC0, 0x03, 0xC0, 0x03, 0xC0,
    0x03, 0xC0, 0x03, 0xC0, 0x00, 0x00, 0x01, 0x80, 0x03, 0xC0, 0x07, 0xC0, 0x03, 0xC0, 0x01, 0x80,
    0xF0, 0x3D, 0xF0, 0x7B, 0xE1, 0xF3, 0xC3, 0xC7, 0xC7, 0x87, 0x9F, 0x0F, 0x3C, 0x1F, 0x78, 0x1F,
    0xF0, 0x3F, 0xC0, 0x3F, 0x80, 0x7E, 0x00, 0xFC, 0x00, 0xF8, 0x01, 0xE0, 0x07, 0xDC, 0x1F, 0xFD,
    0xFE, 0xFB, 0xF9, 0xF3, 0xE0, 0xC0, 0x07, 0xC0, 0x07, 0xE0, 0x07, 0xE0, 0x01, 0xE0, 0x03, 0xE0,
    0x03, 0x80, 0x00, 0x00, 0xF8, 0x1F, 0xF8, 0x3E, 0x7C, 0x3E, 0x7C, 0x7C, 0x3E, 0x7C, 0x3E, 0xF8,
    0x1F, 0xF8, 0x0F, 0xF0, 0x0F, 0xF0, 0x07, 0xE0, 0x07, 0xC0, 0x03, 0xC0, 0x03, 0xC0, 0x03, 0xC0,
    0x03, 0xC0, 0x03, 0xC0, 0x03, 0xC0, 0x03, 0xC0, 0x0F, 0x80, 0x1F, 0x80, 0x3F, 0x80, 0x0E, 0x00,
    0x7C, 0x00, 0xF0, 0x00, 0xC0, 0x78, 0x1E, 0xF8, 0x3D, 0xF0, 0xF9, 0xE1, 0xE3, 0xE3, 0xC3, 0xCF,
    0x87, 0x9E, 0x0F, 0xBC, 0x0F, 0xF8, 0x1F, 0xE0, 0x1F, 0xC0, 0x3F, 0x00, 0x7E, 0x00, 0x7C, 0x00,
    0xF0, 0x03, 0xE0, 0x0F, 0xC0, 0xFF, 0x01, 0xFC, 0x01, 0xF0, 0x00, 0x0F, 0x18, 0x1F, 0xF8, 0x1F,
    0xF8, 0x18, 0xF0, 0x00, 0x00, 0xF8, 0x1F, 0xF8, 0x3E, 0x7C, 0x3E, 0x7C, 0x7C, 0x3E, 0x7C, 0x3E,
    0xF8, 0x1F, 0xF8, 0x0F, 0xF0, 0x0F, 0xF0, 0x07, 0xE0, 0x07, 0xC0, 0x03, 0xC0, 0x03, 0xC0, 0x03,
    0xC0, 0x03, 0xC0, 0x03, 0xC0, 0x03, 0xC0, 0x03, 0xC0, 0x1F, 0x38, 0x7F, 0xE0, 0xFF, 0xC1, 0xCF,
    0x00, 0x00, 0x1E, 0x07, 0xBE, 0x0F, 0x7C, 0x3E, 0x78, 0x78, 0xF8, 0xF0, 0xF3, 0xE1, 0xE7, 0x83,
    0xEF, 0x03, 0xFE, 0x07, 0xF8, 0x07, 0xF0, 0x0F, 0xC0, 0x1F, 0x80, 0x1F, 0x00, 0x3C, 0x00, 0xF8,
    0x03, 0xF0, 0x3F, 0xC0, 0x7F, 0x00, 0x7C, 0x00, 0x00, 0x30, 0x77, 0xED, 0xDB, 0x30, 0x60, 0xC1,
    0x83, 0x06, 0x0C, 0x18, 0x30, 0x60, 0xC1, 0x83, 0x06, 0x0C, 0x18, 0x00, 0x00, 0x61, 0xC3, 0xF7,
    0x66, 0xC1, 0x83, 0x06, 0x0C, 0x18, 0x30, 0x60, 0xC1, 0x83, 0x06, 0x0C, 0x18, 0x30, 0x60, 0xC0,
    0x7E, 0xFF, 0xFF, 0xFF, 0x7E, 0xFF, 0xFF, 0xFF, 0xFF, 0xF7, 0xFF, 0xFF, 0xFF, 0xFF, 0xF0, 0xFF,
    0xFF, 0xFF, 0xFF, 0xFE, 0xFF, 0xFF, 0xFF, 0xFF, 0xFF, 0xFF, 0xFF, 0xFF, 0xFF, 0xE0, 0xFF, 0xFF,
    0xFF, 0xFF, 0xFF, 0xFF, 0xFF, 0xFF, 0xFF, 0xE0, 0xE3, 0xF8, 0xFE, 0x3F, 0x8F, 0xE3, 0xF8, 0xFE,
    0x3F, 0x8F, 0xE3, 0xF8, 0xFE, 0x3F, 0x8F, 0xE3, 0xF8, 0xFE, 0x3F, 0x8F, 0xE3, 0xF8, 0xFE, 0x3F,
    0x8F, 0xE3, 0xF8, 0xFE, 0x3F, 0x8F, 0xE3, 0xC0, 0x7F, 0xF7, 0xFF, 0x7F, 0xE0, 0x00, 0x7F, 0xF7,
    0xFF, 0x7B, 0xFD, 0xEF, 0x7B, 0xC0, 0x79, 0xE7, 0x9E, 0x7B, 0xCF, 0x00, 0x79, 0xE7, 0x9E, 0x7B,
    0xCF, 0x00, 0xF3, 0xE7, 0x9E, 0x78, 0xE3, 0x80, 0x79, 0xDE, 0xFF, 0x3F, 0xDE, 0xF7, 0xBD, 0xEF,
    0x78, 0x7B, 0xEF, 0x7D, 0xEF, 0xBD, 0xE7, 0xBD, 0xE7, 0xBC, 0xE0, 0x7B, 0xEF, 0x7D, 0xEF, 0xBD,
    0xE7, 0xBD, 0xE7, 0xBC, 0xE0, 0xF3, 0xDF, 0x79, 0xEF, 0x3C, 0xF7, 0x9E, 0x73, 0xCE, 0x38, 0x0F,
    0x00, 0xF0, 0x0F, 0x00, 0xF0, 0x0F, 0x0F, 0xFF, 0xFF, 0xFF, 0xFF, 0x0F, 0x00, 0xF0, 0x0F, 0x00,
    0xF0, 0x0F, 0x00, 0xF0, 0x0F, 0x00, 0xF0, 0x0F, 0x00, 0xF0, 0x0F, 0x00, 0x70, 0x07, 0x00, 0x0F,
    0x00, 0xF0, 0x0F, 0x00, 0xF0, 0x0F, 0x0F, 0xFF, 0xFF, 0xFF, 0xFF, 0x0F, 0x00, 0xF0, 0x0F, 0x00,
    0xF0, 0xFF, 0xFF, 0xFF, 0xFF, 0xF0, 0xF0, 0x0F, 0x00, 0xF0, 0x0F, 0x00, 0x70, 0x07, 0x00, 0x3E,
    0x3F, 0x9F, 0xCF, 0xE7, 0xF3, 0xF8, 0xF8, 0xC0, 0x78, 0x3E, 0x1F, 0xCF, 0xF7, 0xF3, 0xF1, 0xE0,
    0xC0, 0x00, 0x00, 0xF7, 0xFF, 0xE6, 0x00, 0x70, 0xF7, 0xCF, 0xBE, 0x7D, 0xF1, 0xE3, 0x06, 0x00,
    0x78, 0x38, 0x3D, 0xF0, 0xF8, 0x7F, 0xE1, 0xF0, 0xFF, 0xC3, 0xE1, 0xF7, 0x83, 0x83, 0xC0, 0x77,
    0xFF, 0xF3, 0x00, 0x01, 0xFF, 0x06, 0x0C, 0x18, 0x30, 0x60, 0xC1, 0x83, 0x06, 0x0C, 0x18, 0x30,
    0x60, 0xC1, 0x83, 0x06, 0x00, 0x01, 0xFC, 0x18, 0x30, 0x60, 0xC1, 0x83, 0x06, 0x0C, 0x18, 0x30,
    0x60, 0xC1, 0x83, 0x06, 0x0C, 0x18, 0x30, 0xFF, 0xFF, 0xFF, 0xFF, 0xF3, 0x0C, 0x30, 0xC3, 0x0C,
    0x30, 0xC3, 0x0C, 0x30, 0xC3, 0x0C, 0x30, 0xC0, 0xFF, 0xF8, 0x20, 0x83, 0xF3, 0x0C, 0x30, 0xC3,
    0x0C, 0x30, 0xC3, 0x0C, 0x30, 0xC3, 0x0C, 0x30, 0xC0, 0xFF, 0xF0, 0x41, 0x07, 0xF3, 0x0C, 0x30,
    0xC3, 0x0C, 0x30, 0xC3, 0x0C, 0x30, 0xC3, 0x0C, 0x30, 0xC0, 0x3F, 0x03, 0xC0, 0x00, 0x3F, 0xC3,
    0xE0, 0x00, 0x1E, 0xF1, 0xE0, 0x00, 0x0E, 0x79, 0xE0, 0x00, 0x07, 0x1C, 0xF0, 0x00, 0x03, 0x9E,
    0xF0, 0x00, 0x01, 0xEF, 0xF8, 0x00, 0x00, 0xFF, 0x78, 0x00, 0x00, 0x3F, 0x7D, 0xF8, 0x7E, 0x00,
    0x3D, 0xFE, 0x7F, 0x80, 0x3D, 0xEF, 0x7B, 0xC0, 0x1E, 0xF3, 0xBC, 0xE0, 0x1E, 0x71, 0xDC, 0x70,
    0x1F, 0x3C, 0xEF, 0x38, 0x0F, 0x1E, 0xF7, 0xBC, 0x0F, 0x87, 0xF9, 0xFE, 0x07, 0x81, 0xF8, 0x7E,
    0x00, 0x00, 0x00, 0x00, 0x00, 0x00, 0x1F, 0x81, 0xE0, 0x00, 0x00, 0x1F, 0xE0, 0xE0, 0x00, 0x00,
    0x0F, 0xF0, 0xF0, 0x00, 0x00, 0x07, 0x38, 0x70, 0x00, 0x00, 0x07, 0x9E, 0x78, 0x00, 0x00, 0x03,
    0xCF, 0x78, 0x00, 0x00, 0x01, 0xE7, 0xBC, 0x00, 0x00, 0x00, 0x73, 0xBD, 0xF0, 0xFC, 0x3E, 0x3F,
    0xDD, 0xFC, 0x7F, 0x3F, 0x9F, 0xFE, 0xFF, 0x7F, 0x9F, 0xE7, 0xEE, 0xF7, 0xB9, 0xFE, 0xF0, 0x0F,
    0x79, 0xDC, 0xFF, 0x38, 0x07, 0x3C, 0xEE, 0x7F, 0x9C, 0x07, 0x9E, 0x77, 0x3F, 0xCE, 0x07, 0x8F,
    0x7B, 0x9F, 0xEF, 0x03, 0xC7, 0xFD, 0xFE, 0xFF, 0x83, 0xC1, 0xFC, 0xFF, 0x3F, 0x81, 0xE0, 0x7E,
    0x3F, 0x0F, 0xC0, 0x00, 0x0C, 0x06, 0x01, 0x80, 0x1E, 0x78, 0xF3, 0xC7, 0x1E, 0x38, 0x00, 0x1E,
    0xF1, 0xE7, 0x8F, 0x78, 0xF3, 0xC7, 0x3C, 0x79, 0xC3, 0x8E, 0x00, 0x1E, 0xF3, 0xCF, 0x3D, 0xE3,
    0xDE, 0x79, 0xE7, 0xBC, 0x73, 0xCE, 0x3C, 0xE7, 0x8E, 0x39, 0xC0, 0xF0, 0xF1, 0xE1, 0xE1, 0xC3,
    0xC3, 0x80, 0xF3, 0xC3, 0xDE, 0x1E, 0x78, 0x79, 0xC1, 0xCF, 0x0F, 0x38, 0x38, 0xE0, 0xF3, 0xDE,
    0x1E, 0xF3, 0xC7, 0x9E, 0xF0, 0xF3, 0x9E, 0x1C, 0xF3, 0x87, 0x9C, 0xF0, 0xE3, 0x9C, 0x00, 0x03,
    0x01, 0xE0, 0x78, 0x3F, 0x0F, 0xC7, 0x39, 0xCE, 0xE1, 0xC0, 0x00, 0x0E, 0x1F, 0x3E, 0x7C, 0x7C,
    0xF8, 0x7C, 0x7C, 0x3E, 0x1F, 0x0E, 0x08, 0x10, 0x78, 0x78, 0x7C, 0x3E, 0x3E, 0x1F, 0x3E, 0x3E,
    0x7C, 0x78, 0x78, 0x10, 0x00, 0x40, 0x04, 0x1E, 0x11, 0xC7, 0xC7, 0x3C, 0xF9, 0xF3, 0xCE, 0x7C,
    0x3C, 0x1F, 0x03, 0xC7, 0xC0, 0x3D, 0xF0, 0x73, 0xFD, 0xFE, 0x3F, 0x3F, 0xC7, 0xC7, 0xF9, 0xFC,
    0xF0, 0x7F, 0xC0, 0x1F, 0x3C, 0x07, 0xC3, 0xC1, 0xF3, 0x3C, 0x7C, 0xF3, 0xCF, 0x3E, 0x3C, 0xC3,
    0xC3, 0x00, 0x70, 0x00, 0xF9, 0xFF, 0x9F, 0xF9, 0xFF, 0x9F, 0xF9, 0xFF, 0x9F, 0xF9, 0xFF, 0x8F,
    0xF8, 0xF7, 0x8F, 0x70, 0xF7, 0x0F, 0x70, 0xE0, 0x00, 0x70, 0xFF, 0x9F, 0xF9, 0xFF, 0x9F, 0x30,
    0x60, 0x00, 0x07, 0xFC, 0xFF, 0xEF, 0xFE, 0x7F, 0xF1, 0xCF, 0x1D, 0xF1, 0xDE, 0x1F, 0xC1, 0xF8,
    0x1F, 0x01, 0xE0, 0x1E, 0x00, 0x00, 0x00, 0x01, 0xE0, 0x1F, 0x01, 0xF0, 0x1E, 0x00, 0xC0, 0x7F,
    0xFD, 0xFF, 0xF7, 0xFF, 0xC0, 0x40, 0x05, 0xC0, 0x0D, 0x80, 0x31, 0xC1, 0xE1, 0xFF, 0x81, 0xFC,
    0x00, 0x0F, 0xE0, 0x3F, 0xF0, 0xF0, 0xF3, 0x80, 0x6E, 0x00, 0x68, 0x00, 0x80, 0x00, 0x00, 0x18,
    0x07, 0x00, 0xC0, 0x38, 0x06, 0x01, 0xC0, 0x30, 0x0E, 0x01, 0x80, 0x78, 0x0F, 0x03, 0xF0, 0x76,
    0x1C, 0xE3, 0x9C, 0xE1, 0xC0, 0x00, 0x0F, 0x00, 0x00, 0x00, 0xF0, 0x00, 0x00, 0x0F, 0x00, 0x00,
    0x0E, 0xE7, 0x00, 0x00, 0xFF, 0xF0, 0x00, 0x0F, 0xFF, 0x00, 0x00, 0xFF, 0xF0, 0x00, 0x01, 0xF8,
    0x00, 0x00, 0x3F, 0xC0, 0x00, 0x07, 0xFC, 0x00, 0x00, 0x79, 0xE0, 0x00, 0xF1, 0x98, 0xF0, 0x0F,
    0x00, 0x0E, 0x00, 0xF0, 0x00, 0xE0, 0xE7, 0x30, 0xCE, 0x7F, 0xFF, 0x1F, 0xFF, 0xFF, 0xF1, 0xFF,
    0xFF, 0xFF, 0x1F, 0xFF, 0x1F, 0x80, 0x1F, 0x83, 0xFC, 0x03, 0xF8, 0x3F, 0xE0, 0x7B, 0xC7, 0x9E,
    0x07, 0xBC, 0x19, 0x80, 0x11, 0x80, 0xFF, 0xFF, 0xFF, 0xF0, 0x00, 0x78, 0x01, 0xE0, 0x0F, 0x80,
    0x3C, 0x01, 0xF0, 0x07, 0x80, 0x3C, 0x00, 0xF0, 0x07, 0x80, 0x1E, 0x00, 0xF0, 0x03, 0xC0, 0x1E,
    0x00, 0x78, 0x03, 0xC0, 0x0F, 0x00, 0x78, 0x01, 0xE0, 0x00, 0xFF, 0xFF, 0xFF, 0x8F, 0x1E, 0x3C,
    0x78, 0xF1, 0xFF, 0xFF, 0xFF, 0xFE, 0x3C, 0x78, 0xF1, 0xE3, 0xC7, 0xFF, 0xFF, 0xC0, 0xFF, 0xFF,
    0xF8, 0xF1, 0xE3, 0xC7, 0x8F, 0x1E, 0xFF, 0xFF, 0xFF, 0xE3, 0xC7, 0x8F, 0x1E, 0x3C, 0x7F, 0xFF,
    0xFF, 0xC0, 0x00, 0x00, 0x00, 0x7F, 0xC7, 0xFC, 0xFF, 0xEF, 0xFE, 0xFF, 0xEF, 0xFE, 0x71, 0xF7,
    0x3F, 0x01, 0xF0, 0x1F, 0x01, 0xF0, 0x1E, 0x03, 0xE0, 0x3E, 0x07, 0xE0, 0x7C, 0x0F, 0xC0, 0xF8,
    0x1F, 0x01, 0xF0, 0x1E, 0x01, 0xE0, 0x1E, 0x01, 0xE0, 0x0C, 0x01, 0xC0, 0x00, 0x00, 0x00, 0x1E,
    0x01, 0xE0, 0x1F, 0x01, 0xE0, 0x1F, 0x03, 0xE0, 0x1E, 0x01, 0xE0, 0x0C, 0x00, 0xC0, 0x00, 0x00,
    0x1F, 0xF1, 0xFF, 0xFE, 0x7F, 0xFF, 0x9F, 0x71, 0xF7, 0xC0, 0x7D, 0xF0, 0x1F, 0x7C, 0x0F, 0x9F,
    0x07, 0xE7, 0xC3, 0xF1, 0xF1, 0xF0, 0x78, 0x78, 0x1E, 0x1E, 0x03, 0x83, 0x00, 0xE0, 0x00, 0x00,
    0x78, 0x0E, 0x1F, 0x07, 0xC7, 0xC1, 0xF1, 0xE0, 0x7C, 0x30, 0x0C, 0x00, 0x00, 0x3E, 0x7F, 0xCF,
    0xBF, 0xFB, 0xEF, 0xFF, 0xF9, 0xC7, 0xFE, 0x00, 0xFF, 0x80, 0x7F, 0xE0, 0x1E, 0xF8, 0x1F, 0xBE,
    0x0F, 0xC7, 0x83, 0xE1, 0xC1, 0xE0, 0x70, 0x78, 0x1C, 0x0E, 0x00, 0x00, 0x01, 0xC1, 0xE0, 0xF8,
    0x7C, 0x3E, 0x1F, 0x0F, 0x87, 0xC0, 0xC0, 0xC0, 0xFF, 0xFF, 0xFF, 0xFF, 0xFC, 0x01, 0xE0, 0x1E,
    0x00, 0xF0, 0x0F, 0x00, 0xF8, 0x07, 0x80, 0x78, 0x03, 0xC0, 0x3C, 0x03, 0xE0, 0x1E, 0x00, 0x7F,
    0xF1, 0xFF, 0xE7, 0xFF, 0x99, 0xFF, 0x67, 0xFD, 0x9F, 0xF6, 0x7F, 0xD9, 0xFF, 0x67, 0xFD, 0x9F,
    0xF6, 0x7F, 0x99, 0xFC, 0x67, 0xE1, 0x98, 0x06, 0x60, 0x19, 0x80, 0x66, 0x01, 0x98, 0x06, 0x60,
    0x19, 0x80, 0x66, 0x01, 0x98, 0x06, 0x60, 0x00, 0x1F, 0xFC, 0xFF, 0xF7, 0xFF, 0xFF, 0xF7, 0xFF,
    0xDF, 0xFF, 0x7F, 0xFD, 0xFF, 0xF7, 0xFF, 0xDF, 0xFF, 0x77, 0xFF, 0xDF, 0xFF, 0x1F, 0xFC, 0xFF,
    0xC3, 0xFF, 0xCF, 0xFF, 0xBB, 0xFE, 0xEF, 0xFB, 0xBF, 0xEE, 0xFF, 0xBB, 0xFE, 0xEF, 0xFB, 0xBF,
    0xEF, 0xFF, 0xBF, 0xFC, 0xFF, 0xE0, 0x07, 0x80, 0x3C, 0x01, 0xC0, 0xCE, 0x77, 0xFF, 0xFF, 0xFD,
    0xFF, 0xE1, 0xF8, 0x1F, 0xE1, 0xEF, 0x0F, 0x38, 0x19, 0x80, 0x7B, 0xEF, 0xBE, 0x20, 0x00, 0x00,
    0x00, 0x00, 0x3E, 0xF9, 0xE7, 0x8E, 0x3C, 0x60, 0x0F, 0xE0, 0x3F, 0xF0, 0xF0, 0xF3, 0x80, 0x6E,
    0x00, 0x68, 0x00, 0x80, 0x00, 0x00, 0x00, 0x00, 0x00, 0x00, 0x00, 0x00, 0x00, 0x00, 0x00, 0x00,
    0x00, 0x00, 0x00, 0x00, 0x00, 0x00, 0x00, 0x00, 0x00, 0x00, 0x00, 0x00, 0x00, 0x04, 0x00, 0x5C,
    0x00, 0xD8, 0x03, 0x1C, 0x1E, 0x1F, 0xF8, 0x1F, 0xC0, 0x07, 0x80, 0x3C, 0x01, 0xC0, 0xCE, 0x77,
    0xFF, 0xFF, 0xFD, 0xFF, 0xE1, 0xF8, 0x1F, 0xE1, 0xEF, 0x0F, 0x38, 0x19, 0x80, 0x00, 0x03, 0xC0,
    0x1E, 0x00, 0xE0, 0x67, 0x3B, 0xFF, 0xFF, 0xFE, 0xFF, 0xF0, 0xFC, 0x0F, 0xF0, 0xF7, 0x87, 0x9C,
    0x0C, 0xC0, 0x00, 0x1E, 0x3F, 0xE7, 0x7D, 0xEF, 0x38, 0x0F, 0x01, 0xE0, 0x78, 0x0F, 0x01, 0xC0,
    0x78, 0x0F, 0x03, 0xC0, 0x78, 0x0E, 0x03, 0xCE, 0x73, 0xFE, 0x7F, 0xCF, 0x80, 0xC0, 0x0F, 0x00,
    0x02, 0x3F, 0xFC, 0x0E, 0x7F, 0xFF, 0xFE, 0xFF, 0xFF, 0xFC, 0xC0, 0x0F, 0xF8, 0x07, 0xC0, 0x3F,
    0xE0, 0xFF, 0xE3, 0x80, 0xEE, 0x00, 0xF8, 0x00, 0xC0, 0x03, 0x00, 0x4C, 0x83, 0xB7, 0x0F, 0xFC,
    0x1F, 0xE1, 0xFF, 0xEF, 0xFF, 0xFF, 0xFF, 0x1F, 0xE0, 0xFF, 0xC3, 0xB7, 0x0C, 0xCC, 0x03, 0x00,
    0x00, 0x60, 0x07, 0x80, 0x7C, 0x01, 0xE0, 0x0E, 0x00, 0x00, 0x00, 0x00, 0x00, 0x70, 0x07, 0xC0,
    0x3E, 0x01, 0xF0, 0x00, 0x00, 0x00, 0x00, 0x00, 0x00, 0x0C, 0x00, 0xF0, 0x0F, 0x80, 0x3C, 0x01,
    0xE0, 0x1E, 0xF7, 0x9E, 0x79, 0xEF, 0x78, 0xF7, 0xBC, 0xE3, 0xCE, 0x7B, 0xC7, 0x3D, 0xE7, 0x1E,
    0x73, 0x9C, 0x39, 0xC7, 0x38, 0x00, 0x00, 0x60, 0x00, 0x0F, 0x00, 0x01, 0xF0, 0x00, 0x0F, 0x00,
    0x00, 0xE0, 0x00, 0x00, 0x00, 0x00, 0x00, 0x00, 0x00, 0x00, 0x70, 0x01, 0xEF, 0x80, 0x1F, 0xF8,
    0x01, 0xFF, 0x80, 0x1E, 0x00, 0x00, 0x00, 0x00, 0x00, 0x00, 0x00, 0x00, 0x06, 0x00, 0x00, 0xF0,
    0x00, 0x1F, 0x00, 0x00, 0xF0, 0x00, 0x0F, 0x00, 0x70, 0x00, 0xCF, 0x80, 0x1F, 0xF8, 0x01, 0xFF,
    0x80, 0x1F, 0x70, 0x00, 0xE0, 0x00, 0x00, 0x00, 0x00, 0x00, 0x00, 0x00, 0x00, 0xF0, 0x00, 0x1F,
    0x00, 0x01, 0xF0, 0x00, 0x0F, 0x00, 0x00, 0x00, 0x00, 0x00, 0x00, 0x00, 0x00, 0x03, 0x00, 0x0C,
    0xF8, 0x01, 0xEF, 0x80, 0x1F, 0xF8, 0x01, 0xF7, 0x00, 0x0E, 0x27, 0xFF, 0xF7, 0x80, 0x00, 0x00,
    0x00, 0x00, 0x00, 0x0E, 0xFF, 0xFE, 0x40, 0x03, 0x80, 0x0F, 0x80, 0x1F, 0x00, 0x3E, 0x00, 0x38,
    0x00, 0x00, 0x00, 0x00, 0x00, 0x00, 0x70, 0x1F, 0xF0, 0x7F, 0xE0, 0xFF, 0xC0, 0xF7, 0x00, 0xC0,
    0x00, 0x00, 0x00, 0x00, 0x00, 0x03, 0xC0, 0x0F, 0x80, 0x1F, 0x00, 0x3E, 0x00, 0x18, 0x00, 0x00,
    0x70, 0x00, 0x43, 0x84, 0x0F, 0x9C, 0x78, 0x7C, 0xE7, 0xC3, 0xE7, 0x3E, 0x0F, 0x38, 0xF0, 0x01,
    0xC0, 0x00, 0x0E, 0x00, 0x7F, 0xFF, 0xFB, 0xFF, 0xFF, 0xDF, 0xFF, 0xFE, 0xFF, 0xFF, 0xF0, 0x07,
    0x00, 0x00, 0x38, 0x00, 0x71, 0xC7, 0x87, 0xCE, 0x7C, 0x3E, 0x73, 0xE1, 0xF3, 0x8F, 0x02, 0x1C,
    0x30, 0x00, 0xE0, 0x00, 0x7F, 0xFF, 0xF2, 0x00, 0x06, 0xFF, 0xFE, 0xF0, 0x00, 0x0E, 0xFF, 0xFE,
    0xE0, 0x77, 0xFF, 0xF7, 0x3B, 0xFF, 0xFB, 0x9D, 0xFF, 0xFD, 0xC6, 0xFF, 0xFE, 0xE0, 0xFF, 0xF3,
    0x0C, 0x33, 0xF3, 0x0C, 0x30, 0xC3, 0x0C, 0x30, 0xC3, 0x0C, 0x30, 0xC3, 0x0C, 0x30, 0xC0, 0xFF,
    0xF8, 0x61, 0x87, 0xF3, 0x0C, 0x30, 0xC3, 0x0C, 0x30, 0xC3, 0x0C, 0x30, 0xC3, 0x0C, 0x30, 0xC0,
    0xFF, 0xF7, 0x9E, 0x30, 0xC3, 0x0C, 0x30, 0xC3, 0x0C, 0x30, 0xC3, 0x0C, 0x30, 0xC3, 0x0C, 0x30,
    0xC0, 0x00, 0xC3, 0x1E, 0x7B, 0xF3, 0x0C, 0x30, 0xC3, 0x0C, 0x30, 0xC3, 0x0C, 0x30, 0xC3, 0x0C,
    0x30, 0xC0, 0x00, 0xC7, 0xB3, 0x78, 0xC3, 0x0C, 0x30, 0xC3, 0x0C, 0x30, 0xC3, 0x0C, 0x30, 0xC3,
    0x0C, 0x30, 0xC0, 0xE3, 0xC3, 0x0C, 0x33, 0xF3, 0x0C, 0x30, 0xC3, 0x0C, 0x30, 0xC3, 0x0C, 0x30,
    0xC3, 0x0C, 0x30, 0xC0, 0x3E, 0x3F, 0xBD, 0xFE, 0x7E, 0x3F, 0x1F, 0xCF, 0xEF, 0x7F, 0x1F, 0x00,
    0xFF, 0xFF, 0xFF, 0xFF, 0xF0, 0x0F, 0x0F, 0x87, 0xC7, 0xE7, 0x73, 0xBB, 0xFF, 0xFF, 0x07, 0x03,
    0x80, 0x7F, 0x3F, 0x9C, 0x0E, 0x07, 0xE3, 0xF8, 0x3C, 0x8E, 0x7F, 0x7F, 0x00, 0x0F, 0x1F, 0x9F,
    0x8F, 0x07, 0xF7, 0xFB, 0xDE, 0xEF, 0x7F, 0x1F, 0x00, 0xFF, 0xFF, 0xC3, 0xC1, 0xE1, 0xE0, 0xF0,
    0x70, 0x78, 0x3C, 0x1E, 0x00, 0x3F, 0x3F, 0xBD, 0xEE, 0xE7, 0xF3, 0xFB, 0xDF, 0xEF, 0xFF, 0xBF,
    0x80, 0x3E, 0x3F, 0xBD, 0xDE, 0xF7, 0xFB, 0xFC, 0x1C, 0x3E, 0x7E, 0x3E, 0x00, 0x1C, 0x0E, 0x07,
    0x0F, 0xE7, 0xF0, 0xE0, 0x70, 0x38, 0x7F, 0x3F, 0x80, 0x7F, 0x7F, 0x9F, 0xCF, 0xEF, 0xF3, 0xF8,
    0x39, 0xDC, 0xEF, 0x73, 0x9C, 0xE7, 0x1C, 0xE7, 0x1C, 0x60, 0xE7, 0x1C, 0xE3, 0x9C, 0xE7, 0x39,
    0xDC, 0xE7, 0x73, 0x00, 0xDE, 0x7F, 0xBF, 0xFC, 0x7E, 0x3F, 0x1F, 0x8F, 0xC7, 0xE3, 0x80, 0x3E,
    0x3F, 0xBD, 0xFE, 0x7E, 0x3F, 0x1F, 0xCF, 0xEF, 0x7F, 0x1F, 0x00, 0x1E, 0xFD, 0xFB, 0xF0, 0xE1,
    0xC3, 0x87, 0x0E, 0x1C, 0x7E, 0x7F, 0x9B, 0xC1, 0xE1, 0xF1, 0xF1, 0xF0, 0xF0, 0x7F, 0x7F, 0x80,
    0x7E, 0xFF, 0x6F, 0x0F, 0x3E, 0x3F, 0x0F, 0x47, 0xFF, 0xFE, 0x0F, 0x0F, 0x87, 0xC7, 0xE7, 0x73,
    0xBB, 0xFF, 0xFF, 0x07, 0x03, 0x80, 0x7F, 0x3F, 0x9C, 0x0E, 0x07, 0xE3, 0xF8, 0x3C, 0x8E, 0x7F,
    0x7F, 0x00, 0x0F, 0x1F, 0x9F, 0x8F, 0x07, 0xF7, 0xFB, 0xDE, 0xEF, 0x7F, 0x1F, 0x00, 0xFF, 0xFF,
    0xC3, 0xC1, 0xE1, 0xE0, 0xF0, 0x70, 0x78, 0x3C, 0x1E, 0x00, 0x3F, 0x3F, 0xBD, 0xEE, 0xE7, 0xF3,
    0xFB, 0xDF, 0xEF, 0xFF, 0xBF, 0x80, 0x3E, 0x3F, 0xBD, 0xDE, 0xF7, 0xFB, 0xFC, 0x1C, 0x3E, 0x7E,
    0x3E, 0x00, 0x1C, 0x0E, 0x07, 0x0F, 0xE7, 0xF0, 0xE0, 0x70, 0x38, 0x7F, 0x3F, 0x80, 0x7F, 0x7F,
    0x9F, 0xCF, 0xEF, 0xF3, 0xF8, 0x39, 0xDC, 0xEF, 0x73, 0x9C, 0xE7, 0x1C, 0xE7, 0x1C, 0x60, 0xE7,
    0x1C, 0xE3, 0x9C, 0xE7, 0x39, 0xDC, 0xE7, 0x73, 0x00, 0x3F, 0x1F, 0xC8, 0xE7, 0xF7, 0xFF, 0x9F,
    0xDE, 0xFF, 0x39, 0x80, 0x3F, 0x3F, 0xDC, 0xFF, 0xFF, 0xFB, 0x81, 0xFE, 0x7F, 0x1F, 0x00, 0x3F,
    0x1F, 0xE7, 0x3B, 0xCF, 0xF3, 0xDC, 0xF7, 0xF8, 0xFE, 0x1E, 0x00, 0xF3, 0x9D, 0xE7, 0xF0, 0xF8,
    0x3E, 0x0F, 0xC7, 0xF3, 0xCE, 0xE3, 0x80, 0x7E, 0x3F, 0xD0, 0xEF, 0xFF, 0xFF, 0xFD, 0xDE, 0xFE,
    0x1E, 0x00, 0xE0, 0x70, 0x38, 0x1F, 0xEF, 0xF7, 0xBF, 0x8F, 0xC7, 0xE3, 0xF1, 0xF8, 0xFC, 0x70,
    0xE0, 0x38, 0x0E, 0x03, 0x9E, 0xEF, 0x3F, 0x8F, 0xC3, 0xF0, 0xFE, 0x3B, 0xCE, 0x7B, 0x8E, 0xFF,
    0xFF, 0xFF, 0xFF, 0xF0, 0xFF, 0xFB, 0xFF, 0xFF, 0x79, 0xF9, 0xE7, 0xE7, 0x9F, 0x9E, 0x7E, 0x79,
    0xF9, 0xE7, 0xE3, 0x1C, 0xFF, 0x7F, 0xBD, 0xFC, 0x7E, 0x3F, 0x1F, 0x8F, 0xC7, 0xE3, 0x80, 0xFE,
    0x7F, 0xB9, 0xFC, 0x7E, 0x3F, 0x3F, 0xFD, 0xFE, 0xFE, 0x70, 0x38, 0x1C, 0x00, 0x7E, 0x7E, 0xF0,
    0x7C, 0x3E, 0x0F, 0xFF, 0xFE, 0x7C, 0x30, 0x63, 0xFF, 0xF7, 0x0E, 0x1C, 0x38, 0x7E, 0xFC, 0x78,
    0x00, 0x00, 0x7F, 0x03, 0xFC, 0x1F, 0xF0, 0x7C, 0xC3, 0xE0, 0x0F, 0x3F, 0xFC, 0xFF, 0xF3, 0xFF,
    0xEF, 0xF7, 0xBC, 0x1F, 0xFF, 0x3F, 0xFC, 0x7F, 0xF0, 0x3C, 0x00, 0xF0, 0x03, 0xFC, 0x0F, 0xF0,
    0x3F, 0xC0, 0x00, 0xDC, 0x01, 0xB8, 0x1F, 0xF8, 0xFF, 0xF3, 0xFF, 0xE7, 0xF7, 0x9F, 0x6E, 0x3D,
    0xD8, 0x7B, 0xB1, 0xF7, 0x63, 0xED, 0xC3, 0xDB, 0x87, 0xF6, 0x0F, 0xEC, 0x1F, 0xD9, 0x1F, 0xFE,
    0x1F, 0xFC, 0x1F, 0xF8, 0x3F, 0xC0, 0x76, 0x00, 0xCC, 0x00, 0x00, 0x00, 0x1F, 0xF1, 0xFF, 0xC7,
    0xFF, 0x3F, 0x39, 0xF0, 0x07, 0xC0, 0x1E, 0x00, 0x79, 0xFD, 0xE7, 0xF7, 0x9F, 0xDE, 0x7C, 0x79,
    0xE1, 0xF7, 0x87, 0xDE, 0x0F, 0xFB, 0x3F, 0xFC, 0x7F, 0xF0, 0xFF, 0x80, 0x70, 0x3F, 0xF9, 0xFF,
    0xCF, 0xFE, 0x7F, 0xF3, 0xC0, 0x1E, 0x00, 0xF0, 0x07, 0xFF, 0x3F, 0xF9, 0xFF, 0xCF, 0xFE, 0x78,
    0x0F, 0xFC, 0x7F, 0xE3, 0xFF, 0x07, 0x80, 0x3C, 0x01, 0xE0, 0x00, 0x00, 0x00, 0x7F, 0x87, 0xFC,
    0x7F, 0xE3, 0xE7, 0x1E, 0x00, 0xF0, 0x1F, 0xFC, 0xFF, 0xE7, 0xFF, 0x0F, 0x01, 0xFF, 0xCF, 0xFE,
    0x3F, 0xE1, 0xF0, 0x1F, 0xFF, 0xFF, 0xFF, 0xFF, 0xFF, 0xFE, 0x00, 0x03, 0x80, 0x00, 0x1C, 0x00,
    0x00, 0x70, 0x1C, 0xFB, 0xFC, 0xFF, 0xFF, 0xFB, 0xFF, 0xFF, 0xFF, 0xFF, 0xEF, 0xFE, 0x1F, 0x1F,
    0xF8, 0x7C, 0x7F, 0xE1, 0xE1, 0xFF, 0x87, 0x87, 0xFE, 0x1E, 0x1F, 0xF8, 0xF8, 0x7F, 0xE3, 0xE1,
    0xFF, 0x9F, 0x87, 0xFE, 0x7E, 0x1F, 0xFB, 0xF8, 0x7C, 0x0E, 0x00, 0x00, 0x78, 0x00, 0x01, 0xC0,
    0x00, 0x7C, 0x78, 0xF8, 0xF1, 0xF9, 0xE3, 0xF3, 0xC7, 0xE7, 0x8F, 0xEF, 0x3F, 0xFF, 0x7F, 0xFE,
    0xFF, 0xFC, 0xF7, 0xF3, 0xFF, 0xF7, 0xFF, 0xE7, 0x9F, 0x8F, 0x3F, 0x1E, 0x7E, 0x3C, 0x7C, 0x78,
    0xF8, 0xF1, 0xF0, 0x7F, 0x80, 0x03, 0xFF, 0x00, 0x1F, 0xFC, 0x00, 0xFF, 0xE0, 0x07, 0x8F, 0x18,
    0x3C, 0x7D, 0xC1, 0xE3, 0xCE, 0x0F, 0x1E, 0xFE, 0x7F, 0xFF, 0xFB, 0xFF, 0xFF, 0xDF, 0xFB, 0xFC,
    0xFF, 0x0F, 0x07, 0x80, 0x78, 0x3C, 0x03, 0xC1, 0xE0, 0x1E, 0x0F, 0x00, 0xFF, 0x78, 0x03, 0xFB,
    0xC0, 0x1F, 0xC0, 0x00, 0x38, 0x7F, 0x80, 0x03, 0xFF, 0x00, 0x0F, 0xFE, 0x00, 0x3F, 0xF8, 0x00,
    0xF9, 0xF3, 0xFB, 0xE7, 0xDF, 0xEF, 0x9F, 0xFF, 0xBE, 0xFB, 0xC6, 0xFF, 0xEF, 0x83, 0xFF, 0x3F,
    0x0F, 0xF8, 0x7F, 0x3F, 0xF0, 0xFE, 0xFB, 0xC1, 0xFB, 0xEF, 0x81, 0xEF, 0x9E, 0x87, 0xBE, 0x7F,
    0xFE, 0xF9, 0xFF, 0xFB, 0xE3, 0xFF, 0xC0, 0x00, 0x1C, 0x00, 0xF1, 0xE1, 0xDE, 0x3C, 0x7B, 0xC7,
    0xCF, 0x38, 0xF9, 0xE7, 0x1F, 0x3C, 0xF7, 0xE7, 0x1E, 0xFC, 0xE3, 0xDF, 0x9C, 0xFF, 0xFF, 0xFF,
    0xFF, 0xFC, 0xEE, 0xFE, 0x1F, 0x9F, 0x83, 0xF3, 0xF0, 0x7E, 0x7E, 0x0F, 0xCF, 0xC0, 0xF8, 0xF8,
    0x1F, 0x1F, 0x03, 0xC3, 0xC0, 0xFF, 0xE1, 0xFF, 0xFE, 0x3F, 0xFF, 0xE7, 0xF8, 0x3E, 0xFF, 0x7B,
    0xDF, 0xEF, 0x7B, 0xFD, 0xEF, 0x7F, 0xBD, 0xEF, 0xF7, 0xBD, 0xFE, 0xF7, 0xBF, 0xDE, 0xF7, 0xFB,
    0xDE, 0xFF, 0x7B, 0xDF, 0xEF, 0x7B, 0xFD, 0xE0, 0xFF, 0xBF, 0xFE, 0xF7, 0xFF, 0xDE, 0xFF, 0xE0,
    0x00, 0x78, 0x00, 0xF0, 0x1F, 0xF8, 0x3F, 0xF0, 0x7F, 0xE0, 0x0F, 0x0F, 0xFE, 0x3F, 0xFC, 0x7F,
    0xF9, 0xF9, 0xF3, 0xE1, 0xE7, 0xC3, 0xCF, 0x87, 0x9F, 0x0F, 0x3E, 0x1E, 0x7E, 0x7C, 0x7F, 0xF8,
    0xFF, 0xF0, 0xFD, 0xE0, 0x60, 0x00, 0x00, 0x07, 0xFF, 0x0F, 0xFE, 0x00, 0x07, 0xF8, 0x3F, 0xE1,
    0xFF, 0x87, 0xC4, 0x3E, 0x00, 0xF0, 0x0F, 0xFE, 0x3F, 0xF8, 0x7C, 0x01, 0xF0, 0x0F, 0xFE, 0x3F,
    0xF0, 0x3C, 0x00, 0xFC, 0xE1, 0xFF, 0x87, 0xFE, 0x07, 0xF8, 0x7C, 0x3C, 0xF8, 0xF9, 0xF1, 0xE3,
    0xE7, 0xC7, 0xDF, 0x0F, 0xBC, 0x1F, 0xF8, 0x3F, 0xE0, 0xFF, 0xFD, 0xFF, 0xFB, 0xFF, 0xE3, 0xEF,
    0x07, 0xDF, 0x0F, 0x9E, 0x1F, 0x3E, 0x3E, 0x3C, 0x7C, 0x7C, 0xF8, 0x78, 0xFF, 0xFF, 0xFF, 0xFF,
    0xFF, 0xC1, 0xE0, 0x07, 0xB0, 0x1F, 0xC0, 0x7F, 0x07, 0xF8, 0x3F, 0x80, 0xFF, 0xC1, 0x7F, 0x01,
    0xFC, 0x3F, 0xC0, 0xFE, 0x01, 0xF8, 0x01, 0xE0, 0x07, 0x80, 0x00, 0x00, 0x00, 0x3F, 0xF0, 0x00,
    0x3F, 0xFE, 0x00, 0x0F, 0xFF, 0x80, 0x07, 0x0F, 0xC0, 0x00, 0xF1, 0xF0, 0x00, 0x78, 0xF8, 0x00,
    0x3C, 0x3C, 0x00, 0x3E, 0x1E, 0x00, 0x1F, 0x0F, 0x00, 0x0F, 0x07, 0x8F, 0x07, 0x87, 0xDF, 0xE3,
    0xC3, 0xEF, 0xF3, 0xE3, 0xEF, 0x3D, 0xF3, 0xF7, 0x9E, 0xF7, 0xF7, 0x8F, 0x7F, 0xF3, 0xEF, 0x3F,
    0xF1, 0xFF, 0xBF, 0xE0, 0xFF, 0x80, 0x00, 0x73, 0x00, 0x00, 0x78, 0x00, 0x00, 0x3C, 0x00, 0x00,
    0x1E, 0x00, 0x00, 0x0F, 0x00, 0x00, 0x07, 0x00, 0x00, 0x00, 0x00, 0x0F, 0xE0, 0x7F, 0x81, 0xFF,
    0x0F, 0xBC, 0x3E, 0xF0, 0xFB, 0xC3, 0xEF, 0x07, 0xFC, 0x1F, 0xE0, 0x3F, 0x80, 0xFC, 0x19, 0xF0,
    0x67, 0xC3, 0xFF, 0x9F, 0xFE, 0x7F, 0x7B, 0xFD, 0xFE, 0x67, 0xC1, 0x0F, 0x00, 0x3C, 0x00, 0xF0,
    0x1F, 0xC0, 0x7E, 0x01, 0xF0, 0x7F, 0xC0, 0xFF, 0xE1, 0xFF, 0xE3, 0xE7, 0xCF, 0xFF, 0xFF, 0xFF,
    0xDF, 0x1E, 0x7F, 0xFE, 0xFF, 0xFF, 0xFF, 0xF9, 0xFF, 0xC3, 0xFF, 0x87, 0xFE, 0x0F, 0xE0, 0x1F,
    0x00, 0x3E, 0x00, 0x7C, 0x00, 0xF8, 0x00, 0x01, 0xC0, 0x07, 0xFE, 0x1F, 0xFE, 0x3F, 0xFE, 0x3F,
    0xDC, 0x7F, 0xC0, 0x7D, 0xC0, 0xF9, 0xC0, 0xF9, 0xC0, 0xF9, 0xFE, 0xF9, 0xFE, 0xF9, 0xFE, 0xF9,
    0xFE, 0xF9, 0xDE, 0x7D, 0xDE, 0x7F, 0xDE, 0x3F, 0xFE, 0x1F, 0xFE, 0x0F, 0xFE, 0x01, 0xE0, 0x01,
    0xC0, 0x03, 0xE0, 0x03, 0xF0, 0x01, 0xF8, 0x00, 0xFE, 0x00, 0xFF, 0x00, 0x7F, 0x83, 0xFF, 0xFD,
    0xFF, 0xFE, 0xFF, 0xFF, 0x1F, 0x3E, 0x3F, 0xFF, 0xDF, 0xFF, 0xEF, 0xFF, 0xF3, 0xE0, 0xF1, 0xE0,
    0x79, 0xF0, 0x3E, 0xF8, 0x0F, 0x78, 0x07, 0x80, 0x1F, 0xE0, 0xFF, 0xC3, 0xFF, 0x06, 0x3E, 0xFF,
    0xFF, 0xFF, 0xFF, 0xFF, 0xC3, 0xF8, 0x1F, 0x83, 0xFF, 0xFF, 0xFF, 0xFF, 0xFF, 0x7C, 0x01, 0xF9,
    0xC3, 0xFF, 0x8F, 0xFE, 0x0F, 0xF0, 0x01, 0xC0, 0x0F, 0xF0, 0x7F, 0xF1, 0xFF, 0xE7, 0xFF, 0xCF,
    0xB8, 0x1E, 0x70, 0x7C, 0xE0, 0xF9, 0xC1, 0xF3, 0x83, 0xE7, 0x07, 0xCE, 0x0F, 0x9C, 0x1F, 0x38,
    0x1F, 0x70, 0x3F, 0xEE, 0x3F, 0xFC, 0x3F, 0xF8, 0x3F, 0xF0, 0x0E, 0x00, 0x1C, 0x00, 0x1C, 0x38,
    0x0E, 0x3C, 0x07, 0x1E, 0x07, 0xFF, 0xFF, 0xFF, 0xFF, 0xFF, 0xFD, 0xFF, 0xFC, 0x78, 0xF0, 0x3C,
    0x78, 0x1E, 0x3C, 0x0F, 0x1E, 0x07, 0x8F, 0x03, 0xC7, 0x81, 0xE3, 0xC0, 0xF1, 0xFE, 0x78, 0xFF,
    0x3C, 0x3F, 0x80, 0x07, 0x00, 0x00, 0x00, 0x00, 0x3F, 0xE0, 0x1F, 0xF8, 0x0F, 0xFE, 0x03, 0xE7,
    0x81, 0xF0, 0x00, 0x7C, 0x00, 0x0F, 0x80, 0x03, 0xF8, 0x00, 0x7F, 0x80, 0x0F, 0xF0, 0x00, 0xFE,
    0x00, 0x0F, 0x9F, 0xFF, 0xFF, 0xFF, 0xBF, 0xE6, 0x6E, 0x79, 0x9F, 0x8F, 0xFF, 0xC1, 0xFF, 0xE0,
    0x67, 0xE0, 0x19, 0x98, 0x00, 0xFF, 0xFF, 0xFF, 0xFF, 0xFF, 0xFF, 0xFF, 0x00, 0x03, 0xFF, 0xFF,
    0xFF, 0xFF, 0xFF, 0xFF, 0xFC, 0x1E, 0x00, 0x78, 0x01, 0xE0, 0x07, 0x80, 0x1E, 0x00, 0x78, 0x01,
    0xE0, 0x07, 0x80, 0x1E, 0x00, 0xFF, 0xFF, 0xFF, 0xFF, 0xFF, 0xC1, 0xF8, 0x01, 0xE3, 0xFF, 0xEF,
    0xFF, 0x80, 0xF8, 0x0F, 0xE3, 0xFF, 0x0F, 0xF8, 0x3F, 0xC0, 0xFC, 0x01, 0xF8, 0x01, 0xF0, 0x03,
    0xE0, 0x07, 0xC0, 0x3E, 0x00, 0xF8, 0x03, 0xFC, 0x0F, 0xF0, 0x7F, 0xC3, 0xF9, 0x0F, 0xFC, 0x2F,
    0xF0, 0xFF, 0x83, 0xF8, 0xFF, 0xE3, 0xCF, 0x8F, 0x3E, 0x7C, 0xF9, 0xE3, 0xFF, 0x8F, 0xFC, 0x3F,
    0xE0, 0xFF, 0x01, 0xE0, 0x00, 0x00, 0x00, 0x07, 0xE0, 0x00, 0xFE, 0x00, 0x0C, 0x70, 0x00, 0xE7,
    0x00, 0x0F, 0xFF, 0xFC, 0xFF, 0xFF, 0xE7, 0xFF, 0xFF, 0x1F, 0xFF, 0xF0, 0x72, 0x07, 0x07, 0x7E,
    0x30, 0x7F, 0xFF, 0x07, 0xFF, 0xF0, 0x79, 0x9C, 0x1F, 0x80, 0x01, 0xFF, 0x30, 0x0B, 0xFF, 0x80,
    0x1F, 0xF8, 0x00, 0xFF, 0x80, 0x00, 0xC0, 0x00, 0xF0, 0x00, 0x0F, 0x00, 0x00, 0xF0, 0x00, 0x0F,
    0x00, 0x00, 0xF0, 0x00, 0xFF, 0xF0, 0x1F, 0xFF, 0x83, 0xFF, 0xFC, 0x7F, 0xFF, 0xE7, 0x8F, 0x1E,
    0xF8, 0xF1, 0xFF, 0x0F, 0x1F, 0xF0, 0xF0, 0xFF, 0x0F, 0x0F, 0xF0, 0x00, 0xFF, 0x00, 0x0F, 0xF0,
    0x00, 0xFF, 0x00, 0x0F, 0x3F, 0xF0, 0x7F, 0xF0, 0xFF, 0xF1, 0xFF, 0xF3, 0xC3, 0xE7, 0x87, 0xCF,
    0x0F, 0xBF, 0xFF, 0xFF, 0xFD, 0xFF, 0xF3, 0xFF, 0xC1, 0xE0, 0x03, 0xE0, 0x1F, 0xF8, 0x3F, 0xF0,
    0x7F, 0xE0, 0x3C, 0x00, 0x78, 0x00, 0x03, 0x30, 0x00, 0xFC, 0x00, 0x7F, 0x80, 0x7F, 0xF0, 0x3F,
    0xFF, 0x1F, 0xFF, 0xC7, 0xFF, 0xF9, 0xEF, 0xDE, 0xFB, 0xF7, 0xBE, 0xFD, 0xFF, 0xBF, 0x7F, 0xEC,
    0xCE, 0xF8, 0x00, 0x1E, 0x00, 0x07, 0xC0, 0x00, 0xF8, 0x00, 0x3F, 0x80, 0x1F, 0xFF, 0xE7, 0xFF,
    0xF9, 0xFF, 0xFE, 0x1B, 0x03, 0xB0, 0x3B, 0x0F, 0xF8, 0xFF, 0xCF, 0xFE, 0xFF, 0xEF, 0x1E, 0xF1,
    0xEF, 0x3E, 0xFF, 0xEF, 0xFC, 0xFF, 0xEF, 0xFE, 0xF1, 0xFF, 0x1F, 0xF1, 0xFF, 0xFF, 0xFF, 0xEF,
    0xFE, 0xFF, 0x83, 0xB0, 0x3B, 0x01, 0xB0, 0x1F, 0xE3, 0xFE, 0x7F, 0xEF, 0xFC, 0xF8, 0x0F, 0x00,
    0xF0, 0x0F, 0x00, 0xF0, 0x0F, 0x80, 0xFC, 0x67, 0xFE, 0x7F, 0xE3, 0xFE, 0x07, 0x00, 0x00, 0xFF,
    0xEF, 0xFE, 0xFF, 0xE0, 0x1F, 0xC0, 0x7F, 0xE0, 0x7F, 0xE0, 0xCF, 0xC0, 0x07, 0xC0, 0x07, 0x83,
    0xFF, 0x0F, 0xFE, 0x3F, 0xFC, 0xFC, 0xF9, 0xE0, 0xF3, 0xC1, 0xE7, 0x83, 0xCF, 0x0F, 0x9F, 0x3E,
    0x3F, 0xFC, 0x3F, 0xF0, 0x3F, 0x80, 0x03, 0xE0, 0x00, 0xF8, 0x00, 0x7F, 0x00, 0x1F, 0xC0, 0x07,
    0xF8, 0x03, 0xFE, 0x00, 0xF7, 0xC0, 0x7D, 0xF0, 0x1E, 0x3C, 0x07, 0x8F, 0x83, 0xE3, 0xE0, 0xF0,
    0x7C, 0x7C, 0x1F, 0x1F, 0x03, 0xC7, 0xFF, 0xFB, 0xFF, 0xFE, 0xFF, 0xFF, 0x80, 0xFF, 0xFF, 0xFF,
    0xFF, 0xFF, 0xFF, 0x81, 0xFF, 0x03, 0xFE, 0x07, 0xFC, 0x0F, 0xF8, 0x1F, 0xF0, 0x3F, 0xE0, 0x7F,
    0xC0, 0xFF, 0x81, 0xFF, 0x03, 0xFE, 0x07, 0xFC, 0x0F, 0xF8, 0x1F, 0xF0, 0x3F, 0xE0, 0x7F, 0xC0,
    0xFF, 0x81, 0xFF, 0x03, 0xE0, 0xFF, 0xFB, 0xFF, 0xEF, 0xFF, 0x9F, 0x00, 0x3E, 0x00, 0xF8, 0x01,
    0xF0, 0x03, 0xE0, 0x0F, 0x80, 0x1F, 0x00, 0xFC, 0x03, 0xE0, 0x1F, 0x00, 0xFC, 0x03, 0xE0, 0x1F,
    0x00, 0x7C, 0x03, 0xFF, 0xEF, 0xFF, 0xBF, 0xFE, 0xFF, 0xFF, 0xFF, 0xFF, 0xF0, 0x00, 0x78, 0x01,
    0xE0, 0x0F, 0x80, 0x3C, 0x01, 0xF0, 0x07, 0x80, 0x3C, 0x00, 0xF0, 0x07, 0x80, 0x1E, 0x00, 0xF0,
    0x03, 0xC0, 0x1E, 0x00, 0x78, 0x03, 0xC0, 0x0F, 0x00, 0x78, 0x01, 0xE0, 0x00, 0x79, 0xFF, 0xDF,
    0x78, 0x00, 0x0F, 0x00, 0x0F, 0x00, 0x1E, 0x00, 0x1E, 0x00, 0x1E, 0x00, 0x3C, 0x00, 0x3C, 0x00,
    0x3C, 0x1C, 0x78, 0x7E, 0x78, 0x7E, 0x78, 0x7F, 0xF0, 0x7F, 0xF0, 0x0F, 0xF0, 0x07, 0xE0, 0x07,
    0xE0, 0x03, 0xE0, 0x03, 0xC0, 0x3E, 0x7C, 0x7F, 0xFE, 0x7F, 0xFE, 0xF7, 0xEE, 0xF7, 0xEE, 0x7F,
    0xFE, 0x7F, 0xFE, 0x3E, 0x7C, 0x00, 0x01, 0xF0, 0xFC, 0x7F, 0x1F, 0x07, 0x81, 0xE0, 0x78, 0x1E,
    0x07, 0x81, 0xE0, 0x78, 0x1E, 0x07, 0x81, 0xE0, 0x78, 0x1E, 0x07, 0x81, 0xE0, 0x78, 0x3E, 0x3F,
    0x8F, 0xC3, 0xE0, 0x00, 0x00, 0x3E, 0x1D, 0xFE, 0xF7, 0xFF, 0xBD, 0xFE, 0x71, 0xF0, 0x00, 0x03,
    0xE1, 0xDF, 0xEF, 0x7F, 0xFB, 0xDF, 0xE7, 0x1F, 0x00, 0x00, 0xC0, 0x1E, 0x01, 0xCF, 0xFF, 0xFF,
    0xFF, 0xFF, 0x07, 0x00, 0xF0, 0xFF, 0xFF, 0xFF, 0xFF, 0xF3, 0x80, 0x78, 0x03, 0x00, 0x01, 0xF3,
    0xFF, 0xFF, 0xFF, 0xFF, 0xFF, 0xEF, 0xC0, 0xFF, 0xEF, 0xFF, 0xFF, 0xF3, 0xFF, 0x01, 0xF0, 0x00,
    0xFF, 0xFF, 0xFF, 0xFF, 0xF0, 0x78, 0x0F, 0xFC, 0xFF, 0xFF, 0xFF, 0x3F, 0xF0, 0x3F, 0x7F, 0xFF,
    0xFF, 0xFF, 0xFF, 0xFC, 0x78, 0x00, 0x00, 0xFF, 0xFF, 0xFF, 0xFF, 0xF0, 0x1F, 0xC7, 0xF1, 0xFE,
    0x7F, 0x9F, 0xF3, 0xFC, 0xF9, 0x3F, 0x6F, 0x81, 0xE0, 0x7C, 0x0F, 0x03, 0xFE, 0x7F, 0xDF, 0xF3,
    0xFE, 0xFF, 0x9F, 0xF7, 0xC0, 0xF0, 0x3E, 0x07, 0x81, 0xF0, 0x3C, 0x0F, 0x81, 0xE0, 0x7C, 0x0F,
    0x03, 0xE0, 0x78, 0x1F, 0x03, 0xC0, 0xF8, 0x1E, 0x07, 0xC0, 0xF0, 0x3E, 0x07, 0x80, 0x1F, 0xDE,
    0x3F, 0xDF, 0x7F, 0x9F, 0x7C, 0x9E, 0xF8, 0x00, 0xF8, 0x00, 0xFF, 0x9E, 0xFF, 0x9E, 0xFF, 0x9E,
    0xF8, 0x1E, 0xF8, 0x1E, 0xF8, 0x1E, 0xF8, 0x1E, 0xF8, 0x1E, 0xF8, 0x1E, 0xF8, 0x1E, 0xF8, 0x1E,
    0xF8, 0x1E, 0xF8, 0x1E, 0x1F, 0xDE, 0x0F, 0xF7, 0x87, 0xF9, 0xE1, 0xF2, 0x78, 0xF8, 0x1E, 0x3E,
    0x07, 0x8F, 0xF9, 0xE3, 0xFE, 0x78, 0xFF, 0x9E, 0x3E, 0x07, 0x8F, 0x81, 0xE3, 0xE0, 0x78, 0xF8,
    0x1E, 0x3E, 0x07, 0x8F, 0x81, 0xE3, 0xE0, 0x7C, 0xF8, 0x1F, 0xBE, 0x03, 0xEF, 0x80, 0x78, 0x1F,
    0xC7, 0xF3, 0xCF, 0xF3, 0xFD, 0xF7, 0xFC, 0xFF, 0x7D, 0xF2, 0x7E, 0x8F, 0xF8, 0x1E, 0x00, 0x3E,
    0x07, 0x80, 0x0F, 0xF9, 0xFF, 0x7F, 0xFE, 0x7F, 0xDF, 0xFF, 0x9F, 0xF7, 0xFE, 0x07, 0x81, 0xFF,
    0x81, 0xE0, 0x7F, 0xE0, 0x78, 0x1F, 0xF8, 0x1E, 0x07, 0xFE, 0x07, 0x81, 0xFF, 0x81, 0xE0, 0x7F,
    0xE0, 0x78, 0x1F, 0xF8, 0x1E, 0x07, 0xFE, 0x07, 0x81, 0xFF, 0x81, 0xE0, 0x7C, 0x1F, 0xC7, 0xF3,
    0xC3, 0xFC, 0xFF, 0x7C, 0x7F, 0xCF, 0xF7, 0xC7, 0xC9, 0xFA, 0x7C, 0xF8, 0x1E, 0x07, 0xCF, 0x81,
    0xE0, 0x7C, 0xFF, 0x9F, 0xF7, 0xCF, 0xF9, 0xFF, 0x7C, 0xFF, 0x9F, 0xF7, 0xCF, 0x81, 0xE0, 0x7C,
    0xF8, 0x1E, 0x07, 0xCF, 0x81, 0xE0, 0x7C, 0xF8, 0x1E, 0x07, 0xCF, 0x81, 0xE0, 0x7C, 0xF8, 0x1E,
    0x07, 0xCF, 0x81, 0xE0, 0x7E, 0xF8, 0x1E, 0x03, 0xFF, 0x81, 0xE0, 0x3F, 0xF8, 0x1E, 0x01, 0xE0,
    0x00, 0x00, 0x07, 0xFC, 0x03, 0xFF, 0xC1, 0xFF, 0xF0, 0x7C, 0x7C, 0x1E, 0x0F, 0x07, 0x87, 0xFD,
    0xE3, 0xFF, 0x78, 0xFF, 0xDE, 0x1F, 0xE7, 0x83, 0xC1, 0xE0, 0xF0, 0x78, 0x3C, 0x1E, 0x0F, 0x07,
    0x83, 0xC1, 0xE0, 0xF0, 0x78, 0x3C, 0x1E, 0x0F, 0xF7, 0x83, 0xFD, 0xE0, 0x7F, 0x00, 0x07, 0x00,
    0x00, 0x00, 0x00, 0x07, 0xFC, 0x00, 0x3F, 0xFC, 0x00, 0xFF, 0xF0, 0x07, 0xC7, 0xC0, 0x0E, 0x1F,
    0x03, 0xFC, 0x7F, 0xDF, 0xFB, 0xFF, 0xFF, 0xCF, 0xFF, 0xC7, 0x3F, 0xEF, 0x80, 0x7C, 0x3F, 0x81,
    0xF0, 0x7F, 0x87, 0xC0, 0xFF, 0x1F, 0x00, 0xFE, 0x7C, 0x00, 0xF9, 0xF0, 0x83, 0xE7, 0xC3, 0xFF,
    0x8F, 0xFF, 0xFC, 0x3F, 0xFF, 0xE0, 0x7F, 0x1C, 0x00, 0x70, 0x00, 0x00, 0x00, 0x00, 0x00, 0x07,
    0x9C, 0x00, 0x03, 0xCF, 0x00, 0x01, 0xE7, 0x80, 0x00, 0xF3, 0xC0, 0x00, 0x7F, 0xE0, 0x00, 0x3F,
    0xF0, 0x00, 0x1F, 0x7F, 0x00, 0xFF, 0x3F, 0xFF, 0xFF, 0x8F, 0xFF, 0xFF, 0x83, 0xFF, 0xFF, 0x00,
    0x3F, 0xFC, 0x00, 0x00, 0x00, 0x00, 0x01, 0xDC, 0x00, 0x00, 0xEE, 0x00, 0x00, 0x77, 0x00, 0x00,
    0x1F, 0x00, 0x00, 0x07, 0x00, 0x00, 0x03, 0x80, 0x00, 0x01, 0x80, 0x00, 0x70, 0x00, 0x00, 0x00,
    0xF0, 0x00, 0x00, 0x01, 0xE0, 0x00, 0x0E, 0x03, 0xC0, 0x00, 0x3E, 0x0F, 0x80, 0x00, 0xFC, 0x1F,
    0x00, 0x03, 0xF8, 0x1F, 0xC0, 0xFF, 0xFF, 0x3F, 0xFF, 0xFF, 0xFF, 0x3F, 0xFF, 0xFD, 0xFE, 0x3F,
    0xFF, 0xE1, 0xFC, 0x0F, 0xFC, 0x00, 0x00, 0x00, 0x00, 0x00, 0x00, 0x07, 0x60, 0x00, 0x00, 0x0F,
    0xE0, 0x00, 0x00, 0x1D, 0xC0, 0x00, 0x00, 0x1F, 0x00, 0x00, 0x00, 0x1C, 0x00, 0x00, 0x00, 0x38,
    0x00, 0x00, 0x00, 0x60, 0x00, 0x00, 0x0E, 0x3E, 0x1E, 0x1E, 0x1F, 0x1F, 0x0F, 0x1F, 0xFF, 0xFE,
    0xFE, 0xF8, 0x00, 0x00, 0x6E, 0xFE, 0xFE, 0x7C, 0x38, 0x38, 0x18, 0x0E, 0x00, 0x78, 0x07, 0xC0,
    0x3E, 0x01, 0xF0, 0x7F, 0xFB, 0xFF, 0xDF, 0xFF, 0xF3, 0xF0, 0x00, 0x00, 0x00, 0xEE, 0x07, 0xF0,
    0x3B, 0x80, 0xF8, 0x03, 0x80, 0x1C, 0x00, 0x60, 0x00, 0x00, 0x30, 0x00, 0x00, 0x18, 0x00, 0x00,
    0x0F, 0xC0, 0x00, 0x07, 0xE0, 0x00, 0x03, 0xB0, 0x00, 0x03, 0xF8, 0x00, 0x01, 0xF8, 0x00, 0x00,
    0x00, 0x1E, 0x70, 0x00, 0x0F, 0x3C, 0x00, 0x07, 0x9E, 0x00, 0x03, 0xCF, 0x00, 0x01, 0xFF, 0x80,
    0x00, 0xFF, 0xC0, 0x00, 0x7D, 0xFC, 0x03, 0xFC, 0xFF, 0xFF, 0xFE, 0x3F, 0xFF, 0xFE, 0x0F, 0xFF,
    0xFC, 0x00, 0xFF, 0xF0, 0x00, 0x00, 0x38, 0x00, 0x00, 0x00, 0x70, 0x00, 0x00, 0x00, 0xFC, 0x00,
    0x00, 0x00, 0xFC, 0x00, 0x00, 0x03, 0xB8, 0x00, 0x00, 0x0F, 0xF0, 0x00, 0x00, 0x1F, 0xC0, 0x00,
    0x00, 0x00, 0x00, 0x00, 0x70, 0x00, 0x00, 0x00, 0xF0, 0x00, 0x00, 0x01, 0xE0, 0x00, 0x0E, 0x03,
    0xC0, 0x00, 0x3E, 0x0F, 0x80, 0x00, 0xFC, 0x1F, 0x00, 0x03, 0xF8, 0x1F, 0xC0, 0xFF, 0xFF, 0x3F,
    0xFF, 0xFF, 0xFF, 0x3F, 0xFF, 0xFD, 0xFE, 0x3F, 0xFF, 0xE1, 0xFC, 0x0F, 0xFC, 0x00, 0x00, 0x60,
    0x60, 0x7E, 0x7E, 0x77, 0xFE, 0xFC, 0x00, 0x00, 0x1C, 0x3C, 0x3C, 0x3E, 0x3E, 0x1E, 0x1E, 0x1E,
    0xFE, 0xFE, 0xFC, 0xF8, 0x00, 0x1C, 0x00, 0xE0, 0x07, 0xE0, 0x3F, 0x81, 0xDC, 0x1F, 0xC0, 0xFE,
    0x00, 0x00, 0x00, 0x00, 0x70, 0x03, 0xC0, 0x3E, 0x01, 0xF0, 0x0F, 0x83, 0xFF, 0xDF, 0xFE, 0xFF,
    0xFF, 0x9F, 0x80, 0x00, 0x7F, 0x00, 0x7F, 0xF0, 0x1F, 0xFF, 0x8F, 0xFF, 0xE6, 0x3F, 0xF0, 0x07,
    0xFC, 0x0F, 0xFC, 0x1F, 0xF0, 0x1F, 0xC0, 0x1F, 0x80, 0x1F, 0x80, 0x0F, 0x92, 0x07, 0x9F, 0x87,
    0x87, 0xC3, 0xC1, 0x81, 0xE0, 0xE0, 0xF8, 0x20, 0x7C, 0x00, 0x1F, 0x80, 0xCF, 0xFF, 0xF3, 0xFF,
    0xF8, 0xFF, 0xFC, 0x0F, 0xF8, 0x7F, 0x00, 0x07, 0xFF, 0x00, 0x1F, 0xFF, 0x80, 0xFF, 0xFE, 0x06,
    0x3F, 0xF0, 0x00, 0x7F, 0xC0, 0x0F, 0xFC, 0x01, 0xFF, 0xC0, 0x1F, 0xCF, 0x01, 0xF8, 0x7F, 0x9F,
    0x83, 0xFE, 0xF9, 0x2F, 0xF7, 0x9F, 0xBF, 0xF8, 0x7C, 0x03, 0xC1, 0x80, 0x1E, 0x0E, 0x00, 0xF8,
    0x20, 0x07, 0xC0, 0x00, 0x1F, 0x80, 0xC0, 0xFF, 0xFF, 0x03, 0xFF, 0xF8, 0x0F, 0xFF, 0xC0, 0x0F,
    0xF8, 0x00, 0x7F, 0x00, 0x7F, 0xC0, 0x7F, 0xF0, 0x7F, 0xFE, 0x00, 0xFE, 0x00, 0x7E, 0x03, 0xFE,
    0xFF, 0xF8, 0xFF, 0xE0, 0xFF, 0x80, 0xFE, 0x00, 0x00, 0x00, 0x00, 0x00, 0x0E, 0xE0, 0x0E, 0xE0,
    0x0E, 0xE0, 0x07, 0xC0, 0x03, 0x80, 0x03, 0x80, 0x03, 0x00, 0x7F, 0x00, 0x0F, 0xF8, 0x01, 0xFF,
    0xC0, 0x3F, 0xFF, 0x00, 0x0F, 0xE0, 0x00, 0xFC, 0x00, 0xFF, 0x87, 0xFF, 0xFE, 0xFF, 0xFF, 0xFF,
    0xF3, 0xFF, 0xF8, 0x3F, 0x00, 0x00, 0x00, 0x00, 0x00, 0x19, 0x80, 0x07, 0xF8, 0x00, 0xFF, 0x00,
    0x07, 0x80, 0x00, 0xF0, 0x00, 0x1E, 0x00, 0x01, 0x80, 0x00, 0x18, 0x01, 0x80, 0x1F, 0x81, 0xF8,
    0x1D, 0xC3, 0xF8, 0x3F, 0x00, 0x00, 0x00, 0x00, 0x18, 0x07, 0x80, 0x7C, 0x03, 0xE0, 0x3E, 0x01,
    0xF0, 0x1F, 0x00, 0xF0, 0x0F, 0x7F, 0xF7, 0xFF, 0x7F, 0xE7, 0xFC, 0x06, 0x00, 0x18, 0x00, 0x0C,
    0x00, 0x07, 0xE0, 0x03, 0xF0, 0x01, 0xDC, 0x01, 0xFC, 0x00, 0xFC, 0x00, 0x00, 0x00, 0x00, 0x00,
    0x00, 0xC0, 0x01, 0xE0, 0x00, 0xF8, 0x00, 0x3E, 0x00, 0x1F, 0x00, 0x07, 0xC0, 0x03, 0xE0, 0x00,
    0xF0, 0x00, 0x7C, 0x1F, 0xFF, 0xCF, 0xFF, 0xE7, 0xFF, 0xFB, 0xFE, 0xF8, 0x18, 0x00, 0x00, 0x00,
    0xF0, 0x1E, 0x03, 0xC0, 0xDC, 0x3F, 0xC7, 0xF8, 0x66, 0x00, 0x00, 0x00, 0x04, 0x03, 0xC0, 0xF8,
    0x0F, 0x81, 0xF0, 0x1E, 0x03, 0xC0, 0x78, 0x1F, 0x03, 0xE0, 0xF8, 0x7F, 0x3F, 0xC7, 0xF0, 0x78,
    0x0C, 0x00, 0x00, 0x00, 0x0E, 0x00, 0x1E, 0x00, 0x38, 0x01, 0xDC, 0x03, 0xF8, 0x07, 0x70, 0x06,
    0x40, 0x00, 0x00, 0x00, 0x00, 0x04, 0x00, 0x3C, 0x00, 0xF8, 0x00, 0xF8, 0x01, 0xF0, 0x01, 0xE0,
    0x03, 0xFC, 0x07, 0xF8, 0x1F, 0xF8, 0x3F, 0xE0, 0xF8, 0x07, 0xF0, 0x3F, 0xC0, 0x7F, 0x00, 0xF8,
    0x00, 0xC0, 0x00, 0x0E, 0x01, 0xC0, 0x3F, 0x07, 0xF0, 0xEE, 0x3F, 0x87, 0xF0, 0x00, 0x00, 0x00,
    0x00, 0x04, 0x03, 0xC0, 0xF8, 0x0F, 0x81, 0xF0, 0x1E, 0x03, 0xC0, 0x78, 0x1F, 0x03, 0xE0, 0xF8,
    0x7F, 0x3F, 0xC7, 0xF0, 0x78, 0x0C, 0x00, 0x0C, 0x00, 0x18, 0x00, 0x3F, 0x00, 0x7E, 0x00, 0xEC,
    0x03, 0xF8, 0x07, 0xE0, 0x00, 0x00, 0x00, 0x00, 0x00, 0x00, 0x04, 0x00, 0x3C, 0x00, 0xF8, 0x00,
    0xF8, 0x01, 0xF0, 0x01, 0xE0, 0x03, 0xFC, 0x07, 0xF8, 0x1F, 0xF8, 0x3F, 0xE0, 0xF8, 0x07, 0xF0,
    0x3F, 0xC0, 0x7F, 0x00, 0xF8, 0x00, 0xC0, 0x00, 0x00, 0x00, 0x0C, 0x00, 0x00, 0x7C, 0x00, 0x03,
    0xF8, 0x00, 0x1F, 0xF0, 0x00, 0x7F, 0x80, 0x01, 0xFC, 0x00, 0x03, 0xE0, 0x00, 0x07, 0xE0, 0x70,
    0x0F, 0xE0, 0xF0, 0x07, 0xE1, 0xE0, 0x07, 0xC3, 0xC0, 0x07, 0xCF, 0x80, 0x07, 0x9F, 0x00, 0x0F,
    0x1F, 0xC0, 0x7E, 0x3F, 0xFF, 0xFC, 0x3F, 0xFF, 0xF8, 0x3F, 0xFF, 0xC0, 0x0F, 0xFC, 0x00, 0x00,
    0x00, 0x0C, 0x00, 0x00, 0x0F, 0x00, 0x00, 0x0F, 0xE0, 0x00, 0x0F, 0xF8, 0x00, 0x0F, 0xF8, 0x00,
    0x03, 0xF8, 0x00, 0x01, 0xF8, 0x00, 0x00, 0x7E, 0x00, 0x70, 0x0F, 0xC0, 0x1E, 0x01, 0xF8, 0x07,
    0x80, 0x3F, 0x01, 0xE0, 0x07, 0xC0, 0xF8, 0x00, 0xF8, 0x3E, 0x00, 0x1F, 0x07, 0xF0, 0x1F, 0xF9,
    0xFF, 0xFF, 0xFF, 0x3F, 0xFF, 0xFF, 0xC7, 0xFF, 0xFB, 0xF0, 0x3F, 0xF8, 0x00, 0x00, 0xE0, 0x3E,
    0x0F, 0xF1, 0xFF, 0x7F, 0xCF, 0xE0, 0xF8, 0x0F, 0xC0, 0x7E, 0x03, 0xF0, 0x1F, 0x80, 0xF8, 0x07,
    0xC0, 0x7C, 0xFF, 0xCF, 0xFC, 0xFF, 0x8F, 0xF0, 0xE0, 0x00, 0x00, 0x60, 0x07, 0xC0, 0x3F, 0xC0,
    0xFF, 0x87, 0xFC, 0x1F, 0xC0, 0x3E, 0x00, 0x7E, 0x00, 0x7E, 0x00, 0x7E, 0x00, 0x7E, 0x00, 0x7C,
    0x00, 0x7C, 0x00, 0xFC, 0x3F, 0xFF, 0x7F, 0xFF, 0xFF, 0xFF, 0xFE, 0xFF, 0x80, 0x00, 0x00, 0x00,
    0x30, 0x00, 0x00, 0xF0, 0x00, 0x07, 0xE0, 0x00, 0x3F, 0x80, 0x01, 0xFC, 0xC0, 0x03, 0xE7, 0xC0,
    0x03, 0x3F, 0x80, 0x01, 0xFF, 0x00, 0x07, 0xF8, 0x00, 0x1F, 0xC0, 0x00, 0x3E, 0x00, 0x00, 0x7E,
    0x07, 0x00, 0xFE, 0x0F, 0x00, 0x7E, 0x1E, 0x00, 0x7C, 0x3C, 0x00, 0x7C, 0xF8, 0x00, 0x79, 0xF0,
    0x00, 0xF1, 0xFC, 0x07, 0xE3, 0xFF, 0xFF, 0xC3, 0xFF, 0xFF, 0x83, 0xFF, 0xFC, 0x00, 0xFF, 0xC0,
    0x00, 0x00, 0x00, 0x30, 0x00, 0x00, 0x3C, 0x00, 0x00, 0x3F, 0x80, 0x00, 0x1F, 0x80, 0x00, 0x1F,
    0x8C, 0x00, 0x07, 0x8F, 0x00, 0x01, 0xCF, 0xE0, 0x00, 0x0F, 0xF8, 0x00, 0x0F, 0xF8, 0x00, 0x03,
    0xF8, 0x00, 0x01, 0xF8, 0x00, 0x00, 0x7E, 0x00, 0x70, 0x0F, 0xC0, 0x1E, 0x01, 0xF8, 0x07, 0x80,
    0x3F, 0x01, 0xE0, 0x07, 0xC0, 0xF8, 0x00, 0xF8, 0x3E, 0x00, 0x1F, 0x07, 0xF0, 0x1F, 0xF9, 0xFF,
    0xFF, 0xFF, 0x3F, 0xFF, 0xFF, 0xC7, 0xFF, 0xFB, 0xF0, 0x3F, 0xF8, 0x00, 0x00, 0xC0, 0x1E, 0x03,
    0xF8, 0x7F, 0x07, 0xE7, 0x3C, 0xF9, 0x9F, 0xE1, 0xFF, 0x3F, 0xE3, 0xF8, 0x1F, 0x00, 0xFC, 0x03,
    0xF0, 0x0F, 0xC0, 0x3F, 0x00, 0xF8, 0x03, 0xE0, 0x1F, 0x1F, 0xF8, 0xFF, 0xC7, 0xFC, 0x3F, 0xC1,
    0xC0, 0x00, 0x00, 0xC0, 0x03, 0xC0, 0x0F, 0xE0, 0x3F, 0x80, 0x7E, 0x30, 0x79, 0xF0, 0x67, 0xF8,
    0x0F, 0xF8, 0x3F, 0xE0, 0x7F, 0x00, 0x7C, 0x00, 0x7E, 0x00, 0x3F, 0x00, 0x1F, 0x80, 0x0F, 0xC0,
    0x07, 0xC0, 0x03, 0xE0, 0x03, 0xF0, 0x7F, 0xFE, 0x7F, 0xFF, 0x7F, 0xFF, 0x7F, 0xBF, 0x70, 0x00,
    0x00, 0x00, 0x00, 0x01, 0xC0, 0x00, 0xF8, 0x00, 0x3E, 0x78, 0x07, 0x9E, 0x01, 0xE7, 0x80, 0x7F,
    0xE0, 0x1F, 0xF8, 0x07, 0xFE, 0x01, 0xEF, 0x80, 0x79, 0xF0, 0x7E, 0x7F, 0xFF, 0x0F, 0xFF, 0x81,
    0xFF, 0xC0, 0x1F, 0xC0, 0x00, 0x03, 0x00, 0x00, 0x1F, 0x00, 0x00, 0x1E, 0x03, 0xC0, 0x3C, 0x07,
    0x80, 0x7C, 0x0F, 0x00, 0xFF, 0x3E, 0x01, 0xFF, 0x7C, 0x03, 0xFE, 0xF8, 0x07, 0xFD, 0xF0, 0x0F,
    0x01, 0xF0, 0x7E, 0x03, 0xFF, 0xF8, 0x03, 0xFF, 0xF0, 0x03, 0xFF, 0xC0, 0x01, 0xFE, 0x00, 0x00,
    0x0C, 0x01, 0xC0, 0x7C, 0x1F, 0xC1, 0xFC, 0x7F, 0x9F, 0xFB, 0xCF, 0xF9, 0xFF, 0x3F, 0xFF, 0xBF,
    0xF7, 0xFC, 0x7F, 0x00, 0x00, 0x0F, 0xC0, 0x1F, 0xF0, 0x1F, 0xF8, 0x0F, 0xFE, 0x0F, 0x8F, 0x07,
    0x87, 0xC3, 0xC3, 0xFD, 0xE0, 0xFF, 0xF8, 0x3F, 0xB8, 0x0F, 0xC0, 0x00, 0x00, 0x1C, 0x78, 0xF1,
    0xF3, 0xE3, 0xC7, 0x8F, 0xFF, 0xFF, 0xF7, 0xC1, 0x07, 0x0E, 0x3C, 0x38, 0x18, 0x00, 0x78, 0x03,
    0xF0, 0x77, 0xE3, 0xFF, 0xCF, 0xFF, 0xBF, 0xC7, 0xFE, 0x0F, 0xF0, 0x1F, 0xC0, 0x1F, 0x80, 0x3F,
    0x00, 0x3E, 0x00, 0x30, 0x00, 0x00, 0xC0, 0x00, 0x3C, 0x00, 0x0F, 0xC0, 0x01, 0xFC, 0x00, 0x3F,
    0xE0, 0x0F, 0xFE, 0x01, 0xEF, 0xE0, 0x3D, 0xFE, 0x07, 0xBF, 0xC0, 0xFF, 0x7D, 0xFF, 0xEF, 0xFF,
    0xFF, 0xFF, 0xFF, 0xFD, 0xFF, 0xFF, 0x06, 0x03, 0x80, 0x00, 0x78, 0x00, 0x1F, 0xC0, 0x01, 0xFE,
    0x00, 0x3F, 0xE0, 0x07, 0xDE, 0x00, 0x79, 0xE0, 0x07, 0x9E, 0x00, 0x7B, 0xC0, 0x7F, 0xFF, 0xCF,
    0xFF, 0xFE, 0xFF, 0xFF, 0xEF, 0xFF, 0xFE, 0x0F, 0x8F, 0x00, 0x7C, 0xF0, 0x07, 0xFF, 0x00, 0x3F,
    0xF0, 0x01, 0xFE, 0x00, 0x07, 0xC0, 0x0C, 0x00, 0x0F, 0x00, 0x1F, 0x80, 0x1F, 0xC0, 0x3F, 0xE0,
    0x3F, 0xF8, 0x79, 0xFC, 0x79, 0xFC, 0x7F, 0xFE, 0x3F, 0xDE, 0xFF, 0xDE, 0xFF, 0xFE, 0xFF, 0xFE,
    0xFF, 0xFC, 0x00, 0x60, 0x03, 0xE0, 0x07, 0xF0, 0x03, 0xFC, 0x03, 0xFE, 0x01, 0xEF, 0x01, 0xF7,
    0x80, 0xF3, 0xC0, 0x7B, 0xE0, 0xFF, 0xFF, 0x7F, 0xFF, 0xBF, 0xFF, 0xFF, 0xFF, 0xE3, 0xC7, 0xC1,
    0xF3, 0xE0, 0xFF, 0xE0, 0x3F, 0xF0, 0x0F, 0xF0, 0x01, 0xF0, 0x00, 0x01, 0xE0, 0x00, 0x07, 0xE0,
    0x00, 0x1F, 0xE0, 0x00, 0x7F, 0xC0, 0x01, 0xF7, 0xC0, 0x07, 0xC7, 0x80, 0x1F, 0x8E, 0x00, 0x3C,
    0x00, 0x00, 0xF8, 0x00, 0x01, 0xFE, 0x00, 0xFD, 0xFF, 0xFF, 0xFB, 0xFF, 0xFF, 0xF1, 0xFF, 0xFF,
    0xE0, 0x7F, 0xFC, 0x00, 0x00, 0x7E, 0x03, 0xFF, 0x8F, 0xFF, 0xCF, 0xFF, 0xEF, 0xFF, 0xC7, 0xC0,
    0x03, 0xC0, 0x01, 0xFC, 0x1C, 0xFF, 0xFE, 0x3F, 0xFF, 0x0F, 0xFF, 0x80, 0xFF, 0x80, 0x1E, 0x00,
    0x00, 0x7C, 0x00, 0x00, 0xE0, 0x00, 0x01, 0xC0, 0x00, 0x01, 0xF0, 0x00, 0x07, 0xE0, 0x00, 0x0E,
    0x00, 0x00, 0x00, 0xF0, 0x00, 0x03, 0xF0, 0x00, 0x0F, 0xF0, 0x00, 0x3F, 0xE0, 0x00, 0xFB, 0xE0,
    0x03, 0xE3, 0xC0, 0x0F, 0xC7, 0x00, 0x1E, 0x00, 0x00, 0x7C, 0x00, 0x00, 0xFF, 0x00, 0x7E, 0xFF,
    0xFF, 0xFD, 0xFF, 0xFF, 0xF8, 0xFF, 0xFF, 0xF0, 0x3F, 0xFE, 0x00, 0x1C, 0x00, 0x1E, 0x00, 0x0C,
    0x00, 0x07, 0x40, 0x03, 0xE0, 0x03, 0xF0, 0x00, 0xE0, 0x00, 0x00, 0xFC, 0x07, 0xFF, 0x1F, 0xFF,
    0x9F, 0xFF, 0xDF, 0xFF, 0x8F, 0x80, 0x07, 0x80, 0x03, 0xF8, 0x39, 0xFF, 0xFC, 0x7F, 0xFE, 0x1F,
    0xFF, 0x01, 0xFF, 0x00, 0x00, 0x07, 0xF0, 0x00, 0x7F, 0x80, 0x07, 0xFC, 0x00, 0x7F, 0xC0, 0x03,
    0xC0, 0x00, 0x3E, 0x01, 0xE1, 0xE0, 0x0F, 0x0F, 0xC0, 0x78, 0x3F, 0x87, 0xC0, 0xFF, 0x3E, 0x03,
    0xF9, 0xF0, 0x03, 0xCF, 0x80, 0x3E, 0x3F, 0x07, 0xF1, 0xFF, 0xFF, 0x07, 0xFF, 0xF0, 0x1F, 0xFF,
    0x00, 0x3F, 0xC0, 0x00, 0x00, 0x00, 0x01, 0xE0, 0x00, 0x07, 0x80, 0x70, 0x1E, 0x01, 0xFE, 0xF8,
    0x0F, 0xFF, 0xE0, 0x3F, 0xFF, 0x80, 0x3F, 0xFE, 0x00, 0x7C, 0x7E, 0x03, 0xE1, 0xFF, 0xFF, 0x83,
    0xFF, 0xFC, 0x07, 0xFF, 0xE0, 0x07, 0xFC, 0x00, 0x0E, 0x3E, 0x1E, 0x1E, 0x1F, 0x1F, 0x0F, 0x1F,
    0xFF, 0xFE, 0xFE, 0xF8, 0x00, 0x00, 0xE7, 0xFF, 0xFF, 0xE7, 0x0E, 0x00, 0x78, 0x07, 0xC0, 0x3E,
    0x01, 0xF0, 0x7F, 0xFB, 0xFF, 0xDF, 0xFF, 0xF3, 0xF0, 0x00, 0x00, 0x00, 0xE6, 0x07, 0xF8, 0x3F,
    0xC1, 0xDC, 0x00, 0x1F, 0x87, 0xF0, 0xFE, 0x3F, 0xC7, 0x80, 0xF0, 0x1F, 0x71, 0xFF, 0x7F, 0xFF,
    0xFF, 0xFE, 0x3E, 0x04, 0x00, 0x00, 0x1F, 0xE7, 0xF9, 0xBE, 0x00, 0x00, 0x01, 0xE0, 0x78, 0x1E,
    0x07, 0x81, 0xE0, 0x78, 0x1F, 0x07, 0xC1, 0xF0, 0x7C, 0x1F, 0x07, 0xC1, 0xF0, 0x7C, 0x0F, 0x03,
    0xC0, 0xF0, 0x00, 0x07, 0xF8, 0x7F, 0xC6, 0x78, 0x00, 0x01, 0xE0, 0x1E, 0x01, 0xE0, 0x1E, 0x01,
    0xF0, 0x1F, 0x01, 0xF0, 0x1F, 0x01, 0xF0, 0x1F, 0x01, 0xF0, 0x0F, 0x00, 0xF0, 0x0F, 0x00, 0xF0,
    0x0F, 0xE0, 0xFF, 0x0F, 0xF0, 0x7F, 0x00, 0x00, 0x7B, 0xEE, 0x3A, 0xFF, 0xFE, 0x00, 0x79, 0xE7,
    0x9E, 0x79, 0xE7, 0xDF, 0x7D, 0xF7, 0xDF, 0x7D, 0xF3, 0xCF, 0x3C, 0x78, 0x3E, 0x0E, 0x03, 0x80,
    0x7C, 0x3F, 0x0E, 0x01, 0xE0, 0x78, 0x1E, 0x07, 0x81, 0xF0, 0x7C, 0x1F, 0x07, 0xC1, 0xF0, 0x7C,
    0x1F, 0x03, 0xC0, 0xF0, 0x3C, 0x0F, 0x03, 0xF8, 0xFF, 0x3F, 0xC7, 0xF0, 0x00, 0x0F, 0x01, 0xF0,
    0x1C, 0x01, 0xD0, 0x0F, 0x81, 0xF8, 0x1C, 0x00, 0x00, 0x0F, 0x81, 0xFC, 0x3F, 0xE7, 0xFE, 0x79,
    0xE7, 0x9F, 0x7F, 0xF7, 0xFF, 0x7F, 0xF3, 0xFE, 0x03, 0xE1, 0xFE, 0xFF, 0xC7, 0xF8, 0x7E, 0x07,
    0x80, 0x0F, 0x00, 0x1F, 0x00, 0x1C, 0x00, 0x1D, 0x00, 0x0F, 0x80, 0x1F, 0x80, 0x1C, 0x00, 0x00,
    0x00, 0x0F, 0x80, 0x1F, 0xC0, 0x3F, 0xE0, 0x7F, 0xE0, 0x79, 0xE0, 0x79, 0xF0, 0x7F, 0xFC, 0x7F,
    0xFE, 0x7F, 0xFE, 0x3F, 0xFE, 0x03, 0xF8, 0x1F, 0xE0, 0xFF, 0xC0, 0x7F, 0x80, 0x7E, 0x00, 0x78,
    0x00, 0xF3, 0xCF, 0x3C, 0xF3, 0xCF, 0xBE, 0xFB, 0xEF, 0xBE, 0xFB, 0xEF, 0x9E, 0x79, 0xE7, 0x80,
    0x7B, 0xEE, 0x38, 0x7F, 0xFE, 0x00, 0xF0, 0x78, 0x3C, 0x1E, 0x0F, 0x87, 0xC3, 0xE1, 0xF0, 0xF8,
    0x7C, 0x3E, 0x0F, 0x07, 0x83, 0xC1, 0xE0, 0xFE, 0x7F, 0xBF, 0xCF, 0xE0, 0x03, 0x83, 0xC1, 0xC0,
    0xE8, 0x7C, 0x3E, 0x1C, 0x00, 0x0E, 0x00, 0x00, 0xF0, 0x3F, 0x8E, 0x03, 0xFC, 0x3A, 0x3F, 0xE1,
    0xF3, 0xFE, 0x1F, 0x9E, 0x00, 0x61, 0xF0, 0x0F, 0x0F, 0x00, 0x78, 0x7E, 0x03, 0xC1, 0xFC, 0x3E,
    0x07, 0xF9, 0xF0, 0x1F, 0xCF, 0x80, 0x1E, 0x7C, 0x01, 0xF1, 0xF8, 0x3F, 0x8F, 0xFF, 0xF8, 0x3F,
    0xFF, 0x80, 0xFF, 0xF8, 0x01, 0xFE, 0x00, 0x0E, 0x00, 0x00, 0x78, 0x00, 0x03, 0x80, 0x00, 0x07,
    0x40, 0x00, 0x1F, 0x00, 0x00, 0xFC, 0x00, 0x01, 0x80, 0x00, 0x1E, 0x00, 0x00, 0x78, 0x07, 0x01,
    0xE0, 0x1F, 0xEF, 0x80, 0xFF, 0xFE, 0x03, 0xFF, 0xF8, 0x03, 0xFF, 0xE0, 0x07, 0xC7, 0xE0, 0x3E,
    0x1F, 0xFF, 0xF8, 0x3F, 0xFF, 0xC0, 0x7F, 0xFE, 0x00, 0x7F, 0xC0, 0x00, 0x78, 0xF3, 0x83, 0xA7,
    0xDF, 0x98, 0x00, 0x1C, 0x78, 0xF1, 0xF3, 0xE3, 0xC7, 0x8F, 0xFF, 0xFF, 0xF7, 0xC0, 0x00, 0x1E,
    0x03, 0xE0, 0x38, 0x03, 0xA0, 0x3F, 0x03, 0xF0, 0x38, 0x00, 0x00, 0x1E, 0x01, 0xE0, 0x1E, 0x01,
    0xE0, 0x3E, 0x0F, 0xFE, 0xFF, 0xFF, 0xFF, 0xF7, 0xF0, 0x00, 0xF7, 0xBD, 0xEF, 0x7B, 0xFF, 0xFF,
    0xFF, 0xFF, 0xFF, 0xEF, 0x7B, 0xDE, 0xF0, 0x78, 0x3C, 0x1E, 0x0F, 0x87, 0xC3, 0xE1, 0xF0, 0xF8,
    0x7C, 0x3E, 0x0F, 0x07, 0x83, 0xC1, 0xE0, 0xFE, 0x7F, 0xBF, 0xCF, 0xE0, 0x00, 0x00, 0x00, 0x00,
    0x00, 0x00, 0x07, 0x9C, 0x00, 0x03, 0xCF, 0x00, 0x01, 0xE7, 0x80, 0x00, 0xF3, 0xC0, 0x00, 0x7F,
    0xE0, 0x00, 0x3F, 0xF0, 0x00, 0x1F, 0x7F, 0x00, 0xFF, 0x3F, 0xFF, 0xFF, 0x8F, 0xFF, 0xFF, 0x83,
    0xFF, 0xFF, 0x00, 0x3F, 0xFC, 0x00, 0x00, 0x00, 0x00, 0x00, 0x00, 0x00, 0x00, 0x38, 0x00, 0x00,
    0x1E, 0x00, 0x00, 0x1F, 0x00, 0x00, 0x07, 0x00, 0x00, 0x70, 0x00, 0x00, 0x00, 0xF0, 0x00, 0x00,
    0x01, 0xE0, 0x00, 0x0E, 0x03, 0xC0, 0x00, 0x3E, 0x0F, 0x80, 0x00, 0xFC, 0x1F, 0x00, 0x03, 0xF8,
    0x1F, 0xC0, 0xFF, 0xFF, 0x3F, 0xFF, 0xFF, 0xFF, 0x3F, 0xFF, 0xFD, 0xFE, 0x3F, 0xFF, 0xE1, 0xFC,
    0x0F, 0xFC, 0x00, 0x00, 0x00, 0x00, 0x00, 0x00, 0x00, 0x00, 0x00, 0x00, 0x03, 0x80, 0x00, 0x00,
    0x0F, 0x00, 0x00, 0x00, 0x1E, 0x00, 0x00, 0x00, 0x1C, 0x00, 0x00, 0x1C, 0x78, 0xF1, 0xF3, 0xE3,
    0xC7, 0x8F, 0xFF, 0xFF, 0xF7, 0xC0, 0x00, 0x0C, 0x3C, 0x78, 0x70, 0x1E, 0x01, 0xE0, 0x1E, 0x01,
    0xE0, 0x3E, 0x0F, 0xFE, 0xFF, 0xFF, 0xFF, 0xF7, 0xF0, 0x00, 0x00, 0x01, 0xC0, 0x3C, 0x03, 0xE0,
    0x1C, 0x00, 0x00, 0x07, 0x79, 0xFF, 0x1D, 0xE1, 0x98, 0x00, 0x03, 0x00, 0x70, 0x1F, 0x07, 0xF0,
    0x7F, 0x1F, 0xE7, 0xFE, 0xF3, 0xFE, 0x7F, 0xCF, 0xFF, 0xEF, 0xFD, 0xFF, 0x1F, 0xC0, 0x00, 0x00,
    0x00, 0x1E, 0xE0, 0x1F, 0xE0, 0x1F, 0xE0, 0x0C, 0xC0, 0x00, 0x00, 0x00, 0x00, 0x01, 0xE0, 0x01,
    0xF0, 0x07, 0xF0, 0x1F, 0xF0, 0x3F, 0xF0, 0x7F, 0xF0, 0x7D, 0xF0, 0xF8, 0xF0, 0xF8, 0xF0, 0xFF,
    0xF0, 0x7F, 0xF0, 0x7F, 0xFE, 0x3F, 0xFF, 0x02, 0x7F, 0x00, 0x3F, 0x00, 0x00, 0x00, 0x00, 0x00,
    0x00, 0x3B, 0x80, 0x00, 0x3D, 0xE0, 0x00, 0x1E, 0xF0, 0x00, 0x06, 0x30, 0xF3, 0x80, 0x00, 0x79,
    0xE0, 0x00, 0x3C, 0xF0, 0x00, 0x1E, 0x78, 0x00, 0x0F, 0xFC, 0x00, 0x07, 0xFE, 0x00, 0x03, 0xEF,
    0xE0, 0x1F, 0xE7, 0xFF, 0xFF, 0xF1, 0xFF, 0xFF, 0xF0, 0x7F, 0xFF, 0xE0, 0x07, 0xFF, 0x80, 0x00,
    0x00, 0x00, 0x00, 0x00, 0xF7, 0x00, 0x00, 0x01, 0xFE, 0x00, 0x00, 0x03, 0xFC, 0x00, 0x00, 0x03,
    0x30, 0x00, 0x0E, 0x00, 0x00, 0x00, 0x1E, 0x00, 0x00, 0x00, 0x3C, 0x00, 0x01, 0xC0, 0x78, 0x00,
    0x07, 0xC1, 0xF0, 0x00, 0x1F, 0x83, 0xE0, 0x00, 0x7F, 0x03, 0xF8, 0x1F, 0xFF, 0xE7, 0xFF, 0xFF,
    0xFF, 0xE7, 0xFF, 0xFF, 0xBF, 0xC7, 0xFF, 0xFC, 0x3F, 0x81, 0xFF, 0x80, 0x00, 0x00, 0x3B, 0xBD,
    0xEE, 0xF6, 0x30, 0x00, 0x38, 0x3C, 0x1E, 0x0F, 0x87, 0xC1, 0xE0, 0xF0, 0x79, 0xFC, 0xFE, 0x7E,
    0x3E, 0x00, 0x00, 0x00, 0x01, 0xDE, 0x0F, 0xF0, 0x7F, 0x81, 0x98, 0x00, 0x00, 0x38, 0x01, 0xE0,
    0x1F, 0x00, 0xF8, 0x07, 0xC1, 0xFF, 0xEF, 0xFF, 0x7F, 0xFF, 0xCF, 0xC0, 0x00, 0x00, 0x00, 0x00,
    0x00, 0x0E, 0x00, 0x00, 0x07, 0x80, 0x00, 0x03, 0x80, 0x00, 0x07, 0x70, 0x00, 0x03, 0xF8, 0x00,
    0x01, 0xDC, 0x00, 0x00, 0x66, 0x1E, 0x70, 0x00, 0x0F, 0x3C, 0x00, 0x07, 0x9E, 0x00, 0x03, 0xCF,
    0x00, 0x01, 0xFF, 0x80, 0x00, 0xFF, 0xC0, 0x00, 0x7D, 0xFC, 0x03, 0xFC, 0xFF, 0xFF, 0xFE, 0x3F,
    0xFF, 0xFE, 0x0F, 0xFF, 0xFC, 0x00, 0xFF, 0xF0, 0x00, 0x00, 0x00, 0x00, 0x00, 0x00, 0x1C, 0x00,
    0x00, 0x00, 0x78, 0x00, 0x00, 0x00, 0x70, 0x00, 0x00, 0x03, 0xB0, 0x00, 0x00, 0x0F, 0xF0, 0x00,
    0x00, 0x1F, 0xE0, 0x00, 0x00, 0x19, 0x80, 0x00, 0x70, 0x00, 0x00, 0x00, 0xF0, 0x00, 0x00, 0x01,
    0xE0, 0x00, 0x0E, 0x03, 0xC0, 0x00, 0x3E, 0x0F, 0x80, 0x00, 0xFC, 0x1F, 0x00, 0x03, 0xF8, 0x1F,
    0xC0, 0xFF, 0xFF, 0x3F, 0xFF, 0xFF, 0xFF, 0x3F, 0xFF, 0xFD, 0xFE, 0x3F, 0xFF, 0xE1, 0xFC, 0x0F,
    0xFC, 0x00, 0x00, 0x00, 0x38, 0x3C, 0x38, 0xEE, 0xFF, 0xFE, 0x66, 0x00, 0x1C, 0x3C, 0x3C, 0x3E,
    0x3E, 0x1E, 0x1E, 0x1E, 0xFE, 0xFE, 0xFC, 0xF8, 0x00, 0x00, 0x00, 0x78, 0x03, 0xC0, 0x1E, 0x01,
    0xB8, 0x1F, 0xE0, 0xFF, 0x03, 0x30, 0x00, 0x00, 0x70, 0x03, 0xC0, 0x3E, 0x01, 0xF0, 0x0F, 0x83,
    0xFF, 0xDF, 0xFE, 0xFF, 0xFF, 0x9F, 0x80, 0x00, 0x7E, 0x00, 0x7F, 0xE0, 0x1F, 0xFF, 0x8F, 0xFF,
    0xE6, 0x3F, 0xF0, 0x07, 0xF8, 0x0F, 0xFC, 0x1F, 0xF0, 0x1F, 0xC0, 0x1F, 0x80, 0x1F, 0x80, 0x0F,
    0x80, 0x0F, 0x87, 0x07, 0x87, 0x83, 0xC3, 0xC1, 0xE0, 0xE0, 0xF8, 0x00, 0x7C, 0x00, 0x1F, 0x81,
    0xCF, 0xFF, 0xE3, 0xFF, 0xF8, 0xFF, 0xFC, 0x1F, 0xF0, 0x7E, 0x00, 0x07, 0xFE, 0x00, 0x1F, 0xFF,
    0x80, 0xFF, 0xFE, 0x06, 0x3F, 0xF0, 0x00, 0x7F, 0x80, 0x0F, 0xFC, 0x01, 0xFF, 0xC0, 0x1F, 0xDE,
    0x01, 0xF8, 0xFF, 0x9F, 0x83, 0xFE, 0xF8, 0x0F, 0xFF, 0x87, 0x3F, 0x78, 0x78, 0x03, 0xC3, 0xC0,
    0x1E, 0x0E, 0x00, 0xF8, 0x00, 0x07, 0xC0, 0x00, 0x1F, 0x81, 0xC0, 0xFF, 0xFE, 0x03, 0xFF, 0xF8,
    0x0F, 0xFF, 0xC0, 0x1F, 0xF0, 0x00, 0x7F, 0x00, 0x7F, 0xC0, 0x7F, 0xF0, 0x7F, 0xFE, 0x00, 0xFE,
    0x00, 0x7E, 0x03, 0xFE, 0xFF, 0xF8, 0xFF, 0xE0, 0xFF, 0x80, 0xFE, 0x00, 0x00, 0x00, 0x00, 0x00,
    0x03, 0x80, 0x07, 0xC0, 0x07, 0xC0, 0x03, 0x80, 0x7F, 0x00, 0x0F, 0xF8, 0x01, 0xFF, 0xC0, 0x3F,
    0xFF, 0x00, 0x0F, 0xE0, 0x00, 0xFC, 0x00, 0xFF, 0x87, 0xFF, 0xFE, 0xFF, 0xFF, 0xFF, 0xF3, 0xFF,
    0xF8, 0x3F, 0x00, 0x00, 0x00, 0x00, 0x00, 0x06, 0x00, 0x01, 0xE0, 0x00, 0x3C, 0x00, 0x03, 0x80,
    0x00, 0x7E, 0x00, 0x7F, 0xE0, 0x1F, 0xFF, 0x8F, 0xFF, 0xE6, 0x3F, 0xF0, 0x07, 0xF8, 0x0F, 0xFC,
    0x1F, 0xF0, 0x1F, 0xC0, 0x1F, 0x80, 0x1F, 0x80, 0x0F, 0x80, 0x0F, 0x80, 0x07, 0x80, 0x03, 0xC0,
    0x01, 0xE0, 0x00, 0xF8, 0x00, 0x7C, 0x00, 0x1F, 0x81, 0xCF, 0xFF, 0xE3, 0xFF, 0xF8, 0xFF, 0xFC,
    0x1F, 0xF0, 0x7E, 0x00, 0x07, 0xFE, 0x00, 0x1F, 0xFF, 0x80, 0xFF, 0xFE, 0x06, 0x3F, 0xF0, 0x00,
    0x7F, 0x80, 0x0F, 0xFC, 0x01, 0xFF, 0xC0, 0x1F, 0xDE, 0x01, 0xF8, 0xFF, 0x9F, 0x83, 0xFE, 0xF8,
    0x0F, 0xFF, 0x80, 0x3F, 0x78, 0x00, 0x03, 0xC0, 0x00, 0x1E, 0x00, 0x00, 0xF8, 0x00, 0x07, 0xC0,
    0x00, 0x1F, 0x81, 0xC0, 0xFF, 0xFE, 0x03, 0xFF, 0xF8, 0x0F, 0xFF, 0xC0, 0x1F, 0xF0, 0x00, 0x7F,
    0x00, 0x7F, 0xC0, 0x7F, 0xF0, 0x7F, 0xFE, 0x00, 0xFE, 0x00, 0x7E, 0x03, 0xFE, 0xFF, 0xF8, 0xFF,
    0xE0, 0xFF, 0x80, 0xFE, 0x00, 0x00, 0x00, 0x7F, 0x00, 0x0F, 0xF8, 0x01, 0xFF, 0xC0, 0x3F, 0xFF,
    0x00, 0x0F, 0xE0, 0x00, 0xFC, 0x00, 0xFF, 0x87, 0xFF, 0xFE, 0xFF, 0xFF, 0xFF, 0xF3, 0xFF, 0xF8,
    0x3F, 0x00, 0x00, 0x00, 0x01, 0x80, 0x01, 0xE0, 0x00, 0xF0, 0x00, 0x78, 0x00, 0x18, 0x00, 0x00,
    0x01, 0xF8, 0x01, 0xFF, 0x80, 0x7F, 0xFE, 0x3F, 0xFF, 0x98, 0xFF, 0xC0, 0x1F, 0xE0, 0x3F, 0xF0,
    0x7F, 0xC0, 0x7F, 0x00, 0x7E, 0x00, 0x7E, 0x00, 0x3E, 0x00, 0x3E, 0x00, 0x1E, 0x00, 0x0F, 0x00,
    0x07, 0x80, 0x03, 0xE0, 0x01, 0xF0, 0x00, 0x7E, 0x07, 0x3F, 0xFF, 0x8F, 0xFF, 0xE3, 0xFF, 0xF0,
    0x7F, 0xC0, 0x01, 0x80, 0x00, 0x1E, 0x00, 0x00, 0xF0, 0x00, 0x07, 0x80, 0x00, 0x18, 0x00, 0x00,
    0x00, 0x01, 0xF8, 0x00, 0x1F, 0xF8, 0x00, 0x7F, 0xFE, 0x03, 0xFF, 0xF8, 0x18, 0xFF, 0xC0, 0x01,
    0xFE, 0x00, 0x3F, 0xF0, 0x07, 0xFF, 0x00, 0x7F, 0x78, 0x07, 0xE3, 0xFE, 0x7E, 0x0F, 0xFB, 0xE0,
    0x3F, 0xFE, 0x00, 0xFD, 0xE0, 0x00, 0x0F, 0x00, 0x00, 0x78, 0x00, 0x03, 0xE0, 0x00, 0x1F, 0x00,
    0x00, 0x7E, 0x07, 0x03, 0xFF, 0xF8, 0x0F, 0xFF, 0xE0, 0x3F, 0xFF, 0x00, 0x7F, 0xC0, 0x00, 0x08,
    0x00, 0x3C, 0x00, 0x3E, 0x00, 0x3C, 0x00, 0x18, 0x00, 0x00, 0x00, 0x00, 0x00, 0x7F, 0x00, 0x7F,
    0xC0, 0x7F, 0xF0, 0x7F, 0xFE, 0x00, 0xFE, 0x00, 0x7E, 0x03, 0xFE, 0xFF, 0xF8, 0xFF, 0xE0, 0xFF,
    0x80, 0xFE, 0x00, 0x00, 0x00, 0x08, 0x00, 0x07, 0x80, 0x00, 0xF0, 0x00, 0x1E, 0x00, 0x01, 0x80,
    0x00, 0x00, 0x00, 0x00, 0x00, 0x03, 0xF8, 0x00, 0x7F, 0xC0, 0x0F, 0xFE, 0x01, 0xFF, 0xF8, 0x00,
    0x7F, 0x00, 0x07, 0xE0, 0x07, 0xFC, 0x3F, 0xFF, 0xF7, 0xFF, 0xFF, 0xFF, 0x9F, 0xFF, 0xC1, 0xF8,
    0x00, 0x00, 0x00, 0x01, 0x80, 0x78, 0x07, 0xC0, 0x3E, 0x03, 0xE0, 0x1F, 0x01, 0xF0, 0x0F, 0x00,
    0xF7, 0xFF, 0x7F, 0xF7, 0xFE, 0x7F, 0xC0, 0x60, 0x01, 0x80, 0x03, 0xC0, 0x01, 0xF0, 0x00, 0x7C,
    0x00, 0x3E, 0x00, 0x0F, 0x80, 0x07, 0xC0, 0x01, 0xE0, 0x00, 0xF8, 0x3F, 0xFF, 0x9F, 0xFF, 0xCF,
    0xFF, 0xF7, 0xFD, 0xF0, 0x30, 0x00, 0x04, 0x00, 0xE0, 0x1F, 0x00, 0xF0, 0x06, 0x00, 0x00, 0x01,
    0x80, 0x78, 0x07, 0xC0, 0x3E, 0x03, 0xE0, 0x1F, 0x01, 0xF0, 0x0F, 0x00, 0xF7, 0xFF, 0x7F, 0xF7,
    0xFE, 0x7F, 0xC0, 0x60, 0x04, 0x00, 0x07, 0x00, 0x07, 0xC0, 0x01, 0xE0, 0x00, 0x60, 0x00, 0x00,
    0x00, 0x06, 0x00, 0x0F, 0x00, 0x07, 0xC0, 0x01, 0xF0, 0x00, 0xF8, 0x00, 0x3E, 0x00, 0x1F, 0x00,
    0x07, 0x80, 0x03, 0xE0, 0xFF, 0xFE, 0x7F, 0xFF, 0x3F, 0xFF, 0xDF, 0xF7, 0xC0, 0xC0, 0x00, 0x01,
    0x01, 0xE0, 0xF8, 0x1F, 0x07, 0xC0, 0xF0, 0x3C, 0x0F, 0x07, 0xC1, 0xF0, 0xF8, 0xFE, 0xFF, 0x3F,
    0x87, 0x81, 0x80, 0x01, 0x00, 0x0F, 0x00, 0x3E, 0x00, 0x3E, 0x00, 0x7C, 0x00, 0x78, 0x00, 0xFF,
    0x01, 0xFE, 0x07, 0xFE, 0x0F, 0xF8, 0x3E, 0x01, 0xFC, 0x0F, 0xF0, 0x1F, 0xC0, 0x3E, 0x00, 0x30,
    0x00, 0x03, 0x01, 0xE0, 0x78, 0x1E, 0x03, 0x00, 0x00, 0x00, 0x04, 0x07, 0x83, 0xE0, 0x7C, 0x1F,
    0x03, 0xC0, 0xF0, 0x3C, 0x1F, 0x07, 0xC3, 0xE3, 0xFB, 0xFC, 0xFE, 0x1E, 0x06, 0x00, 0x02, 0x00,
    0x0E, 0x00, 0x3E, 0x00, 0x38, 0x00, 0x70, 0x00, 0x00, 0x00, 0x00, 0x00, 0x80, 0x07, 0x80, 0x1F,
    0x00, 0x1F, 0x00, 0x3E, 0x00, 0x3C, 0x00, 0x7F, 0x80, 0xFF, 0x03, 0xFF, 0x07, 0xFC, 0x1F, 0x00,
    0xFE, 0x07, 0xF8, 0x0F, 0xE0, 0x1F, 0x00, 0x18, 0x00, 0x00, 0x00, 0x00, 0x00, 0x07, 0x00, 0x00,
    0x00, 0x07, 0x80, 0x00, 0x00, 0x03, 0xE0, 0x00, 0x60, 0x61, 0xF0, 0x00, 0xF8, 0x3C, 0x78, 0x00,
    0x3C, 0x3E, 0x3D, 0xE0, 0x1E, 0x1E, 0x1E, 0xF0, 0x0F, 0x8F, 0x0F, 0x78, 0x07, 0xFF, 0xFF, 0xFC,
    0x03, 0xFF, 0xFF, 0xFE, 0x01, 0xFF, 0xFF, 0xDF, 0x00, 0xFF, 0xDF, 0xCF, 0x80, 0x78, 0x00, 0x03,
    0xE0, 0xFC, 0x00, 0x01, 0xFF, 0xFC, 0x00, 0x00, 0x7F, 0xFE, 0x00, 0x00, 0x1F, 0xFE, 0x00, 0x00,
    0x03, 0xFC, 0x00, 0x00, 0x00, 0x00, 0x00, 0x00, 0x01, 0x00, 0x00, 0x00, 0x00, 0x1E, 0x00, 0x00,
    0x30, 0x30, 0x78, 0x00, 0x03, 0xE0, 0xF1, 0xE0, 0x00, 0x07, 0x87, 0xC7, 0x81, 0xE0, 0x1E, 0x1E,
    0x1E, 0x07, 0x80, 0x7C, 0x78, 0x7C, 0x1E, 0x01, 0xFF, 0xFF, 0xFE, 0xF8, 0x07, 0xFF, 0xFF, 0xFF,
    0xE0, 0x1F, 0xFF, 0xFF, 0xFF, 0x80, 0x7F, 0xEF, 0xEF, 0xFE, 0x01, 0xE0, 0x00, 0x00, 0x7C, 0x1F,
    0x80, 0x00, 0x01, 0xFF, 0xFC, 0x00, 0x00, 0x03, 0xFF, 0xF0, 0x00, 0x00, 0x07, 0xFF, 0x80, 0x00,
    0x00, 0x07, 0xF8, 0x00, 0x00, 0x00, 0x00, 0x00, 0x1C, 0x00, 0x00, 0xF8, 0x00, 0x00, 0xF0, 0x40,
    0xE1, 0xE1, 0xE1, 0xE3, 0xE3, 0xC3, 0xC7, 0xC7, 0x87, 0x87, 0x9F, 0x1F, 0x0F, 0xFF, 0xFF, 0xFF,
    0xFF, 0xFF, 0xFB, 0xFF, 0xFF, 0xF7, 0xBF, 0xBF, 0xC0, 0x00, 0x00, 0x00, 0x00, 0x00, 0x0C, 0x00,
    0x00, 0x03, 0xC0, 0x08, 0x1C, 0x3C, 0x01, 0xE1, 0xE1, 0xE0, 0x1E, 0x1E, 0x1E, 0x01, 0xE1, 0xE1,
    0xE0, 0x3E, 0x3E, 0x3E, 0x0F, 0xFF, 0xFF, 0xFE, 0xFF, 0xFF, 0xFF, 0xFF, 0xFF, 0xFF, 0xFF, 0xF7,
    0xF7, 0xF3, 0xE0, 0x00, 0x00, 0x00, 0x00, 0x00, 0x00, 0x00, 0x00, 0x00, 0x03, 0x80, 0x00, 0x00,
    0x03, 0xC0, 0x00, 0x00, 0x00, 0xE0, 0x00, 0x00, 0x01, 0xD8, 0x00, 0x00, 0x01, 0xFE, 0x00, 0x00,
    0x00, 0xFF, 0x00, 0x00, 0x00, 0x33, 0x0E, 0x00, 0x00, 0x00, 0x0F, 0x00, 0x00, 0x00, 0x07, 0xC0,
    0x00, 0xC0, 0xC3, 0xE0, 0x01, 0xF0, 0x78, 0xF0, 0x00, 0x78, 0x7C, 0x7B, 0xC0, 0x3C, 0x3C, 0x3D,
    0xE0, 0x1F, 0x1E, 0x1E, 0xF0, 0x0F, 0xFF, 0xFF, 0xF8, 0x07, 0xFF, 0xFF, 0xFC, 0x03, 0xFF, 0xFF,
    0xBE, 0x01, 0xFF, 0xBF, 0x9F, 0x00, 0xF0, 0x00, 0x07, 0xC1, 0xF8, 0x00, 0x03, 0xFF, 0xF8, 0x00,
    0x00, 0xFF, 0xFC, 0x00, 0x00, 0x3F, 0xFC, 0x00, 0x00, 0x07, 0xF8, 0x00, 0x00, 0x00, 0x00, 0x00,
    0x00, 0x00, 0x00, 0x00, 0x00, 0x1C, 0x00, 0x00, 0x00, 0x00, 0xF0, 0x00, 0x00, 0x00, 0x01, 0xC0,
    0x00, 0x00, 0x00, 0x1D, 0x80, 0x00, 0x00, 0x00, 0xFF, 0x00, 0x00, 0x00, 0x03, 0xFC, 0x00, 0x00,
    0x00, 0x06, 0x60, 0x00, 0x00, 0x00, 0x00, 0x01, 0x00, 0x00, 0x00, 0x00, 0x1E, 0x00, 0x00, 0x30,
    0x30, 0x78, 0x00, 0x03, 0xE0, 0xF1, 0xE0, 0x00, 0x07, 0x87, 0xC7, 0x81, 0xE0, 0x1E, 0x1E, 0x1E,
    0x07, 0x80, 0x7C, 0x78, 0x7C, 0x1E, 0x01, 0xFF, 0xFF, 0xFE, 0xF8, 0x07, 0xFF, 0xFF, 0xFF, 0xE0,
    0x1F, 0xFF, 0xFF, 0xFF, 0x80, 0x7F, 0xEF, 0xEF, 0xFE, 0x01, 0xE0, 0x00, 0x00, 0x7C, 0x1F, 0x80,
    0x00, 0x01, 0xFF, 0xFC, 0x00, 0x00, 0x03, 0xFF, 0xF0, 0x00, 0x00, 0x07, 0xFF, 0x80, 0x00, 0x00,
    0x07, 0xF8, 0x00, 0x00, 0x00, 0x00, 0x00, 0x00, 0x00, 0x3C, 0x00, 0x00, 0x78, 0x00, 0x00, 0xF0,
    0x00, 0x03, 0xF0, 0x00, 0x0F, 0xF0, 0x00, 0x1F, 0xE0, 0x00, 0x19, 0x8E, 0x00, 0x00, 0x7C, 0x00,
    0x00, 0x78, 0x20, 0x70, 0xF0, 0xF0, 0xF1, 0xF1, 0xE1, 0xE3, 0xE3, 0xC3, 0xC3, 0xCF, 0x8F, 0x87,
    0xFF, 0xFF, 0xFF, 0xFF, 0xFF, 0xFD, 0xFF, 0xFF, 0xFB, 0xDF, 0xDF, 0xE0, 0x00, 0x00, 0x00, 0x00,
    0x00, 0x00, 0x00, 0x01, 0xC0, 0x00, 0x00, 0x1E, 0x00, 0x00, 0x01, 0xC0, 0x00, 0x00, 0x77, 0x00,
    0x00, 0x07, 0xF8, 0x00, 0x00, 0x7F, 0x00, 0x00, 0x03, 0x30, 0x00, 0x00, 0x00, 0x0C, 0x00, 0x00,
    0x03, 0xC0, 0x08, 0x1C, 0x3C, 0x01, 0xE1, 0xE1, 0xE0, 0x1E, 0x1E, 0x1E, 0x01, 0xE1, 0xE1, 0xE0,
    0x3E, 0x3E, 0x3E, 0x0F, 0xFF, 0xFF, 0xFE, 0xFF, 0xFF, 0xFF, 0xFF, 0xFF, 0xFF, 0xFF, 0xF7, 0xF7,
    0xF3, 0xE0, 0x00, 0x00, 0x00, 0x00, 0x00, 0x00, 0x3F, 0x80, 0x00, 0x00, 0x1F, 0xF8, 0x00, 0x0C,
    0x07, 0xFF, 0x00, 0x07, 0xC1, 0xFF, 0xF0, 0x00, 0xF8, 0x7E, 0x3E, 0xF0, 0x0F, 0x1F, 0x03, 0xDE,
    0x01, 0xF7, 0xC0, 0xFB, 0xC0, 0x3F, 0xFF, 0xFE, 0xF8, 0x07, 0xFF, 0xFF, 0xDF, 0x00, 0xFF, 0xFF,
    0xF3, 0xE0, 0x1F, 0xFF, 0xF8, 0x7C, 0x03, 0xC3, 0xF8, 0x07, 0xC1, 0xF8, 0x00, 0x00, 0xFF, 0xFE,
    0x00, 0x00, 0x0F, 0xFF, 0xC0, 0x00, 0x00, 0xFF, 0xF0, 0x00, 0x00, 0x07, 0xF8, 0x00, 0x00, 0x00,
    0x00, 0x00, 0x00, 0x3F, 0x80, 0x00, 0x00, 0x01, 0xFF, 0x80, 0x00, 0x0C, 0x07, 0xFF, 0x00, 0x00,
    0x7C, 0x1F, 0xFF, 0x00, 0x00, 0xF8, 0x7E, 0x3E, 0x0F, 0x00, 0xF1, 0xF0, 0x3C, 0x1E, 0x01, 0xF7,
    0xC0, 0xF8, 0x3C, 0x03, 0xFF, 0xFF, 0xFC, 0xF8, 0x07, 0xFF, 0xFF, 0xFD, 0xF0, 0x0F, 0xFF, 0xFF,
    0xFB, 0xE0, 0x1F, 0xFF, 0xFF, 0xF7, 0xC0, 0x3C, 0x3F, 0x80, 0x07, 0xC1, 0xF8, 0x00, 0x00, 0x0F,
    0xFF, 0xE0, 0x00, 0x00, 0x0F, 0xFF, 0xC0, 0x00, 0x00, 0x0F, 0xFF, 0x00, 0x00, 0x00, 0x07, 0xF8,
    0x00, 0x00, 0x00, 0x00, 0x01, 0xF8, 0x00, 0x07, 0xFC, 0x10, 0x0F, 0xFE, 0x1E, 0x1F, 0xFF, 0x1E,
    0x3F, 0x1F, 0x3C, 0x7C, 0x1F, 0x3C, 0xF8, 0x1F, 0xFF, 0xF1, 0xFE, 0xFF, 0xFF, 0xFE, 0xFF, 0xFF,
    0xFC, 0xF7, 0xFF, 0xF0, 0x00, 0xFF, 0x80, 0x00, 0x01, 0xF8, 0x00, 0x00, 0x7F, 0xC0, 0x10, 0x0F,
    0xFE, 0x01, 0xE1, 0xFF, 0xF0, 0x1E, 0x3F, 0x1F, 0x03, 0xC7, 0xC1, 0xF0, 0x3C, 0xF8, 0x1F, 0x0F,
    0xFF, 0x1F, 0xFC, 0xFF, 0xFF, 0xFF, 0xEF, 0xFF, 0xFF, 0xFE, 0xF7, 0xFF, 0xFF, 0xE0, 0x0F, 0xF8,
    0x00, 0x00, 0x00, 0x00, 0x08, 0x00, 0x00, 0x00, 0x07, 0x80, 0x00, 0x00, 0x00, 0xF8, 0x00, 0x00,
    0x00, 0x1E, 0x00, 0x00, 0x00, 0x01, 0x80, 0x00, 0x00, 0x00, 0x00, 0x00, 0x00, 0x00, 0x00, 0x00,
    0x00, 0x00, 0x01, 0xFC, 0x00, 0x00, 0x00, 0xFF, 0xC0, 0x00, 0x60, 0x3F, 0xF8, 0x00, 0x3E, 0x0F,
    0xFF, 0x80, 0x07, 0xC3, 0xF1, 0xF7, 0x80, 0x78, 0xF8, 0x1E, 0xF0, 0x0F, 0xBE, 0x07, 0xDE, 0x01,
    0xFF, 0xFF, 0xF7, 0xC0, 0x3F, 0xFF, 0xFE, 0xF8, 0x07, 0xFF, 0xFF, 0x9F, 0x00, 0xFF, 0xFF, 0xC3,
    0xE0, 0x1E, 0x1F, 0xC0, 0x3E, 0x0F, 0xC0, 0x00, 0x07, 0xFF, 0xF0, 0x00, 0x00, 0x7F, 0xFE, 0x00,
    0x00, 0x07, 0xFF, 0x80, 0x00, 0x00, 0x3F, 0xC0, 0x00, 0x00, 0x00, 0x00, 0x00, 0x08, 0x00, 0x00,
    0x00, 0x00, 0x78, 0x00, 0x00, 0x00, 0x00, 0xF8, 0x00, 0x00, 0x00, 0x01, 0xE0, 0x00, 0x00, 0x00,
    0x01, 0x80, 0x00, 0x00, 0x00, 0x00, 0x00, 0x00, 0x00, 0x00, 0x00, 0x00, 0x00, 0x00, 0x00, 0x1F,
    0xC0, 0x00, 0x00, 0x00, 0xFF, 0xC0, 0x00, 0x06, 0x03, 0xFF, 0x80, 0x00, 0x3E, 0x0F, 0xFF, 0x80,
    0x00, 0x7C, 0x3F, 0x1F, 0x07, 0x80, 0x78, 0xF8, 0x1E, 0x0F, 0x00, 0xFB, 0xE0, 0x7C, 0x1E, 0x01,
    0xFF, 0xFF, 0xFE, 0x7C, 0x03, 0xFF, 0xFF, 0xFE, 0xF8, 0x07, 0xFF, 0xFF, 0xFD, 0xF0, 0x0F, 0xFF,
    0xFF, 0xFB, 0xE0, 0x1E, 0x1F, 0xC0, 0x03, 0xE0, 0xFC, 0x00, 0x00, 0x07, 0xFF, 0xF0, 0x00, 0x00,
    0x07, 0xFF, 0xE0, 0x00, 0x00, 0x07, 0xFF, 0x80, 0x00, 0x00, 0x03, 0xFC, 0x00, 0x00, 0x00, 0x00,
    0x00, 0x40, 0x00, 0x01, 0xE0, 0x00, 0x01, 0xF0, 0x00, 0x01, 0xE0, 0x00, 0x00, 0xC0, 0x00, 0x00,
    0x00, 0x00, 0x00, 0x00, 0x00, 0x01, 0xF8, 0x00, 0x07, 0xFC, 0x10, 0x0F, 0xFE, 0x1E, 0x1F, 0xFF,
    0x1E, 0x3F, 0x1F, 0x3C, 0x7C, 0x1F, 0x3C, 0xF8, 0x1F, 0xFF, 0xF1, 0xFE, 0xFF, 0xFF, 0xFE, 0xFF,
    0xFF, 0xFC, 0xF7, 0xFF, 0xF0, 0x00, 0xFF, 0x80, 0x00, 0x00, 0x40, 0x00, 0x00, 0x1E, 0x00, 0x00,
    0x01, 0xF0, 0x00, 0x00, 0x1E, 0x00, 0x00, 0x00, 0xC0, 0x00, 0x00, 0x00, 0x00, 0x00, 0x00, 0x00,
    0x00, 0x00, 0x1F, 0x80, 0x00, 0x07, 0xFC, 0x01, 0x00, 0xFF, 0xE0, 0x1E, 0x1F, 0xFF, 0x01, 0xE3,
    0xF1, 0xF0, 0x3C, 0x7C, 0x1F, 0x03, 0xCF, 0x81, 0xF0, 0xFF, 0xF1, 0xFF, 0xCF, 0xFF, 0xFF, 0xFE,
    0xFF, 0xFF, 0xFF, 0xEF, 0x7F, 0xFF, 0xFE, 0x00, 0xFF, 0x80, 0x00, 0x07, 0x00, 0x00, 0x7C, 0x00,
    0x03, 0xE0, 0x00, 0x0F, 0x00, 0x00, 0x78, 0x00, 0x03, 0xC0, 0x00, 0x1E, 0x00, 0x00, 0xF0, 0x00,
    0x07, 0x9F, 0xC0, 0x3D, 0xFF, 0x01, 0xFF, 0xFC, 0x0F, 0xFF, 0xE0, 0x7F, 0x0F, 0x03, 0xF0, 0x78,
    0x1F, 0x03, 0xCF, 0xFF, 0xFE, 0xFF, 0xFF, 0xE7, 0xFF, 0xFE, 0x3F, 0xFF, 0xE0, 0x3F, 0xF0, 0x00,
    0x07, 0x00, 0x00, 0x0F, 0x80, 0x00, 0x0F, 0x80, 0x00, 0x07, 0x80, 0x00, 0x07, 0x80, 0x00, 0x07,
    0x80, 0x00, 0x07, 0x80, 0x00, 0x07, 0x80, 0x00, 0x07, 0x9F, 0xC0, 0x07, 0xBF, 0xE0, 0x07, 0xFF,
    0xF0, 0x07, 0xFF, 0xF0, 0x07, 0xF0, 0xF0, 0x07, 0xE0, 0xF0, 0x07, 0xC0, 0xF0, 0x7F, 0xFF, 0xFE,
    0xFF, 0xFF, 0xFF, 0xFF, 0xFF, 0xFF, 0xFF, 0xFF, 0xFF, 0x1F, 0xF8, 0x00, 0x3C, 0x00, 0x0F, 0x00,
    0x03, 0xC0, 0x00, 0xF0, 0x00, 0x3C, 0x00, 0x0F, 0x00, 0x03, 0xC0, 0x00, 0xF0, 0x60, 0x3C, 0xFF,
    0x0F, 0x7F, 0xE3, 0xFF, 0xF8, 0xFF, 0xFF, 0x3F, 0x87, 0xCF, 0xC1, 0xF3, 0xE0, 0xFF, 0xFF, 0xFE,
    0xFF, 0xFF, 0xBF, 0xFF, 0x8F, 0xFF, 0x83, 0xF0, 0x00, 0x3C, 0x00, 0x00, 0xF0, 0x00, 0x03, 0xC0,
    0x00, 0x0F, 0x00, 0x00, 0x3C, 0x00, 0x00, 0xF0, 0x00, 0x03, 0xC0, 0x00, 0x0F, 0x06, 0x00, 0x3C,
    0xFF, 0x00, 0xF7, 0xFE, 0x03, 0xFF, 0xF8, 0x0F, 0xFF, 0xF0, 0x3F, 0x87, 0xC0, 0xFC, 0x1F, 0x03,
    0xE0, 0xFC, 0x3F, 0xFF, 0xFC, 0xFF, 0xFF, 0xFB, 0xFF, 0xFF, 0xEF, 0xFF, 0xBF, 0xBF, 0x00, 0x00,
    0x07, 0x00, 0x00, 0x7C, 0x18, 0x03, 0xE1, 0xE0, 0x0F, 0x0F, 0x00, 0x78, 0x78, 0x03, 0xC1, 0x80,
    0x1E, 0x00, 0x00, 0xF0, 0x00, 0x07, 0x9F, 0xC0, 0x3D, 0xFF, 0x01, 0xFF, 0xFC, 0x0F, 0xFF, 0xE0,
    0x7F, 0x0F, 0x03, 0xF0, 0x78, 0x1F, 0x03, 0xCF, 0xFF, 0xFE, 0xFF, 0xFF, 0xE7, 0xFF, 0xFE, 0x3F,
    0xFF, 0xE0, 0x3F, 0xF0, 0x00, 0x07, 0x00, 0x00, 0x0F, 0x82, 0x00, 0x0F, 0x8F, 0x00, 0x07, 0x8F,
    0x80, 0x07, 0x8F, 0x00, 0x07, 0x86, 0x00, 0x07, 0x80, 0x00, 0x07, 0x80, 0x00, 0x07, 0x9F, 0xC0,
    0x07, 0xBF, 0xE0, 0x07, 0xFF, 0xF0, 0x07, 0xFF, 0xF0, 0x07, 0xF0, 0xF0, 0x07, 0xE0, 0xF0, 0x07,
    0xC0, 0xF0, 0x7F, 0xFF, 0xFE, 0xFF, 0xFF, 0xFF, 0xFF, 0xFF, 0xFF, 0xFF, 0xFF, 0xFF, 0x1F, 0xF8,
    0x00, 0x3C, 0x00, 0x0F, 0x04, 0x03, 0xC3, 0x80, 0xF1, 0xF0, 0x3C, 0x78, 0x0F, 0x0C, 0x03, 0xC0,
    0x00, 0xF0, 0x60, 0x3C, 0xFF, 0x0F, 0x7F, 0xE3, 0xFF, 0xF8, 0xFF, 0xFF, 0x3F, 0x87, 0xCF, 0xC1,
    0xF3, 0xE0, 0xFF, 0xFF, 0xFE, 0xFF, 0xFF, 0xBF, 0xFF, 0x8F, 0xFF, 0x83, 0xF0, 0x00, 0x3C, 0x00,
    0x00, 0xF0, 0x40, 0x03, 0xC3, 0x80, 0x0F, 0x1F, 0x00, 0x3C, 0x78, 0x00, 0xF0, 0xC0, 0x03, 0xC0,
    0x00, 0x0F, 0x06, 0x00, 0x3C, 0xFF, 0x00, 0xF7, 0xFE, 0x03, 0xFF, 0xF8, 0x0F, 0xFF, 0xF0, 0x3F,
    0x87, 0xC0, 0xFC, 0x1F, 0x03, 0xE0, 0xFC, 0x3F, 0xFF, 0xFC, 0xFF, 0xFF, 0xFB, 0xFF, 0xFF, 0xEF,
    0xFF, 0xBF, 0xBF, 0x00, 0x00, 0x0F, 0xC0, 0x1F, 0xE0, 0x1F, 0xF0, 0x0F, 0xF8, 0x07, 0x80, 0x03,
    0xC0, 0x01, 0xE0, 0xC0, 0xFF, 0xE0, 0x3F, 0xF8, 0x0F, 0xFC, 0x0F, 0xF8, 0x07, 0xE0, 0x07, 0xC0,
    0x03, 0xC0, 0x03, 0xE0, 0x01, 0xE0, 0x00, 0xF0, 0x00, 0x78, 0x00, 0x3E, 0x00, 0x0F, 0xC0, 0xE7,
    0xFF, 0xF1, 0xFF, 0xF8, 0x7F, 0xFC, 0x0F, 0xF8, 0x07, 0xE0, 0x0F, 0xF8, 0x0F, 0xFE, 0x07, 0xFF,
    0x03, 0xC7, 0x81, 0xF3, 0xC0, 0x7F, 0xE0, 0x1F, 0xE0, 0x07, 0xFF, 0x07, 0xFF, 0x8F, 0xFF, 0xEF,
    0xFF, 0xE7, 0xC0, 0x07, 0xC0, 0x03, 0xC0, 0x01, 0xE0, 0x00, 0xF0, 0x00, 0x7E, 0x0E, 0x3F, 0xFF,
    0x0F, 0xFF, 0xC3, 0xFF, 0xE0, 0x7F, 0x80, 0x03, 0xC0, 0x7F, 0x07, 0xF8, 0x7F, 0xC3, 0xE4, 0x1E,
    0x00, 0xF0, 0x07, 0x86, 0x3F, 0xFF, 0xFF, 0xFF, 0xFF, 0xFF, 0xEF, 0xF8, 0x00, 0x00, 0x03, 0xF0,
    0x07, 0xFC, 0x07, 0xFF, 0x07, 0xFF, 0x83, 0xE3, 0xC1, 0xFB, 0xE0, 0x7F, 0xE0, 0x1F, 0xF0, 0x7F,
    0xFF, 0x3F, 0xFF, 0xDF, 0xFF, 0xEF, 0xCF, 0xF0, 0x00, 0x00, 0x03, 0x00, 0x03, 0xC0, 0x01, 0xE0,
    0x00, 0xF0, 0x00, 0x30, 0x00, 0x00, 0x00, 0x00, 0x00, 0x1F, 0x80, 0x3F, 0xC0, 0x3F, 0xE0, 0x1F,
    0xF0, 0x0F, 0x00, 0x07, 0x80, 0x03, 0xC1, 0x81, 0xFF, 0xC0, 0x7F, 0xF0, 0x1F, 0xF8, 0x1F, 0xF0,
    0x0F, 0xC0, 0x0F, 0x80, 0x07, 0x80, 0x07, 0xC0, 0x03, 0xC0, 0x01, 0xE0, 0x00, 0xF0, 0x00, 0x7C,
    0x00, 0x1F, 0x81, 0xCF, 0xFF, 0xE3, 0xFF, 0xF0, 0xFF, 0xF8, 0x1F, 0xF0, 0x01, 0x80, 0x01, 0xE0,
    0x00, 0xF0, 0x00, 0x78, 0x00, 0x18, 0x00, 0x00, 0x00, 0x1F, 0x80, 0x3F, 0xE0, 0x3F, 0xF8, 0x1F,
    0xFC, 0x0F, 0x1E, 0x07, 0xCF, 0x01, 0xFF, 0x80, 0x7F, 0x80, 0x1F, 0xFC, 0x1F, 0xFE, 0x3F, 0xFF,
    0xBF, 0xFF, 0x9F, 0x00, 0x1F, 0x00, 0x0F, 0x00, 0x07, 0x80, 0x03, 0xC0, 0x01, 0xF8, 0x38, 0xFF,
    0xFC, 0x3F, 0xFF, 0x0F, 0xFF, 0x81, 0xFE, 0x00, 0x03, 0x00, 0x3C, 0x01, 0xE0, 0x0F, 0x00, 0x30,
    0x00, 0x00, 0x0F, 0x01, 0xFC, 0x1F, 0xE1, 0xFF, 0x0F, 0x90, 0x78, 0x03, 0xC0, 0x1E, 0x18, 0xFF,
    0xFF, 0xFF, 0xFF, 0xFF, 0xFF, 0xBF, 0xE0, 0x00, 0x00, 0x00, 0x80, 0x00, 0xE0, 0x00, 0xF8, 0x00,
    0x78, 0x00, 0x18, 0x00, 0x00, 0x00, 0x0F, 0xC0, 0x1F, 0xF0, 0x1F, 0xFC, 0x1F, 0xFE, 0x0F, 0x8F,
    0x07, 0xEF, 0x81, 0xFF, 0x80, 0x7F, 0xC1, 0xFF, 0xFC, 0xFF, 0xFF, 0x7F, 0xFF, 0xBF, 0x3F, 0xC0,
    0x00, 0x00, 0x00, 0x00, 0x10, 0x00, 0x00, 0x1C, 0x00, 0x00, 0x1F, 0x00, 0x00, 0x07, 0x80, 0x00,
    0x01, 0x80, 0x00, 0x00, 0x00, 0x00, 0x00, 0xE0, 0x00, 0x01, 0xFC, 0x00, 0x01, 0xFF, 0x00, 0x00,
    0xFF, 0x80, 0x00, 0xFB, 0xEE, 0x00, 0x78, 0xF7, 0x80, 0x3E, 0x7B, 0xC0, 0x1F, 0xFD, 0xE0, 0x0F,
    0xFF, 0xF0, 0x03, 0xFF, 0xF8, 0x00, 0x7F, 0xBF, 0x80, 0x3F, 0x9F, 0xFF, 0xFF, 0xC7, 0xFF, 0xFF,
    0xC1, 0xFF, 0xFF, 0xC0, 0x1F, 0xFF, 0x00, 0x00, 0x00, 0x04, 0x00, 0x00, 0x00, 0x38, 0x00, 0x00,
    0x01, 0xF0, 0x00, 0x00, 0x07, 0x80, 0x00, 0x00, 0x0C, 0x00, 0x00, 0x00, 0x00, 0x00, 0x00, 0x00,
    0x00, 0x00, 0x00, 0x07, 0xC0, 0x00, 0x00, 0x3F, 0x81, 0xC0, 0x01, 0xFF, 0x07, 0x80, 0x0F, 0xFC,
    0x1E, 0x00, 0x3C, 0xF8, 0x78, 0x00, 0xF1, 0xE3, 0xE0, 0x03, 0xCF, 0x8F, 0x80, 0x0F, 0xFC, 0x1F,
    0xC0, 0x7F, 0xFE, 0x7F, 0xFF, 0xFF, 0xFC, 0xFF, 0xFF, 0xFF, 0xF1, 0xFF, 0xFF, 0xFF, 0xC0, 0xFF,
    0xE0, 0x00, 0x02, 0x00, 0x70, 0x0F, 0x80, 0x78, 0x03, 0x00, 0x00, 0x07, 0x81, 0xFC, 0x3F, 0xE3,
    0xFE, 0x7D, 0xF7, 0x8F, 0x7C, 0xF7, 0xFF, 0x7F, 0xF3, 0xFF, 0x0F, 0xFF, 0xFE, 0xFF, 0xEF, 0xFC,
    0xFF, 0x08, 0x00, 0x03, 0x00, 0x07, 0x80, 0x07, 0x80, 0x07, 0x80, 0x03, 0x00, 0x00, 0x00, 0x00,
    0x00, 0x0F, 0xC0, 0x1F, 0xE0, 0x3F, 0xE0, 0x3F, 0xF0, 0x7C, 0xF0, 0x78, 0xF0, 0x7D, 0xF0, 0x3F,
    0xF0, 0xFF, 0xFE, 0xFF, 0xFE, 0xFF, 0xFF, 0xFF, 0xFE, 0x00, 0x00, 0x00, 0x00, 0x00, 0x01, 0xDE,
    0x00, 0x1F, 0xE0, 0x01, 0xFE, 0x00, 0x0C, 0xC0, 0x00, 0x00, 0x00, 0x03, 0x00, 0x00, 0xFC, 0x00,
    0x1F, 0xE0, 0x03, 0xFE, 0x00, 0x3F, 0xF7, 0x87, 0xCF, 0x78, 0x7C, 0xF7, 0x87, 0xFF, 0xF8, 0x3F,
    0xFF, 0x83, 0xFF, 0xF8, 0x1F, 0xFF, 0x80, 0x1F, 0x7E, 0x07, 0xE7, 0xFF, 0xFC, 0x3F, 0xFF, 0xC1,
    0xFF, 0xF0, 0x07, 0xFC, 0x00, 0x00, 0x00, 0x00, 0x00, 0x1D, 0xE0, 0x00, 0x3F, 0xE0, 0x00, 0x1D,
    0xE0, 0x00, 0x0C, 0xC0, 0x00, 0x00, 0x00, 0x00, 0x07, 0x80, 0x00, 0x1F, 0xC0, 0x00, 0x3F, 0xE0,
    0x00, 0x3F, 0xF0, 0x00, 0x3D, 0xF0, 0x70, 0x78, 0xF0, 0x78, 0x7F, 0xFE, 0x78, 0x3F, 0xFF, 0xF8,
    0x3F, 0xFF, 0xF8, 0x1F, 0xFE, 0xF8, 0x01, 0xF8, 0xF8, 0x03, 0xE0, 0x7E, 0x0F, 0xE0, 0x7F, 0xFF,
    0xC0, 0x3F, 0xFF, 0x80, 0x1F, 0xFF, 0x00, 0x07, 0xFC, 0x00, 0x00, 0x01, 0xDC, 0x3D, 0xE1, 0xDE,
    0x18, 0xC0, 0x00, 0x07, 0x81, 0xFC, 0x3F, 0xE3, 0xFE, 0x7D, 0xF7, 0x8F, 0x7C, 0xF7, 0xFF, 0x7F,
    0xF3, 0xFF, 0x0F, 0xFF, 0xFE, 0xFF, 0xEF, 0xFC, 0xFF, 0x08, 0x00, 0x00, 0x00, 0x1D, 0xE0, 0x1F,
    0xE0, 0x1F, 0xE0, 0x0C, 0xC0, 0x00, 0x00, 0x00, 0x00, 0x0F, 0xC0, 0x1F, 0xE0, 0x3F, 0xE0, 0x3F,
    0xF0, 0x7C, 0xF0, 0x78, 0xF0, 0x7D, 0xF0, 0x3F, 0xF0, 0xFF, 0xFE, 0xFF, 0xFE, 0xFF, 0xFF, 0xFF,
    0xFE, 0x00, 0x00, 0x00, 0x00, 0x3C, 0x00, 0x00, 0x78, 0x00, 0x00, 0xF0, 0x00, 0x01, 0xE0, 0x00,
    0xC3, 0xC0, 0x07, 0xC7, 0x80, 0x0F, 0x8F, 0x00, 0x3C, 0x1E, 0x00, 0x3C, 0x3C, 0xE0, 0x38, 0x79,
    0xE0, 0xF8, 0xF3, 0xC7, 0xE1, 0xE7, 0x87, 0x83, 0xDF, 0x0C, 0x07, 0xBE, 0x00, 0x0F, 0x3F, 0x80,
    0xFE, 0x7F, 0xFF, 0xFC, 0x7F, 0xFF, 0xF0, 0x7F, 0xFF, 0xC0, 0x1F, 0xFC, 0x00, 0x00, 0x00, 0x3C,
    0x00, 0x00, 0x07, 0x80, 0x00, 0x00, 0xF0, 0x00, 0x00, 0x1E, 0x00, 0x00, 0xC3, 0xC0, 0x00, 0x7C,
    0x78, 0x00, 0x0F, 0x8F, 0x00, 0x03, 0xC1, 0xE0, 0x00, 0x3C, 0x3C, 0x0E, 0x03, 0x87, 0x81, 0xE0,
    0xF8, 0xF0, 0x3C, 0x7E, 0x1E, 0x07, 0x87, 0x83, 0xC1, 0xF0, 0xC0, 0x7C, 0x3E, 0x00, 0x0F, 0x83,
    0xF8, 0x0F, 0xFE, 0x7F, 0xFF, 0xFF, 0xE7, 0xFF, 0xFF, 0xFC, 0x7F, 0xFF, 0xDF, 0x01, 0xFF, 0xC0,
    0x00, 0x00, 0xE0, 0x3E, 0x0F, 0xF1, 0xFF, 0x7F, 0xCF, 0xE0, 0xF8, 0x0F, 0xC0, 0x7E, 0x03, 0xF0,
    0x1F, 0x80, 0xF8, 0x07, 0xC0, 0x7C, 0xFF, 0xCF, 0xFC, 0xFF, 0x8F, 0xF0, 0xE0, 0x00, 0x00, 0x60,
    0x07, 0xC0, 0x3F, 0xC0, 0xFF, 0x87, 0xFC, 0x1F, 0xC0, 0x3E, 0x00, 0x7E, 0x00, 0x7E, 0x00, 0x7E,
    0x00, 0x7E, 0x00, 0x7C, 0x00, 0x7C, 0x00, 0xFC, 0x3F, 0xFF, 0x7F, 0xFF, 0xFF, 0xFF, 0xFE, 0xFF,
    0x80, 0x00, 0x00, 0x07, 0x80, 0x01, 0xE0, 0x00, 0x78, 0x00, 0x1E, 0x00, 0x07, 0x80, 0x01, 0xE0,
    0x00, 0x78, 0x00, 0x1E, 0x00, 0x07, 0x80, 0x01, 0xE0, 0x00, 0x78, 0x00, 0x1E, 0x00, 0x07, 0xDE,
    0x01, 0xF7, 0x80, 0x7D, 0xE0, 0x1F, 0xF8, 0x07, 0xBE, 0x01, 0xEF, 0x80, 0x7B, 0xE0, 0x3E, 0x7C,
    0x1F, 0x1F, 0xFF, 0xC3, 0xFF, 0xE0, 0x7F, 0xF0, 0x07, 0xF0, 0x00, 0x00, 0x07, 0x80, 0x00, 0x1E,
    0x00, 0x00, 0x78, 0x00, 0x01, 0xE0, 0x00, 0x07, 0x80, 0x00, 0x1E, 0x00, 0x00, 0x78, 0x00, 0x01,
    0xE0, 0x00, 0x07, 0x80, 0x00, 0x1E, 0x00, 0x00, 0x78, 0x00, 0x01, 0xE0, 0x00, 0x07, 0x81, 0xE0,
    0x1F, 0x07, 0x80, 0x7C, 0x1E, 0x01, 0xFE, 0xF8, 0x07, 0xFF, 0xE0, 0x1F, 0xFF, 0x80, 0x7F, 0xFE,
    0x01, 0xE0, 0x7C, 0x1F, 0x81, 0xFF, 0xFC, 0x03, 0xFF, 0xF0, 0x07, 0xFF, 0x80, 0x07, 0xF8, 0x00,
    0x3C, 0x78, 0xF1, 0xE3, 0xC7, 0x8F, 0x1E, 0x3C, 0x78, 0xF1, 0xE3, 0xC7, 0xCF, 0x7E, 0xFD, 0xFB,
    0xE0, 0x00, 0x3C, 0x07, 0x80, 0xF0, 0x1E, 0x03, 0xC0, 0x78, 0x0F, 0x01, 0xE0, 0x3C, 0x07, 0x80,
    0xF0, 0x1E, 0x03, 0xE0, 0x7C, 0x0F, 0x87, 0xFE, 0xFF, 0xFF, 0xFF, 0xDF, 0x80, 0x00, 0x00, 0x00,
    0x7E, 0x07, 0xF8, 0x7F, 0xE7, 0xFF, 0x9C, 0x7C, 0x21, 0xE0, 0xFF, 0x1F, 0xFB, 0xFF, 0xDF, 0xFF,
    0xF8, 0x6F, 0x80, 0x78, 0x03, 0xC0, 0x1E, 0x00, 0xF0, 0x07, 0xC0, 0x1E, 0x00, 0xF0, 0x07, 0x80,
    0x3C, 0x00, 0x00, 0xF0, 0x00, 0x7F, 0x00, 0x3F, 0xE0, 0x0F, 0xFE, 0x03, 0xFB, 0xC0, 0x7C, 0x78,
    0x1F, 0xC7, 0x83, 0xFF, 0xFE, 0xFF, 0xFF, 0xFE, 0xFF, 0xFF, 0xCF, 0xFF, 0xF8, 0x78, 0x0F, 0x00,
    0x01, 0xE0, 0x00, 0x3E, 0x00, 0x07, 0xC0, 0x00, 0x78, 0x00, 0x0F, 0x00, 0x01, 0xE0, 0x00, 0x3E,
    0x00, 0x03, 0x80, 0x00, 0x01, 0xC0, 0x1F, 0x80, 0xFF, 0x07, 0xFE, 0x1F, 0xF8, 0xF9, 0xF3, 0xC7,
    0xFF, 0xFF, 0xFF, 0xFB, 0xFF, 0xEF, 0x7F, 0x00, 0x00, 0x01, 0xC0, 0x01, 0xF8, 0x00, 0xFF, 0x00,
    0x7F, 0xE0, 0x1E, 0xF8, 0x0F, 0x1F, 0x07, 0xE7, 0xC3, 0xFD, 0xFE, 0xFF, 0xFF, 0xFF, 0xFF, 0xFE,
    0x7F, 0xFC, 0x07, 0x80, 0x00, 0xC0, 0x00, 0x78, 0x00, 0x1E, 0x00, 0x07, 0x80, 0x00, 0xC0, 0x00,
    0x00, 0x00, 0x00, 0x70, 0x00, 0x3E, 0x00, 0x0F, 0x9E, 0x01, 0xE7, 0x80, 0x79, 0xE0, 0x1F, 0xF8,
    0x07, 0xFE, 0x01, 0xFF, 0x80, 0x7B, 0xE0, 0x1E, 0x7C, 0x1F, 0x9F, 0xFF, 0xC3, 0xFF, 0xE0, 0x7F,
    0xF0, 0x07, 0xF0, 0x00, 0x00, 0xC0, 0x00, 0x03, 0xC0, 0x00, 0x07, 0x80, 0x00, 0x0F, 0x00, 0x00,
    0x0C, 0x00, 0x00, 0x00, 0x00, 0x00, 0x00, 0xC0, 0x00, 0x07, 0xC0, 0x00, 0x07, 0x80, 0xF0, 0x0F,
    0x01, 0xE0, 0x1F, 0x03, 0xC0, 0x3F, 0xCF, 0x80, 0x7F, 0xDF, 0x00, 0xFF, 0xBE, 0x01, 0xFF, 0x7C,
    0x03, 0xC0, 0x7C, 0x1F, 0x80, 0xFF, 0xFE, 0x00, 0xFF, 0xFC, 0x00, 0xFF, 0xF0, 0x00, 0x7F, 0x80,
    0x00, 0x10, 0x71, 0xF1, 0xE1, 0x80, 0x07, 0x1E, 0x3C, 0x7C, 0xF8, 0xF1, 0xE3, 0xFF, 0xFF, 0xFD,
    0xF0, 0x00, 0x0C, 0x01, 0xE0, 0x1E, 0x01, 0xE0, 0x0C, 0x00, 0x00, 0x00, 0x01, 0xE0, 0x1E, 0x01,
    0xE0, 0x1E, 0x03, 0xE0, 0xFF, 0xEF, 0xFF, 0xFF, 0xFF, 0x7F, 0x00, 0x00, 0x0C, 0x01, 0xC0, 0x7C,
    0x1F, 0xC1, 0xFC, 0x7F, 0x9F, 0xFB, 0xCF, 0xF9, 0xFF, 0x3F, 0xFF, 0xBF, 0xF7, 0xFC, 0x7F, 0x00,
    0x00, 0x01, 0xE0, 0x01, 0xF0, 0x07, 0xF0, 0x1F, 0xF0, 0x3F, 0xF0, 0x7F, 0xF0, 0x7D, 0xF0, 0xF8,
    0xF0, 0xF8, 0xF0, 0xFF, 0xF0, 0x7F, 0xF0, 0x7F, 0xFE, 0x3F, 0xFF, 0x02, 0x7F, 0x00, 0x3F, 0x00,
    0x00, 0x0C, 0x00, 0x0F, 0x00, 0x1F, 0x80, 0x1F, 0xC0, 0x3F, 0xE0, 0x3F, 0xF8, 0x79, 0xFC, 0x79,
    0xFC, 0x7F, 0xFE, 0x3F, 0xDE, 0xFF, 0xDE, 0xFF, 0xFE, 0xFF, 0xFE, 0xFF, 0xFC, 0x00, 0x60, 0x03,
    0xE0, 0x07, 0xF0, 0x03, 0xFC, 0x03, 0xFE, 0x01, 0xEF, 0x01, 0xF7, 0x80, 0xF3, 0xC0, 0x7B, 0xE0,
    0xFF, 0xFF, 0x7F, 0xFF, 0xBF, 0xFF, 0xFF, 0xFF, 0xE3, 0xC7, 0xC1, 0xF3, 0xE0, 0xFF, 0xE0, 0x3F,
    0xF0, 0x0F, 0xF0, 0x01, 0xF0, 0x00, 0x00, 0x00, 0xF8, 0x1F, 0xC3, 0xFE, 0x7F, 0xE7, 0x9E, 0x79,
    0xF7, 0xFF, 0x7F, 0xF7, 0xFF, 0x3F, 0xE0, 0x3E, 0x1F, 0xEF, 0xFC, 0x7F, 0x87, 0xE0, 0x78, 0x00,
    0x00, 0x00, 0x0F, 0x80, 0x1F, 0xC0, 0x3F, 0xE0, 0x7F, 0xE0, 0x79, 0xE0, 0x79, 0xF0, 0x7F, 0xFC,
    0x7F, 0xFE, 0x7F, 0xFE, 0x3F, 0xFE, 0x03, 0xF8, 0x1F, 0xE0, 0xFF, 0xC0, 0x7F, 0x80, 0x7E, 0x00,
    0x78, 0x00, 0x00, 0x07, 0xF0, 0x00, 0x7F, 0x80, 0x07, 0xFC, 0x00, 0x7F, 0xC0, 0x03, 0xC0, 0x00,
    0x3E, 0x01, 0xE1, 0xE0, 0x0F, 0x0F, 0xC0, 0x78, 0x3F, 0x87, 0xC0, 0xFF, 0x3E, 0x03, 0xF9, 0xF0,
    0x03, 0xCF, 0x80, 0x3E, 0x3F, 0x07, 0xF1, 0xFF, 0xFF, 0x07, 0xFF, 0xF0, 0x1F, 0xFF, 0x00, 0x3F,
    0xC0, 0x00, 0x00, 0x00, 0x01, 0xE0, 0x00, 0x07, 0x80, 0x70, 0x1E, 0x01, 0xFE, 0xF8, 0x0F, 0xFF,
    0xE0, 0x3F, 0xFF, 0x80, 0x3F, 0xFE, 0x00, 0x7C, 0x7E, 0x03, 0xE1, 0xFF, 0xFF, 0x83, 0xFF, 0xFC,
    0x07, 0xFF, 0xE0, 0x07, 0xFC, 0x00, 0x00, 0x07, 0xF0, 0x00, 0x7F, 0x80, 0x07, 0xFC, 0x00, 0x7F,
    0xC0, 0x03, 0xC0, 0x00, 0x3E, 0x01, 0xE1, 0xE0, 0x0F, 0x0F, 0xC0, 0x78, 0x3F, 0x87, 0xC0, 0xFF,
    0x3E, 0x03, 0xF9, 0xF0, 0x03, 0xCF, 0x80, 0x3E, 0x3F, 0x07, 0xF1, 0xFF, 0xFF, 0x07, 0xFF, 0xF0,
    0x1F, 0xFF, 0x00, 0x3F, 0xC0, 0x00, 0x00, 0x00, 0x00, 0x00, 0x00, 0x73, 0x80, 0x03, 0xFC, 0x00,
    0x1F, 0xE0, 0x00, 0xE7, 0x00, 0x00, 0x00, 0x01, 0xE0, 0x00, 0x07, 0x80, 0x70, 0x1E, 0x01, 0xFE,
    0xF8, 0x0F, 0xFF, 0xE0, 0x3F, 0xFF, 0x80, 0x3F, 0xFE, 0x00, 0x7C, 0x7E, 0x03, 0xE1, 0xFF, 0xFF,
    0x83, 0xFF, 0xFC, 0x07, 0xFF, 0xE0, 0x07, 0xFC, 0x00, 0x00, 0x00, 0x00, 0x00, 0x00, 0x00, 0xEE,
    0x00, 0x07, 0xBC, 0x00, 0x1E, 0xF0, 0x00, 0x3B, 0x80, 0x00, 0x0E, 0x3E, 0x1E, 0x1E, 0x1F, 0x1F,
    0x0F, 0x1F, 0xFF, 0xFE, 0xFE, 0xF8, 0x00, 0x00, 0xE7, 0xFF, 0xFF, 0xE7, 0x0E, 0x00, 0x78, 0x07,
    0xC0, 0x3E, 0x01, 0xF0, 0x7F, 0xFB, 0xFF, 0xDF, 0xFF, 0xF3, 0xF0, 0x00, 0x00, 0x00, 0xE6, 0x07,
    0xF8, 0x3F, 0xC1, 0xDC, 0x00, 0x00, 0x00, 0x3F, 0xC0, 0x3F, 0xE1, 0x8D, 0xF3, 0xC0, 0x01, 0xE0,
    0x00, 0xF8, 0x38, 0x7C, 0x3E, 0x3E, 0x1F, 0xDF, 0x07, 0xFF, 0x00, 0xFF, 0x80, 0x3F, 0xC0, 0x0F,
    0xE0, 0x03, 0xF0, 0x03, 0xFC, 0x03, 0xFE, 0x03, 0xE7, 0x83, 0xFF, 0xC1, 0xFF, 0xE0, 0xFF, 0xE0,
    0x7F, 0xE0, 0x00, 0x00, 0x07, 0xF8, 0x00, 0x7F, 0xFC, 0x06, 0xFB, 0xC0, 0x00, 0x3E, 0x00, 0x03,
    0xE0, 0x30, 0x3E, 0x07, 0x83, 0xE0, 0x7C, 0x3E, 0x03, 0xE3, 0xE0, 0x1F, 0x3E, 0x00, 0xFB, 0xE0,
    0x07, 0xFE, 0x00, 0x7F, 0xE0, 0x03, 0xFE, 0x00, 0x1F, 0xE0, 0x01, 0xFE, 0x07, 0xFF, 0xFC, 0x7F,
    0xFF, 0xE7, 0xFD, 0xFE, 0x7F, 0x8F, 0xE0, 0x00, 0x00, 0x78, 0x01, 0xF0, 0x03, 0x80, 0x07, 0x40,
    0x0F, 0xC1, 0x9F, 0x8F, 0x38, 0x1E, 0x00, 0x3E, 0x38, 0x7C, 0xF8, 0xF9, 0xFD, 0xF1, 0xFF, 0xC0,
    0xFF, 0x80, 0xFF, 0x00, 0xFE, 0x00, 0xFC, 0x03, 0xFC, 0x0F, 0xF8, 0x3E, 0x78, 0xFF, 0xF1, 0xFF,
    0xE3, 0xFF, 0x87, 0xFE, 0x00, 0x3C, 0x00, 0x0F, 0x80, 0x01, 0xC0, 0x00, 0x3A, 0x00, 0x03, 0xE7,
    0x80, 0xFC, 0xF0, 0x1C, 0x1F, 0x00, 0x03, 0xE0, 0x60, 0x7C, 0x1E, 0x0F, 0x83, 0xE1, 0xF0, 0x3E,
    0x3E, 0x03, 0xE7, 0xC0, 0x3E, 0xF8, 0x03, 0xFF, 0x00, 0x7F, 0xE0, 0x07, 0xFC, 0x00, 0x7F, 0x80,
    0x0F, 0xF0, 0x7F, 0xFF, 0xCF, 0xFF, 0xFD, 0xFF, 0x7F, 0xBF, 0xC7, 0xF0, 0x00, 0x00, 0x00, 0x30,
    0x03, 0xC0, 0x0F, 0x00, 0x3E, 0x70, 0xFB, 0xE3, 0xEF, 0xEF, 0x9F, 0xFC, 0x1F, 0xF0, 0x3F, 0xC0,
    0x7F, 0x00, 0xFC, 0x07, 0xF8, 0x3F, 0xE1, 0xF3, 0xCF, 0xFF, 0x3F, 0xFC, 0xFF, 0xE3, 0xFF, 0x00,
    0x00, 0x1C, 0x00, 0xF0, 0x03, 0x80, 0x0E, 0x80, 0x3E, 0x00, 0xF8, 0x03, 0x80, 0x00, 0x00, 0x78,
    0x00, 0x0F, 0x00, 0x01, 0xF0, 0x00, 0x3E, 0x06, 0x07, 0xC1, 0xE0, 0xF8, 0x3E, 0x1F, 0x03, 0xE3,
    0xE0, 0x3E, 0x7C, 0x03, 0xEF, 0x80, 0x3F, 0xF0, 0x07, 0xFE, 0x00, 0x7F, 0xC0, 0x07, 0xF8, 0x00,
    0xFF, 0x07, 0xFF, 0xFC, 0xFF, 0xFF, 0xDF, 0xF7, 0xFB, 0xFC, 0x7F, 0x00, 0x00, 0x01, 0xC0, 0x00,
    0x78, 0x00, 0x0E, 0x00, 0x01, 0xD0, 0x00, 0x3E, 0x00, 0x07, 0xC0, 0x00, 0xE0, 0x00, 0x00, 0x00,
    0x30, 0x03, 0xC0, 0x0F, 0x00, 0x3E, 0x70, 0xFB, 0xE3, 0xEF, 0xEF, 0x9F, 0xFC, 0x1F, 0xF0, 0x3F,
    0xC0, 0x7F, 0x00, 0xFC, 0x07, 0xF8, 0x3F, 0xE1, 0xF3, 0xCF, 0xFF, 0x3F, 0xFC, 0xFF, 0xE3, 0xFF,
    0x00, 0x00, 0x78, 0x00, 0x0F, 0x00, 0x01, 0xF0, 0x00, 0x3E, 0x06, 0x07, 0xC1, 0xE0, 0xF8, 0x3E,
    0x1F, 0x03, 0xE3, 0xE0, 0x3E, 0x7C, 0x03, 0xEF, 0x80, 0x3F, 0xF0, 0x07, 0xFE, 0x00, 0x7F, 0xC0,
    0x07, 0xF8, 0x00, 0xFF, 0x07, 0xFF, 0xFC, 0xFF, 0xFF, 0xDF, 0xF7, 0xFB, 0xFC, 0x7F, 0x00, 0x00,
    0x00, 0x00, 0x30, 0x00, 0x00, 0xF0, 0x00, 0x03, 0xF0, 0x00, 0x0F, 0xF0, 0x00, 0x3F, 0xF0, 0x00,
    0xF0, 0xF0, 0x03, 0xC0, 0x70, 0x0F, 0xBC, 0xF0, 0x3F, 0xF9, 0xF0, 0xFF, 0xF3, 0xFB, 0xFF, 0xC7,
    0xFF, 0xFF, 0x1F, 0xF7, 0xFC, 0xFF, 0xC7, 0xF9, 0xFF, 0x07, 0xFF, 0xFC, 0x07, 0xFF, 0xF0, 0x07,
    0xFF, 0xC0, 0x07, 0x9F, 0x00, 0x07, 0x3C, 0x00, 0x07, 0xF0, 0x00, 0x07, 0xC0, 0x00, 0x07, 0x00,
    0x00, 0x04, 0x00, 0x00,
};

static const EpdGlyph ubuntu_12_boldGlyphs[] = {
    { 0, 0, 0, 0, 0, 0, 0 }, // U+0000
    { 0, 0, 0, 0, 0, 0, 0 }, // U+0008
    { 0, 0, 96, 0, 0, 0, 0 }, // U+0009
    { 0, 0, 96, 0, 0, 0, 0 }, // U+000D
    { 0, 0, 0, 0, 0, 0, 0 }, // U+001D
    { 0, 0, 96, 0, 0, 0, 0 }, // U+0020
    { 5, 17, 114, 1, 17, 11, 0 }, // !
    { 10, 7, 186, 1, 19, 9, 11 }, // "
    { 16, 17, 280, 1, 17, 34, 20 }, // #
    { 14, 23, 227, 0, 20, 41, 54 }, // $
    { 23, 17, 367, 0, 17, 49, 95 }, // %
    { 18, 17, 282, 0, 17, 39, 144 }, // &
    { 4, 7, 99, 1, 19, 4, 183 }, // '
    { 8, 25, 142, 1, 20, 25, 187 }, // (
    { 8, 25, 142, 0, 20, 25, 212 }, // )
    { 11, 10, 201, 1, 17, 14, 237 }, // *
    { 12, 11, 227, 1, 13, 17, 251 }, // +
    { 6, 8, 98, 0, 4, 6, 268 }, // ,
    { 8, 3, 136, 0, 9, 3, 274 }, // -
    { 6, 5, 98, 0, 5, 4, 277 }, // .
    { 13, 25, 175, -1, 20, 41, 281 }, // /
    { 14, 17, 227, 0, 17, 30, 322 }, // 0
    { 10, 17, 227, 1, 17, 22, 352 }, // 1
    { 13, 17, 227, 0, 17, 28, 374 }, // 2
    { 13, 17, 227, 0, 17, 28, 402 }, // 3
    { 14, 17, 227, 0, 17, 30, 430 }, // 4
    { 13, 17, 227, 0, 17, 28, 460 }, // 5
    { 14, 17, 227, 0, 17, 30, 488 }, // 6
    { 13, 17, 227, 1, 17, 28, 518 }, // 7
    { 14, 17, 227, 0, 17, 30, 546 }, // 8
    { 14, 17, 227, 0, 17, 30, 576 }, // 9
    { 6, 14, 98, 0, 14, 11, 606 }, // :
    { 6, 18, 98, 0, 14, 14, 617 }, // ;
    { 12, 13, 227, 1, 14, 20, 631 }, // <
    { 12, 8, 227, 1, 12, 12, 651 }, // =
    { 12, 13, 227, 1, 14, 20, 663 }, // >
    { 11, 19, 182, 0, 19, 27, 683 }, // ?
    { 23, 22, 390, 1, 18, 64, 710 }, // @
    { 18, 17, 288, 0, 17, 39, 774 }, // A
    { 14, 17, 269, 2, 17, 30, 813 }, // B
    { 15, 17, 259, 1, 17, 32, 843 }, // C
    { 16, 17, 295, 2, 17, 34, 875 }, // D
    { 13, 17, 242, 2, 17, 28, 909 }, // E
    { 12, 17, 230, 2, 17, 26, 937 }, // F
    { 15, 17, 281, 1, 17, 32, 963 }, // G
    { 15, 17, 294, 2, 17, 32, 995 }, // H
    { 4, 17, 126, 2, 17, 9, 1027 }, // I
    { 12, 17, 212, 0, 17, 26, 1036 }, // J
    { 15, 17, 274, 2, 17, 32, 1062 }, // K
    { 12, 17, 225, 2, 17, 26, 1094 }, // L
    { 20, 17, 359, 1, 17, 43, 1120 }, // M
    { 15, 17, 302, 2, 17, 32, 1163 }, // N
    { 18, 17, 316, 1, 17, 39, 1195 }, // O
    { 14, 17, 258, 2, 17, 30, 1234 }, // P
    { 18, 22, 316, 1, 17, 50, 1264 }, // Q
    { 15, 17, 267, 2, 17, 32, 1314 }, // R
    { 14, 17, 233, 0, 17, 30, 1346 }, // S
    { 15, 17, 246, 0, 17, 32, 1376 }, // T
    { 15, 17, 283, 1, 17, 32, 1408 }, // U
    { 18, 17, 289, 0, 17, 39, 1440 }, // V
    { 24, 17, 379, 0, 17, 51, 1479 }, // W
    { 17, 17, 270, 0, 17, 37, 1530 }, // X
    { 17, 17, 264, 0, 17, 37, 1567 }, // Y
    { 15, 17, 244, 0, 17, 32, 1604 }, // Z
    { 8, 25, 148, 2, 20, 25, 1636 }, // [
    { 13, 25, 175, -1, 20, 41, 1661 }, // <backslash>
    { 8, 25, 148, 0, 20, 25, 1702 }, // ]
    { 14, 10, 227, 0, 17, 18, 1727 }, // ^
    { 13, 3, 200, 0, -2, 5, 1745 }, // _
    { 7, 6, 114, 0, 20, 6, 1750 }, // `
    { 13, 13, 221, 0, 13, 22, 1756 }, // a
    { 13, 19, 242, 1, 19, 31, 1778 }, // b
    { 11, 13, 200, 1, 13, 18, 1809 }, // c
    { 13, 19, 242, 1, 19, 31, 1827 }, // d
    { 13, 13, 234, 1, 13, 22, 1858 }, // e
    { 10, 19, 169, 1, 19, 24, 1880 }, // f
    { 13, 18, 238, 1, 13, 30, 1904 }, // g
    { 13, 19, 236, 1, 19, 31, 1934 }, // h
    { 5, 19, 116, 1, 19, 12, 1965 }, // i
    { 8, 24, 116, -2, 19, 24, 1977 }, // j
    { 14, 19, 232, 1, 19, 34, 2001 }, // k
    { 7, 19, 126, 1, 19, 17, 2035 }, // l
    { 19, 13, 345, 1, 13, 31, 2052 }, // m
    { 13, 13, 236, 1, 13, 22, 2083 }, // n
    { 14, 13, 243, 1, 13, 23, 2105 }, // o
    { 13, 18, 242, 1, 13, 30, 2128 }, // p
    { 13, 18, 242, 1, 13, 30, 2158 }, // q
    { 10, 13, 169, 1, 13, 17, 2188 }, // r
    { 12, 13, 194, 0, 13, 20, 2205 }, // s
    { 10, 17, 178, 1, 17, 22, 2225 }, // t
    { 12, 13, 236, 1, 13, 20, 2247 }, // u
    { 14, 13, 220, 0, 13, 23, 2267 }, // v
    { 20, 13, 314, 0, 13, 33, 2290 }, // w
    { 14, 13, 222, 0, 13, 23, 2323 }, // x
    { 14, 18, 219, 0, 13, 32, 2346 }, // y
    { 12, 13, 200, 0, 13, 20, 2378 }, // z
    { 10, 25, 148, 0, 20, 32, 2398 }, // {
    { 4, 25, 129, 2, 20, 13, 2430 }, // |
    { 9, 25, 148, 0, 20, 29, 2443 }, // }
    { 14, 5, 227, 0, 10, 9, 2472 }, // ~
    { 0, 0, 96, 0, 0, 0, 2481 }, // U+00A0
    { 5, 18, 114, 1, 13, 12, 2481 }, // U+00A1
    { 11, 18, 227, 1, 16, 25, 2493 }, // U+00A2
    { 13, 17, 227, 0, 17, 28, 2518 }, // U+00A3
    { 14, 13, 227, 0, 16, 23, 2546 }, // U+00A4
    { 16, 17, 227, -1, 17, 34, 2569 }, // U+00A5
    { 4, 25, 121, 2, 20, 13, 2603 }, // U+00A6
    { 13, 22, 206, 0, 17, 36, 2616 }, // U+00A7
    { 11, 4, 214, 1, 19, 6, 2652 }, // U+00A8
    { 18, 18, 318, 1, 18, 41, 2658 }, // U+00A9
    { 10, 10, 160, 0, 18, 13, 2699 }, // U+00AA
    { 15, 13, 239, 0, 14, 25, 2712 }, // U+00AB
    { 12, 9, 227, 1, 10, 14, 2737 }, // U+00AC
    { 8, 3, 136, 0, 9, 3, 2751 }, // U+00AD
    { 18, 18, 318, 1, 18, 41, 2754 }, // U+00AE
    { 9, 3, 150, 0, 19, 4, 2795 }, // U+00AF
    { 9, 7, 145, 0, 19, 8, 2799 }, // U+00B0
    { 12, 15, 227, 1, 15, 23, 2807 }, // U+00B1
    { 9, 10, 145, 0, 18, 12, 2830 }, // U+00B2
    { 8, 10, 145, 0, 18, 10, 2842 }, // U+00B3
    { 7, 6, 114, 0, 20, 6, 2852 }, // U+00B4
    { 13, 18, 238, 1, 13, 30, 2858 }, // U+00B5
    { 15, 23, 284, 1, 18, 44, 2888 }, // U+00B6
    { 6, 5, 98, 0, 10, 4, 2932 }, // U+00B7
    { 6, 7, 130, 1, 1, 6, 2936 }, // U+00B8
    { 7, 10, 145, 0, 18, 9, 2942 }, // U+00B9
    { 11, 10, 183, 0, 18, 14, 2951 }, // U+00BA
    { 15, 13, 239, 0, 14, 25, 2965 }, // U+00BB
    { 22, 18, 351, 0, 18, 50, 2990 }, // U+00BC
    { 21, 18, 351, 0, 18, 48, 3040 }, // U+00BD
    { 22, 18, 351, 0, 18, 50, 3088 }, // U+00BE
    { 11, 18, 182, 0, 13, 25, 3138 }, // U+00BF
    { 18, 24, 288, 0, 24, 54, 3163 }, // U+00C0
    { 18, 24, 288, 0, 24, 54, 3217 }, // U+00C1
    { 18, 23, 288, 0, 23, 52, 3271 }, // U+00C2
    { 18, 23, 288, 0, 23, 52, 3323 }, // U+00C3
    { 18, 23, 288, 0, 23, 52, 3375 }, // U+00C4
    { 18, 22, 288, 0, 22, 50, 3427 }, // U+00C5
    { 24, 17, 398, 0, 17, 51, 3477 }, // U+00C6
    { 15, 22, 259, 1, 17, 42, 3528 }, // U+00C7
    { 13, 24, 242, 2, 24, 39, 3570 }, // U+00C8
    { 13, 24, 242, 2, 24, 39, 3609 }, // U+00C9
    { 13, 23, 242, 2, 23, 38, 3648 }, // U+00CA
    { 13, 23, 242, 2, 23, 38, 3686 }, // U+00CB
    { 7, 24, 126, 0, 24, 21, 3724 }, // U+00CC
    { 7, 24, 126, 1, 24, 21, 3745 }, // U+00CD
    { 8, 23, 126, 0, 23, 23, 3766 }, // U+00CE
    { 10, 23, 126, -1, 23, 29, 3789 }, // U+00CF
    { 18, 17, 299, 0, 17, 39, 3818 }, // U+00D0
    { 15, 23, 302, 2, 23, 44, 3857 }, // U+00D1
    { 18, 24, 316, 1, 24, 54, 3901 }, // U+00D2
    { 18, 24, 316, 1, 24, 54, 3955 }, // U+00D3
    { 18, 23, 316, 1, 23, 52, 4009 }, // U+00D4
    { 18, 23, 316, 1, 23, 52, 4061 }, // U+00D5
    { 18, 23, 316, 1, 23, 52, 4113 }, // U+00D6
    { 12, 11, 227, 1, 13, 17, 4165 }, // U+00D7
    { 18, 19, 316, 1, 18, 43, 4182 }, // U+00D8
    { 15, 24, 283, 1, 24, 45, 4225 }, // U+00D9
    { 15, 24, 283, 1, 24, 45, 4270 }, // U+00DA
    { 15, 23, 283, 1, 23, 44, 4315 }, // U+00DB
    { 15, 23, 283, 1, 23, 44, 4359 }, // U+00DC
    { 17, 24, 264, 0, 24, 51, 4403 }, // U+00DD
    { 14, 17, 258, 2, 17, 30, 4454 }, // U+00DE
    { 15, 19, 264, 1, 19, 36, 4484 }, // U+00DF
    { 13, 20, 221, 0, 20, 33, 4520 }, // U+00E0
    { 13, 20, 221, 0, 20, 33, 4553 }, // U+00E1
    { 13, 19, 221, 0, 19, 31, 4586 }, // U+00E2
    { 13, 19, 221, 0, 19, 31, 4617 }, // U+00E3
    { 13, 19, 221, 0, 19, 31, 4648 }, // U+00E4
    { 13, 20, 221, 0, 20, 33, 4679 }, // U+00E5
    { 21, 13, 350, 0, 13, 35, 4712 }, // U+00E6
    { 11, 18, 200, 1, 13, 25, 4747 }, // U+00E7
    { 13, 20, 234, 1, 20, 33, 4772 }, // U+00E8
    { 13, 20, 234, 1, 20, 33, 4805 }, // U+00E9
    { 13, 19, 234, 1, 19, 31, 4838 }, // U+00EA
    { 13, 19, 234, 1, 19, 31, 4869 }, // U+00EB
    { 7, 20, 116, 0, 20, 18, 4900 }, // U+00EC
    { 6, 20, 116, 1, 20, 15, 4918 }, // U+00ED
    { 9, 19, 116, -1, 19, 22, 4933 }, // U+00EE
    { 11, 19, 116, -2, 19, 27, 4955 }, // U+00EF
    { 14, 19, 240, 1, 19, 34, 4982 }, // U+00F0
    { 13, 19, 236, 1, 19, 31, 5016 }, // U+00F1
    { 14, 20, 243, 1, 20, 35, 5047 }, // U+00F2
    { 14, 20, 243, 1, 20, 35, 5082 }, // U+00F3
    { 14, 19, 243, 1, 19, 34, 5117 }, // U+00F4
    { 14, 19, 243, 1, 19, 34, 5151 }, // U+00F5
    { 14, 19, 243, 1, 19, 34, 5185 }, // U+00F6
    { 12, 13, 227, 1, 13, 20, 5219 }, // U+00F7
    { 14, 15, 243, 1, 14, 27, 5239 }, // U+00F8
    { 12, 20, 236, 1, 20, 30, 5266 }, // U+00F9
    { 12, 20, 236, 1, 20, 30, 5296 }, // U+00FA
    { 12, 19, 236, 1, 19, 29, 5326 }, // U+00FB
    { 12, 19, 236, 1, 19, 29, 5355 }, // U+00FC
    { 14, 25, 219, 0, 20, 44, 5384 }, // U+00FD
    { 13, 24, 242, 1, 19, 39, 5428 }, // U+00FE
    { 14, 24, 219, 0, 19, 42, 5467 }, // U+00FF
    { 18, 23, 288, 0, 23, 52, 5509 }, // U+0100
    { 13, 19, 221, 0, 19, 31, 5561 }, // U+0101
    { 18, 23, 288, 0, 23, 52, 5592 }, // U+0102
    { 13, 19, 221, 0, 19, 31, 5644 }, // U+0103
    { 19, 23, 288, 0, 17, 55, 5675 }, // U+0104
    { 13, 19, 221, 0, 13, 31, 5730 }, // U+0105
    { 15, 24, 259, 1, 24, 45, 5761 }, // U+0106
    { 11, 20, 200, 1, 20, 28, 5806 }, // U+0107
    { 15, 23, 259, 1, 23, 44, 5834 }, // U+0108
    { 11, 19, 200, 1, 19, 27, 5878 }, // U+0109
    { 15, 23, 259, 1, 23, 44, 5905 }, // U+010A
    { 11, 19, 200, 1, 19, 27, 5949 }, // U+010B
    { 15, 24, 259, 1, 24, 45, 5976 }, // U+010C
    { 11, 20, 200, 1, 20, 28, 6021 }, // U+010D
    { 16, 24, 295, 2, 24, 48, 6049 }, // U+010E
    { 18, 19, 274, 1, 19, 43, 6097 }, // U+010F
    { 18, 17, 299, 0, 17, 39, 6140 }, // U+0110
    { 14, 19, 242, 1, 19, 34, 6179 }, // U+0111
    { 13, 23, 242, 2, 23, 38, 6213 }, // U+0112
    { 13, 19, 234, 1, 19, 31, 6251 }, // U+0113
    { 13, 23, 242, 2, 23, 38, 6282 }, // U+0114
    { 13, 19, 234, 1, 19, 31, 6320 }, // U+0115
    { 13, 23, 242, 2, 23, 38, 6351 }, // U+0116
    { 13, 19, 234, 1, 19, 31, 6389 }, // U+0117
    { 13, 23, 242, 2, 17, 38, 6420 }, // U+0118
    { 13, 18, 234, 1, 13, 30, 6458 }, // U+0119
    { 13, 24, 242, 2, 24, 39, 6488 }, // U+011A
    { 13, 20, 234, 1, 20, 33, 6527 }, // U+011B
    { 15, 23, 281, 1, 23, 44, 6560 }, // U+011C
    { 13, 24, 238, 1, 19, 39, 6604 }, // U+011D
    { 15, 23, 281, 1, 23, 44, 6643 }, // U+011E
    { 13, 24, 238, 1, 19, 39, 6687 }, // U+011F
    { 15, 23, 281, 1, 23, 44, 6726 }, // U+0120
    { 13, 24, 238, 1, 19, 39, 6770 }, // U+0121
    { 15, 22, 281, 1, 17, 42, 6809 }, // U+0122
    { 13, 25, 238, 1, 20, 41, 6851 }, // U+0123
    { 15, 23, 294, 2, 23, 44, 6892 }, // U+0124
    { 13, 25, 236, 1, 25, 41, 6936 }, // U+0125
    { 19, 17, 302, 0, 17, 41, 6977 }, // U+0126
    { 14, 19, 240, 0, 19, 34, 7018 }, // U+0127
    { 10, 23, 126, -1, 23, 29, 7052 }, // U+0128
    { 10, 19, 116, -1, 19, 24, 7081 }, // U+0129
    { 10, 23, 126, -1, 23, 29, 7105 }, // U+012A
    { 9, 19, 116, -1, 19, 22, 7134 }, // U+012B
    { 9, 23, 126, 0, 23, 26, 7156 }, // U+012C
    { 9, 19, 116, -1, 19, 22, 7182 }, // U+012D
    { 7, 23, 126, 0, 17, 21, 7204 }, // U+012E
    { 6, 25, 116, 0, 19, 19, 7225 }, // U+012F
    { 5, 23, 126, 1, 23, 15, 7244 }, // U+0130
    { 5, 13, 116, 1, 13, 9, 7259 }, // U+0131
    { 18, 17, 336, 2, 17, 39, 7268 }, // U+0132
    { 12, 24, 230, 1, 19, 36, 7307 }, // U+0133
    { 14, 23, 212, 0, 23, 41, 7343 }, // U+0134
    { 10, 24, 116, -2, 19, 30, 7384 }, // U+0135
    { 15, 22, 274, 2, 17, 42, 7414 }, // U+0136
    { 14, 24, 232, 1, 19, 42, 7456 }, // U+0137
    { 14, 13, 233, 1, 13, 23, 7498 }, // U+0138
    { 13, 24, 225, 1, 24, 39, 7521 }, // U+0139
    { 7, 24, 126, 1, 24, 21, 7560 }, // U+013A
    { 12, 22, 225, 2, 17, 33, 7581 }, // U+013B
    { 7, 24, 126, 1, 19, 21, 7614 }, // U+013C
    { 12, 17, 225, 2, 17, 26, 7635 }, // U+013D
    { 10, 19, 148, 1, 19, 24, 7661 }, // U+013E
    { 12, 17, 225, 2, 17, 26, 7685 }, // U+013F
    { 12, 19, 207, 1, 19, 29, 7711 }, // U+0140
    { 15, 17, 238, 0, 17, 32, 7740 }, // U+0141
    { 11, 19, 146, -1, 19, 27, 7772 }, // U+0142
    { 15, 24, 302, 2, 24, 45, 7799 }, // U+0143
    { 13, 20, 236, 1, 20, 33, 7844 }, // U+0144
    { 15, 22, 302, 2, 17, 42, 7877 }, // U+0145
    { 13, 18, 236, 1, 13, 30, 7919 }, // U+0146
    { 15, 24, 302, 2, 24, 45, 7949 }, // U+0147
    { 13, 20, 236, 1, 20, 33, 7994 }, // U+0148
    { 15, 19, 248, -1, 19, 36, 8027 }, // U+0149
    { 15, 22, 302, 2, 17, 42, 8063 }, // U+014A
    { 13, 18, 236, 1, 13, 30, 8105 }, // U+014B
    { 18, 23, 316, 1, 23, 52, 8135 }, // U+014C
    { 14, 19, 243, 1, 19, 34, 8187 }, // U+014D
    { 18, 23, 316, 1, 23, 52, 8221 }, // U+014E
    { 14, 19, 243, 1, 19, 34, 8273 }, // U+014F
    { 18, 24, 316, 1, 24, 54, 8307 }, // U+0150
    { 14, 20, 243, 1, 20, 35, 8361 }, // U+0151
    { 24, 17, 399, 1, 17, 51, 8396 }, // U+0152
    { 22, 13, 375, 1, 13, 36, 8447 }, // U+0153
    { 15, 24, 267, 2, 24, 45, 8483 }, // U+0154
    { 10, 20, 169, 1, 20, 25, 8528 }, // U+0155
    { 15, 22, 267, 2, 17, 42, 8553 }, // U+0156
    { 11, 18, 169, 0, 13, 25, 8595 }, // U+0157
    { 15, 24, 267, 2, 24, 45, 8620 }, // U+0158
    { 10, 20, 169, 1, 20, 25, 8665 }, // U+0159
    { 14, 24, 233, 0, 24, 42, 8690 }, // U+015A
    { 12, 20, 194, 0, 20, 30, 8732 }, // U+015B
    { 14, 23, 233, 0, 23, 41, 8762 }, // U+015C
    { 12, 19, 194, 0, 19, 29, 8803 }, // U+015D
    { 14, 22, 233, 0, 17, 39, 8832 }, // U+015E
    { 12, 18, 194, 0, 13, 27, 8871 }, // U+015F
    { 14, 24, 233, 0, 24, 42, 8898 }, // U+0160
    { 12, 20, 194, 0, 20, 30, 8940 }, // U+0161
    { 15, 23, 246, 0, 17, 44, 8970 }, // U+0162
    { 10, 22, 178, 1, 17, 28, 9014 }, // U+0163
    { 15, 24, 246, 0, 24, 45, 9042 }, // U+0164
    { 10, 19, 178, 1, 19, 24, 9087 }, // U+0165
    { 15, 17, 246, 0, 17, 32, 9111 }, // U+0166
    { 10, 17, 178, 1, 17, 22, 9143 }, // U+0167
    { 15, 23, 283, 1, 23, 44, 9165 }, // U+0168
    { 12, 19, 236, 1, 19, 29, 9209 }, // U+0169
    { 15, 23, 283, 1, 23, 44, 9238 }, // U+016A
    { 12, 19, 236, 1, 19, 29, 9282 }, // U+016B
    { 15, 23, 283, 1, 23, 44, 9311 }, // U+016C
    { 12, 19, 236, 1, 19, 29, 9355 }, // U+016D
    { 15, 23, 283, 1, 23, 44, 9384 }, // U+016E
    { 12, 20, 236, 1, 20, 30, 9428 }, // U+016F
    { 15, 24, 283, 1, 24, 45, 9458 }, // U+0170
    { 13, 20, 236, 1, 20, 33, 9503 }, // U+0171
    { 15, 22, 283, 1, 17, 42, 9536 }, // U+0172
    { 13, 18, 236, 1, 13, 30, 9578 }, // U+0173
    { 24, 23, 379, 0, 23, 69, 9608 }, // U+0174
    { 20, 19, 314, 0, 19, 48, 9677 }, // U+0175
    { 17, 23, 264, 0, 23, 49, 9725 }, // U+0176
    { 14, 24, 219, 0, 19, 42, 9774 }, // U+0177
    { 17, 23, 264, 0, 23, 49, 9816 }, // U+0178
    { 15, 24, 244, 0, 24, 45, 9865 }, // U+0179
    { 12, 20, 200, 0, 20, 30, 9910 }, // U+017A
    { 15, 23, 244, 0, 23, 44, 9940 }, // U+017B
    { 12, 19, 200, 0, 19, 29, 9984 }, // U+017C
    { 15, 24, 244, 0, 24, 45, 10013 }, // U+017D
    { 12, 20, 200, 0, 20, 30, 10058 }, // U+017E
    { 10, 19, 132, 1, 19, 24, 10088 }, // U+017F
    { 16, 17, 292, 1, 17, 34, 10112 }, // U+018F
    { 18, 19, 316, 1, 19, 43, 10146 }, // U+01A0
    { 15, 15, 243, 1, 15, 29, 10189 }, // U+01A1
    { 18, 20, 299, 1, 20, 45, 10218 }, // U+01AF
    { 15, 16, 250, 1, 16, 30, 10263 }, // U+01B0
    { 30, 24, 520, 2, 24, 90, 10293 }, // U+01C4
    { 28, 20, 486, 2, 20, 70, 10383 }, // U+01C5
    { 26, 20, 438, 1, 20, 65, 10453 }, // U+01C6
    { 24, 17, 436, 2, 17, 51, 10518 }, // U+01C7
    { 18, 24, 339, 2, 19, 54, 10569 }, // U+01C8
    { 13, 24, 241, 1, 19, 39, 10623 }, // U+01C9
    { 29, 17, 512, 2, 17, 62, 10662 }, // U+01CA
    { 23, 24, 417, 2, 19, 69, 10724 }, // U+01CB
    { 20, 24, 351, 1, 19, 60, 10793 }, // U+01CC
    { 18, 24, 288, 0, 24, 54, 10853 }, // U+01CD
    { 13, 20, 221, 0, 20, 33, 10907 }, // U+01CE
    { 8, 24, 126, 0, 24, 24, 10940 }, // U+01CF
    { 9, 20, 116, -1, 20, 23, 10964 }, // U+01D0
    { 18, 24, 316, 1, 24, 54, 10987 }, // U+01D1
    { 14, 20, 243, 1, 20, 35, 11041 }, // U+01D2
    { 15, 24, 283, 1, 24, 45, 11076 }, // U+01D3
    { 12, 20, 236, 1, 20, 30, 11121 }, // U+01D4
    { 15, 25, 283, 1, 25, 47, 11151 }, // U+01D5
    { 12, 21, 236, 1, 21, 32, 11198 }, // U+01D6
    { 15, 24, 283, 1, 24, 45, 11230 }, // U+01D7
    { 12, 22, 236, 1, 22, 33, 11275 }, // U+01D8
    { 15, 24, 283, 1, 24, 45, 11308 }, // U+01D9
    { 12, 22, 236, 1, 22, 33, 11353 }, // U+01DA
    { 15, 24, 283, 1, 24, 45, 11386 }, // U+01DB
    { 12, 22, 236, 1, 22, 33, 11431 }, // U+01DC
    { 13, 13, 234, 1, 13, 22, 11464 }, // U+01DD
    { 18, 25, 288, 0, 25, 57, 11486 }, // U+01DE
    { 13, 21, 221, 0, 21, 35, 11543 }, // U+01DF
    { 18, 25, 288, 0, 25, 57, 11578 }, // U+01E0
    { 13, 21, 221, 0, 21, 35, 11635 }, // U+01E1
    { 24, 23, 398, 0, 23, 69, 11670 }, // U+01E2
    { 21, 19, 350, 0, 19, 50, 11739 }, // U+01E3
    { 17, 17, 291, 1, 17, 37, 11789 }, // U+01E4
    { 14, 18, 241, 1, 13, 32, 11826 }, // U+01E5
    { 15, 24, 281, 1, 24, 45, 11858 }, // U+01E6
    { 13, 25, 238, 1, 20, 41, 11903 }, // U+01E7
    { 15, 24, 274, 2, 24, 45, 11944 }, // U+01E8
    { 14, 25, 232, 1, 25, 44, 11989 }, // U+01E9
    { 18, 22, 316, 1, 17, 50, 12033 }, // U+01EA
    { 14, 18, 243, 1, 13, 32, 12083 }, // U+01EB
    { 18, 28, 316, 1, 23, 63, 12115 }, // U+01EC
    { 14, 24, 243, 1, 19, 42, 12178 }, // U+01ED
    { 14, 24, 246, 0, 24, 42, 12220 }, // U+01EE
    { 12, 26, 206, 0, 21, 39, 12262 }, // U+01EF
    { 10, 25, 116, -2, 20, 32, 12301 }, // U+01F0
    { 30, 17, 520, 2, 17, 64, 12333 }, // U+01F1
    { 28, 17, 486, 2, 17, 60, 12397 }, // U+01F2
    { 26, 19, 438, 1, 19, 62, 12457 }, // U+01F3
    { 15, 24, 281, 1, 24, 45, 12519 }, // U+01F4
    { 13, 25, 238, 1, 20, 41, 12564 }, // U+01F5
    { 24, 17, 424, 2, 17, 51, 12605 }, // U+01F6
    { 14, 22, 268, 2, 17, 39, 12656 }, // U+01F7
    { 15, 24, 302, 2, 24, 45, 12695 }, // U+01F8
    { 13, 20, 236, 1, 20, 33, 12740 }, // U+01F9
    { 18, 26, 288, 0, 26, 59, 12773 }, // U+01FA
    { 13, 24, 221, 0, 24, 39, 12832 }, // U+01FB
    { 24, 24, 398, 0, 24, 72, 12871 }, // U+01FC
    { 21, 20, 350, 0, 20, 53, 12943 }, // U+01FD
    { 18, 25, 316, 1, 24, 57, 12996 }, // U+01FE
    { 14, 21, 243, 1, 20, 37, 13053 }, // U+01FF
    { 18, 24, 288, 0, 24, 54, 13090 }, // U+0200
    { 13, 20, 221, 0, 20, 33, 13144 }, // U+0201
    { 18, 23, 288, 0, 23, 52, 13177 }, // U+0202
    { 13, 19, 221, 0, 19, 31, 13229 }, // U+0203
    { 13, 24, 242, 2, 24, 39, 13260 }, // U+0204
    { 13, 20, 234, 1, 20, 33, 13299 }, // U+0205
    { 13, 23, 242, 2, 23, 38, 13332 }, // U+0206
    { 13, 19, 234, 1, 19, 31, 13370 }, // U+0207
    { 11, 24, 126, -2, 24, 33, 13401 }, // U+0208
    { 12, 20, 116, -3, 20, 30, 13434 }, // U+0209
    { 10, 23, 126, -1, 23, 29, 13464 }, // U+020A
    { 9, 19, 116, -1, 19, 22, 13493 }, // U+020B
    { 18, 24, 316, 1, 24, 54, 13515 }, // U+020C
    { 14, 20, 243, 1, 20, 35, 13569 }, // U+020D
    { 18, 23, 316, 1, 23, 52, 13604 }, // U+020E
    { 14, 19, 243, 1, 19, 34, 13656 }, // U+020F
    { 15, 24, 267, 2, 24, 45, 13690 }, // U+0210
    { 11, 20, 169, 0, 20, 28, 13735 }, // U+0211
    { 15, 23, 267, 2, 23, 44, 13763 }, // U+0212
    { 10, 19, 169, 1, 19, 24, 13807 }, // U+0213
    { 15, 24, 283, 1, 24, 45, 13831 }, // U+0214
    { 12, 20, 236, 1, 20, 30, 13876 }, // U+0215
    { 15, 23, 283, 1, 23, 44, 13906 }, // U+0216
    { 12, 19, 236, 1, 19, 29, 13950 }, // U+0217
    { 14, 22, 233, 0, 17, 39, 13979 }, // U+0218
    { 12, 18, 194, 0, 13, 27, 14018 }, // U+0219
    { 15, 22, 246, 0, 17, 42, 14045 }, // U+021A
    { 10, 22, 178, 1, 17, 28, 14087 }, // U+021B
    { 13, 22, 227, 0, 17, 36, 14115 }, // U+021C
    { 11, 18, 191, 0, 13, 25, 14151 }, // U+021D
    { 15, 24, 294, 2, 24, 45, 14176 }, // U+021E
    { 13, 25, 236, 1, 25, 41, 14221 }, // U+021F
    { 13, 15, 239, 1, 14, 25, 14262 }, // U+0259
    { 8, 5, 0, -14, 20, 5, 14287 }, // U+0300
    { 9, 5, 0, -10, 20, 6, 14292 }, // U+0301
    { 11, 5, 0, -6, 20, 7, 14298 }, // U+0302
    { 11, 4, 0, -14, 19, 6, 14305 }, // U+0303
    { 10, 3, 0, -5, 18, 4, 14311 }, // U+0304
    { 12, 4, 0, -6, 22, 6, 14315 }, // U+0305
    { 11, 5, 0, -5, 20, 7, 14321 }, // U+0306
    { 6, 5, 0, -3, 20, 4, 14328 }, // U+0307
    { 10, 4, 0, -5, 19, 5, 14332 }, // U+0308
    { 7, 7, 0, -11, 21, 7, 14337 }, // U+0309
    { 7, 6, 0, -4, 21, 6, 14344 }, // U+030A
    { 11, 5, 0, -4, 20, 7, 14350 }, // U+030B
    { 12, 5, 0, -6, 20, 8, 14357 }, // U+030C
    { 4, 6, 0, -2, 20, 3, 14365 }, // U+030D
    { 8, 6, 0, -4, 20, 6, 14368 }, // U+030E
    { 12, 5, 0, -15, 20, 8, 14374 }, // U+030F
    { 10, 7, 0, -5, 22, 9, 14382 }, // U+0310
    { 9, 4, 156, 0, 19, 5, 14391 }, // U+0311
    { 6, 7, 0, -3, 18, 6, 14396 }, // U+0312
    { 6, 7, 0, -3, 18, 6, 14402 }, // U+0313
    { 6, 7, 0, -3, 18, 6, 14408 }, // U+0314
    { 6, 7, 0, -3, 18, 6, 14414 }, // U+0315
    { 9, 5, 0, -5, 0, 6, 14420 }, // U+0316
    { 8, 5, 0, -4, 0, 5, 14426 }, // U+0317
    { 6, 6, 0, -3, 0, 5, 14431 }, // U+0318
    { 6, 6, 0, -3, 0, 5, 14436 }, // U+0319
    { 7, 6, 120, 0, 19, 6, 14441 }, // U+031A
    { 7, 6, 0, -3, 19, 6, 14447 }, // U+031B
    { 4, 6, 0, -2, 0, 3, 14453 }, // U+031C
    { 6, 5, 0, -3, -1, 4, 14456 }, // U+031D
    { 6, 5, 0, -3, -1, 4, 14460 }, // U+031E
    { 6, 6, 0, -3, 0, 5, 14464 }, // U+031F
    { 6, 3, 0, -3, -2, 3, 14469 }, // U+0320
    { 6, 8, 0, -6, 2, 6, 14472 }, // U+0321
    { 6, 8, 0, 0, 2, 6, 14478 }, // U+0322
    { 5, 5, 0, -11, -1, 4, 14484 }, // U+0323
    { 10, 4, 0, -5, -1, 5, 14488 }, // U+0324
    { 7, 6, 0, -4, 0, 6, 14493 }, // U+0325
    { 6, 5, 0, -3, -1, 4, 14499 }, // U+0326
    { 6, 6, 0, -3, 0, 5, 14503 }, // U+0327
    { 6, 7, 0, -3, 1, 6, 14508 }, // U+0328
    { 4, 6, 0, -2, 0, 3, 14514 }, // U+0329
    { 10, 5, 0, -5, -1, 7, 14517 }, // U+032A
    { 10, 4, 0, -5, -1, 5, 14524 }, // U+032B
    { 11, 5, 0, -5, 0, 7, 14529 }, // U+032C
    { 11, 5, 0, -6, 0, 7, 14536 }, // U+032D
    { 10, 5, 0, -5, 0, 7, 14543 }, // U+032E
    { 10, 5, 0, -5, -1, 7, 14550 }, // U+032F
    { 12, 4, 0, -6, -1, 6, 14557 }, // U+0330
    { 10, 3, 0, -5, -2, 4, 14563 }, // U+0331
    { 12, 2, 0, -6, -2, 3, 14567 }, // U+0332
    { 11, 6, 0, -6, 0, 9, 14570 }, // U+0333
    { 11, 4, 0, -5, 9, 6, 14579 }, // U+0334
    { 12, 4, 0, -6, 9, 6, 14585 }, // U+0335
    { 20, 4, 0, -10, 9, 10, 14591 }, // U+0336
    { 10, 8, 0, -5, 11, 10, 14601 }, // U+0337
    { 12, 21, 0, -6, 19, 32, 14611 }, // U+0338
    { 4, 6, 0, -2, 0, 3, 14643 }, // U+0339
    { 10, 5, 0, -5, -1, 7, 14646 }, // U+033A
    { 10, 6, 0, -5, 0, 8, 14653 }, // U+033B
    { 10, 4, 0, -5, -1, 5, 14661 }, // U+033C
    { 6, 6, 0, -3, 20, 5, 14666 }, // U+033D
    { 4, 8, 0, -2, 22, 4, 14671 }, // U+033E
    { 11, 6, 0, -6, 25, 9, 14675 }, // U+033F
    { 8, 5, 0, -6, 20, 5, 14684 }, // U+0340
    { 8, 5, 0, -2, 20, 5, 14689 }, // U+0341
    { 11, 4, 0, -5, 19, 6, 14694 }, // U+0342
    { 5, 6, 0, -3, 20, 4, 14700 }, // U+0343
    { 14, 5, 0, -6, 20, 9, 14704 }, // U+0344
    { 5, 5, 0, -1, -1, 4, 14713 }, // U+0345
    { 12, 6, 0, -6, 20, 9, 14717 }, // U+0346
    { 11, 6, 0, -6, 0, 9, 14726 }, // U+0347
    { 8, 6, 0, -4, 0, 6, 14735 }, // U+0348
    { 6, 5, 0, -3, -1, 4, 14741 }, // U+0349
    { 10, 6, 0, -5, 20, 8, 14745 }, // U+034A
    { 10, 11, 0, -5, 24, 14, 14753 }, // U+034B
    { 10, 7, 0, -5, 22, 9, 14767 }, // U+034C
    { 10, 6, 0, -5, 0, 8, 14776 }, // U+034D
    { 6, 6, 0, -3, 0, 5, 14784 }, // U+034E
    { 18, 18, 0, -9, 18, 41, 14789 }, // U+034F
    { 5, 6, 0, -3, 20, 4, 14830 }, // U+0350
    { 4, 7, 0, -2, 21, 4, 14834 }, // U+0351
    { 10, 7, 0, -5, 22, 9, 14838 }, // U+0352
    { 6, 6, 0, -3, 0, 5, 14847 }, // U+0353
    { 5, 5, 0, -3, -1, 4, 14852 }, // U+0354
    { 5, 5, 0, -3, -1, 4, 14856 }, // U+0355
    { 10, 5, 0, -5, -1, 7, 14860 }, // U+0356
    { 4, 7, 0, -2, 21, 4, 14867 }, // U+0357
    { 5, 5, 0, 2, 20, 4, 14871 }, // U+0358
    { 6, 6, 0, -3, 0, 5, 14875 }, // U+0359
    { 10, 6, 0, -5, 0, 8, 14880 }, // U+035A
    { 6, 6, 0, -3, 20, 5, 14888 }, // U+035B
    { 20, 5, 0, -10, -1, 13, 14893 }, // U+035C
    { 20, 5, 0, -10, 20, 13, 14906 }, // U+035D
    { 16, 2, 0, -8, 17, 4, 14919 }, // U+035E
    { 16, 2, 0, -8, -2, 4, 14923 }, // U+035F
    { 20, 4, 0, -10, 19, 10, 14927 }, // U+0360
    { 20, 6, 0, -10, 22, 15, 14937 }, // U+0361
    { 21, 6, 0, -10, 0, 16, 14952 }, // U+0362
    { 6, 7, 0, -3, 22, 6, 14968 }, // U+0363
    { 7, 7, 0, -3, 22, 7, 14974 }, // U+0364
    { 3, 9, 0, -1, 24, 4, 14981 }, // U+0365
    { 7, 7, 0, -3, 22, 7, 14985 }, // U+0366
    { 7, 6, 0, -3, 21, 6, 14992 }, // U+0367
    { 6, 7, 0, -3, 22, 6, 14998 }, // U+0368
    { 6, 9, 0, -3, 24, 7, 15004 }, // U+0369
    { 7, 9, 0, -3, 24, 8, 15011 }, // U+036A
    { 10, 7, 0, -5, 22, 9, 15019 }, // U+036B
    { 5, 7, 0, -2, 22, 5, 15028 }, // U+036C
    { 5, 8, 0, -2, 23, 5, 15033 }, // U+036D
    { 7, 6, 0, -3, 21, 6, 15038 }, // U+036E
    { 8, 6, 0, -4, 21, 6, 15044 }, // U+036F
    { 13, 24, 242, 2, 24, 39, 15050 }, // U+0400
    { 13, 23, 242, 2, 23, 38, 15089 }, // U+0401
    { 20, 17, 326, 0, 17, 43, 15127 }, // U+0402
    { 12, 24, 237, 2, 24, 36, 15170 }, // U+0403
    { 16, 17, 274, 1, 17, 34, 15206 }, // U+0404
    { 14, 17, 233, 0, 17, 30, 15240 }, // U+0405
    { 4, 17, 126, 2, 17, 9, 15270 }, // U+0406
    { 10, 23, 126, -1, 23, 29, 15279 }, // U+0407
    { 12, 17, 212, 0, 17, 26, 15308 }, // U+0408
    { 28, 17, 452, 0, 17, 60, 15334 }, // U+0409
    { 24, 17, 430, 2, 17, 51, 15394 }, // U+040A
    { 19, 17, 308, 0, 17, 41, 15445 }, // U+040B
    { 15, 24, 274, 2, 24, 45, 15486 }, // U+040C
    { 15, 24, 302, 2, 24, 45, 15531 }, // U+040D
    { 17, 24, 261, 0, 24, 51, 15576 }, // U+040E
    { 15, 22, 292, 2, 17, 42, 15627 }, // U+040F
    { 18, 17, 288, 0, 17, 39, 15669 }, // U+0410
    { 14, 17, 260, 2, 17, 30, 15708 }, // U+0411
    { 14, 17, 269, 2, 17, 30, 15738 }, // U+0412
    { 12, 17, 237, 2, 17, 26, 15768 }, // U+0413
    { 21, 22, 329, 0, 17, 58, 15794 }, // U+0414
    { 13, 17, 242, 2, 17, 28, 15852 }, // U+0415
    { 25, 17, 393, 0, 17, 54, 15880 }, // U+0416
    { 15, 17, 244, 0, 17, 32, 15934 }, // U+0417
    { 15, 17, 302, 2, 17, 32, 15966 }, // U+0418
    { 15, 24, 302, 2, 24, 45, 15998 }, // U+0419
    { 15, 17, 274, 2, 17, 32, 16043 }, // U+041A
    { 18, 17, 316, 0, 17, 39, 16075 }, // U+041B
    { 20, 17, 359, 1, 17, 43, 16114 }, // U+041C
    { 15, 17, 294, 2, 17, 32, 16157 }, // U+041D
    { 18, 17, 316, 1, 17, 39, 16189 }, // U+041E
    { 15, 17, 292, 2, 17, 32, 16228 }, // U+041F
    { 14, 17, 258, 2, 17, 30, 16260 }, // U+0420
    { 15, 17, 259, 1, 17, 32, 16290 }, // U+0421
    { 15, 17, 246, 0, 17, 32, 16322 }, // U+0422
    { 17, 17, 261, 0, 17, 37, 16354 }, // U+0423
    { 20, 18, 348, 1, 18, 45, 16391 }, // U+0424
    { 17, 17, 270, 0, 17, 37, 16436 }, // U+0425
    { 18, 22, 316, 2, 17, 50, 16473 }, // U+0426
    { 14, 17, 272, 1, 17, 30, 16523 }, // U+0427
    { 22, 17, 408, 2, 17, 47, 16553 }, // U+0428
    { 25, 22, 432, 2, 17, 69, 16600 }, // U+0429
    { 19, 17, 309, 0, 17, 41, 16669 }, // U+042A
    { 20, 17, 371, 2, 17, 43, 16710 }, // U+042B
    { 14, 17, 264, 2, 17, 30, 16753 }, // U+042C
    { 15, 17, 272, 1, 17, 32, 16783 }, // U+042D
    { 24, 17, 432, 2, 17, 51, 16815 }, // U+042E
    { 15, 17, 276, 1, 17, 32, 16866 }, // U+042F
    { 13, 13, 221, 0, 13, 22, 16898 }, // U+0430
    { 13, 19, 240, 1, 19, 31, 16920 }, // U+0431
    { 13, 13, 239, 1, 13, 22, 16951 }, // U+0432
    { 11, 13, 181, 1, 13, 18, 16973 }, // U+0433
    { 17, 17, 271, 0, 13, 37, 16991 }, // U+0434
    { 13, 13, 234, 1, 13, 22, 17028 }, // U+0435
    { 21, 13, 340, 0, 13, 35, 17050 }, // U+0436
    { 12, 13, 198, 0, 13, 20, 17085 }, // U+0437
    { 13, 13, 248, 1, 13, 22, 17105 }, // U+0438
    { 13, 20, 248, 1, 20, 33, 17127 }, // U+0439
    { 14, 13, 234, 1, 13, 23, 17160 }, // U+043A
    { 14, 13, 251, 0, 13, 23, 17183 }, // U+043B
    { 17, 13, 304, 1, 13, 28, 17206 }, // U+043C
    { 13, 13, 237, 1, 13, 22, 17234 }, // U+043D
    { 14, 13, 243, 1, 13, 23, 17256 }, // U+043E
    { 13, 13, 237, 1, 13, 22, 17279 }, // U+043F
    { 13, 18, 242, 1, 13, 30, 17301 }, // U+0440
    { 11, 13, 200, 1, 13, 18, 17331 }, // U+0441
    { 13, 13, 210, 0, 13, 22, 17349 }, // U+0442
    { 14, 18, 219, 0, 13, 32, 17371 }, // U+0443
    { 18, 24, 318, 1, 19, 54, 17403 }, // U+0444
    { 14, 13, 222, 0, 13, 23, 17457 }, // U+0445
    { 15, 17, 253, 1, 13, 32, 17480 }, // U+0446
    { 12, 13, 227, 1, 13, 20, 17512 }, // U+0447
    { 19, 13, 344, 1, 13, 31, 17532 }, // U+0448
    { 21, 17, 360, 1, 13, 45, 17563 }, // U+0449
    { 16, 13, 256, 0, 13, 26, 17608 }, // U+044A
    { 18, 13, 330, 1, 13, 30, 17634 }, // U+044B
    { 13, 13, 226, 1, 13, 22, 17664 }, // U+044C
    { 13, 13, 208, 0, 13, 22, 17686 }, // U+044D
    { 20, 13, 349, 1, 13, 33, 17708 }, // U+044E
    { 13, 13, 234, 0, 13, 22, 17741 }, // U+044F
    { 13, 20, 234, 1, 20, 33, 17763 }, // U+0450
    { 13, 19, 234, 1, 19, 31, 17796 }, // U+0451
    { 14, 24, 240, 0, 19, 42, 17827 }, // U+0452
    { 11, 20, 181, 1, 20, 28, 17869 }, // U+0453
    { 13, 13, 208, 0, 13, 22, 17897 }, // U+0454
    { 12, 13, 194, 0, 13, 20, 17919 }, // U+0455
    { 5, 19, 116, 1, 19, 12, 17939 }, // U+0456
    { 11, 19, 116, -2, 19, 27, 17951 }, // U+0457
    { 8, 24, 116, -2, 19, 24, 17978 }, // U+0458
    { 22, 13, 361, 0, 13, 36, 18002 }, // U+0459
    { 20, 13, 347, 1, 13, 33, 18038 }, // U+045A
    { 14, 19, 240, 0, 19, 34, 18071 }, // U+045B
    { 14, 20, 234, 1, 20, 35, 18105 }, // U+045C
    { 13, 20, 248, 1, 20, 33, 18140 }, // U+045D
    { 14, 25, 219, 0, 20, 44, 18173 }, // U+045E
    { 13, 17, 237, 1, 13, 28, 18217 }, // U+045F
    { 24, 18, 381, 0, 18, 54, 18245 }, // U+0460
    { 22, 14, 354, 0, 14, 39, 18299 }, // U+0461
    { 18, 19, 299, 0, 19, 43, 18338 }, // U+0462
    { 15, 19, 254, 0, 19, 36, 18381 }, // U+0463
    { 21, 20, 380, 2, 19, 53, 18417 }, // U+0464
    { 19, 15, 321, 1, 14, 36, 18470 }, // U+0465
    { 19, 18, 292, 0, 18, 43, 18506 }, // U+0466
    { 16, 14, 256, 0, 14, 28, 18549 }, // U+0467
    { 24, 18, 402, 2, 18, 54, 18577 }, // U+0468
    { 22, 14, 361, 1, 14, 39, 18631 }, // U+0469
    { 20, 18, 322, 0, 18, 45, 18670 }, // U+046A
    { 16, 14, 249, 0, 14, 28, 18715 }, // U+046B
    { 25, 18, 429, 2, 18, 57, 18743 }, // U+046C
    { 21, 14, 352, 1, 14, 37, 18800 }, // U+046D
    { 15, 28, 253, 0, 22, 53, 18837 }, // U+046E
    { 13, 23, 222, 0, 17, 38, 18890 }, // U+046F
    { 18, 18, 352, 2, 18, 41, 18928 }, // U+0470
    { 19, 25, 337, 1, 19, 60, 18969 }, // U+0471
    { 18, 17, 316, 1, 17, 39, 19029 }, // U+0472
    { 14, 13, 243, 1, 13, 23, 19068 }, // U+0473
    { 21, 17, 316, 0, 17, 45, 19091 }, // U+0474
    { 16, 13, 239, 0, 13, 26, 19136 }, // U+0475
    { 18, 24, 287, 0, 24, 54, 19162 }, // U+0476
    { 16, 20, 242, 0, 20, 40, 19216 }, // U+0477
    { 32, 25, 528, 1, 19, 100, 19256 }, // U+0478
    { 29, 20, 470, 1, 14, 73, 19356 }, // U+0479
    { 19, 22, 332, 1, 20, 53, 19429 }, // U+047A
    { 15, 18, 274, 1, 16, 34, 19482 }, // U+047B
    { 25, 28, 435, 1, 27, 88, 19516 }, // U+047C
    { 22, 24, 383, 1, 23, 66, 19604 }, // U+047D
    { 24, 23, 382, 0, 23, 69, 19670 }, // U+047E
    { 22, 19, 354, 0, 19, 53, 19739 }, // U+047F
    { 16, 25, 271, 1, 19, 50, 19792 }, // U+0480
    { 12, 20, 210, 1, 14, 30, 19842 }, // U+0481
    { 13, 17, 244, 1, 16, 28, 19872 }, // U+0482
    { 10, 5, 0, -12, 19, 7, 19900 }, // U+0483
    { 11, 4, 0, -12, 19, 6, 19907 }, // U+0484
    { 5, 6, 0, -9, 20, 4, 19913 }, // U+0485
    { 5, 6, 0, -9, 20, 4, 19917 }, // U+0486
    { 10, 4, 0, -5, 23, 5, 19921 }, // U+0487
    { 30, 27, 0, -15, 20, 102, 19926 }, // U+0488
    { 28, 28, 0, -14, 21, 98, 20028 }, // U+0489
    { 18, 29, 331, 2, 24, 66, 20126 }, // U+048A
    { 15, 24, 252, 1, 20, 45, 20192 }, // U+048B
    { 16, 17, 264, 0, 17, 34, 20237 }, // U+048C
    { 14, 14, 226, 0, 14, 25, 20271 }, // U+048D
    { 14, 17, 262, 2, 17, 30, 20296 }, // U+048E
    { 14, 18, 246, 1, 13, 32, 20326 }, // U+048F
    { 12, 20, 229, 2, 20, 30, 20358 }, // U+0490
    { 11, 16, 185, 1, 16, 22, 20388 }, // U+0491
    { 15, 17, 254, 1, 17, 32, 20410 }, // U+0492
    { 12, 13, 210, 1, 13, 20, 20442 }, // U+0493
    { 14, 22, 270, 2, 17, 39, 20462 }, // U+0494
    { 13, 18, 228, 1, 13, 30, 20501 }, // U+0495
    { 26, 21, 409, 0, 17, 69, 20531 }, // U+0496
    { 22, 17, 349, 0, 13, 47, 20600 }, // U+0497
    { 15, 22, 244, 0, 17, 42, 20647 }, // U+0498
    { 12, 18, 198, 0, 13, 27, 20689 }, // U+0499
    { 16, 22, 295, 2, 17, 44, 20716 }, // U+049A
    { 14, 17, 242, 1, 13, 30, 20760 }, // U+049B
    { 18, 17, 314, 2, 17, 39, 20790 }, // U+049C
    { 16, 13, 273, 1, 13, 26, 20829 }, // U+049D
    { 18, 18, 283, 0, 18, 41, 20855 }, // U+049E
    { 15, 14, 242, 0, 14, 27, 20896 }, // U+049F
    { 20, 17, 319, 0, 17, 43, 20923 }, // U+04A0
    { 17, 13, 263, 0, 13, 28, 20966 }, // U+04A1
    { 18, 22, 323, 2, 17, 50, 20994 }, // U+04A2
    { 15, 17, 254, 1, 13, 32, 21044 }, // U+04A3
    { 19, 17, 335, 2, 17, 41, 21076 }, // U+04A4
    { 16, 13, 261, 1, 13, 26, 21117 }, // U+04A5
    { 25, 22, 444, 2, 17, 69, 21143 }, // U+04A6
    { 20, 18, 349, 1, 13, 45, 21212 }, // U+04A7
    { 19, 21, 320, 1, 17, 50, 21257 }, // U+04A8
    { 15, 17, 253, 1, 13, 32, 21307 }, // U+04A9
    { 15, 22, 259, 1, 17, 42, 21339 }, // U+04AA
    { 11, 18, 200, 1, 13, 25, 21381 }, // U+04AB
    { 15, 22, 246, 0, 17, 42, 21406 }, // U+04AC
    { 13, 17, 202, 0, 13, 28, 21448 }, // U+04AD
    { 17, 17, 264, 0, 17, 37, 21476 }, // U+04AE
    { 14, 18, 220, 0, 13, 32, 21513 }, // U+04AF
    { 17, 17, 264, 0, 17, 37, 21545 }, // U+04B0
    { 14, 18, 220, 0, 13, 32, 21582 }, // U+04B1
    { 18, 22, 286, 0, 17, 50, 21614 }, // U+04B2
    { 15, 17, 235, 0, 13, 32, 21664 }, // U+04B3
    { 23, 22, 376, 0, 17, 64, 21696 }, // U+04B4
    { 17, 17, 279, 0, 13, 37, 21760 }, // U+04B5
    { 17, 22, 290, 1, 17, 47, 21797 }, // U+04B6
    { 15, 17, 236, 0, 13, 32, 21844 }, // U+04B7
    { 14, 17, 272, 1, 17, 30, 21876 }, // U+04B8
    { 13, 13, 225, 0, 13, 22, 21906 }, // U+04B9
    { 14, 17, 280, 2, 17, 30, 21928 }, // U+04BA
    { 13, 19, 236, 1, 19, 31, 21958 }, // U+04BB
    { 21, 17, 352, 0, 17, 45, 21989 }, // U+04BC
    { 17, 13, 283, 0, 13, 28, 22034 }, // U+04BD
    { 21, 21, 352, 0, 17, 56, 22062 }, // U+04BE
    { 17, 16, 283, 0, 13, 34, 22118 }, // U+04BF
    { 4, 17, 126, 2, 17, 9, 22152 }, // U+04C0
    { 25, 24, 393, 0, 24, 75, 22161 }, // U+04C1
    { 21, 20, 340, 0, 20, 53, 22236 }, // U+04C2
    { 15, 22, 281, 2, 17, 42, 22289 }, // U+04C3
    { 13, 18, 230, 1, 13, 30, 22331 }, // U+04C4
    { 21, 22, 332, 0, 17, 58, 22361 }, // U+04C5
    { 17, 17, 270, 0, 13, 37, 22419 }, // U+04C6
    { 15, 22, 294, 2, 17, 42, 22456 }, // U+04C7
    { 13, 18, 240, 1, 13, 30, 22498 }, // U+04C8
    { 18, 22, 314, 2, 17, 50, 22528 }, // U+04C9
    { 15, 17, 251, 1, 13, 32, 22578 }, // U+04CA
    { 14, 22, 272, 1, 17, 39, 22610 }, // U+04CB
    { 12, 17, 227, 1, 13, 26, 22649 }, // U+04CC
    { 23, 22, 381, 1, 17, 64, 22675 }, // U+04CD
    { 19, 17, 318, 1, 13, 41, 22739 }, // U+04CE
    { 5, 17, 116, 1, 17, 11, 22780 }, // U+04CF
    { 18, 24, 288, 0, 24, 54, 22791 }, // U+04D0
    { 13, 20, 221, 0, 20, 33, 22845 }, // U+04D1
    { 18, 23, 288, 0, 23, 52, 22878 }, // U+04D2
    { 13, 19, 221, 0, 19, 31, 22930 }, // U+04D3
    { 24, 17, 398, 0, 17, 51, 22961 }, // U+04D4
    { 21, 13, 350, 0, 13, 35, 23012 }, // U+04D5
    { 13, 24, 242, 2, 24, 39, 23047 }, // U+04D6
    { 13, 20, 234, 1, 20, 33, 23086 }, // U+04D7
    { 16, 17, 292, 1, 17, 34, 23119 }, // U+04D8
    { 13, 13, 234, 1, 13, 22, 23153 }, // U+04D9
    { 16, 23, 292, 1, 23, 46, 23175 }, // U+04DA
    { 13, 19, 234, 1, 19, 31, 23221 }, // U+04DB
    { 25, 23, 393, 0, 23, 72, 23252 }, // U+04DC
    { 21, 19, 340, 0, 19, 50, 23324 }, // U+04DD
    { 15, 23, 244, 0, 23, 44, 23374 }, // U+04DE
    { 12, 19, 198, 0, 19, 29, 23418 }, // U+04DF
    { 14, 17, 246, 0, 17, 30, 23447 }, // U+04E0
    { 12, 18, 206, 0, 13, 27, 23477 }, // U+04E1
    { 15, 23, 302, 2, 23, 44, 23504 }, // U+04E2
    { 13, 19, 248, 1, 19, 31, 23548 }, // U+04E3
    { 15, 23, 302, 2, 23, 44, 23579 }, // U+04E4
    { 13, 19, 248, 1, 19, 31, 23623 }, // U+04E5
    { 18, 23, 316, 1, 23, 52, 23654 }, // U+04E6
    { 14, 19, 243, 1, 19, 34, 23706 }, // U+04E7
    { 18, 17, 316, 1, 17, 39, 23740 }, // U+04E8
    { 14, 13, 243, 1, 13, 23, 23779 }, // U+04E9
    { 18, 23, 316, 1, 23, 52, 23802 }, // U+04EA
    { 14, 19, 243, 1, 19, 34, 23854 }, // U+04EB
    { 15, 23, 272, 1, 23, 44, 23888 }, // U+04EC
    { 13, 19, 208, 0, 19, 31, 23932 }, // U+04ED
    { 17, 23, 261, 0, 23, 49, 23963 }, // U+04EE
    { 14, 24, 219, 0, 19, 42, 24012 }, // U+04EF
    { 17, 23, 261, 0, 23, 49, 24054 }, // U+04F0
    { 14, 24, 219, 0, 19, 42, 24103 }, // U+04F1
    { 17, 24, 261, 0, 24, 51, 24145 }, // U+04F2
    { 14, 25, 219, 0, 20, 44, 24196 }, // U+04F3
    { 14, 23, 272, 1, 23, 41, 24240 }, // U+04F4
    { 12, 19, 227, 1, 19, 29, 24281 }, // U+04F5
    { 12, 22, 237, 2, 17, 33, 24310 }, // U+04F6
    { 11, 17, 181, 1, 13, 24, 24343 }, // U+04F7
    { 20, 23, 371, 2, 23, 58, 24367 }, // U+04F8
    { 18, 19, 330, 1, 19, 43, 24425 }, // U+04F9
    { 14, 25, 224, 0, 18, 44, 24468 }, // U+04FA
    { 12, 20, 196, 0, 14, 30, 24512 }, // U+04FB
    { 18, 25, 292, 0, 18, 57, 24542 }, // U+04FC
    { 16, 20, 258, 0, 14, 40, 24599 }, // U+04FD
    { 17, 18, 268, 0, 18, 39, 24639 }, // U+04FE
    { 15, 14, 231, 0, 14, 27, 24678 }, // U+04FF
    { 17, 15, 270, 0, 15, 32, 24705 }, // U+05D0
    { 15, 15, 238, 0, 15, 29, 24737 }, // U+05D1
    { 10, 16, 165, 0, 15, 20, 24766 }, // U+05D2
    { 14, 15, 228, 0, 15, 27, 24786 }, // U+05D3
    { 14, 15, 263, 1, 15, 27, 24813 }, // U+05D4
    { 7, 15, 135, 0, 15, 14, 24840 }, // U+05D5
    { 9, 15, 148, 0, 15, 17, 24854 }, // U+05D6
    { 16, 15, 275, 0, 15, 30, 24871 }, // U+05D7
    { 15, 15, 264, 1, 15, 29, 24901 }, // U+05D8
    { 7, 9, 133, 0, 15, 8, 24930 }, // U+05D9
    { 13, 20, 228, 0, 15, 33, 24938 }, // U+05DA
    { 13, 15, 211, 0, 15, 25, 24971 }, // U+05DB
    { 14, 19, 222, 0, 19, 34, 24996 }, // U+05DC
    { 15, 15, 281, 1, 15, 29, 25030 }, // U+05DD
    { 17, 15, 281, 0, 15, 32, 25059 }, // U+05DE
    { 7, 20, 142, 0, 15, 18, 25091 }, // U+05DF
    { 8, 15, 162, 1, 15, 15, 25109 }, // U+05E0
    { 16, 15, 272, 0, 15, 30, 25124 }, // U+05E1
    { 15, 18, 252, 0, 16, 34, 25154 }, // U+05E2
    { 14, 20, 262, 1, 15, 35, 25188 }, // U+05E3
    { 15, 15, 251, 0, 15, 29, 25223 }, // U+05E4
    { 14, 20, 235, 0, 15, 35, 25252 }, // U+05E5
    { 14, 15, 237, 0, 15, 27, 25287 }, // U+05E6
    { 15, 20, 262, 1, 15, 38, 25314 }, // U+05E7
    { 12, 15, 217, 0, 15, 23, 25352 }, // U+05E8
    { 18, 15, 315, 1, 15, 34, 25375 }, // U+05E9
    { 17, 15, 289, 0, 15, 32, 25409 }, // U+05EA
    { 5, 8, 129, 1, 7, 5, 25441 }, // U+060C
    { 7, 19, 136, 0, 18, 17, 25446 }, // U+061B
    { 13, 20, 205, 0, 19, 33, 25463 }, // U+061F
    { 11, 13, 188, 0, 11, 18, 25496 }, // U+0621
    { 10, 5, 116, 0, 4, 7, 25514 }, // U+0640
    { 7, 7, 0, 0, 21, 7, 25521 }, // U+0654
    { 6, 7, 229, 4, 11, 6, 25528 }, // U+0660
    { 6, 19, 229, 4, 18, 15, 25534 }, // U+0661
    { 13, 19, 229, 1, 18, 31, 25549 }, // U+0662
    { 14, 19, 229, 0, 18, 34, 25580 }, // U+0663
    { 12, 19, 229, 1, 18, 29, 25614 }, // U+0664
    { 12, 14, 229, 1, 14, 21, 25643 }, // U+0665
    { 13, 19, 229, 1, 18, 31, 25664 }, // U+0666
    { 15, 19, 229, 0, 18, 36, 25695 }, // U+0667
    { 15, 19, 229, 0, 18, 36, 25731 }, // U+0668
    { 12, 18, 229, 1, 18, 27, 25767 }, // U+0669
    { 18, 16, 296, 0, 10, 36, 25794 }, // U+06BA
    { 7, 3, 130, 1, 3, 3, 25830 }, // U+06D4
    { 11, 15, 188, 0, 14, 21, 25833 }, // U+06D5
    { 6, 7, 229, 4, 11, 6, 25854 }, // U+06F0
    { 6, 19, 229, 4, 18, 15, 25860 }, // U+06F1
    { 13, 19, 229, 1, 18, 31, 25875 }, // U+06F2
    { 14, 19, 229, 0, 18, 34, 25906 }, // U+06F3
    { 13, 19, 229, 1, 18, 31, 25940 }, // U+06F4
    { 14, 17, 229, 0, 17, 30, 25971 }, // U+06F5
    { 12, 18, 229, 1, 17, 27, 26001 }, // U+06F6
    { 15, 19, 229, 0, 18, 36, 26028 }, // U+06F7
    { 15, 19, 229, 0, 18, 36, 26064 }, // U+06F8
    { 12, 18, 229, 1, 18, 27, 26100 }, // U+06F9
    { 18, 24, 277, 0, 18, 54, 26127 }, // U+1EA0
    { 13, 20, 240, 1, 14, 33, 26181 }, // U+1EA1
    { 18, 25, 277, 0, 25, 57, 26214 }, // U+1EA2
    { 13, 22, 240, 1, 21, 36, 26271 }, // U+1EA3
    { 18, 25, 277, 0, 25, 57, 26307 }, // U+1EA4
    { 15, 22, 240, 1, 21, 42, 26364 }, // U+1EA5
    { 18, 25, 277, 0, 25, 57, 26406 }, // U+1EA6
    { 15, 22, 240, -1, 21, 42, 26463 }, // U+1EA7
    { 18, 26, 277, 0, 26, 59, 26505 }, // U+1EA8
    { 14, 23, 240, 1, 22, 41, 26564 }, // U+1EA9
    { 18, 27, 277, 0, 27, 61, 26605 }, // U+1EAA
    { 13, 24, 240, 1, 23, 39, 26666 }, // U+1EAB
    { 18, 30, 277, 0, 24, 68, 26705 }, // U+1EAC
    { 13, 26, 240, 1, 20, 43, 26773 }, // U+1EAD
    { 18, 26, 277, 0, 26, 59, 26816 }, // U+1EAE
    { 13, 23, 240, 1, 22, 38, 26875 }, // U+1EAF
    { 18, 26, 277, 0, 26, 59, 26913 }, // U+1EB0
    { 13, 23, 240, 1, 22, 38, 26972 }, // U+1EB1
    { 18, 27, 277, 0, 27, 61, 27010 }, // U+1EB2
    { 13, 23, 240, 1, 22, 38, 27071 }, // U+1EB3
    { 18, 27, 277, 0, 27, 61, 27109 }, // U+1EB4
    { 13, 24, 240, 1, 23, 39, 27170 }, // U+1EB5
    { 18, 30, 277, 0, 24, 68, 27209 }, // U+1EB6
    { 13, 26, 240, 1, 20, 43, 27277 }, // U+1EB7
    { 11, 24, 224, 2, 18, 33, 27320 }, // U+1EB8
    { 13, 20, 239, 1, 14, 33, 27353 }, // U+1EB9
    { 11, 25, 224, 2, 25, 35, 27386 }, // U+1EBA
    { 13, 22, 239, 1, 21, 36, 27421 }, // U+1EBB
    { 11, 23, 224, 2, 23, 32, 27457 }, // U+1EBC
    { 13, 20, 239, 1, 19, 33, 27489 }, // U+1EBD
    { 13, 25, 224, 2, 25, 41, 27522 }, // U+1EBE
    { 15, 22, 239, 1, 21, 42, 27563 }, // U+1EBF
    { 15, 25, 224, -2, 25, 47, 27605 }, // U+1EC0
    { 15, 22, 239, -1, 21, 42, 27652 }, // U+1EC1
    { 12, 26, 224, 2, 26, 39, 27694 }, // U+1EC2
    { 14, 23, 239, 1, 22, 41, 27733 }, // U+1EC3
    { 11, 27, 224, 2, 27, 38, 27774 }, // U+1EC4
    { 13, 24, 239, 1, 23, 39, 27812 }, // U+1EC5
    { 11, 30, 224, 2, 24, 42, 27851 }, // U+1EC6
    { 13, 26, 239, 1, 20, 43, 27893 }, // U+1EC7
    { 9, 25, 156, 0, 25, 29, 27936 }, // U+1EC8
    { 6, 21, 120, 1, 21, 16, 27965 }, // U+1EC9
    { 9, 24, 156, 0, 18, 27, 27981 }, // U+1ECA
    { 5, 26, 120, 1, 20, 17, 28008 }, // U+1ECB
    { 18, 25, 316, 1, 19, 57, 28025 }, // U+1ECC
    { 14, 20, 250, 1, 14, 35, 28082 }, // U+1ECD
    { 18, 26, 316, 1, 25, 59, 28117 }, // U+1ECE
    { 14, 22, 250, 1, 21, 39, 28176 }, // U+1ECF
    { 18, 26, 316, 1, 25, 59, 28215 }, // U+1ED0
    { 15, 22, 250, 1, 21, 42, 28274 }, // U+1ED1
    { 18, 26, 316, 1, 25, 59, 28316 }, // U+1ED2
    { 16, 22, 250, -1, 21, 44, 28375 }, // U+1ED3
    { 18, 27, 316, 1, 26, 61, 28419 }, // U+1ED4
    { 14, 23, 250, 1, 22, 41, 28480 }, // U+1ED5
    { 18, 28, 316, 1, 27, 63, 28521 }, // U+1ED6
    { 14, 24, 250, 1, 23, 42, 28584 }, // U+1ED7
    { 18, 30, 316, 1, 24, 68, 28626 }, // U+1ED8
    { 14, 26, 250, 1, 20, 46, 28694 }, // U+1ED9
    { 21, 25, 328, 1, 24, 66, 28740 }, // U+1EDA
    { 17, 21, 272, 1, 20, 45, 28806 }, // U+1EDB
    { 21, 25, 328, 1, 24, 66, 28851 }, // U+1EDC
    { 17, 21, 272, 1, 20, 45, 28917 }, // U+1EDD
    { 21, 26, 328, 1, 25, 69, 28962 }, // U+1EDE
    { 17, 22, 272, 1, 21, 47, 29031 }, // U+1EDF
    { 21, 24, 328, 1, 23, 63, 29078 }, // U+1EE0
    { 17, 20, 272, 1, 19, 43, 29141 }, // U+1EE1
    { 21, 25, 328, 1, 19, 66, 29184 }, // U+1EE2
    { 17, 22, 272, 1, 16, 47, 29250 }, // U+1EE3
    { 15, 24, 302, 2, 18, 45, 29297 }, // U+1EE4
    { 14, 20, 260, 1, 14, 35, 29342 }, // U+1EE5
    { 15, 26, 302, 2, 25, 49, 29377 }, // U+1EE6
    { 14, 22, 260, 1, 21, 39, 29426 }, // U+1EE7
    { 21, 25, 354, 2, 24, 66, 29465 }, // U+1EE8
    { 19, 21, 303, 1, 20, 50, 29531 }, // U+1EE9
    { 21, 25, 354, 2, 24, 66, 29581 }, // U+1EEA
    { 19, 21, 303, 1, 20, 50, 29647 }, // U+1EEB
    { 21, 26, 354, 2, 25, 69, 29697 }, // U+1EEC
    { 19, 22, 303, 1, 21, 53, 29766 }, // U+1EED
    { 21, 24, 354, 2, 23, 63, 29819 }, // U+1EEE
    { 19, 20, 303, 1, 19, 48, 29882 }, // U+1EEF
    { 21, 25, 354, 2, 19, 66, 29930 }, // U+1EF0
    { 19, 22, 303, 1, 16, 53, 29996 }, // U+1EF1
    { 17, 24, 264, 0, 24, 51, 30049 }, // U+1EF2
    { 14, 25, 219, 0, 20, 44, 30100 }, // U+1EF3
    { 16, 24, 250, 0, 18, 48, 30144 }, // U+1EF4
    { 15, 20, 228, 0, 14, 38, 30192 }, // U+1EF5
    { 16, 25, 250, 0, 25, 50, 30230 }, // U+1EF6
    { 15, 27, 228, 0, 21, 51, 30280 }, // U+1EF7
    { 16, 23, 250, 0, 23, 46, 30331 }, // U+1EF8
    { 15, 25, 228, 0, 19, 47, 30377 }, // U+1EF9
    { 0, 0, 200, 0, 0, 0, 30424 }, // U+2000
    { 0, 0, 400, 0, 0, 0, 30424 }, // U+2001
    { 0, 0, 200, 0, 0, 0, 30424 }, // U+2002
    { 0, 0, 400, 0, 0, 0, 30424 }, // U+2003
    { 0, 0, 133, 0, 0, 0, 30424 }, // U+2004
    { 0, 0, 100, 0, 0, 0, 30424 }, // U+2005
    { 0, 0, 67, 0, 0, 0, 30424 }, // U+2006
    { 0, 0, 229, 0, 0, 0, 30424 }, // U+2007
    { 0, 0, 112, 0, 0, 0, 30424 }, // U+2008
    { 0, 0, 66, 0, 0, 0, 30424 }, // U+2009
    { 0, 0, 40, 0, 0, 0, 30424 }, // U+200A
    { 0, 0, 0, 0, 0, 0, 30424 }, // U+200B
    { 0, 0, 0, 0, 0, 0, 30424 }, // U+200C
    { 0, 0, 0, 0, 0, 0, 30424 }, // U+200D
    { 7, 22, 0, -1, 18, 20, 30424 }, // U+200E
    { 7, 22, 0, -6, 18, 20, 30444 }, // U+200F
    { 8, 4, 128, 0, 9, 4, 30464 }, // U+2010
    { 8, 4, 128, 0, 9, 4, 30468 }, // U+2011
    { 13, 4, 231, 1, 11, 7, 30472 }, // U+2012
    { 13, 3, 200, 0, 9, 5, 30479 }, // U+2013
    { 25, 3, 400, 0, 9, 10, 30484 }, // U+2014
    { 25, 3, 400, 0, 9, 10, 30494 }, // U+2015
    { 10, 25, 220, 2, 19, 32, 30504 }, // U+2016
    { 12, 6, 164, -1, 0, 9, 30536 }, // U+2017
    { 5, 7, 97, 1, 19, 5, 30545 }, // U+2018
    { 6, 7, 97, 0, 19, 6, 30550 }, // U+2019
    { 6, 7, 97, 0, 4, 6, 30556 }, // U+201A
    { 6, 7, 87, 0, 18, 6, 30562 }, // U+201B
    { 10, 7, 182, 1, 19, 9, 30568 }, // U+201C
    { 11, 7, 182, 0, 19, 10, 30577 }, // U+201D
    { 11, 7, 182, 0, 4, 10, 30587 }, // U+201E
    { 11, 7, 178, 0, 18, 10, 30597 }, // U+201F
    { 12, 21, 198, 0, 17, 32, 30607 }, // U+2020
    { 12, 21, 198, 0, 17, 32, 30639 }, // U+2021
    { 9, 7, 146, 0, 12, 8, 30671 }, // U+2022
    { 9, 10, 150, 1, 14, 12, 30679 }, // U+2023
    { 5, 5, 200, 4, 4, 4, 30691 }, // U+2024
    { 13, 5, 230, 1, 4, 9, 30695 }, // U+2025
    { 23, 5, 400, 1, 5, 15, 30704 }, // U+2026
    { 5, 5, 112, 1, 9, 4, 30719 }, // U+2027
    { 0, 0, 240, 0, 0, 0, 30723 }, // U+2028
    { 0, 0, 240, 0, 0, 0, 30723 }, // U+2029
    { 7, 20, 0, -1, 16, 18, 30723 }, // U+202A
    { 7, 20, 0, -6, 16, 18, 30741 }, // U+202B
    { 6, 22, 0, -3, 18, 17, 30759 }, // U+202C
    { 6, 22, 0, -3, 18, 17, 30776 }, // U+202D
    { 6, 22, 0, -3, 18, 17, 30793 }, // U+202E
    { 0, 0, 66, 0, 0, 0, 30810 }, // U+202F
    { 33, 17, 528, 0, 17, 71, 30810 }, // U+2030
    { 41, 20, 667, 0, 19, 103, 30881 }, // U+2031
    { 7, 7, 121, 1, 18, 7, 30984 }, // U+2032
    { 13, 7, 210, 1, 18, 12, 30991 }, // U+2033
    { 18, 7, 298, 1, 18, 16, 31003 }, // U+2034
    { 7, 7, 169, 1, 18, 7, 31019 }, // U+2035
    { 13, 7, 257, 1, 18, 12, 31026 }, // U+2036
    { 18, 7, 346, 1, 18, 16, 31038 }, // U+2037
    { 10, 9, 163, 0, 3, 12, 31054 }, // U+2038
    { 8, 13, 131, 0, 14, 13, 31066 }, // U+2039
    { 8, 13, 131, 0, 14, 13, 31079 }, // U+203A
    { 19, 20, 340, 1, 19, 48, 31092 }, // U+203B
    { 12, 19, 228, 1, 18, 29, 31140 }, // U+203C
    { 12, 20, 191, 0, 19, 30, 31169 }, // U+203D
    { 14, 3, 200, -1, 22, 6, 31199 }, // U+203E
    { 15, 6, 244, 0, 0, 12, 31205 }, // U+203F
    { 15, 6, 244, 0, 20, 12, 31217 }, // U+2040
    { 11, 17, 170, 0, 11, 24, 31229 }, // U+2041
    { 28, 23, 448, 0, 19, 81, 31253 }, // U+2042
    { 7, 4, 128, 1, 9, 4, 31334 }, // U+2043
    { 14, 18, 61, -5, 18, 32, 31338 }, // U+2044
    { 7, 22, 132, 1, 18, 20, 31370 }, // U+2045
    { 7, 22, 132, 0, 18, 20, 31390 }, // U+2046
    { 24, 20, 380, 0, 19, 60, 31410 }, // U+2047
    { 18, 20, 305, 0, 19, 45, 31470 }, // U+2048
    { 18, 20, 305, 1, 19, 45, 31515 }, // U+2049
    { 13, 14, 235, 1, 14, 23, 31560 }, // U+204A
    { 14, 23, 259, 1, 19, 41, 31583 }, // U+204B
    { 14, 13, 262, 1, 14, 23, 31624 }, // U+204C
    { 14, 13, 262, 2, 14, 23, 31647 }, // U+204D
    { 13, 12, 217, 0, 7, 20, 31670 }, // U+204E
    { 6, 18, 114, 1, 14, 14, 31690 }, // U+204F
    { 15, 26, 240, 0, 20, 49, 31704 }, // U+2050
    { 13, 25, 217, 0, 19, 41, 31753 }, // U+2051
    { 11, 20, 169, 0, 19, 28, 31794 }, // U+2052
    { 24, 5, 400, 1, 10, 15, 31822 }, // U+2053
    { 15, 6, 240, 0, 0, 12, 31837 }, // U+2054
    { 14, 13, 224, 0, 13, 23, 31849 }, // U+2055
    { 13, 20, 232, 1, 19, 33, 31872 }, // U+2056
    { 23, 7, 374, 1, 18, 21, 31905 }, // U+2057
    { 20, 20, 349, 1, 19, 50, 31926 }, // U+2058
    { 20, 20, 349, 1, 19, 50, 31976 }, // U+2059
    { 5, 20, 114, 1, 19, 13, 32026 }, // U+205A
    { 15, 21, 277, 1, 20, 40, 32039 }, // U+205B
    { 21, 20, 341, 0, 19, 53, 32079 }, // U+205C
    { 5, 20, 112, 1, 19, 13, 32132 }, // U+205D
    { 5, 20, 114, 1, 19, 13, 32145 }, // U+205E
    { 0, 0, 89, 0, 0, 0, 32158 }, // U+205F
    { 0, 0, 240, 0, 0, 0, 32158 }, // U+2060
    { 0, 0, 240, 0, 0, 0, 32158 }, // U+2061
    { 0, 0, 240, 0, 0, 0, 32158 }, // U+2062
    { 0, 0, 240, 0, 0, 0, 32158 }, // U+2063
    { 0, 0, 240, 0, 0, 0, 32158 }, // U+2064
    { 0, 0, 0, 0, 0, 0, 32158 }, // U+2066
    { 0, 0, 0, 0, 0, 0, 32158 }, // U+2067
    { 0, 0, 0, 0, 0, 0, 32158 }, // U+2068
    { 0, 0, 0, 0, 0, 0, 32158 }, // U+2069
    { 6, 22, 0, -3, 18, 17, 32158 }, // U+206A
    { 6, 22, 0, -3, 18, 17, 32175 }, // U+206B
    { 6, 22, 0, -3, 18, 17, 32192 }, // U+206C
    { 6, 22, 0, -3, 18, 17, 32209 }, // U+206D
    { 6, 22, 0, -3, 18, 17, 32226 }, // U+206E
    { 6, 22, 0, -3, 18, 17, 32243 }, // U+206F
    { 9, 10, 145, 0, 18, 12, 32260 }, // U+2070
    { 3, 12, 78, 1, 19, 5, 32272 }, // U+2071
    { 9, 10, 145, 0, 18, 12, 32277 }, // U+2074
    { 9, 10, 145, 0, 18, 12, 32289 }, // U+2075
    { 9, 10, 145, 0, 18, 12, 32301 }, // U+2076
    { 9, 10, 145, 0, 18, 12, 32313 }, // U+2077
    { 9, 10, 145, 0, 18, 12, 32325 }, // U+2078
    { 9, 10, 145, 0, 18, 12, 32337 }, // U+2079
    { 9, 8, 144, 0, 19, 9, 32349 }, // U+207A
    { 9, 2, 144, 0, 16, 3, 32358 }, // U+207B
    { 9, 6, 144, 0, 18, 7, 32361 }, // U+207C
    { 5, 15, 97, 1, 23, 10, 32368 }, // U+207D
    { 5, 15, 97, 0, 23, 10, 32378 }, // U+207E
    { 9, 9, 169, 1, 16, 11, 32388 }, // U+207F
    { 9, 10, 145, 0, 11, 12, 32399 }, // U+2080
    { 7, 10, 145, 0, 11, 9, 32411 }, // U+2081
    { 9, 10, 145, 0, 11, 12, 32420 }, // U+2082
    { 8, 10, 145, 0, 11, 10, 32432 }, // U+2083
    { 9, 10, 145, 0, 11, 12, 32442 }, // U+2084
    { 9, 10, 145, 0, 11, 12, 32454 }, // U+2085
    { 9, 10, 145, 0, 11, 12, 32466 }, // U+2086
    { 9, 10, 145, 0, 11, 12, 32478 }, // U+2087
    { 9, 10, 145, 0, 11, 12, 32490 }, // U+2088
    { 9, 10, 145, 0, 11, 12, 32502 }, // U+2089
    { 9, 8, 144, 0, 6, 9, 32514 }, // U+208A
    { 9, 2, 144, 0, 3, 3, 32523 }, // U+208B
    { 9, 6, 144, 0, 5, 7, 32526 }, // U+208C
    { 5, 15, 97, 1, 9, 10, 32533 }, // U+208D
    { 5, 15, 97, 0, 9, 10, 32543 }, // U+208E
    { 9, 9, 156, 0, 6, 11, 32553 }, // U+2090
    { 9, 9, 155, 0, 6, 11, 32564 }, // U+2091
    { 10, 9, 162, 0, 6, 12, 32575 }, // U+2092
    { 10, 9, 150, 0, 6, 12, 32587 }, // U+2093
    { 9, 9, 155, 0, 6, 11, 32599 }, // U+2094
    { 9, 12, 169, 1, 9, 14, 32610 }, // U+2095
    { 10, 12, 158, 1, 9, 15, 32624 }, // U+2096
    { 3, 12, 78, 1, 9, 5, 32639 }, // U+2097
    { 14, 9, 254, 1, 6, 16, 32644 }, // U+2098
    { 9, 9, 169, 1, 6, 11, 32660 }, // U+2099
    { 9, 12, 164, 1, 6, 14, 32671 }, // U+209A
    { 8, 9, 130, 0, 6, 9, 32685 }, // U+209B
    { 7, 11, 110, 0, 8, 10, 32694 }, // U+209C
    { 14, 19, 229, 0, 19, 34, 32704 }, // U+20A0
    { 15, 21, 244, 0, 19, 40, 32738 }, // U+20A1
    { 14, 20, 229, 0, 19, 35, 32778 }, // U+20A2
    { 13, 18, 229, 0, 18, 30, 32813 }, // U+20A3
    { 13, 19, 229, 1, 19, 31, 32843 }, // U+20A4
    { 22, 20, 390, 1, 17, 55, 32874 }, // U+20A5
    { 15, 18, 229, 0, 18, 34, 32929 }, // U+20A6
    { 21, 19, 356, 1, 18, 50, 32963 }, // U+20A7
    { 22, 19, 367, 1, 18, 53, 33013 }, // U+20A8
    { 19, 18, 295, 0, 18, 43, 33066 }, // U+20A9
    { 19, 18, 368, 2, 18, 43, 33109 }, // U+20AA
    { 15, 23, 258, 1, 19, 44, 33152 }, // U+20AB
    { 14, 17, 227, 1, 17, 30, 33196 }, // U+20AC
    { 15, 18, 229, 0, 18, 34, 33226 }, // U+20AD
    { 14, 17, 227, 0, 17, 30, 33260 }, // U+20AE
    { 25, 25, 404, 0, 19, 79, 33290 }, // U+20AF
    { 14, 25, 244, 0, 19, 44, 33369 }, // U+20B0
    { 15, 18, 229, 0, 18, 34, 33413 }, // U+20B1
    { 16, 21, 294, 1, 19, 42, 33447 }, // U+20B2
    { 17, 18, 260, 0, 18, 39, 33489 }, // U+20B3
    { 14, 17, 227, 0, 17, 30, 33528 }, // U+20B4
    { 15, 21, 255, 1, 19, 40, 33558 }, // U+20B5
    { 17, 18, 278, 0, 17, 39, 33598 }, // U+20B6
    { 18, 21, 292, 0, 19, 48, 33637 }, // U+20B7
    { 14, 18, 229, 0, 18, 32, 33685 }, // U+20B8
    { 14, 17, 227, 1, 17, 30, 33717 }, // U+20B9
    { 14, 19, 229, 0, 18, 34, 33747 }, // U+20BA
    { 20, 20, 325, 0, 19, 50, 33781 }, // U+20BB
    { 20, 18, 350, 1, 18, 45, 33831 }, // U+20BC
    { 15, 18, 240, 0, 18, 34, 33876 }, // U+20BD
    { 18, 20, 316, 1, 20, 45, 33910 }, // U+20BE
    { 12, 24, 229, 2, 21, 36, 33955 }, // U+20BF
    { 12, 19, 210, 1, 14, 29, 33991 }, // U+20C0
    { 15, 18, 245, 0, 18, 34, 34020 }, // U+2202
    { 18, 17, 277, 0, 17, 39, 34054 }, // U+2206
    { 15, 21, 292, 2, 18, 40, 34093 }, // U+220F
    { 14, 20, 217, 0, 17, 35, 34133 }, // U+2211
    { 12, 3, 227, 1, 9, 5, 34168 }, // U+2212
    { 14, 18, 61, -5, 18, 32, 34173 }, // U+2215
    { 6, 5, 98, 0, 10, 4, 34205 }, // U+2219
    { 16, 18, 241, 0, 18, 36, 34209 }, // U+221A
    { 16, 8, 254, 0, 11, 16, 34245 }, // U+221E
    { 10, 25, 160, 0, 19, 32, 34261 }, // U+222B
    { 14, 11, 227, 0, 13, 20, 34293 }, // U+2248
    { 12, 14, 227, 1, 14, 21, 34313 }, // U+2260
    { 12, 15, 227, 1, 15, 23, 34334 }, // U+2264
    { 12, 15, 227, 1, 15, 23, 34357 }, // U+2265
    { 21, 19, 336, 1, 19, 50, 34380 }, // U+FB00
    { 16, 19, 283, 1, 19, 38, 34430 }, // U+FB01
    { 18, 19, 294, 1, 19, 43, 34468 }, // U+FB02
    { 26, 19, 451, 1, 19, 62, 34511 }, // U+FB03
    { 28, 19, 462, 1, 19, 67, 34573 }, // U+FB04
    { 18, 21, 313, 1, 20, 48, 34640 }, // U+FB05
    { 22, 21, 372, 1, 20, 58, 34688 }, // U+FB06
    { 25, 21, 410, 0, 12, 66, 34746 }, // U+FB56
    { 31, 19, 457, 0, 10, 74, 34812 }, // U+FB57
    { 8, 21, 144, 0, 12, 21, 34886 }, // U+FB58
    { 13, 18, 164, 0, 9, 30, 34907 }, // U+FB59
    { 25, 19, 410, 0, 18, 60, 34937 }, // U+FB66
    { 31, 19, 457, 0, 18, 74, 34997 }, // U+FB67
    { 8, 22, 127, 0, 21, 22, 35071 }, // U+FB68
    { 13, 19, 164, 0, 18, 31, 35093 }, // U+FB69
    { 17, 23, 275, 0, 13, 49, 35124 }, // U+FB7A
    { 21, 23, 304, 0, 13, 61, 35173 }, // U+FB7B
    { 16, 20, 252, 0, 11, 40, 35234 }, // U+FB7C
    { 19, 20, 262, 0, 11, 48, 35274 }, // U+FB7D
    { 12, 23, 207, 0, 22, 35, 35322 }, // U+FB88
    { 17, 23, 228, 0, 22, 49, 35357 }, // U+FB89
    { 11, 26, 164, -1, 20, 36, 35406 }, // U+FB8A
    { 15, 26, 180, -1, 20, 49, 35442 }, // U+FB8B
    { 11, 26, 164, -1, 20, 36, 35491 }, // U+FB8C
    { 15, 26, 180, -1, 20, 49, 35527 }, // U+FB8D
    { 23, 19, 364, 0, 18, 55, 35576 }, // U+FB8E
    { 26, 19, 381, 0, 18, 62, 35631 }, // U+FB8F
    { 12, 19, 182, 0, 18, 29, 35693 }, // U+FB90
    { 15, 19, 203, 0, 18, 36, 35722 }, // U+FB91
    { 23, 23, 364, 0, 22, 67, 35758 }, // U+FB92
    { 26, 23, 381, 0, 22, 75, 35825 }, // U+FB93
    { 13, 23, 182, -1, 22, 38, 35900 }, // U+FB94
    { 16, 23, 203, -1, 22, 46, 35938 }, // U+FB95
    { 18, 16, 296, 0, 10, 36, 35984 }, // U+FB9E
    { 23, 15, 322, 0, 9, 44, 36020 }, // U+FB9F
    { 11, 15, 188, 0, 14, 21, 36064 }, // U+FBA6
    { 17, 11, 234, 0, 10, 24, 36085 }, // U+FBA7
    { 7, 17, 127, 0, 12, 15, 36109 }, // U+FBA8
    { 15, 13, 206, 0, 6, 25, 36124 }, // U+FBA9
    { 19, 15, 308, 0, 14, 36, 36149 }, // U+FBAA
    { 20, 18, 274, 0, 12, 45, 36185 }, // U+FBAB
    { 16, 15, 256, 0, 14, 30, 36230 }, // U+FBAC
    { 17, 18, 228, 0, 12, 39, 36260 }, // U+FBAD
    { 23, 14, 377, 0, 13, 41, 36299 }, // U+FBAE
    { 17, 12, 224, 0, 4, 26, 36340 }, // U+FBAF
    { 23, 21, 377, 0, 20, 61, 36366 }, // U+FBB0
    { 17, 19, 224, 0, 11, 41, 36427 }, // U+FBB1
    { 21, 18, 328, 0, 12, 48, 36468 }, // U+FBFC
    { 22, 13, 320, 0, 7, 36, 36516 }, // U+FBFD
    { 8, 18, 144, 0, 12, 18, 36552 }, // U+FBFE
    { 13, 15, 164, 0, 9, 25, 36570 }, // U+FBFF
    { 11, 13, 188, 0, 11, 18, 36595 }, // U+FE80
    { 10, 23, 108, -2, 23, 29, 36613 }, // U+FE81
    { 12, 25, 127, -2, 24, 38, 36642 }, // U+FE82
    { 6, 25, 108, 0, 25, 19, 36680 }, // U+FE83
    { 10, 27, 127, 0, 26, 34, 36699 }, // U+FE84
    { 12, 24, 199, 0, 18, 36, 36733 }, // U+FE85
    { 16, 24, 210, 0, 18, 48, 36769 }, // U+FE86
    { 6, 27, 109, 1, 19, 21, 36817 }, // U+FE87
    { 9, 27, 127, 1, 19, 31, 36838 }, // U+FE88
    { 21, 19, 328, 0, 13, 50, 36869 }, // U+FE89
    { 22, 19, 320, 0, 13, 53, 36919 }, // U+FE8A
    { 7, 21, 127, 0, 20, 19, 36972 }, // U+FE8B
    { 12, 18, 154, 0, 17, 27, 36991 }, // U+FE8C
    { 5, 19, 109, 1, 19, 12, 37018 }, // U+FE8D
    { 9, 20, 127, 1, 19, 23, 37030 }, // U+FE8E
    { 25, 19, 410, 0, 12, 60, 37053 }, // U+FE8F
    { 31, 17, 457, 0, 10, 66, 37113 }, // U+FE90
    { 7, 18, 127, 0, 12, 16, 37179 }, // U+FE91
    { 12, 15, 154, 0, 9, 23, 37195 }, // U+FE92
    { 11, 21, 188, 0, 20, 29, 37218 }, // U+FE93
    { 16, 23, 222, 0, 22, 46, 37247 }, // U+FE94
    { 25, 16, 410, 0, 15, 50, 37293 }, // U+FE95
    { 31, 16, 457, 0, 15, 62, 37343 }, // U+FE96
    { 9, 19, 127, -1, 18, 22, 37405 }, // U+FE97
    { 13, 16, 164, 0, 15, 26, 37427 }, // U+FE98
    { 25, 19, 410, 0, 18, 60, 37453 }, // U+FE99
    { 31, 19, 457, 0, 18, 74, 37513 }, // U+FE9A
    { 8, 22, 127, 0, 21, 22, 37587 }, // U+FE9B
    { 13, 19, 164, 0, 18, 31, 37609 }, // U+FE9C
    { 17, 23, 275, 0, 13, 49, 37640 }, // U+FE9D
    { 21, 23, 296, 0, 13, 61, 37689 }, // U+FE9E
    { 16, 17, 252, 0, 11, 34, 37750 }, // U+FE9F
    { 19, 17, 262, 0, 11, 41, 37784 }, // U+FEA0
    { 17, 23, 275, 0, 13, 49, 37825 }, // U+FEA1
    { 21, 23, 296, 0, 13, 61, 37874 }, // U+FEA2
    { 16, 12, 252, 0, 11, 24, 37935 }, // U+FEA3
    { 19, 12, 262, 0, 11, 29, 37959 }, // U+FEA4
    { 17, 29, 275, 0, 19, 62, 37988 }, // U+FEA5
    { 21, 29, 296, 0, 19, 77, 38050 }, // U+FEA6
    { 16, 19, 252, 0, 18, 38, 38127 }, // U+FEA7
    { 19, 19, 262, 0, 18, 46, 38165 }, // U+FEA8
    { 12, 14, 207, 0, 13, 21, 38211 }, // U+FEA9
    { 17, 14, 228, 0, 13, 30, 38232 }, // U+FEAA
    { 12, 20, 207, 0, 19, 30, 38262 }, // U+FEAB
    { 17, 20, 228, 0, 19, 43, 38292 }, // U+FEAC
    { 10, 16, 164, -1, 10, 20, 38335 }, // U+FEAD
    { 15, 16, 180, -1, 10, 30, 38355 }, // U+FEAE
    { 10, 23, 164, -1, 17, 29, 38385 }, // U+FEAF
    { 15, 23, 180, -1, 17, 44, 38414 }, // U+FEB0
    { 33, 18, 548, 0, 12, 75, 38458 }, // U+FEB1
    { 38, 17, 576, 0, 11, 81, 38533 }, // U+FEB2
    { 23, 13, 380, 0, 12, 38, 38614 }, // U+FEB3
    { 28, 12, 408, 0, 11, 42, 38652 }, // U+FEB4
    { 33, 25, 548, 0, 19, 104, 38694 }, // U+FEB5
    { 38, 25, 576, 0, 19, 119, 38798 }, // U+FEB6
    { 23, 20, 380, 0, 19, 58, 38917 }, // U+FEB7
    { 28, 20, 408, 0, 19, 70, 38975 }, // U+FEB8
    { 35, 17, 569, 0, 11, 75, 39045 }, // U+FEB9
    { 39, 17, 577, 0, 11, 83, 39120 }, // U+FEBA
    { 24, 12, 390, 0, 11, 36, 39203 }, // U+FEBB
    { 28, 12, 402, 0, 11, 42, 39239 }, // U+FEBC
    { 35, 24, 569, 0, 18, 105, 39281 }, // U+FEBD
    { 39, 24, 577, 0, 18, 117, 39386 }, // U+FEBE
    { 24, 19, 390, 0, 18, 57, 39503 }, // U+FEBF
    { 28, 19, 402, 0, 18, 67, 39560 }, // U+FEC0
    { 21, 20, 338, 0, 19, 53, 39627 }, // U+FEC1
    { 24, 20, 344, 0, 19, 60, 39680 }, // U+FEC2
    { 18, 20, 295, 0, 19, 45, 39740 }, // U+FEC3
    { 22, 20, 305, 0, 19, 55, 39785 }, // U+FEC4
    { 21, 20, 338, 0, 19, 53, 39840 }, // U+FEC5
    { 24, 20, 344, 0, 19, 60, 39893 }, // U+FEC6
    { 18, 20, 295, 0, 19, 45, 39953 }, // U+FEC7
    { 22, 20, 305, 0, 19, 55, 39998 }, // U+FEC8
    { 17, 24, 228, 0, 14, 51, 40053 }, // U+FEC9
    { 17, 22, 228, 0, 12, 47, 40104 }, // U+FECA
    { 13, 14, 223, 0, 13, 23, 40151 }, // U+FECB
    { 17, 13, 221, -1, 12, 28, 40174 }, // U+FECC
    { 17, 31, 228, 0, 21, 66, 40202 }, // U+FECD
    { 17, 28, 228, 0, 18, 60, 40268 }, // U+FECE
    { 13, 20, 223, 0, 19, 33, 40328 }, // U+FECF
    { 17, 19, 221, -1, 18, 41, 40361 }, // U+FED0
    { 25, 22, 410, 0, 21, 69, 40402 }, // U+FED1
    { 30, 20, 446, 0, 19, 75, 40471 }, // U+FED2
    { 12, 22, 202, 0, 21, 33, 40546 }, // U+FED3
    { 16, 20, 212, 0, 19, 40, 40579 }, // U+FED4
    { 20, 23, 333, 0, 18, 58, 40619 }, // U+FED5
    { 24, 23, 342, 0, 16, 69, 40677 }, // U+FED6
    { 12, 22, 202, 0, 21, 33, 40746 }, // U+FED7
    { 16, 20, 212, 0, 19, 40, 40779 }, // U+FED8
    { 23, 20, 372, 0, 19, 58, 40819 }, // U+FED9
    { 27, 20, 390, 0, 19, 68, 40877 }, // U+FEDA
    { 12, 19, 182, 0, 18, 29, 40945 }, // U+FEDB
    { 15, 19, 203, 0, 18, 36, 40974 }, // U+FEDC
    { 18, 25, 296, 0, 19, 57, 41010 }, // U+FEDD
    { 22, 25, 316, 0, 19, 69, 41067 }, // U+FEDE
    { 7, 20, 119, 0, 19, 18, 41136 }, // U+FEDF
    { 11, 20, 138, 0, 19, 28, 41154 }, // U+FEE0
    { 13, 22, 219, 0, 12, 36, 41182 }, // U+FEE1
    { 19, 21, 264, 0, 11, 50, 41218 }, // U+FEE2
    { 14, 12, 233, 0, 11, 21, 41268 }, // U+FEE3
    { 18, 12, 250, 0, 11, 27, 41289 }, // U+FEE4
    { 18, 21, 296, 0, 15, 48, 41316 }, // U+FEE5
    { 23, 21, 322, 0, 15, 61, 41364 }, // U+FEE6
    { 7, 19, 127, 0, 18, 17, 41425 }, // U+FEE7
    { 12, 17, 154, 0, 16, 26, 41442 }, // U+FEE8
    { 11, 15, 188, 0, 14, 21, 41468 }, // U+FEE9
    { 16, 16, 222, 0, 15, 32, 41489 }, // U+FEEA
    { 16, 15, 256, 0, 14, 30, 41521 }, // U+FEEB
    { 17, 18, 228, 0, 12, 39, 41551 }, // U+FEEC
    { 12, 17, 199, 0, 11, 26, 41590 }, // U+FEED
    { 16, 17, 210, 0, 11, 34, 41616 }, // U+FEEE
    { 21, 18, 328, 0, 12, 48, 41650 }, // U+FEEF
    { 22, 13, 320, 0, 7, 36, 41698 }, // U+FEF0
    { 21, 24, 328, 0, 12, 63, 41734 }, // U+FEF1
    { 22, 19, 320, 0, 7, 53, 41797 }, // U+FEF2
    { 8, 18, 144, 0, 12, 18, 41850 }, // U+FEF3
    { 13, 15, 164, 0, 9, 25, 41868 }, // U+FEF4
    { 17, 21, 253, -2, 21, 45, 41893 }, // U+FEF5
    { 20, 22, 272, 0, 21, 55, 41938 }, // U+FEF6
    { 15, 23, 253, 0, 23, 44, 41993 }, // U+FEF7
    { 19, 24, 272, 1, 23, 57, 42037 }, // U+FEF8
    { 14, 27, 253, 1, 19, 48, 42094 }, // U+FEF9
    { 19, 27, 272, 1, 19, 65, 42142 }, // U+FEFA
    { 14, 19, 253, 1, 19, 34, 42207 }, // U+FEFB
    { 19, 20, 272, 1, 19, 48, 42241 }, // U+FEFC
    { 23, 23, 400, 1, 19, 67, 42289 }, // U+FFFD
};

static const EpdUnicodeInterval ubuntu_12_boldIntervals[] = {
    { 0x0, 0x0, 0x0 },
    { 0x8, 0x9, 0x1 },
    { 0xD, 0xD, 0x3 },
    { 0x1D, 0x1D, 0x4 },
    { 0x20, 0x7E, 0x5 },
    { 0xA0, 0x17F, 0x64 },
    { 0x18F, 0x18F, 0x144 },
    { 0x1A0, 0x1A1, 0x145 },
    { 0x1AF, 0x1B0, 0x147 },
    { 0x1C4, 0x21F, 0x149 },
    { 0x259, 0x259, 0x1A5 },
    { 0x300, 0x36F, 0x1A6 },
    { 0x400, 0x4FF, 0x216 },
    { 0x5D0, 0x5EA, 0x316 },
    { 0x60C, 0x60C, 0x331 },
    { 0x61B, 0x61B, 0x332 },
    { 0x61F, 0x61F, 0x333 },
    { 0x621, 0x621, 0x334 },
    { 0x640, 0x640, 0x335 },
    { 0x654, 0x654, 0x336 },
    { 0x660, 0x669, 0x337 },
    { 0x6BA, 0x6BA, 0x341 },
    { 0x6D4, 0x6D5, 0x342 },
    { 0x6F0, 0x6F9, 0x344 },
    { 0x1EA0, 0x1EF9, 0x34E },
    { 0x2000, 0x2064, 0x3A8 },
    { 0x2066, 0x2071, 0x40D },
    { 0x2074, 0x208E, 0x419 },
    { 0x2090, 0x209C, 0x434 },
    { 0x20A0, 0x20C0, 0x441 },
    { 0x2202, 0x2202, 0x462 },
    { 0x2206, 0x2206, 0x463 },
    { 0x220F, 0x220F, 0x464 },
    { 0x2211, 0x2212, 0x465 },
    { 0x2215, 0x2215, 0x467 },
    { 0x2219, 0x221A, 0x468 },
    { 0x221E, 0x221E, 0x46A },
    { 0x222B, 0x222B, 0x46B },
    { 0x2248, 0x2248, 0x46C },
    { 0x2260, 0x2260, 0x46D },
    { 0x2264, 0x2265, 0x46E },
    { 0xFB00, 0xFB06, 0x470 },
    { 0xFB56, 0xFB59, 0x477 },
    { 0xFB66, 0xFB69, 0x47B },
    { 0xFB7A, 0xFB7D, 0x47F },
    { 0xFB88, 0xFB95, 0x483 },
    { 0xFB9E, 0xFB9F, 0x491 },
    { 0xFBA6, 0xFBB1, 0x493 },
    { 0xFBFC, 0xFBFF, 0x49F },
    { 0xFE80, 0xFEFC, 0x4A3 },
    { 0xFFFD, 0xFFFD, 0x520 },
};

static const uint16_t ubuntu_12_boldKernLeftCodepoints[] = {
    0x0022, 0x0026, 0x0027, 0x0028, 0x0029, 0x002A, 0x002C, 0x002D, 0x002E, 0x002F, 0x003A, 0x003B,
    0x0040, 0x0041, 0x0042, 0x0043, 0x0044, 0x0045, 0x0046, 0x0047, 0x0048, 0x0049, 0x004A, 0x004B,
    0x004C, 0x004D, 0x004E, 0x004F, 0x0050, 0x0051, 0x0052, 0x0053, 0x0054, 0x0055, 0x0056, 0x0057,
    0x0058, 0x0059, 0x005A, 0x005B, 0x005C, 0x005D, 0x0061, 0x0062, 0x0063, 0x0064, 0x0066, 0x0067,
    0x0068, 0x0069, 0x006A, 0x006B, 0x006C, 0x006D, 0x006E, 0x006F, 0x0070, 0x0071, 0x0072, 0x0073,
    0x0074, 0x0075, 0x0076, 0x0077, 0x0078, 0x0079, 0x007A, 0x007B, 0x007D, 0x00A1, 0x00AB, 0x00BB,
    0x00BF, 0x00C0, 0x00C1, 0x00C2, 0x00C3, 0x00C4, 0x00C5, 0x00C6, 0x00C7, 0x00C8, 0x00C9, 0x00CA,
    0x00CB, 0x00CC, 0x00CD, 0x00CE, 0x00CF, 0x00D0, 0x00D1, 0x00D2, 0x00D3, 0x00D4, 0x00D5, 0x00D6,
    0x00D8, 0x00D9, 0x00DA, 0x00DB, 0x00DC, 0x00DD, 0x00DE, 0x00DF, 0x00E0, 0x00E1, 0x00E2, 0x00E3,
    0x00E4, 0x00E5, 0x00E7, 0x00EC, 0x00ED, 0x00EE, 0x00EF, 0x00F0, 0x00F1, 0x00F2, 0x00F3, 0x00F4,
    0x00F5, 0x00F6, 0x00F8, 0x00F9, 0x00FA, 0x00FB, 0x00FC, 0x00FD, 0x00FE, 0x00FF, 0x0100, 0x0101,
    0x0102, 0x0103, 0x0104, 0x0105, 0x0106, 0x0107, 0x0108, 0x0109, 0x010A, 0x010B, 0x010C, 0x010D,
    0x010E, 0x010F, 0x0110, 0x0111, 0x0112, 0x0114, 0x0116, 0x0118, 0x011A, 0x011C, 0x011D, 0x011E,
    0x011F, 0x0120, 0x0121, 0x0122, 0x0123, 0x0124, 0x0125, 0x0126, 0x0127, 0x0128, 0x0129, 0x012A,
    0x012B, 0x012C, 0x012D, 0x012E, 0x012F, 0x0130, 0x0131, 0x0132, 0x0133, 0x0134, 0x0135, 0x0136,
    0x0137, 0x0138, 0x0139, 0x013A, 0x013B, 0x013C, 0x013D, 0x013E, 0x013F, 0x0140, 0x0141, 0x0142,
    0x0143, 0x0144, 0x0145, 0x0146, 0x0147, 0x0148, 0x0149, 0x014A, 0x014B, 0x014C, 0x014D, 0x014E,
    0x014F, 0x0150, 0x0151, 0x0152, 0x0154, 0x0155, 0x0156, 0x0157, 0x0158, 0x0159, 0x015A, 0x015B,
    0x015C, 0x015D, 0x015E, 0x015F, 0x0160, 0x0161, 0x0162, 0x0163, 0x0164, 0x0165, 0x0166, 0x0167,
    0x0168, 0x0169, 0x016A, 0x016B, 0x016C, 0x016D, 0x016E, 0x016F, 0x0170, 0x0171, 0x0172, 0x0173,
    0x0174, 0x0175, 0x0176, 0x0177, 0x0178, 0x0179, 0x017A, 0x017B, 0x017C, 0x017D, 0x017E, 0x017F,
    0x018F, 0x01A0, 0x01C4, 0x01C5, 0x01C6, 0x01C7, 0x01C8, 0x01C9, 0x01CA, 0x01CB, 0x01CC, 0x01CD,
    0x01CE, 0x01CF, 0x01D0, 0x01D1, 0x01D2, 0x01D3, 0x01D4, 0x01D5, 0x01D6, 0x01D7, 0x01D8, 0x01D9,
    0x01DA, 0x01DB, 0x01DC, 0x01DD, 0x01DE, 0x01DF, 0x01E0, 0x01E1, 0x01E2, 0x01E4, 0x01E5, 0x01E6,
    0x01E7, 0x01E8, 0x01E9, 0x01EA, 0x01EB, 0x01EC, 0x01ED, 0x01EE, 0x01EF, 0x01F0, 0x01F1, 0x01F2,
    0x01F3, 0x01F4, 0x01F5, 0x01F6, 0x01F7, 0x01F8, 0x01F9, 0x01FA, 0x01FB, 0x01FC, 0x01FE, 0x01FF,
    0x0200, 0x0201, 0x0202, 0x0203, 0x0204, 0x0206, 0x0208, 0x0209, 0x020A, 0x020B, 0x020C, 0x020D,
    0x020E, 0x020F, 0x0210, 0x0211, 0x0212, 0x0213, 0x0214, 0x0215, 0x0216, 0x0217, 0x0218, 0x0219,
    0x021A, 0x021B, 0x021C, 0x021E, 0x021F, 0x0400, 0x0401, 0x0402, 0x0403, 0x0404, 0x0405, 0x0406,
    0x0407, 0x0408, 0x0409, 0x040A, 0x040B, 0x040C, 0x040D, 0x040E, 0x040F, 0x0410, 0x0411, 0x0412,
    0x0413, 0x0414, 0x0415, 0x0416, 0x0417, 0x0418, 0x0419, 0x041A, 0x041C, 0x041D, 0x041E, 0x041F,
    0x0420, 0x0421, 0x0422, 0x0423, 0x0424, 0x0425, 0x0426, 0x0428, 0x0429, 0x042A, 0x042B, 0x042C,
    0x042D, 0x042E, 0x0430, 0x0431, 0x0432, 0x0433, 0x0434, 0x0435, 0x0436, 0x0437, 0x043A, 0x043B,
    0x043C, 0x043D, 0x043E, 0x043F, 0x0440, 0x0441, 0x0442, 0x0443, 0x0444, 0x0445, 0x0446, 0x0447,
    0x0448, 0x0449, 0x044A, 0x044B, 0x044C, 0x044D, 0x044E, 0x044F, 0x0450, 0x0451, 0x0452, 0x0453,
    0x0454, 0x0455, 0x0456, 0x0457, 0x0458, 0x0459, 0x045A, 0x045B, 0x045C, 0x045E, 0x045F, 0x0460,
    0x0461, 0x0462, 0x0463, 0x0464, 0x0466, 0x0467, 0x0468, 0x0469, 0x046E, 0x0471, 0x0472, 0x0473,
    0x0474, 0x0475, 0x0476, 0x0477, 0x0478, 0x0479, 0x047A, 0x047B, 0x047C, 0x047D, 0x047E, 0x047F,
    0x0480, 0x048A, 0x048B, 0x048C, 0x048D, 0x048F, 0x0490, 0x0491, 0x0492, 0x0493, 0x0494, 0x0495,
    0x0496, 0x0497, 0x0498, 0x0499, 0x049A, 0x049B, 0x049C, 0x049D, 0x049E, 0x049F, 0x04A0, 0x04A1,
    0x04A2, 0x04A3, 0x04A4, 0x04A5, 0x04A6, 0x04A7, 0x04A8, 0x04A9, 0x04AA, 0x04AB, 0x04AC, 0x04AD,
    0x04AE, 0x04AF, 0x04B0, 0x04B1, 0x04B2, 0x04B3, 0x04B4, 0x04B5, 0x04B6, 0x04B7, 0x04BA, 0x04BB,
    0x04BC, 0x04BE, 0x04C0, 0x04C1, 0x04C2, 0x04C3, 0x04C4, 0x04C6, 0x04C7, 0x04C8, 0x04C9, 0x04CA,
    0x04CC, 0x04CD, 0x04CE, 0x04CF, 0x04D0, 0x04D1, 0x04D2, 0x04D3, 0x04D4, 0x04D5, 0x04D6, 0x04D7,
    0x04D8, 0x04DA, 0x04DC, 0x04DD, 0x04DE, 0x04DF, 0x04E0, 0x04E1, 0x04E2, 0x04E4, 0x04E6, 0x04E7,
    0x04E8, 0x04E9, 0x04EA, 0x04EB, 0x04EC, 0x04ED, 0x04EE, 0x04EF, 0x04F0, 0x04F1, 0x04F2, 0x04F3,
    0x04F6, 0x04F7, 0x04F8, 0x04F9, 0x04FA, 0x04FB, 0x04FC, 0x04FD, 0x04FE, 0x04FF, 0x05D0, 0x05D1,
    0x05D2, 0x05D3, 0x05D5, 0x05D6, 0x05D8, 0x05D9, 0x05DB, 0x05DC, 0x05DE, 0x05E0, 0x05E1, 0x05E2,
    0x05E4, 0x05E6, 0x05E8, 0x05E9, 0x05EA, 0x1EA0, 0x1EA2, 0x1EA4, 0x1EA6, 0x1EA8, 0x1EAA, 0x1EAC,
    0x1EAE, 0x1EB0, 0x1EB2, 0x1EB4, 0x1EB6, 0x1EB9, 0x1EBB, 0x1EBD, 0x1EBF, 0x1EC1, 0x1EC3, 0x1EC5,
    0x1EC7, 0x1ECC, 0x1ECD, 0x1ECE, 0x1ECF, 0x1ED0, 0x1ED1, 0x1ED2, 0x1ED3, 0x1ED4, 0x1ED5, 0x1ED6,
    0x1ED7, 0x1ED8, 0x1ED9, 0x1EDA, 0x1EDB, 0x1EDC, 0x1EDD, 0x1EDE, 0x1EDF, 0x1EE0, 0x1EE1, 0x1EE2,
    0x1EE3, 0x1EE4, 0x1EE6, 0x1EE8, 0x1EE9, 0x1EEA, 0x1EEB, 0x1EEC, 0x1EED, 0x1EEE, 0x1EEF, 0x1EF0,
    0x1EF1, 0x1EF2, 0x1EF3, 0x1EF4, 0x1EF6, 0x1EF8, 0x2013, 0x2014, 0x2018, 0x2019, 0x201A, 0x201C,
    0x201D, 0x201E, 0x2026, 0x2039, 0x203A, 0xFB00, 0xFB01, 0xFB02, 0xFB03, 0xFB04, 0xFB8C, 0xFEAD,
    0xFEAE, 0xFEAF,
};

static const uint8_t ubuntu_12_boldKernLeftClassIds[] = {
      1,   2,   1,   3,   4,   5,   6,   7,   6,   8,   9,   9,  10,  11,  12,  13,
     14,  15,  16,  17,  18,  18,  19,  20,  21,  22,  18,  23,  24,  25,  26,  27,
     28,  29,  30,  31,  32,  33,  34,  35,  36,  37,  38,  39,  40,  41,  42,  43,
     44,  45,  46,  47,  48,  49,  49,  50,  39,  51,  52,  53,  54,  55,  56,  57,
     58,  59,  60,  61,  62,  63,  64,  65,  66,  11,  11,  11,  11,  11,  11,  15,
     13,  15,  15,  15,  15,  18,  18,  18,  18,  14,  18,  23,  23,  23,  23,  23,
     23,  29,  29,  29,  29,  33,  67,  68,  38,  38,  38,  38,  38,  38,  40,  45,
     45,  45,  45,  69,  49,  50,  50,  50,  50,  50,  50,  55,  55,  55,  55,  59,
     70,  59,  11,  38,  11,  38,  11,  38,  13,  40,  13,  40,  13,  40,  13,  40,
     14,  71,  14,  41,  15,  15,  15,  15,  15,  17,  43,  17,  43,  17,  43,  17,
     43,  18,  44,  18,  44,  18,  45,  18,  45,  18,  45,  18,  45,  18,  45,  19,
     46,  19,  46,  20,  47,  47,  21,  48,  21,  48,  21,  71,  21,  48,  21,  48,
     18,  49,  18,  49,  18,  49,  49,  72,  73,  23,  50,  23,  50,  23,  50,  15,
     26,  52,  26,  52,  26,  52,  27,  53,  27,  53,  27,  53,  27,  53,  28,  54,
     28,  54,  28,  54,  29,  55,  29,  55,  29,  55,  29,  55,  29,  55,  29,  55,
     31,  57,  33,  59,  33,  34,  60,  34,  60,  34,  60,  42,  23,  74,  34,  60,
     60,  19,  46,  46,  19,  46,  46,  11,  38,  18,  45,  23,  50,  29,  55,  29,
     55,  29,  55,  29,  55,  29,  55,  50,  11,  38,  11,  38,  15,  17,  43,  17,
     43,  20,  47,  23,  50,  23,  50,  75,  76,  46,  34,  60,  60,  17,  43,  55,
     77,  18,  49,  11,  38,  15,  23,  50,  11,  38,  11,  38,  15,  15,  18,  45,
     18,  45,  23,  50,  23,  50,  26,  52,  26,  52,  29,  55,  29,  55,  27,  53,
     28,  54,  78,  18,  44,  79,  79,  80,  81,  82,  83,  18,  18,  84,  85,  85,
     86,  87,  18,  88,  18,  89,  80,  90,  81,  91,  79,  92,  93,  18,  18,  87,
     94,  18,  95,  18,  96,  82,  97,  88,  98,  99,  91,  18,  91,  85,  18,  85,
    100,  95, 101, 102, 103, 104, 105, 106, 107, 108, 109, 110, 111, 112, 113, 112,
    114, 115, 116, 117, 118, 119, 105, 112, 112, 105, 120, 112, 120, 121, 122, 123,
    106, 106, 124, 104, 125, 126, 127, 127, 128, 120, 120, 129, 109, 117, 130, 131,
    132,  80, 133, 134, 135, 136, 135, 136, 137, 138,  95, 113, 139, 140, 141, 132,
    142, 142, 131, 138, 131, 138, 131, 132, 134,  91, 105,  85, 120, 114,  81, 104,
     81, 104,  80, 143,  92, 107,  93, 108,  87, 109,  87, 109,  87, 109,  87, 109,
     91, 105,  97, 104,  85, 144, 145, 146,  82, 115,  97, 116, 147, 148, 147, 148,
     99, 119,  91, 105,  91, 105, 149, 150, 151, 151,  18,  92, 107, 152, 153, 105,
     84, 154,  91, 105, 112,  91, 105,  18,  89, 101,  89, 101, 155, 156,  79, 106,
    157, 157,  92, 107,  93, 108, 158, 159,  18,  18,  95, 113,  95, 113,  95, 113,
    100, 108,  88, 117,  88, 117,  88, 117,  81, 104,  18, 112, 160, 161, 134, 162,
    163, 162, 164, 165, 166, 167, 168, 169, 170, 171, 172, 173, 174, 175, 176, 177,
    178, 179, 180, 181, 182, 183, 183, 183, 183, 183, 183, 183, 183, 183, 183, 183,
    183, 184, 184, 184, 184, 184, 184, 184, 184, 185, 184, 185, 184, 185, 184, 185,
    184, 185, 184, 185, 184, 185, 184, 186, 187, 186, 187, 186, 187, 186, 187, 186,
    187, 188, 188, 189, 187, 189, 187, 189, 187, 189, 187, 189, 187,  33,  59, 190,
    190, 190,   7,   7, 191, 192, 193, 191, 192, 193,   6,  64,  65,  42,  45,  48,
     45,  48, 194, 194, 194, 194,
};

static const uint16_t ubuntu_12_boldKernRightCodepoints[] = {
    0x0021, 0x0022, 0x0026, 0x0027, 0x0028, 0x0029, 0x002A, 0x002C, 0x002D, 0x002E, 0x002F, 0x003A,
    0x003B, 0x003F, 0x0040, 0x0041, 0x0042, 0x0043, 0x0044, 0x0045, 0x0046, 0x0047, 0x0048, 0x0049,
    0x004A, 0x004B, 0x004C, 0x004D, 0x004E, 0x004F, 0x0050, 0x0051, 0x0052, 0x0053, 0x0054, 0x0055,
    0x0056, 0x0057, 0x0058, 0x0059, 0x005A, 0x005B, 0x005C, 0x005D, 0x0061, 0x0062, 0x0063, 0x0064,
    0x0065, 0x0066, 0x0067, 0x0068, 0x0069, 0x006A, 0x006B, 0x006C, 0x006D, 0x006E, 0x006F, 0x0070,
    0x0071, 0x0072, 0x0073, 0x0074, 0x0075, 0x0076, 0x0077, 0x0078, 0x0079, 0x007A, 0x007B, 0x007D,
    0x00AB, 0x00BB, 0x00C0, 0x00C1, 0x00C2, 0x00C3, 0x00C4, 0x00C5, 0x00C6, 0x00C7, 0x00C8, 0x00C9,
    0x00CA, 0x00CB, 0x00CC, 0x00CD, 0x00CE, 0x00CF, 0x00D0, 0x00D1, 0x00D2, 0x00D3, 0x00D4, 0x00D5,
    0x00D6, 0x00D8, 0x00D9, 0x00DA, 0x00DB, 0x00DC, 0x00DD, 0x00DF, 0x00E0, 0x00E1, 0x00E2, 0x00E3,
    0x00E4, 0x00E5, 0x00E6, 0x00E7, 0x00E8, 0x00E9, 0x00EA, 0x00EB, 0x00EC, 0x00ED, 0x00EE, 0x00EF,
    0x00F0, 0x00F1, 0x00F2, 0x00F3, 0x00F4, 0x00F5, 0x00F6, 0x00F8, 0x00F9, 0x00FA, 0x00FB, 0x00FC,
    0x00FD, 0x00FF, 0x0100, 0x0101, 0x0102, 0x0103, 0x0104, 0x0105, 0x0106, 0x0107, 0x0108, 0x0109,
    0x010A, 0x010B, 0x010C, 0x010D, 0x010E, 0x010F, 0x0111, 0x0112, 0x0113, 0x0114, 0x0115, 0x0116,
    0x0117, 0x0118, 0x0119, 0x011A, 0x011B, 0x011C, 0x011D, 0x011E, 0x011F, 0x0120, 0x0121, 0x0122,
    0x0123, 0x0124, 0x0125, 0x0126, 0x0127, 0x0128, 0x0129, 0x012A, 0x012B, 0x012C, 0x012D, 0x012E,
    0x012F, 0x0130, 0x0131, 0x0132, 0x0133, 0x0134, 0x0135, 0x0136, 0x0137, 0x0139, 0x013A, 0x013B,
    0x013C, 0x013D, 0x013E, 0x013F, 0x0140, 0x0141, 0x0142, 0x0143, 0x0144, 0x0145, 0x0146, 0x0147,
    0x0148, 0x0149, 0x014A, 0x014B, 0x014C, 0x014D, 0x014E, 0x014F, 0x0150, 0x0151, 0x0152, 0x0153,
    0x0154, 0x0155, 0x0156, 0x0157, 0x0158, 0x0159, 0x015A, 0x015B, 0x015C, 0x015D, 0x015E, 0x015F,
    0x0160, 0x0161, 0x0162, 0x0163, 0x0164, 0x0165, 0x0166, 0x0167, 0x0168, 0x0169, 0x016A, 0x016B,
    0x016C, 0x016D, 0x016E, 0x016F, 0x0170, 0x0171, 0x0172, 0x0173, 0x0174, 0x0175, 0x0176, 0x0177,
    0x0178, 0x0179, 0x017A, 0x017B, 0x017C, 0x017D, 0x017E, 0x017F, 0x018F, 0x01A0, 0x01A1, 0x01AF,
    0x01B0, 0x01C4, 0x01C5, 0x01C6, 0x01C7, 0x01C8, 0x01C9, 0x01CA, 0x01CB, 0x01CC, 0x01CD, 0x01CE,
    0x01CF, 0x01D0, 0x01D1, 0x01D2, 0x01D3, 0x01D4, 0x01D5, 0x01D6, 0x01D7, 0x01D8, 0x01D9, 0x01DA,
    0x01DB, 0x01DC, 0x01DD, 0x01DE, 0x01DF, 0x01E0, 0x01E1, 0x01E2, 0x01E3, 0x01E4, 0x01E5, 0x01E6,
    0x01E7, 0x01E8, 0x01E9, 0x01EA, 0x01EB, 0x01EC, 0x01ED, 0x01EE, 0x01F0, 0x01F1, 0x01F2, 0x01F3,
    0x01F4, 0x01F5, 0x01F8, 0x01F9, 0x01FA, 0x01FB, 0x01FC, 0x01FD, 0x01FE, 0x01FF, 0x0200, 0x0201,
    0x0202, 0x0203, 0x0204, 0x0205, 0x0206, 0x0207, 0x0208, 0x0209, 0x020A, 0x020B, 0x020C, 0x020D,
    0x020E, 0x020F, 0x0210, 0x0211, 0x0212, 0x0213, 0x0214, 0x0215, 0x0216, 0x0217, 0x0218, 0x0219,
    0x021A, 0x021B, 0x021C, 0x021D, 0x021E, 0x021F, 0x0402, 0x0404, 0x0405, 0x0408, 0x0409, 0x040B,
    0x040E, 0x0410, 0x0414, 0x0416, 0x0417, 0x041B, 0x041C, 0x041E, 0x0421, 0x0422, 0x0423, 0x0424,
    0x0425, 0x0427, 0x042D, 0x042F, 0x0430, 0x0431, 0x0432, 0x0433, 0x0434, 0x0435, 0x0436, 0x0437,
    0x0438, 0x0439, 0x043A, 0x043B, 0x043C, 0x043D, 0x043E, 0x043F, 0x0440, 0x0441, 0x0442, 0x0443,
    0x0444, 0x0445, 0x0446, 0x0447, 0x0448, 0x0449, 0x044A, 0x044B, 0x044C, 0x044D, 0x044E, 0x044F,
    0x0450, 0x0451, 0x0452, 0x0453, 0x0454, 0x0455, 0x0456, 0x0457, 0x0458, 0x0459, 0x045A, 0x045B,
    0x045C, 0x045D, 0x045E, 0x045F, 0x0460, 0x0461, 0x0462, 0x0463, 0x0465, 0x0466, 0x0467, 0x0469,
    0x046D, 0x046E, 0x0470, 0x0472, 0x0473, 0x0475, 0x0476, 0x0477, 0x0478, 0x0479, 0x047A, 0x047B,
    0x047C, 0x047D, 0x047E, 0x047F, 0x0480, 0x0481, 0x048B, 0x048D, 0x048F, 0x0491, 0x0493, 0x0495,
    0x0496, 0x0497, 0x0498, 0x0499, 0x049B, 0x049D, 0x049F, 0x04A1, 0x04A3, 0x04A5, 0x04A7, 0x04A8,
    0x04A9, 0x04AA, 0x04AB, 0x04AC, 0x04AD, 0x04AE, 0x04AF, 0x04B0, 0x04B1, 0x04B2, 0x04B3, 0x04B4,
    0x04B5, 0x04B6, 0x04B7, 0x04B8, 0x04B9, 0x04BB, 0x04BC, 0x04BD, 0x04BE, 0x04BF, 0x04C1, 0x04C2,
    0x04C4, 0x04C5, 0x04C6, 0x04C8, 0x04CA, 0x04CB, 0x04CC, 0x04CE, 0x04D0, 0x04D1, 0x04D2, 0x04D3,
    0x04D4, 0x04D5, 0x04D7, 0x04D8, 0x04D9, 0x04DA, 0x04DB, 0x04DC, 0x04DD, 0x04DE, 0x04DF, 0x04E0,
    0x04E1, 0x04E3, 0x04E5, 0x04E6, 0x04E7, 0x04E8, 0x04E9, 0x04EA, 0x04EB, 0x04EC, 0x04ED, 0x04EE,
    0x04EF, 0x04F0, 0x04F1, 0x04F2, 0x04F3, 0x04F4, 0x04F5, 0x04F7, 0x04F9, 0x04FA, 0x04FC, 0x04FD,
    0x04FE, 0x04FF, 0x05D0, 0x05D1, 0x05D2, 0x05D3, 0x05D4, 0x05D6, 0x05D7, 0x05D8, 0x05D9, 0x05DA,
    0x05DB, 0x05DC, 0x05DD, 0x05DE, 0x05E1, 0x05E2, 0x05E3, 0x05E4, 0x05E5, 0x05E7, 0x05E8, 0x05E9,
    0x05EA, 0x06D5, 0x1EA0, 0x1EA1, 0x1EA2, 0x1EA3, 0x1EA4, 0x1EA5, 0x1EA6, 0x1EA7, 0x1EA8, 0x1EA9,
    0x1EAA, 0x1EAB, 0x1EAC, 0x1EAD, 0x1EAE, 0x1EAF, 0x1EB0, 0x1EB1, 0x1EB2, 0x1EB3, 0x1EB4, 0x1EB5,
    0x1EB6, 0x1EB7, 0x1EB9, 0x1EBB, 0x1EBD, 0x1EBF, 0x1EC1, 0x1EC3, 0x1EC5, 0x1EC7, 0x1ECC, 0x1ECD,
    0x1ECE, 0x1ECF, 0x1ED0, 0x1ED1, 0x1ED2, 0x1ED3, 0x1ED4, 0x1ED5, 0x1ED6, 0x1ED7, 0x1ED8, 0x1ED9,
    0x1EDA, 0x1EDB, 0x1EDC, 0x1EDD, 0x1EDE, 0x1EDF, 0x1EE0, 0x1EE1, 0x1EE2, 0x1EE3, 0x1EE5, 0x1EE7,
    0x1EE9, 0x1EEB, 0x1EED, 0x1EEF, 0x1EF1, 0x1EF2, 0x1EF3, 0x1EF4, 0x1EF5, 0x1EF6, 0x1EF7, 0x1EF8,
    0x1EF9, 0x2013, 0x2014, 0x2018, 0x2019, 0x201A, 0x201C, 0x201D, 0x201E, 0x2026, 0x2039, 0x203A,
    0xFB00, 0xFB01, 0xFB02, 0xFB03, 0xFB04, 0xFB8E, 0xFBA6, 0xFBAA, 0xFE8D, 0xFEA3, 0xFEA9, 0xFEB1,
    0xFEB3, 0xFEB9, 0xFEBB, 0xFEC1, 0xFEC3, 0xFEC9, 0xFECB, 0xFECD, 0xFEDB, 0xFEDF, 0xFEE1, 0xFEE3,
    0xFEEB,
};

static const uint8_t ubuntu_12_boldKernRightClassIds[] = {
      1,   2,   3,   2,   4,   5,   6,   7,   8,   7,   9,  10,  10,  11,  12,  13,
     14,  15,  14,  14,  14,  16,  14,  14,  17,  14,  14,  18,  14,  19,  14,  19,
     14,  20,  21,  22,  23,  24,  25,  26,  27,  28,  29,  30,  31,  32,  33,  34,
     33,  35,  33,  36,  37,  38,  36,  36,  39,  39,  34,  39,  33,  39,  40,  41,
     42,  43,  44,  45,  46,  47,  48,  49,  50,  51,  13,  13,  13,  13,  13,  13,
     52,  15,  14,  14,  14,  14,  14,  14,  14,  14,  14,  14,  19,  19,  19,  19,
     19,  19,  22,  22,  22,  22,  26,  53,  31,  31,  31,  31,  54,  31,  31,  33,
     33,  33,  33,  33,  55,  37,  56,  57,  58,  39,  34,  34,  34,  34,  34,  34,
     42,  42,  42,  42,  46,  46,  13,  31,  13,  31,  13,  31,  15,  33,  15,  33,
     15,  33,  15,  33,  14,  34,  34,  14,  33,  14,  33,  14,  33,  14,  33,  14,
     33,  16,  33,  16,  33,  16,  33,  16,  33,  14,  36,  14,  36,  14,  59,  14,
     60,  14,  61,  14,  37,  14,  37,  14,  37,  17,  38,  14,  36,  14,  36,  14,
     36,  14,  36,  14,  36,  14,  36,  14,  39,  14,  39,  14,  39,  39,  62,  63,
     19,  34,  19,  34,  19,  34,  19,  34,  14,  39,  14,  39,  14,  39,  20,  40,
     20,  40,  20,  40,  20,  40,  21,  41,  21,  41,  21,  41,  22,  42,  22,  42,
     22,  42,  22,  42,  22,  42,  22,  42,  24,  44,  26,  46,  26,  27,  47,  27,
     47,  27,  47,  35,  64,  19,  34,  22,  42,  14,  14,  34,  14,  14,  36,  14,
     14,  39,  13,  31,  14,  37,  19,  34,  22,  42,  22,  42,  22,  42,  22,  42,
     22,  42,  65,  13,  31,  13,  31,  52,  31,  16,  33,  16,  33,  14,  36,  19,
     34,  19,  34,  66,  38,  14,  14,  34,  16,  33,  14,  39,  13,  31,  52,  31,
     19,  34,  13,  31,  13,  31,  14,  33,  14,  33,  14,  37,  14,  37,  19,  34,
     19,  34,  14,  39,  14,  39,  22,  42,  22,  42,  20,  40,  21,  41,  67,  68,
     14,  36,  69,  70,  71,  72,  73,  69,  74,  75,  76,  77,  78,  73,  79,  80,
     70,  69,  74,  81,  82,  83,  84,  85,  86,  87,  88,  89,  90,  91,  92,  93,
     89,  89,  89,  94,  95,  89,  96,  89,  97,  98,  99, 100, 101, 102,  89, 103,
     89, 104, 105,  89,  89, 106, 107, 108,  91,  91, 109,  89, 110, 111, 112, 113,
    114,  94,  89, 115,  89,  89, 100, 104, 116, 117,  69, 118, 119, 120, 121, 119,
    119, 122, 123,  80,  96, 100, 124, 117, 116, 125, 116, 125, 116, 125, 116, 117,
    116, 125,  89, 126,  97,  89,  89,  89,  77,  92,  78,  93,  89,  89,  89,  89,
     89,  89,  89, 127, 128,  70,  98,  69,  99, 129, 130, 129, 130,  82, 102,  69,
     99,  83, 103,  83, 103, 131, 132, 133, 132, 133,  77,  92,  89,  73,  94,  89,
     89,  83, 103,  95,  75,  86,  75,  86, 134, 135,  91, 136, 137, 136, 137,  77,
     92,  78,  93, 138, 139,  89,  89,  80,  96,  80,  96,  80,  96,  84,  93,  74,
    100,  74, 100,  74, 100,  83, 103,  89,  89, 140, 141, 142, 141, 142, 143, 144,
    145, 146, 147, 148, 149, 150, 151, 152, 153, 154, 155, 156, 157, 158, 159, 160,
    161, 162, 163, 164, 165, 166, 167, 168, 167, 168, 167, 168, 167, 168, 167, 168,
    167, 168, 167, 168, 167, 168, 167, 168, 167, 168, 167, 168, 167, 168, 169, 169,
    169, 169, 169, 169, 169, 169, 170, 169, 170, 169, 170, 169, 170, 169, 170, 169,
    170, 169, 170, 169, 170, 169, 170, 169, 170, 169, 170, 169, 170, 169, 171, 171,
    171, 171, 171, 171, 171,  26,  46, 172, 173, 172, 173, 172, 173,   8,   8, 174,
    175, 176, 174, 175, 176,   7,  50,  51,  35,  35,  35,  35,  35, 166, 166, 166,
    177, 166, 178, 178, 178, 178, 178, 178, 178, 179, 177, 179, 166, 177, 166, 166,
    166,
};

static const uint16_t ubuntu_12_boldKernRowOffsets[] = {
        0,    29,    47,   121,   151,   198,   255,   312,   386,   411,   437,   479,   503,   541,   562,   580,
      616,   628,   629,   637,   682,   724,   733,   754,   782,   802,   836,   856,   907,   916,   962,  1003,
     1051,  1102,  1139,  1225,  1251,  1264,  1277,  1295,  1314,  1326,  1357,  1369,  1382,  1393,  1405,  1431,
     1450,  1463,  1481,  1494,  1517,  1526,  1544,  1555,  1575,  1596,  1620,  1640,  1659,  1704,  1729,  1733,
     1753,  1796,  1839,  1862,  1878,  1889,  1901,  1934,  1935,  1940,  1943,  1948,  1949,  1956,  1959,  1969,
     1992,  2049,  2091,  2115,  2121,  2149,  2167,  2221,  2275,  2322,  2341,  2373,  2426,  2444,  2457,  2479,
     2510,  2558,  2586,  2641,  2663,  2673,  2680,  2689,  2707,  2728,  2742,  2773,  2781,  2813,  2819,  2826,
     2832,  2847,  2861,  2876,  2894,  2911,  2932,  2962,  2979,  2992,  3007,  3013,  3023,  3031,  3038,  3041,
     3047,  3059,  3065,  3071,  3072,  3091,  3092,  3095,  3097,  3098,  3102,  3156,  3179,  3184,  3188,  3199,
     3217,  3234,  3246,  3304,  3320,  3337,  3349,  3360,  3376,  3389,  3393,  3400,  3410,  3428,  3441,  3450,
     3456,  3458,  3459,  3462,  3468,  3473,  3480,  3491,  3497,  3498,  3507,  3518,  3524,  3534,  3539,  3542,
     3549,  3551,  3558,  3565,  3575,  3582,  3592,  3594,  3595,  3597,  3599,  3600,  3601,  3606,  3611,  3665,
     3740,  3775,  3779,
};

static const uint8_t ubuntu_12_boldKernSparseCols[] = {
     12,  16,  22,  23,  51,  68,  71,  72,  74,  75,  80,  82,  85,  89,  90,  93,
     94,  95,  97, 100, 107, 108, 109, 110, 114, 127, 133, 134, 136,  12,  14,  15,
     16,  18,  20,  22,  23,  24,  25,  30,  32,  33,  42,  43,  44,  45,  53,   3,
      4,   5,   7,  11,  14,  15,  18,  20,  22,  23,  24,  25,  26,  30,  32,  33,
     34,  36,  37,  38,  39,  41,  42,  43,  45,  52,  53,  54,  55,  56,  57,  58,
     59,  60,  68,  69,  70,  73,  75,  76,  79,  80,  81,  85,  86,  87,  88,  89,
     90,  94,  95,  97,  99, 100, 102, 103, 106, 108, 109, 110, 111, 112, 113, 114,
    126, 127, 128, 132, 133, 134, 135, 136, 138,   3,   5,   7,  11,  12,  16,  20,
     22,  23,  24,  25,  26,  44,  51,  61,  68,  70,  71,  73,  74,  76,  77,  81,
     83,  84, 101, 108, 128, 137, 138,  11,  12,  16,  17,  24,  25,  30,  32,  33,
     37,  39,  42,  43,  44,  45,  51,  53,  57,  61,  71,  72,  73,  74,  75,  76,
     77,  78,  81,  83,  85,  89,  90,  93,  94,  95,  97, 100, 101, 107, 109, 110,
    113, 127, 133, 134, 135, 137,  12,  14,  15,  16,  18,  19,  20,  21,  22,  23,
     24,  25,  26,  30,  32,  33,  42,  43,  44,  45,  46,  51,  53,  57,  68,  69,
     70,  71,  72,  74,  75,  76,  77,  79,  80,  81,  82,  89,  92,  93,  95,  98,
     99, 101, 102, 104, 105, 117, 126, 128, 129, 131, 132, 133, 135, 137, 138,  14,
     15,  16,  18,  20,  22,  24,  25,  26,  30,  32,  33,  34,  43,  44,  51,  53,
     57,  61,  68,  69,  70,  71,  73,  76,  79,  80,  81,  83,  85,  86,  87,  88,
     90,  91,  95,  96,  97, 100, 101, 102, 103, 106, 107, 109, 111, 112, 113, 125,
    126, 127, 128, 130, 132, 135, 136, 137,  11,  12,  14,  15,  16,  18,  20,  22,
     23,  24,  25,  26,  30,  31,  32,  33,  35,  36,  37,  38,  39,  41,  46,  51,
     53,  54,  55,  56,  57,  58,  59,  60,  68,  69,  71,  72,  73,  74,  75,  76,
     79,  80,  81,  82,  84,  85,  86,  87,  88,  89,  90,  93,  94,  95,  96,  97,
    100, 103, 106, 107, 108, 109, 110, 111, 112, 113, 114, 126, 127, 128, 133, 134,
    136, 138,  12,  16,  20,  22,  24,  25,  26,  42,  43,  44,  45,  46,  51,  68,
     71,  74,  81,  93, 101, 117, 125, 128, 131, 132, 133,  12,  16,  20,  22,  23,
     24,  25,  26,  44,  51,  61,  68,  70,  71,  73,  74,  76,  77,  81,  83,  84,
    101, 108, 128, 133, 137,   1,   3,   5,   6,   8,   9,  10,  12,  14,  15,  16,
     18,  19,  20,  21,  22,  23,  24,  25,  26,  28,  29,  30,  32,  33,  39,  42,
     43,  44,  45,  46,  47,  49,  50,  51,  53,  57,  63,  66, 173, 174, 175,   4,
      5,   7,   8,   9,  10,  12,  20,  22,  23,  24,  25,  28,  29,  42,  44,  45,
     46,  48,  49,  50,  51,  66, 175,   2,   3,   4,   5,   6,   7,   8,   9,  10,
     12,  14,  15,  16,  18,  19,  20,  22,  23,  24,  25,  26,  28,  29,  30,  32,
     33,  39,  41,  44,  46,  49,  50,  51,  53,  57, 173, 174, 175,   4,   6,   7,
      8,  10,  12,  16,  20,  22,  23,  24,  25,  26,  29,  48,  49,  51,  65,  66,
    174, 175,  16,  18,  22,  24,  25,  26,  30,  32,  33,  44,  50,  51,  53,  57,
     61, 173, 174, 175,   2,   3,   4,   6,   7,   8,  10,  11,  12,  14,  15,  16,
     17,  18,  20,  22,  23,  24,  25,  28,  29,  30,  32,  33,  38,  39,  41,  44,
     46,  50,  51,  53,  57, 173, 174, 175,   5,   6,   7,   9,  20,  22,  23,  25,
     42,  45, 173, 175,   8,   8,  12,  16,  28,  50,  51, 173, 174,   2,   3,   4,
      5,   6,   7,   8,   9,  11,  12,  14,  15,  16,  18,  20,  22,  23,  24,  25,
     26,  28,  29,  30,  32,  33,  39,  40,  41,  42,  43,  44,  45,  46,  47,  49,
     51,  53,  56,  57,  58,  59,  60,  63,  64, 175,   0,   1,   2,   5,   6,   7,
      8,   9,  10,  12,  14,  15,  16,  17,  18,  19,  20,  21,  22,  23,  24,  25,
     26,  28,  29,  30,  39,  42,  43,  44,  45,  46,  47,  48,  49,  50,  51,  53,
     66, 173, 174, 175,   5,   8,  10,  20,  22,  25,  28, 173, 174,   4,   6,   7,
      8,  10,  12,  16,  20,  22,  23,  24,  25,  26,  29,  48,  49,  51,  65,  66,
    174, 175,   2,   4,   6,   8,   9,  12,  16,  20,  24,  25,  27,  29,  30,  32,
     33,  42,  43,  44,  45,  48,  49,  50,  51,  53,  57, 173, 174, 175,   4,   6,
      7,   8,  10,  12,  16,  20,  22,  23,  24,  25,  26,  29,  37,  49,  51,  65,
    174, 175,   5,   6,   7,   8,   9,  10,  11,  12,  14,  15,  16,  18,  20,  21,
     22,  24,  25,  26,  28,  29,  30,  32,  33,  40,  41,  44,  46,  49,  51,  53,
     57, 173, 174, 175,   4,   5,   6,   7,   8,  10,  20,  22,  23,  25,  30,  42,
     43,  44,  45,  49,  51,  53, 173, 175,   2,   3,   4,   6,   7,   8,   9,  10,
     11,  12,  14,  15,  16,  17,  18,  20,  22,  23,  24,  25,  26,  28,  29,  30,
     32,  33,  38,  39,  41,  42,  43,  44,  45,  46,  47,  49,  50,  51,  53,  54,
     55,  56,  57,  58,  59,  60,  62,  64, 173, 174, 175,   6,   8,   9,  12,  16,
     28,  51, 173, 174,   1,   2,   3,   4,   6,   7,   8,   9,  10,  11,  12,  14,
     15,  16,  17,  18,  20,  22,  23,  24,  25,  26,  28,  29,  30,  32,  33,  38,
     39,  41,  46,  47,  49,  51,  53,  54,  56,  57,  58,  59,  60,  62,  64, 173,
    174, 175,   1,   2,   3,   4,   6,   8,  10,  11,  12,  14,  15,  16,  18,  20,
     22,  23,  24,  25,  26,  28,  29,  30,  32,  33,  38,  39,  41,  42,  43,  44,
     45,  47,  49,  51,  53,  56,  57,  58, 173, 174, 175,   2,   3,   4,   5,   6,
      7,   8,   9,  10,  11,  12,  14,  15,  16,  18,  19,  20,  22,  23,  24,  25,
     26,  28,  29,  30,  32,  33,  39,  41,  42,  43,  44,  45,  46,  47,  49,  51,
     53,  56,  57,  58,  59,  60,  63,  64, 173, 174, 175,   0,   2,   3,   4,   5,
      6,   7,   8,   9,  10,  11,  12,  14,  15,  16,  17,  18,  19,  20,  22,  23,
     24,  25,  26,  28,  29,  30,  32,  33,  38,  39,  41,  42,  44,  45,  46,  47,
     49,  50,  51,  53,  56,  57,  58,  59,  60,  62,  64, 173, 174, 175,   2,   4,
      6,   7,   9,  10,  11,  12,  14,  15,  16,  18,  19,  20,  22,  23,  24,  25,
     26,  28,  29,  30,  32,  33,  44,  46,  49,  50,  51,  53,  55,  56,  58,  59,
    173, 174, 175,  12,  14,  15,  16,  18,  20,  22,  23,  24,  25,  26,  29,  30,
     32,  33,  36,  37,  38,  39,  41,  42,  43,  44,  45,  46,  51,  53,  54,  55,
     56,  57,  58,  59,  60,  68,  69,  70,  71,  72,  73,  74,  75,  76,  79,  80,
     81,  84,  85,  86,  87,  88,  89,  90,  91,  92,  93,  94,  95,  97,  98,  99,
    100, 101, 102, 103, 104, 105, 106, 107, 108, 109, 110, 111, 112, 113, 114, 117,
    125, 126, 127, 128, 129, 132, 134, 136, 138,  12,  13,  14,  15,  16,  17,  18,
     20,  21,  22,  23,  24,  25,  26,  30,  32,  33,  37,  40,  41,  42,  43,  45,
     51,  53,  57,  37,  69,  70,  79,  80,  83,  84, 100, 113, 126, 127, 135, 138,
      1,   4,   5,  10,  28,  29,  42,  43,  45,  48, 173, 174, 175,   1,   4,   5,
      6,   7,   8,  10,  28,  29,  42,  43,  44,  45,  46,  48,  49, 173, 174,   6,
      7,   9,  10,  11,  29,  30,  32,  33,  42,  43,  44,  45,  49,  53,  57, 173,
    174, 175,   4,   5,   7,  10,  28,  29,  42,  43,  45, 173, 174, 175,   4,   5,
      6,   8,   9,  10,  28,  29,  30,  32,  33,  36,  37,  42,  43,  44,  45,  48,
     49,  50,  53,  54,  55,  56,  57,  58,  59,  60, 173, 174, 175,   4,   5,  10,
     28,  29,  37,  42,  43,  45, 173, 174, 175,   1,   4,   5,  10,  28,  29,  42,
     43,  45,  48, 173, 174, 175,   4,   5,  10,  28,  29,  42,  43,  45, 173, 174,
    175,   4,   5,  10,  28,  29,  37,  42,  43,  45, 173, 174, 175,   2,   3,   5,
      6,   7,   8,   9,  11,  29,  30,  32,  33,  40,  41,  42,  43,  44,  45,  46,
     47,  49,  53,  57, 173, 174, 175,   4,   5,   6,   9,  10,  28,  29,  30,  42,
     43,  44,  45,  46,  49,  50,  53, 173, 174, 175,   1,   4,   5,  10,  28,  29,
     42,  43,  45,  48, 173, 174, 175,   1,   4,   5,   6,   7,   8,  10,  28,  29,
     42,  43,  44,  45,  46,  48,  49, 173, 174,   4,   5,   8,  10,  28,  29,  37,
     42,  43,  45, 173, 174, 175,   2,   5,   6,   8,   9,  10,  28,  29,  30,  32,
     33,  42,  43,  44,  45,  46,  49,  50,  53,  57, 173, 174, 175,   4,   5,   8,
     10,  28,  29,  46,  48, 175,   6,   7,   9,  10,  28,  29,  30,  32,  33,  42,
     43,  44,  45,  49,  53,  57, 173, 175,   4,   5,  10,  28,  29,  42,  43,  45,
    173, 174, 175,   2,   5,   6,   8,   9,  29,  30,  32,  33,  42,  43,  44,  45,
     46,  50,  53,  57, 173, 174, 175,   2,   5,   6,   7,   8,   9,  29,  30,  32,
     33,  42,  43,  44,  45,  46,  50,  53,  57, 173, 174, 175,   2,   3,   5,   6,
      7,   8,   9,  11,  29,  30,  32,  33,  42,  43,  44,  45,  46,  47,  49,  53,
     57, 173, 174, 175,   2,   5,   6,   8,   9,  29,  30,  32,  33,  42,  43,  44,
     45,  46,  50,  53,  57, 173, 174, 175,   6,   8,   9,  10,  29,  30,  32,  33,
     42,  43,  44,  45,  48,  49,  50,  53, 173, 174, 175,  14,  15,  18,  48,  68,
     69,  70,  72,  73,  75,  76,  79,  80,  81,  84,  85,  86,  87,  88,  89,  90,
     92,  94,  95,  97,  98,  99, 100, 102, 103, 104, 105, 106, 107, 108, 109, 110,
    113, 114, 126, 127, 128, 134, 136, 138,  16,  20,  22,  24,  25,  51,  68,  70,
     71,  72,  73,  74,  75,  76,  77,  81,  83,  84,  89,  91,  93, 128, 132, 137,
    138,  20,  22,  23,  25,  12,  16,  20,  22,  25,  26,  42,  43,  45,  46,  68,
     71,  74,  93, 117, 125, 128, 129, 131, 132,  12,  14,  15,  16,  18,  19,  20,
     22,  23,  24,  25,  26,  30,  32,  33,  44,  46,  51,  53,  57,  68,  70,  71,
     72,  73,  74,  75,  76,  77,  79,  81,  83,  84,  89,  91,  93,  95, 101, 105,
    128, 133, 137, 138,  12,  13,  14,  15,  16,  17,  18,  19,  20,  21,  22,  23,
     24,  25,  26,  30,  31,  32,  33,  34,  35,  36,  37,  38,  39,  40,  41,  42,
     43,  44,  45,  46,  51,  52,  53,  54,  55,  56,  57,  58,  59,  60,  61,   4,
      6,   7,   8,   9,  10,  12,  16,  20,  22,  23,  24,  25,  26,  28,  29,  30,
     48,  49,  51,  53,  65,  66,   1,   4,   5,   7,  10,  27,  28,  29,  42,  43,
     44,  45,  48,  67, 173, 174,   4,   6,   7,   8,  10,  28,  29,  48,  49, 173,
    174,   1,   4,   5,   8,  10,  29,  42,  44,  45,  48, 173, 174,   1,   4,   6,
      7,  10,  28,  29,  30,  31,  32,  33,  35,  36,  37,  38,  39,  40,  41,  42,
     43,  44,  45,  46,  48,  53,  54,  55,  56,  58,  59,  60, 173, 174,  37,   1,
      5,  10, 173, 174,  12,  16,  51,  42,  43,  44,  45,  67,  37,  12,  16,  24,
     25,  30,  51,  53,  22,  25,  61,  71,  76,  79,  80,  81,  95, 101, 102, 133,
    138,   1,   4,   5,   7,   8,  10,  27,  68,  70,  73,  81,  82,  83,  84,  91,
     98,  99, 101, 104, 117, 129, 131, 138,   3,   4,   6,   7,   8,   9,  10,  11,
     27,  29,  47,  49,  50,  68,  69,  71,  72,  74,  75,  78,  79,  80,  81,  84,
     85,  86,  87,  88,  89,  90,  92,  93,  94,  95,  96,  97, 100, 101, 102, 103,
    105, 106, 107, 109, 110, 112, 126, 127, 128, 132, 133, 134, 135, 136, 138, 173,
    174,   3,   4,   5,   6,   7,   8,   9,  10,  29,  47,  48,  49,  50,  68,  69,
     70,  71,  72,  74,  75,  76,  77,  79,  80,  81,  85,  89,  91,  93,  95, 101,
    108, 110, 114, 126, 128, 132, 133, 135, 138, 173, 174,   1,   3,   4,   5,   6,
      7,   8,  10,  27,  49,  68,  82,  83,  84,  85,  98,  99, 101, 104, 117, 129,
    131, 138, 173,   8,  50,  71,  74, 173, 174,   1,   4,   5,   7,   8,  10,  27,
     29,  48,  68,  70,  73,  76,  81,  82,  83,  84,  91,  98,  99, 101, 104, 117,
    128, 129, 138, 173, 174,   1,   5,   6,   7,  10,  29,  48,  68,  82,  98, 117,
    128, 129, 131, 133, 138, 173, 174,   3,   4,   5,   6,   7,   8,   9,  11,  29,
     47,  48,  49,  68,  69,  71,  72,  73,  74,  75,  76,  79,  80,  81,  85,  86,
     89,  90,  91,  93,  95,  97,  98,  99, 100, 101, 102, 104, 105, 107, 108, 109,
    110, 114, 117, 126, 127, 128, 129, 131, 132, 133, 135, 136, 138,   1,   3,   4,
      6,   7,   8,   9,  10,  11,  29,  47,  48,  49,  68,  69,  71,  72,  73,  74,
     75,  76,  78,  79,  80,  81,  84,  85,  86,  87,  88,  89,  90,  93,  94,  95,
     96,  97, 100, 103, 106, 107, 108, 109, 110, 112, 114, 126, 127, 128, 133, 134,
    136, 173, 174,   1,   3,   5,   6,   8,   9,  10,  29,  47,  49,  50,  68,  69,
     70,  71,  72,  74,  75,  76,  77,  79,  80,  81,  82,  89,  91,  93,  95,  98,
     99, 101, 102, 104, 105, 107, 110, 117, 126, 128, 129, 131, 132, 133, 135, 138,
    173, 174,   4,   5,   7,   8,   9,  10,  29,  48,  49,  50,  68,  70,  74,  76,
     81,  83,  84, 101, 128,   1,   4,   5,   6,   8,  10,  29,  47,  48,  49,  68,
     71,  72,  74,  75,  76,  77,  80,  81,  82,  89,  91,  93,  99, 101, 102, 113,
    128, 131, 133, 173, 174,   3,   4,   5,   6,   7,   8,   9,  10,  11,  29,  47,
     48,  49,  68,  69,  71,  72,  73,  74,  75,  76,  79,  80,  81,  85,  86,  89,
     90,  91,  93,  95,  97,  98,  99, 100, 101, 102, 104, 108, 109, 110, 114, 117,
    126, 127, 128, 129, 131, 132, 133, 135, 136, 138,   4,   5,   7,   8,   9,  10,
     29,  48,  49,  50,  68,  70,  74,  76,  81,  84, 101, 128,   3,   4,   5,  10,
     27,  29,  48,  68, 100, 102, 128, 173, 174,   4,   6,   7,   8,  10,  27,  29,
     48,  49,  68,  71,  73,  74,  76,  77,  81,  83,  84, 128, 133, 137, 174,   4,
      6,   8,   9,  27,  29,  48,  49,  50,  68,  71,  72,  74,  75,  76,  77,  81,
     83,  85,  89,  93,  94,  95,  99, 101, 125, 129, 131, 133, 173, 174,   1,   3,
      4,   6,   7,   8,   9,  10,  11,  29,  47,  48,  49,  50,  68,  71,  72,  73,
     74,  75,  76,  78,  79,  80,  81,  85,  89,  90,  93,  94,  95,  97, 100, 101,
    107, 108, 109, 110, 112, 114, 127, 128, 131, 133, 134, 136, 173, 174,   1,   4,
      6,   7,   8,  10,  27,  29,  48,  68,  71,  72,  73,  74,  75,  76,  77,  81,
     83,  84,  89,  93,  94, 108, 114, 128, 133, 137,   3,   4,   5,   6,   7,   8,
      9,  10,  11,  29,  47,  48,  49,  68,  69,  70,  71,  72,  73,  74,  75,  76,
     77,  79,  80,  81,  86,  89,  90,  91,  93,  95,  97,  98,  99, 100, 101, 102,
    104, 108, 109, 110, 114, 117, 126, 127, 128, 129, 132, 133, 135, 136, 138, 173,
    174,   4,   6,   7,   8,  10,  27,  29,  48,  49,  68,  71,  73,  74,  76,  77,
     81,  83,  84, 128, 133, 137, 174,   1,   4,   5,   7,  10,  29,  48, 138, 173,
    174,   5,   7,   8,  27,  91, 101, 138,   1,   4,   5,  10,  29,  48, 138, 173,
    174,   6,   8,   9,  29,  50,  89,  91,  93,  98,  99, 101, 104, 117, 125, 129,
    132, 173, 174,   1,   4,   5,   6,   8,  10,  29,  48,  49,  89,  91,  93,  98,
     99, 101, 102, 104, 105, 113, 173, 174,   1,   4,   5,   6,   7,   8,  10,  29,
     48,  49, 101, 138, 173, 174,   3,   5,   6,   7,   8,   9,  11,  29,  47,  49,
     85,  89,  90,  91,  92,  93,  95,  97,  98,  99, 100, 101, 104, 105, 107, 117,
    125, 127, 129, 173, 174,   1,   4,   6,   7,  10,  29,  48,  93,   3,   5,   6,
      7,   8,   9,  11,  29,  47,  49,  85,  89,  90,  91,  92,  93,  95,  97,  98,
     99, 100, 101, 104, 105, 107, 109, 117, 125, 127, 129, 173, 174,   4,   7,  10,
     29,  48, 138,   1,   4,   5,  10,  29,  48, 138,   4,   7,  10,  29,  48, 138,
      1,   4,   5,   6,   7,   8,  10,  29,  48,  49,  91, 101, 138, 173, 174,   1,
      4,   5,   7,   8,  10,  27,  29,  48,  91, 108, 138, 173, 174,   6,   7,   9,
     10,  11,  29,  48,  49,  91,  95, 101, 117, 129, 173, 174,   6,   8,  29,  48,
     89,  91,  93,  98,  99, 100, 101, 104, 117, 125, 129, 132, 173, 174,   6,   8,
     29,  89,  91,  93,  98,  99, 100, 101, 104, 117, 125, 129, 132, 173, 174,   1,
      4,   5,   7,   8,  10,  27,  29,  48,  91,  92,  98,  99, 101, 102, 107, 108,
    114, 138, 173, 174,   3,   5,   6,   7,   8,   9,  11,  29,  47,  49,  89,  90,
     91,  92,  93,  95,  97,  98,  99, 100, 101, 104, 105, 107, 117, 125, 127, 129,
    173, 174,   1,   4,   5,   7,  10,  27,  29,  48,  93,  98,  99, 104, 117, 129,
    138, 173, 174,   1,   4,   5,   6,   7,   8,  10,  29,  48,  49, 101, 173, 174,
      1,   4,   5,   6,   7,   8,  10,  29,  48,  49,  91, 101, 138, 173, 174,   4,
      7,  10,  29,  48, 138,   1,   3,   5,   7,  10, 108, 113, 138, 173, 174,   6,
     10,  29,  48,  49,  91, 100, 101,   4,   5,   8,  10,  29,  48, 138,   4,   7,
    138,   3,   4,   7,  29, 113, 138,   1,   3,   4,   5,   7,  10,  29,  48, 113,
    138, 173, 174,   4,   7,  10,  29,  48, 138, 119, 120, 121, 123, 140, 141, 120,
      1,   4,   5,  10,  27,  29,  48,  98,  99, 102, 104, 107, 108, 114, 117, 129,
    138, 173, 174, 115, 122, 123, 139, 116, 124, 123, 119, 120, 140, 141,   0,   1,
      3,   4,   6,   7,   8,  10,  11,  29,  48,  49,  68,  69,  71,  72,  73,  74,
     75,  76,  77,  79,  80,  81,  82,  83,  85,  87,  88,  89,  90,  93,  94,  95,
     96,  97, 100, 103, 107, 108, 109, 110, 114, 126, 127, 128, 131, 132, 133, 134,
    136, 137, 173, 174,   1,   5,   6,   8,   9,  29,  50,  89,  91,  92,  93,  98,
     99, 101, 102, 104, 105, 117, 125, 129, 132, 173, 174, 115, 119, 120, 124, 141,
    119, 120, 124, 140,   1,   3,   5,   6,  10,  91,  93, 101, 102, 113, 173,   1,
      3,   5,   6,  10,  27,  91,  93,  98, 101, 102, 104, 113, 117, 129, 132, 173,
    174,   1,   5,   7,  10,  27,  68,  70,  73,  76,  81,  83,  84,  91, 113, 128,
    173, 174,   1,   5,   7,   8,  10,  98, 104, 113, 117, 129, 173, 174,   3,   4,
      6,   7,   8,   9,  10,  11,  29,  47,  48,  49,  50,  68,  69,  70,  71,  72,
     73,  74,  75,  76,  78,  79,  80,  81,  82,  84,  85,  86,  87,  88,  89,  90,
     92,  93,  94,  95,  96,  97, 100, 102, 103, 105, 106, 107, 108, 109, 110, 114,
    126, 127, 128, 132, 133, 134, 136, 174,   6,   8,  29,  50,  89,  91,  93,  98,
     99, 101, 104, 117, 125, 129, 132, 174,   1,   3,   4,   5,   6,   7,  10,  27,
     29,  48,  68,  82, 128, 131, 133, 173, 174,   1,   3,   4,   5,   7,  10,  29,
     48, 113, 138, 173, 174,   4,   7,   8,  10,  27,  29,  48,  73,  83,  84, 128,
      3,   5,  27,  69,  79,  80,  98, 102, 104, 113, 117, 126, 129, 131, 132, 135,
      3,   6,  49,  91,  93,  98,  99, 101, 104, 113, 117, 129, 174,   7,  10, 113,
    138,   6,  71,  74,  76,  80,  81, 133,   1,   4,   5,   7,  10,  29,  48, 138,
    173, 174,   4,   6,   7,   8,  10,  29,  48,  71,  73,  74,  76,  77,  81,  83,
     84, 128, 133, 137,   5,   7,   8,  70,  84,  91,  98,  99, 101, 104, 117, 129,
    138,   3,   6,  10,  47,  49,  91, 100, 101, 113, 115, 118, 119, 120, 124, 141,
    120, 124, 124, 115, 122, 124, 150, 152, 153, 159, 161, 163, 145, 151, 156, 159,
    162, 143, 149, 150, 152, 153, 155, 159, 143, 146, 149, 151, 152, 154, 155, 156,
    158, 159, 162, 143, 149, 154, 156, 159, 162, 143, 145, 149, 151, 152, 158, 159,
    160, 161, 162, 143, 146, 148, 149, 152, 154, 155, 156, 159, 162, 164, 149, 152,
    155, 156, 158, 159, 143, 144, 149, 151, 152, 156, 158, 159, 163, 164, 152, 154,
    155, 156, 159, 149, 150, 152, 149, 151, 153, 156, 158, 159, 162, 149, 156, 151,
    152, 153, 156, 158, 159, 163, 142, 143, 145, 150, 154, 156, 159, 143, 149, 151,
    152, 155, 156, 158, 159, 162, 164, 143, 149, 152, 154, 156, 159, 162, 145, 147,
    150, 152, 153, 155, 156, 157, 159, 163, 169, 171, 172, 166, 171, 166, 171, 172,
    166, 166, 167, 168, 169, 171, 166, 167, 168, 169, 170,  12,  14,  15,  16,  17,
     18,  19,  20,  21,  22,  23,  24,  25,  26,  30,  32,  33,  39,  42,  43,  45,
     51,  53,  57,  68,  70,  71,  72,  74,  75,  76,  78,  79,  80,  81,  82,  85,
     89,  90,  93,  94,  95,  97, 100, 107, 108, 109, 110, 114, 127, 128, 133, 134,
    136,  12,  14,  15,  16,  18,  19,  20,  21,  22,  23,  24,  25,  26,  30,  31,
     32,  33,  34,  35,  36,  38,  39,  41,  42,  43,  45,  46,  51,  52,  53,  54,
     55,  56,  57,  58,  59,  60,  68,  69,  70,  71,  72,  74,  75,  79,  80,  81,
     84,  85,  87,  88,  89,  90,  92,  93,  94,  95,  96,  97, 100, 103, 105, 106,
    107, 109, 110, 126, 127, 128, 132, 133, 134, 135, 136, 138,  12,  14,  15,  16,
     18,  19,  20,  21,  22,  23,  24,  25,  26,  30,  31,  34,  35,  36,  37,  38,
     39,  41,  42,  43,  44,  45,  46,  51,  53,  54,  55,  56,  58,  59,  60, 165,
    176, 177, 178,
};

static const int8_t ubuntu_12_boldKernSparseValues[] = {
     -20,  -35,    7,    8,  -43,    7,  -38,  -25,  -23,  -23,   -6,    5,   -6,  -17,  -12,  -18,
      -6,  -12,  -13,  -19,   -8,    4,  -10,   -6,    4,  -12,  -40,   -6,   -5,   12,   -8,   -8,
       8,   -8,  -32,  -28,  -16,    4,  -40,   -8,   -8,   -8,  -15,  -12,    4,  -15,   -8,  -12,
      32,   -8,   -4,  -12,   -8,   -8,   -8,   10,   12,   10,   10,   13,    4,  -10,  -12,  -12,
      -5,    5,   34,   -8,   -7,  -10,   -4,   -4,   12,   -6,  -10,    5,    5,    5,  -12,    5,
       5,    5,   10,   -8,   -5,    7,    8,    8,   -8,  -12,   10,  -10,   -5,   -6,   -6,    8,
      -9,   -4,  -12,   -9,   12,  -14,   -8,   -6,   -6,    7,   -7,   -7,    5,    5,   34,    7,
     -13,  -12,   10,   -6,    5,   -7,   -5,   -8,    5,   -9,   -8,    9,   -5,   -8,   -5,   -8,
     -13,   -5,   -8,  -16,   -4,   -6,   -8,   -9,   -8,   -6,   -5,   -8,   -8,   -6,   -6,   -8,
      -8,   -9,   -6,   -7,  -13,   -7,   -7,   -8,  -32,  -42,   -4,   -9,   -4,   -7,  -12,  -12,
      -4,   -4,    6,    6,    5,    6,  -56,   -7,  -19,   -5,  -42,  -30,   -5,  -32,  -29,   -7,
      -6,   -4,   -9,   -6,   -7,  -18,   -6,  -18,   -6,  -12,   -6,   -7,    5,   -5,   -4,   -4,
      -4,   -6,  -29,   -4,   -5,   -4,   12,  -16,  -16,   16,  -16,    5,  -32,  -12,  -33,  -17,
      10,  -38,    9,  -12,  -12,  -12,  -23,  -22,    8,  -23,    7,   10,  -12,   -8,  -32,   -6,
       5,   16,    9,   12,   11,    5,    6,  -16,  -16,   10,  -30,   11,    6,   11,  -12,  -15,
     -12,    8,  -18,   -8,    6,   -6,   -7,  -26,  -13,  -33,  -19,   12,   -4,    5,  -16,    8,
       8,   -6,    8,  -22,  -12,  -13,  -27,   -4,    6,    5,    5,    8,    3,   -8,  -18,    6,
       5,    7,  -22,    9,   -4,   -6,  -10,  -12,    8,    8,  -13,   -6,    6,   10,    5,    5,
      10,   -9,    5,    5,   10,   10,   -8,    8,    5,    5,    4,   12,    5,    5,    5,    6,
       8,   10,  -18,    5,   11,    9,   10,   -6,  -14,  -26,  -10,  -10,  -28,  -10,   17,   19,
      17,   13,   20,    7,  -16,    7,  -23,  -23,    7,    6,    6,  -13,  -12,   -8,   -4,  -48,
     -16,    6,    6,    6,  -19,    6,    6,    6,   17,   -7,  -28,  -21,    9,  -26,  -21,   11,
     -10,   -7,   13,    5,   -7,  -16,   -5,   -6,   -6,  -18,  -13,  -18,  -11,  -23,   -6,  -13,
     -14,   -6,   -5,  -11,   10,  -11,  -12,    6,    6,    6,   10,   -7,  -13,   12,  -22,   -8,
      -7,   -4,    7,   10,  -25,   -5,    6,  -15,    5,    6,    6,    5,    6,    4,    6,  -25,
      10,    7,    6,    6,    5,    6,    6,   -9,    6,    6,    8,   -8,   -7,  -14,  -12,   -4,
     -10,  -17,   -5,   -4,  -22,   -6,  -14,   -4,   -7,  -10,   -8,  -13,   -7,  -10,  -10,   -7,
      -4,   -6,  -14,   -7,   -8,  -20,   -7,  -32,   12,   10,    8,  -13,   15,  -10,  -10,   13,
     -10,    8,  -33,   -8,  -26,  -16,   15,  -40,   10,  -32,  -10,   -4,   -4,   -4,    4,  -14,
     -10,   10,  -14,    6,   -4,   -6,    5,    8,   -4,   -6,   -7,  -18,  -30,  -26,   17,   -5,
      -5,    4,  -12,    4,   -8,   -4,   -7,  -12,   -4,   -9,  -14,   -8,   -9,   -4,   -3,   -4,
      -4,   -4,    4,    4,  -10,   -6,    4,    3,   -5,    6,   -4,    9,   -4,    5,    8,    6,
      11,  -10,  -10,   12,  -10,    7,    8,    8,    8,   10,   10,    7,    8,   10,    4,   -5,
      -5,    2,   -5,   10,    6,  -10,    6,   10,    4,   -4,    8,   14,   16,   -8,  -16,    8,
     -21,   -8,  -10,   -9,   -9,  -10,   -4,  -15,  -18,   -4,   -8,   -6,    4,  -24,   -6,   -8,
       4,   -5,   10,   -7,    4,    8,    4,    4,   -5,   -5,   -5,    8,    5,    7,   -5,   -4,
       4,    5,    7,   16,   -8,   -6,    8,  -25,    6,  -31,    8,   -4,  -19,   -3,   -3,  -30,
      -4,   -3,    8,   10,    8,    5,   11,   12,   10,  -10,   -4,   -4,   -8,   -5,   -8,   -4,
      -8,   -4,  -47,  -10,   -4,   16,   15,  -25,  -10,    8,    7,    4,   -4,   -8,   -8,   -8,
      -4,   -4,   -4,    9,   -4,  -12,   -8,   -5,    4,    4,  -16,    6,    6,   -8,   -8,   10,
     -16,   12,  -20,    9,    4,   -6,   10,  -22,  -22,    8,  -22,    9,    7,    5,   14,    7,
      10,    8,   11,   -4,  -16,  -16,    4,   -4,  -14,  -18,  -18,   14,  -18,    8,   -5,  -20,
      10,   -4,   17,  -14,   14,   12,    4,   -7,   -7,   12,    4,  -39,    4,  -41,   16,   -8,
       7,   10,  -14,   12,   -8,   -8,   12,    4,   -8,    7,  -31,   -4,  -34,  -20,   12,  -40,
       7,  -32,  -13,    5,    3,  -19,  -12,   12,  -19,    6,   -6,   -5,   -8,    8,   12,    5,
     -20,  -26,  -22,   19,   -4,   -4,   -6,   -4,   -4,   -6,   -8,   -8,   -6,   -8,  -16,    8,
     -21,   -8,  -10,   -9,   -9,  -10,   -4,  -15,  -18,   -4,   -8,   -5,    4,  -24,   -4,   -9,
       4,   -5,   -8,   -3,  -42,  -32,    5,  -27,  -36,    5,   -9,   -4,   -6,   -5,   -8,   -6,
      -6,    8,    8,    5,    8,   -4,   -4,    5,  -50,   -8,   -9,   12,   12,  -37,   -8,  -16,
       8,  -21,   -8,  -10,   -9,   -9,  -10,   -4,  -15,  -18,   -4,   -8,    6,    4,  -24,   -4,
       4,   -5,   -4,   10,   -8,    7,    5,   -6,   -4,   12,   -7,   -7,   10,   -7,   -4,   -3,
      -6,    8,  -13,    7,   -4,   -9,  -10,  -10,  -10,   -4,   -4,    7,    4,   -9,    8,  -10,
     -11,    5,    4,   13,   -3,  -14,    4,   11,   -6,   -4,   -8,   -4,   -4,   -4,    5,   -6,
      -5,   -4,   -6,    6,   -8,    5,   -8,    7,   -8,   -7,   10,  -32,  -22,  -39,  -24,   10,
     -14,  -33,   -9,   -9,  -33,   -4,   -9,   10,   12,   10,   10,   14,    4,   16,   12,  -30,
     -30,  -30,  -28,  -29,  -28,  -30,  -30,  -30,  -30,  -28,   -7,  -30,  -26,  -46,  -30,   -4,
      11,   18,  -37,   18,   13,   12,  -22,  -24,   11,    8,  -21,  -12,  -22,    4,   -8,   -8,
       4,  -22,    2,    9,    7,  -12,  -12,   13,  -32,  -12,  -38,   -5,   11,  -12,  -26,  -10,
     -10,  -35,   -4,  -10,   13,   15,   13,   13,   16,    6,   16,   15,  -16,  -22,  -22,   -9,
     -15,   -8,   -5,   -7,  -16,  -59,  -16,    8,   20,  -24,   18,   14,   13,   -7,   -8,   11,
      15,  -25,    8,   -8,   -4,   11,  -18,  -25,   10,   -4,  -16,   -4,   -4,  -19,   -4,   11,
      13,   11,   11,   14,    4,   16,   13,  -11,  -13,  -13,   -6,   -6,   -6,    5,    5,    4,
       5,   -4,   -6,  -21,  -11,   18,  -14,   16,   11,   16,  -10,   -8,   -8,   10,  -10,   10,
     -13,    9,    7,    8,   -6,   14,  -15,  -15,   10,  -15,    7,   10,   12,   10,   14,   13,
      10,   12,   12,  -12,  -12,  -12,    4,  -10,  -10,  -10,   10,  -10,    6,   -5,  -15,   14,
     -12,   16,   -8,   16,    8,    4,   -5,   -6,    4,    6,   14,    4,  -20,  -16,   14,   -4,
     -38,  -27,  -40,  -15,   12,  -24,  -40,  -18,  -18,  -34,   -6,  -18,   -4,   14,   16,   14,
      14,   16,    7,   16,   16,  -29,  -35,  -35,  -15,  -28,  -14,   -4,   -8,   -4,  -14,   -6,
     -32,  -10,  -58,  -50,   21,  -36,   18,   16,    7,  -12,  -13,   10,   12,  -26,   -4,    6,
      11,   -8,    6,    6,   -4,   10,   -5,   -5,   10,   -5,    5,    6,    8,    6,   10,    9,
       5,    8,    8,    4,   -4,   -4,   10,    4,  -12,    6,   10,    4,    4,   14,   13,    4,
       8,   12,   17,  -11,   -8,   -8,  -11,   -8,   12,   14,   12,   12,   15,    6,   36,  -14,
     -14,  -14,    4,   38,  -14,  -13,  -14,  -12,  -12,  -12,   12,  -12,  -11,  -14,    4,    4,
       4,  -16,    4,    4,    4,   12,  -12,   -6,  -11,  -11,    8,  -11,    8,   10,   -8,  -15,
      12,  -13,  -14,   -8,  -10,   -9,    8,  -13,   -9,  -10,   -9,  -11,  -14,  -13,  -10,   12,
     -15,  -12,  -14,   -4,  -10,  -10,   -9,  -11,    8,  -11,  -13,    4,    4,   38,    8,   -7,
      -6,  -15,  -14,   11,   -9,   -9,  -11,  -11,    5,    8,  -12,  -16,  -16,    4,  -12,  -16,
     -36,  -16,  -44,  -28,    8,  -44,    4,  -10,  -10,  -10,   56,   -4,   -8,  -12,   -8,   24,
       8,  -10,   -8,   13,   -4,   -4,   -4,   -6,   -5,   -5,   -6,   13,   -7,   -6,   -4,   -4,
      -6,   -8,  -12,  -13,  -16,  -14,   -5,   -4,   -5,   -7,   -9,   -9,    5,   -8,  -10,  -12,
     -12,    5,  -11,  -11,  -20,  -14,   -6,   -5,   -7,   -6,   -4,   -8,    4,  -10,  -10,    7,
      -4,    4,   -5,   -4,  -14,  -10,  -10,  -10,    3,    4,    5,    3,   -6,  -10,  -12,    4,
      10,   10,   -8,  -10,    9,  -15,  -24,  -14,   -6,   -4,   -6,    5,    6,    4,   21,    9,
     -24,  -25,    7,   11,   32,   21,   -3,   -3,   -3,    5,    4,   11,   11,    8,   11,   12,
      -4,    7,   -3,   13,    5,   26,   -8,   23,   21,   22,   15,   22,  -23,   -5,  -10,   -9,
     -12,  -14,   10,   -6,   -4,   -6,  -10,   -6,    4,   -8,   -8,  -10,  -15,  -24,  -14,   -6,
      -4,   -6,   -7,  -10,   -6,    5,    4,  -10,  -15,  -24,  -14,   -6,   -4,   -6,  -10,   -6,
       4,    5,  -10,  -15,  -24,    4,   12,   -6,   -4,   -6,  -10,   -6,    4,   -8,   -5,    5,
       5,  -18,    8,    4,   -9,  -10,   -4,  -14,  -14,   -3,   -4,    8,    8,    8,    8,    6,
      -6,  -14,   -4,  -13,    5,   10,    9,   -8,  -10,   10,    8,   -6,  -24,  -14,    6,   -4,
      -4,    8,   -4,    6,   -6,    8,    6,  -10,  -10,   12,   -7,   -8,  -10,  -15,  -24,  -14,
      -6,   -4,   -6,   -7,  -10,   -6,    5,   -7,  -10,  -12,  -12,    5,  -11,  -11,  -20,  -14,
      -6,   -5,   -7,   -6,   -4,   -9,    4,  -10,  -10,   -8,  -10,    8,   -9,  -12,  -14,   17,
      -6,   -4,   -6,  -10,   -6,    4,   -8,    7,  -24,  -22,    7,    4,    4,   -4,   -4,   -4,
      -4,   12,   12,    8,   12,    4,   -6,    8,   -4,   -6,   11,   19,  -22,   -5,   -4,   -4,
     -14,  -12,  -14,   -3,   -7,    6,    7,   -4,    4,   -6,   -8,  -13,   -8,   -8,   -8,    4,
       4,    7,    4,   -8,   -8,   -4,    6,    9,   -8,  -10,   -9,  -24,  -12,   -6,   -4,   -6,
     -10,   -6,    4,   -4,    6,  -22,  -16,    6,  -12,   -4,   -6,   -6,    8,    8,   10,    8,
       5,    7,   -4,   -8,    8,   16,  -16,   -4,    7,  -21,    3,  -14,    6,  -11,   -4,   -5,
      -5,    8,    8,    8,    8,    6,    8,   -4,   -6,   10,   16,  -11,   -8,   -5,    5,    8,
      -8,    8,    6,   -4,  -12,  -10,  -10,  -10,   10,    8,   13,   10,    8,   -5,  -11,  -10,
      -9,    6,   11,    8,   -4,    6,  -22,  -16,    6,  -12,   -4,   -6,   -6,    8,    8,   10,
       8,    5,    7,   -4,   -8,    8,   13,  -16,   10,    4,    4,   -4,  -11,   -6,   -6,   -6,
       8,    8,    9,    8,   -5,   -6,    4,   -6,    6,   10,   11,   -5,   -6,   -6,   36,    8,
      -9,   -6,   -6,    8,    8,   10,   -9,  -11,    8,   -8,   -7,   -6,   -6,   -6,    8,   -8,
      -6,   -7,   -8,   -8,   -6,   11,  -11,  -10,   -4,   -6,   -7,   -6,   -7,    8,   -7,   -6,
      26,    8,  -12,  -11,   11,   -7,   -7,    5,   -5,   -7,   -7,   -5,   -6,   -5,   -7,   -6,
      -5,   -7,   -8,   -4,   -6,   -5,   -7,   -5,   -8,   -6,   -4,   -5,   -5,   -6,    5,   -9,
      -6,  -25,  -13,   -4,  -20,    4,    7,  -27,   -4,  -11,    5,    7,    7,    7,    3,  -27,
       7,    4,    6,    6,    6,   -8,    4,    6,    4,   -6,    4,    4,  -12,    4,   -8,  -30,
     -16,   -8,  -15,  -32,  -10,    4,    4,    4,  -11,   -7,  -18,    4,    4,  -30,   -8,  -12,
      -7,  -13,   -6,   -6,  -18,  -10,    4,  -15,  -12,  -10,   -7,  -11,   -6,    4,  -11,   -5,
     -26,   -9,  -12,  -10,  -17,  -12,  -16,  -16,  -22,   -8,  -16,  -14,  -42,  -13,  -25,  -17,
     -25,  -31,  -20,  -16,  -13,  -16,  -16,  -13,  -13,  -13,   28,  -13,  -15,  -14,  -15,   -9,
      -9,  -12,    6,  -13,  -29,  -13,  -16,  -13,  -13,  -13,  -17,  -13,  -13,  -13,  -12,  -10,
     -22,    6,  -24,    5,  -11,  -11,  -16,   -8,   -9,   -4,  -14,  -15,   -9,   -8,  -14,   -3,
      -8,    6,  -21,   -3,   -8,   -8,  -15,  -10,  -30,    3,  -18,   -4,  -20,   -9,  -14,  -12,
      -4,  -14,   -9,  -10,  -25,  -23,    6,  -12,    5,  -10,    8,    8,    9,    4,    5,    5,
       8,  -10,   -8,   -6,   -8,  -10,  -12,   -4,   -5,   -4,   -8,   -8,   -6,   10,   24,  -10,
      -8,   14,   36,   28,   -8,    7,  -16,  -16,   11,    7,    7,   -8,  -12,    3,   -6,   13,
      13,   12,   16,   10,   28,   -4,   26,   36,   54,   48,   42,   45,    8,   10,    7,  -10,
      -6,   -7,   -8,   -8,   -8,   -7,  -14,   -8,   -7,   -7,   -8,   -9,   13,  -13,  -18,  -10,
      -5,   -6,  -23,   -6,   -7,   -9,   -4,   10,    5,   -7,   -7,    8,   -5,    8,   -5,   11,
     -10,   -6,   -4,  -11,    9,   -7,   -6,   -4,   -6,   -6,   -4,   -6,   -6,   -5,   -9,   -7,
      -6,   -6,   -6,   -6,   -6,   -6,   -5,  -14,   -7,   10,  -32,  -22,  -39,  -24,   10,  -14,
      -5,   12,  -11,  -30,  -26,   10,   -7,  -33,  -31,  -33,  -29,   -4,   -9,  -10,   10,   -6,
     -30,   -4,  -20,  -20,  -25,  -24,   -4,  -26,  -26,  -30,  -20,  -25,  -28,  -30,  -20,  -20,
     -26,  -20,  -21,  -22,  -29,   15,   -7,  -25,    5,  -34,  -43,  -30,   -6,  -24,  -19,   11,
       8,   -5,    6,   -4,    9,   -4,    5,    8,    6,   10,   -6,    6,  -10,    6,    8,   -7,
       7,   12,    4,   11,    6,    6,    5,  -10,  -11,   10,    4,    6,    5,    6,   -5,   10,
       4,    2,    4,   -7,    4,   -8,   11,   -4,   -6,    8,   14,   -5,   -4,   -3,  -14,    4,
      11,   -6,   -4,   -6,    6,   -8,   -4,   -4,   -9,    5,  -11,   -9,   -4,  -10,   -7,   -9,
      -7,  -17,   -8,  -12,    4,   -5,   -8,    6,    6,  -24,  -13,  -10,    9,   -7,  -14,   -6,
     -15,  -11,  -26,   -6,   -4,   -7,   -6,   -4,   -5,  -10,   -8,   -4,   -5,   -6,   -4,   -6,
     -29,   -5,  -12,  -24,  -20,  -16,  -10,    8,    9,   -7,  -12,   -9,  -18,   -5,   -6,   -6,
     -14,   -5,   -5,   10,  -12,  -13,  -13,   -8,   10,  -16,   12,  -20,    9,    4,   -6,   11,
      -6,    7,  -20,    9,  -14,    8,    5,    5,   10,    8,   10,  -22,  -21,   14,   -4,   -8,
       8,   -8,   10,    7,  -16,   -8,  -16,  -14,  -11,   14,  -20,  -10,    6,    6,    5,   -7,
       4,    5,   -7,  -16,   -8,    8,  -16,  -10,  -21,   15,   -7,   -6,  -23,    4,  -12,   13,
     -32,  -12,  -38,   -5,   11,  -12,   15,   -7,   10,  -16,   13,   -8,  -35,  -26,    8,  -26,
     -24,   10,   -4,  -10,   -9,   13,   -8,  -16,   -6,   -7,   -7,  -22,  -15,  -23,  -12,  -22,
      -7,  -15,  -16,   -7,   -6,  -12,    8,  -13,  -15,   21,    8,   -8,  -15,   11,  -32,   -9,
      -8,   11,   15,  -23,   -7,  -32,   12,   10,    8,  -13,  -10,   -4,   -6,    5,  -33,   -8,
       8,   13,    5,   15,    8,   10,    5,  -10,  -11,   15,  -17,    8,   10,    7,   -4,  -11,
      -8,   10,  -10,   -8,    6,    6,    4,   -7,   -8,  -28,   -9,  -14,   -7,   15,   -7,  -17,
     -30,  -26,   -5,   -5,    4,  -12,    4,   -8,   -9,   -7,    4,    4,   -7,   -4,   -4,   -5,
      -9,   -4,   -7,   -3,   -8,   -7,    9,  -14,   11,   14,   -5,    8,   -6,    8,   -6,  -11,
       8,    6,    8,    6,    8,    5,  -12,    8,  -12,    6,    8,    8,    9,    8,   -8,   24,
      -8,   -9,   14,   -5,   -5,   -8,   10,  -16,   12,  -20,    9,    4,    4,   -6,   11,   -5,
       9,  -20,    9,  -14,    8,    5,    7,   10,    8,   10,  -22,  -18,   14,   -4,   -8,    8,
      -7,   10,    7,  -16,   -7,  -11,   -9,  -10,   14,  -15,  -10,    7,   -6,    4,    7,   -7,
     -14,   -7,   10,  -10,   -5,  -17,   15,   -4,   -6,  -18,   -5,   -5,    4,  -12,    4,   -8,
      -9,   -7,    4,    4,   -7,   -4,   -4,   -4,   -9,   -6,   -3,   -7,   -4,   -6,   -4,   -6,
      -4,   -5,   -5,   -4,   -5,   -5,   -5,   -8,   -6,   -8,  -16,    8,  -21,   -8,   -4,   -8,
     -10,    4,   -9,   -9,  -10,  -10,  -14,   -8,  -15,  -11,   -6,  -12,   -9,  -10,    4,   -3,
     -42,  -32,    5,   -6,   -5,   -4,   -4,    5,    5,  -36,  -24,  -27,  -22,   -6,   -5,   -9,
      -4,   -8,  -17,  -17,   -4,   -6,    4,    5,    5,    4,    5,  -24,   12,   12,    7,   -7,
      10,  -32,  -22,  -39,  -24,   10,  -14,   12,   -7,    8,  -30,  -26,   10,  -33,  -26,    6,
     -33,  -25,    8,   -4,   -9,   -4,   10,  -30,  -18,  -19,  -19,   -8,  -30,  -20,  -22,  -30,
     -14,    6,  -17,  -29,   19,    6,  -19,    9,    7,  -20,   -5,   -6,   11,    8,   -5,  -13,
     -16,    7,  -16,  -10,   -6,  -15,  -10,   -4,  -14,  -13,  -13,  -11,  -12,  -17,  -11,  -16,
     -14,   -5,  -10,  -11,   -4,   -4,   -4,  -14,  -14,  -13,   -8,   10,  -10,   10,  -13,    9,
       7,    8,   -6,   12,   -6,    8,  -15,   10,  -11,    7,   10,    5,    6,   14,    8,   10,
       4,  -15,  -16,   14,   -7,    8,   -7,   10,    7,  -12,   -7,   -8,   -7,   -9,   10,  -13,
      -8,    6,   -6,    4,    6,   -5,  -12,   -7,    8,   -8,  -14,   15,   -5,   -5,  -16,    4,
       6,   -8,  -16,    8,  -21,   -8,   -4,   -8,   -9,    4,   -9,   -9,  -10,  -10,  -14,   -8,
     -15,  -10,   -6,  -12,   -8,   -9,    4,  -10,   -8,  -12,    6,  -13,  -14,   -7,   -6,   -9,
      -9,   -7,   10,   -8,   -4,   -6,   -4,   -6,   -8,   -7,   -6,   -7,  -11,   -7,   -5,   -6,
      -5,  -23,  -15,    6,   -8,    6,  -12,    8,  -13,    8,   10,    9,    8,   10,   10,   10,
      10,    7,    9,   -8,    9,   -9,   11,   13,   -5,    8,    8,   -4,    6,    8,    8,   -5,
       9,    8,   -5,   -4,    4,   24,   -7,   -4,   -9,   -9,  -12,   -8,    5,   -5,  -10,  -13,
      -7,    4,   -6,   -4,   -4,   -7,   -5,    5,    5,  -18,    8,    4,   -9,  -10,   -5,  -14,
      -4,    8,   -6,   10,    5,    7,  -14,   -6,    6,    8,   -7,    8,    6,    6,    6,    8,
       4,   -6,    7,    5,   10,   -5,   -4,    4,    6,   -4,  -10,   -5,    5,   -5,    5,    5,
     -18,    8,    4,   -9,  -10,   -5,  -14,   -4,    8,   -7,   10,    5,    7,  -14,   -7,    8,
      10,   -8,    8,    8,    6,    6,   -5,   10,    5,   -7,    8,    5,   10,   -6,    5,   -6,
      -9,   -5,   -6,   -5,   -5,   -6,   -6,  -11,   -7,   -8,   -6,    5,   -6,   -9,   -6,   -6,
     -12,  -10,  -12,  -12,    5,  -11,  -11,  -14,   -8,    4,   -6,   -7,   -6,  -10,  -10,  -12,
     -12,   -6,   10,   -8,   -8,   -6,  -14,  -11,   -6,   -4,   -5,   -9,  -10,    7,   -4,    4,
      -5,   -4,  -14,   -7,   -6,    6,  -10,    5,    4,    4,    4,   10,  -15,  -17,  -10,   -6,
     -12,    6,  -11,    6,    8,   -4,    7,    6,    8,    8,    8,    8,    5,    7,  -12,  -13,
      -8,  -10,    8,   -8,    8,   10,   -4,    9,    8,   10,    8,   10,    5,    4,    8,  -18,
     -14,   -7,   10,   -9,  -12,   -6,  -15,  -11,   -8,   -4,   -4,   -4,   -6,   -2,   -3,   -4,
      -4,   -7,  -18,  -14,   -5,    5,    8,   -8,    8,    6,   -4,  -12,   -4,  -11,    8,   -4,
      10,    5,    7,  -10,   -4,    6,    8,   -6,   13,    6,    6,    6,    8,    5,   -4,    7,
       6,   11,  -29,   -9,  -21,    4,   -9,   -4,  -13,   -8,    4,  -14,   -9,  -11,  -10,   -9,
     -16,  -25,  -28,  -10,  -10,  -12,  -12,    5,  -11,  -11,  -14,   -7,    4,   -7,  -10,  -10,
     -12,  -10,  -12,  -12,    5,  -11,  -11,  -14,   -8,    4,   -6,   -7,   -5,  -10,  -10,   -6,
       5,   -6,  -10,   -7,   -6,  -14,   -6,   -9,    6,   -8,   -6,   11,   -4,  -14,  -10,    6,
      -4,  -10,   -7,   -5,    6,   -4,    6,   -5,   -4,   -4,  -14,  -14,   -7,   -4,    4,    5,
      -6,   -4,    5,    5,    4,   12,   -6,  -14,   -4,   -6,   -9,    6,   -8,  -14,  -11,   -4,
      -7,  -14,  -10,   -6,    5,   -6,   -4,   -4,   -6,   -8,   -4,   -4,   -4,   -8,   -6,   -8,
     -20,  -11,  -18,  -11,   -6,  -15,  -10,  -13,   -9,   -4,   -9,   -4,   -4,   -4,  -13,  -10,
     -18,  -18,  -14,   -8,  -24,  -16,   -8,   -8,   -8,   -4,   -4,   -4,   -8,   -8,    5,    9,
      -4,   11,  -39,  -20,  -25,   14,  -11,   15,   15,  -24,   14,   -5,  -33,  -21,   12,  -25,
     -19,   12,    8,   -5,   -6,   11,   10,    8,   -7,   -4,   -4,  -20,  -20,  -21,  -10,  -20,
      -6,  -21,  -24,   -4,  -16,   14,  -18,  -13,   14,   -5,  -21,   14,    5,   -4,  -37,   -7,
      -7,    5,   12,   12,    6,    7,  -21,  -17,    7,   -4,    8,   -8,   11,    7,   -9,   12,
      14,   12,    7,   12,    7,   14,   13,   14,   10,    9,   13,   -4,  -48,  -38,  -20,  -12,
      -8,  -20,   -4,   -4,   -7,   -4,   -7,    8,   -7,    4,    5,    4,   -6,   14,   -6,  -37,
      -4,  -29,    8,   -8,   -4,    4,    5,  -17,    4,   -8,  -13,   14,  -12,  -14,   -8,  -33,
     -36,  -13,   -4,   12,   -8,   -4,  -18,   -7,   -6,   -9,   -8,   -6,   -7,   -5,   14,  -22,
     -13,   -9,  -20,  -13,   10,    6,   -9,   -9,   -6,   17,   -6,   -5,  -18,  -18,  -13,   10,
     -26,  -18,  -30,   -9,    7,  -18,   11,   -6,   11,  -26,   -8,    8,  -13,   -4,  -29,  -25,
       8,  -28,  -24,   10,   -5,  -13,  -14,    8,    5,  -11,  -14,   -9,  -11,  -11,  -27,  -23,
      -7,  -28,  -16,  -23,  -12,  -24,  -25,   -7,  -11,   -7,  -10,  -20,    9,  -21,  -17,    9,
     -13,  -23,   12,   -8,  -24,  -14,  -13,    4,  -13,  -11,   -9,    4,  -10,    7,   -9,    8,
      10,    8,    8,   10,    9,   10,    5,    9,  -24,   -6,   -5,  -11,    4,    6,  -12,   -6,
     -17,  -12,  -25,   -7,  -28,   -4,    6,  -24,  -20,  -13,   -4,   -6,   -8,    6,   -8,  -14,
     -11,   -4,   -7,  -11,   -8,   -8,    5,   -7,   -6,   -4,  -11,   -8,   -7,   -6,   -6,  -10,
      -7,  -14,   -7,   -6,   -7,   -9,  -15,   -8,  -12,    6,  -10,   -7,  -15,  -13,   -6,   -6,
      -4,    7,   -4,    4,    5,    4,    6,    5,    4,   14,    6,    5,    5,    5,   -6,   10,
      -6,    9,    5,    5,    5,   -7,    5,   11,   -9,   -7,   -5,   10,   -7,  -11,   -7,   -4,
      -7,   -7,   -8,   -6,    8,  -13,   -6,  -11,   -8,   -7,   -8,   -8,  -12,   -7,  -11,  -10,
      -6,  -12,   -8,   -9,   -6,    8,   -6,   -5,   -7,   -6,   -8,   -6,   -4,   -7,   -4,   -7,
     -15,   -4,    7,   -6,   -5,   -6,    5,   -4,    5,   15,   -8,  -12,  -24,  -20,  -16,   -8,
     -12,   -8,   -4,   -8,   -4,   -4,   -8,   -4,   -1,   -8,   -4,   -8,   -2,   -3,  -10,  -10,
      -4,    3,   -3,  -10,   -2,   -5,   -6,   -4,  -16,   -8,   -3,  -20,  -13,   -4,   -2,  -10,
     -20,  -13,  -13,   -4,   -5,   -4,   -6,   -8,   -9,   -3,   -2,   -8,  -15,   -1,   -9,   -6,
      -3,   -3,   -2,  -24,   -8,   -6,   -6,   -6,  -12,   -6,   -6,   -8,   -8,   -8,   -3,   -2,
      -5,   -5,   -9,   -9,  -16,   -3,   -3,  -12,   -9,   -3,  -18,   -5,    3,   -1,   -8,   -2,
      -8,  -10,  -10,   -5,   -7,   -4,   -3,  -12,   -3,   -3,   -5,   -2,   -9,   -6,   -4,   -6,
      -8,   -6,   -6,  -14,   -3,   -6,   -2,   -4,   -3,   -8,   -4,  -10,   -9,  -16,   -8,  -12,
      -3,   -6,   -9,  -12,   -9,   -8,  -10,  -11,   -3,  -11,   -6,   -9,   -6,   -6,  -19,  -20,
      -7,   -3,   -3,  -15,  -16,  -16,   -4,   -8,   -8,  -24,   -8,   -8,   -4,   -8,   24,   20,
      -4,  -12,  -12,   -8,   -4,   24,  -24,  -20,  -20,   -8,  -12,  -33,  -12,  -12,  -38,   -8,
     -12,    6,    8,    7,   11,   13,    6,   10,    9,  -11,  -13,  -17,   -8,    5,    5,    5,
     -78,  -11,  -28,    8,    6,  -38,  -24,  -33,  -22,    5,   -8,  -12,   -5,    6,    6,  -11,
     -17,  -13,  -18,   -6,  -17,  -12,  -21,   -8,    6,   -9,   -8,    6,  -11,    6,  -40,   -6,
      -4,  -39,  -15,  -15,  -42,  -15,   -8,    7,    5,   11,   12,    6,    9,    7,  -25,   -4,
     -29,  -29,   -8,   -4,   -4,  -17,  -31,  -13,   -4,   -4,   -4,  -13,  -52,   -8,  -25,   -4,
      -4,   -4,  -29,   -4,   -4,   -4,    7,   -7,   -8,  -42,  -26,  -39,  -25,  -15,  -10,    6,
      -5,  -25,   -8,   -8,  -23,  -20,   -6,  -25,  -12,  -29,  -10,  -20,  -28,   -8,   -6,   -7,
     -15,  -18,  -31,   -7,  -20,    5,   -5,  -43,  -12,   -5,  -11,   -7,    8,  -13,  -13,    9,
     -13,    4,  -30,   -8,  -50,  -30,    9,  -43,    8,    4,    4,    4,    4,    4,   12,    4,
       4,    4,  -16,  -12,    8,  -16,   10,    9,    4,    4,    4,    4,    4,    4,    4,  -16,
     -10,  -12,   20,
};

static const EpdLigaturePair ubuntu_12_boldLigaturePairs[] = {
    { 0x00660066, 0xFB00 }, // f f -> U+FB00
    { 0x00660069, 0xFB01 }, // f i -> U+FB01
    { 0x0066006C, 0xFB02 }, // f l -> U+FB02
    { 0xFB000069, 0xFB03 }, // U+FB00 i -> U+FB03
    { 0xFB00006C, 0xFB04 }, // U+FB00 l -> U+FB04
};

static const EpdFontData ubuntu_12_bold = {
    ubuntu_12_boldBitmaps,
    ubuntu_12_boldGlyphs,
    ubuntu_12_boldIntervals,
    51,
    29,
    24,
    -5,
    false,
    nullptr,
    0,
    nullptr,
    nullptr,  // kernLeftClasses: built-in fonts use the split arrays below
    nullptr,  // kernRightClasses
    ubuntu_12_boldKernLeftCodepoints,
    ubuntu_12_boldKernLeftClassIds,
    ubuntu_12_boldKernRightCodepoints,
    ubuntu_12_boldKernRightClassIds,
    nullptr,  // kernMatrix: built-in fonts use the sparse form below
    ubuntu_12_boldKernRowOffsets,
    ubuntu_12_boldKernSparseCols,
    ubuntu_12_boldKernSparseValues,
    662,
    673,
    194,
    179,
    ubuntu_12_boldLigaturePairs,
    5,
};
