/**
 * generated by fontconvert.py
 * name: ubuntu_10_bold
 * size: 10
 * mode: 1-bit
 * Command used: fontconvert.py ubuntu_10_bold 10 ../builtinFonts/source/Ubuntu/Ubuntu-Bold.ttf ../builtinFonts/source/NotoSans/NotoSans-Bold.ttf ../builtinFonts/source/NotoSansHebrew/NotoSansHebrew-Bold.ttf ../builtinFonts/source/NotoSansArabic/NotoSansArabic-Bold.ttf ../builtinFonts/source/Ubuntu/Ubuntu-Vietnamese-Bold.ttf --additional-intervals 0x05D0,0x05EA --additional-intervals 0x060C,0x060C --additional-intervals 0x061B,0x061B --additional-intervals 0x061F,0x061F --additional-intervals 0x0621,0x0621 --additional-intervals 0x0640,0x0640 --additional-intervals 0x0654,0x0654 --additional-intervals 0x0660,0x0669 --additional-intervals 0x06BA,0x06BA --additional-intervals 0x06D4,0x06D4 --additional-intervals 0x06D5,0x06D5 --additional-intervals 0x06F0,0x06F9 --additional-intervals 0xFB56,0xFB59 --additional-intervals 0xFB66,0xFB69 --additional-intervals 0xFB7A,0xFB7D --additional-intervals 0xFB88,0xFB95 --additional-intervals 0xFB9E,0xFB9F --additional-intervals 0xFBA6,0xFBB1 --additional-intervals 0xFBFC,0xFBFF --additional-intervals 0xFE80,0xFEFC
 */
#pragma once
#include "EpdFontData.h"

static const uint8_t ubuntu_10_boldBitmaps[30909] = {
    0xFF, 0xFF, 0xFF, 0xFF, 0xFF, 0x0F, 0xFF, 0xF0, 0xFF, 0xFF, 0xEF, 0xEF, 0xE7, 0xE7, 0x1E, 0xF0,
    0xF7, 0x87, 0x3C, 0x39, 0xCF, 0xFF, 0xFF, 0xFC, 0xF7, 0x87, 0x3C, 0x39, 0xC7, 0xFF, 0xFF, 0xFE,
    0xF7, 0x87, 0xBC, 0x39, 0xE1, 0xCE, 0x00, 0x0F, 0x01, 0xE0, 0x7F, 0x9F, 0xF7, 0xFC, 0xF3, 0x9E,
    0x03, 0xF8, 0x3F, 0xC3, 0xFC, 0x1F, 0x80, 0xF7, 0x1E, 0xFF, 0xDF, 0xFB, 0xFC, 0x0F, 0x01, 0xE0,
    0x3C, 0x00, 0x3E, 0x0E, 0x0F, 0xE3, 0xC1, 0xDC, 0xF0, 0x7B, 0xDE, 0x0F, 0x7F, 0x80, 0xEE, 0xF0,
    0x1F, 0xFC, 0x01, 0xF7, 0x7C, 0x01, 0xFF, 0xC0, 0x3B, 0xBC, 0x0F, 0x73, 0x81, 0xCE, 0x70, 0x79,
    0xDE, 0x1E, 0x3F, 0x83, 0xC3, 0xE0, 0x1F, 0x80, 0x7F, 0x80, 0xFF, 0x81, 0xEF, 0x03, 0xDE, 0x07,
    0xF8, 0x07, 0xE0, 0x1F, 0xDE, 0x7F, 0xBC, 0xE7, 0xF3, 0xC7, 0xE7, 0xC7, 0xC7, 0xFF, 0x8F, 0xFF,
    0x8F, 0xF7, 0x80, 0xFF, 0xEE, 0xEE, 0x1C, 0x3C, 0xF1, 0xE7, 0x8F, 0x1C, 0x78, 0xF1, 0xE3, 0xC7,
    0x8F, 0x0E, 0x1E, 0x3C, 0x3C, 0x78, 0x78, 0xE0, 0x63, 0xCF, 0x1E, 0x78, 0xF3, 0xCF, 0x3C, 0x71,
    0xCF, 0x3C, 0xF3, 0xDE, 0x7B, 0xCF, 0x18, 0x0E, 0x03, 0x87, 0xF9, 0xFF, 0x7F, 0xCF, 0xC3, 0xF8,
    0x6C, 0x1E, 0x07, 0x81, 0xE0, 0x78, 0xFF, 0xFF, 0xFF, 0xFC, 0x78, 0x1E, 0x07, 0x81, 0xE0, 0x7B,
    0xDE, 0xEF, 0x78, 0xFF, 0xFF, 0xF8, 0x77, 0xFE, 0xE0, 0x01, 0xE0, 0x3C, 0x0F, 0x01, 0xE0, 0x3C,
    0x0F, 0x01, 0xE0, 0x38, 0x0F, 0x01, 0xE0, 0x78, 0x0F, 0x01, 0xE0, 0x78, 0x0F, 0x01, 0xE0, 0x78,
    0x0F, 0x01, 0xE0, 0x78, 0x00, 0x1F, 0x83, 0xFC, 0x7F, 0xE7, 0xBE, 0x79, 0xEF, 0x1E, 0xF0, 0xFF,
    0x0F, 0xF0, 0xFF, 0x1E, 0x79, 0xE7, 0xBE, 0x7F, 0xE3, 0xFC, 0x1F, 0x80, 0x0F, 0x1F, 0x3F, 0x7F,
    0xFF, 0x7F, 0x0F, 0x0F, 0x0F, 0x0F, 0x0F, 0x0F, 0x0F, 0x0F, 0x0F, 0x3F, 0x8F, 0xF9, 0xFF, 0xBD,
    0xF2, 0x1E, 0x03, 0x80, 0xF0, 0x3C, 0x0F, 0x03, 0xC0, 0xF0, 0x3C, 0x07, 0xFE, 0xFF, 0xDF, 0xF8,
    0x3F, 0x8F, 0xF9, 0xFF, 0x39, 0xE0, 0x3C, 0x0F, 0x87, 0xE0, 0xFE, 0x03, 0xE0, 0x3C, 0x07, 0xB1,
    0xF7, 0xFD, 0xFF, 0x9F, 0xE0, 0x03, 0xC0, 0x7C, 0x0F, 0xC0, 0xFC, 0x1F, 0xC3, 0xFC, 0x3B, 0xC7,
    0xBC, 0xF3, 0xCF, 0xFF, 0xFF, 0xFF, 0xFF, 0x03, 0xC0, 0x3C, 0x03, 0xC0, 0x3F, 0xE7, 0xFC, 0xFF,
    0x9C, 0x03, 0x80, 0x7E, 0x1F, 0xF3, 0xFE, 0x0F, 0xE0, 0x3C, 0x07, 0xB1, 0xF7, 0xFC, 0xFF, 0x9F,
    0xE0, 0x03, 0xC0, 0xFE, 0x1F, 0xE3, 0xF8, 0x78, 0x07, 0xF8, 0x7F, 0xE7, 0xFE, 0xF9, 0xEF, 0x0F,
    0x78, 0xE7, 0xDE, 0x7F, 0xE3, 0xFC, 0x1F, 0x80, 0x7F, 0xE7, 0xFE, 0x7F, 0xE0, 0x3E, 0x03, 0xC0,
    0x78, 0x07, 0x80, 0x70, 0x0F, 0x00, 0xF0, 0x0E, 0x01, 0xE0, 0x1E, 0x01, 0xE0, 0x1E, 0x00, 0x1F,
    0x83, 0xFC, 0x7F, 0xE7, 0x9E, 0x79, 0xE7, 0x9E, 0x7F, 0xC3, 0xFC, 0x3F, 0xE7, 0xBE, 0x70, 0xE7,
    0x9E, 0x7F, 0xE7, 0xFE, 0x3F, 0x80, 0x1F, 0x83, 0xFC, 0x7F, 0xEF, 0xBE, 0xF1, 0xEF, 0x1E, 0xF9,
    0xE7, 0xFE, 0x7F, 0xE3, 0xFE, 0x01, 0xE0, 0xFC, 0x7F, 0xC7, 0xF0, 0x7E, 0x00, 0x77, 0xFE, 0xE0,
    0x00, 0x0E, 0xFF, 0xDC, 0x77, 0xFE, 0xE0, 0x00, 0x00, 0x7B, 0xDE, 0xEF, 0x78, 0x01, 0xC3, 0xF3,
    0xFF, 0xFE, 0xFE, 0x3C, 0x0F, 0xE3, 0xFE, 0x3F, 0xC3, 0xF0, 0x1C, 0xFF, 0xFF, 0xFF, 0xFC, 0x00,
    0x00, 0x3F, 0xFF, 0xFF, 0xFF, 0xE0, 0x3F, 0x0F, 0xF1, 0xFF, 0x1F, 0xC1, 0xF1, 0xFD, 0xFF, 0xFF,
    0x3F, 0x0E, 0x00, 0x7F, 0x3F, 0xEF, 0xF9, 0x9E, 0x07, 0x81, 0xE0, 0xF8, 0x7C, 0x1E, 0x0F, 0x03,
    0xC0, 0x00, 0x3C, 0x0F, 0x03, 0xC0, 0xF0, 0x07, 0xFC, 0x03, 0xFF, 0xE0, 0xFC, 0x7E, 0x3E, 0x03,
    0xE7, 0x3F, 0xDD, 0xEF, 0xFB, 0xB9, 0xEF, 0x7F, 0x79, 0xE7, 0xEF, 0x3C, 0xFD, 0xE7, 0xBF, 0xBC,
    0xF7, 0x73, 0xDE, 0xEF, 0x7F, 0xF8, 0xE7, 0xFE, 0x1E, 0x00, 0x01, 0xF8, 0xC0, 0x1F, 0xFC, 0x00,
    0xFF, 0x80, 0x07, 0xC0, 0x0F, 0x80, 0x1F, 0x80, 0x7F, 0x00, 0xFE, 0x03, 0xDE, 0x07, 0xBC, 0x0E,
    0x3C, 0x3C, 0x78, 0x7F, 0xF1, 0xFF, 0xF3, 0xFF, 0xE7, 0x83, 0xDE, 0x03, 0xFC, 0x07, 0x80, 0xFF,
    0xC7, 0xFF, 0x3F, 0xFD, 0xE3, 0xEF, 0x1F, 0x7F, 0xF3, 0xFF, 0x9F, 0xFE, 0xF1, 0xF7, 0x87, 0xBC,
    0x3D, 0xE3, 0xEF, 0xFF, 0x7F, 0xF3, 0xFF, 0x00, 0x0F, 0xF1, 0xFF, 0x9F, 0xFC, 0xFD, 0xEF, 0x80,
    0x78, 0x03, 0xC0, 0x1E, 0x00, 0xF0, 0x07, 0x80, 0x3E, 0x01, 0xF8, 0xE7, 0xFF, 0x1F, 0xF8, 0x7F,
    0xC0, 0xFF, 0xC3, 0xFF, 0x8F, 0xFF, 0x3C, 0x7E, 0xF0, 0x7B, 0xC1, 0xFF, 0x03, 0xFC, 0x0F, 0xF0,
    0x3F, 0xC1, 0xFF, 0x07, 0xBC, 0x7E, 0xFF, 0xF3, 0xFF, 0x8F, 0xFC, 0x00, 0xFF, 0xFF, 0xFF, 0xFF,
    0xF8, 0x0F, 0x01, 0xE0, 0x3F, 0xF7, 0xFE, 0xFF, 0xDE, 0x03, 0xC0, 0x78, 0x0F, 0xFF, 0xFF, 0xFF,
    0xF8, 0xFF, 0xFF, 0xFF, 0xFF, 0xF8, 0x0F, 0x01, 0xE0, 0x3F, 0xF7, 0xFE, 0xFF, 0xDE, 0x03, 0xC0,
    0x78, 0x0F, 0x01, 0xE0, 0x3C, 0x00, 0x0F, 0xF1, 0xFF, 0x9F, 0xFC, 0xFC, 0xEF, 0x80, 0x78, 0x03,
    0xC0, 0x1E, 0x0F, 0xF0, 0x7F, 0x83, 0xFE, 0x1E, 0xF8, 0xF7, 0xFF, 0x9F, 0xFC, 0x7F, 0xC0, 0xF0,
    0x7F, 0x83, 0xFC, 0x1F, 0xE0, 0xFF, 0x07, 0xF8, 0x3F, 0xFF, 0xFF, 0xFF, 0xFF, 0xFF, 0x83, 0xFC,
    0x1F, 0xE0, 0xFF, 0x07, 0xF8, 0x3F, 0xC1, 0xE0, 0xFF, 0xFF, 0xFF, 0xFF, 0xFF, 0xFF, 0xFF, 0xF0,
    0x03, 0xC0, 0xF0, 0x3C, 0x0F, 0x03, 0xC0, 0xF0, 0x3C, 0x0F, 0x03, 0xC0, 0xF0, 0x3D, 0x9F, 0xFF,
    0xFF, 0xE7, 0xF0, 0xF0, 0xFB, 0xC7, 0xCF, 0x3E, 0x3D, 0xF0, 0xFF, 0x83, 0xFC, 0x0F, 0xE0, 0x3F,
    0xC0, 0xFF, 0x83, 0xDF, 0x0F, 0x3C, 0x3C, 0xF8, 0xF1, 0xF3, 0xC3, 0xCF, 0x0F, 0x80, 0xF0, 0x1E,
    0x03, 0xC0, 0x78, 0x0F, 0x01, 0xE0, 0x3C, 0x07, 0x80, 0xF0, 0x1E, 0x03, 0xC0, 0x78, 0x0F, 0xFF,
    0xFF, 0xFF, 0xF8, 0x78, 0x0F, 0x3E, 0x0F, 0x9F, 0x07, 0xCF, 0xC7, 0xE7, 0xE3, 0xF7, 0xF1, 0xFB,
    0xFD, 0xFD, 0xEE, 0xEF, 0xF7, 0xF7, 0xFB, 0xF3, 0xFC, 0xF9, 0xFE, 0x7C, 0xFF, 0x1C, 0x7F, 0x80,
    0x3F, 0xC0, 0x1E, 0xF0, 0x3F, 0xE0, 0xFF, 0xC3, 0xFF, 0x8F, 0xFE, 0x3F, 0xFC, 0xFF, 0x7B, 0xFD,
    0xEF, 0xF3, 0xFF, 0xC7, 0xFF, 0x1F, 0xFC, 0x3F, 0xF0, 0x7F, 0xC1, 0xFF, 0x03, 0xC0, 0x0F, 0xE0,
    0x7F, 0xE1, 0xFF, 0xE3, 0xE7, 0xEF, 0x83, 0xDE, 0x07, 0xFC, 0x07, 0xF8, 0x0F, 0xF0, 0x1F, 0xE0,
    0x7F, 0xE0, 0xF3, 0xE7, 0xE7, 0xFF, 0x87, 0xFF, 0x03, 0xF8, 0x00, 0xFF, 0xCF, 0xFE, 0xFF, 0xFF,
    0x1F, 0xF0, 0xFF, 0x0F, 0xF3, 0xFF, 0xFF, 0xFF, 0xEF, 0xFC, 0xF0, 0x0F, 0x00, 0xF0, 0x0F, 0x00,
    0xF0, 0x00, 0x0F, 0xE0, 0x7F, 0xE1, 0xFF, 0xE3, 0xE7, 0xEF, 0x83, 0xDE, 0x07, 0xFC, 0x07, 0xF8,
    0x0F, 0xF0, 0x1F, 0xE0, 0x7F, 0xE0, 0xF3, 0xE7, 0xE7, 0xFF, 0x87, 0xFF, 0x07, 0xF8, 0x01, 0xF8,
    0x01, 0xFC, 0x01, 0xF0, 0xFF, 0x87, 0xFF, 0x3F, 0xF9, 0xE7, 0xEF, 0x0F, 0x78, 0x7B, 0xCF, 0xDF,
    0xFE, 0xFF, 0xE7, 0xFE, 0x3C, 0xF1, 0xE7, 0xCF, 0x1F, 0x78, 0x7B, 0xC3, 0xE0, 0x1F, 0xC3, 0xFE,
    0x7F, 0xE7, 0xCC, 0x78, 0x07, 0xC0, 0x7F, 0x83, 0xFC, 0x0F, 0xE0, 0x1F, 0x00, 0xF7, 0x1F, 0x7F,
    0xE7, 0xFE, 0x7F, 0xC0, 0xFF, 0xFF, 0xFF, 0xFF, 0xFE, 0x1E, 0x00, 0xF0, 0x07, 0x80, 0x3C, 0x01,
    0xE0, 0x0F, 0x00, 0x78, 0x03, 0xC0, 0x1E, 0x00, 0xF0, 0x07, 0x80, 0x3C, 0x00, 0xF0, 0x7F, 0x83,
    0xFC, 0x1F, 0xE0, 0xFF, 0x07, 0xF8, 0x3F, 0xC1, 0xFE, 0x0F, 0xF0, 0x7F, 0x83, 0xFC, 0x3F, 0xFB,
    0xE7, 0xFF, 0x1F, 0xF0, 0x7F, 0x00, 0xF0, 0x1F, 0xF0, 0x3D, 0xE0, 0xFB, 0xC1, 0xE7, 0xC3, 0xC7,
    0x8F, 0x0F, 0x1E, 0x1F, 0x3C, 0x1E, 0xF0, 0x3D, 0xE0, 0x3F, 0x80, 0x7F, 0x00, 0x7E, 0x00, 0xF8,
    0x01, 0xF0, 0x00, 0xF0, 0x00, 0xFF, 0x80, 0x1F, 0x78, 0xF1, 0xE7, 0x8F, 0x1E, 0x78, 0xF9, 0xE7,
    0x9F, 0x9E, 0x7D, 0xF9, 0xC3, 0xDF, 0xBC, 0x3F, 0xFF, 0xC3, 0xF9, 0xFC, 0x3F, 0x9F, 0x81, 0xF9,
    0xF8, 0x1F, 0x0F, 0x81, 0xF0, 0xF8, 0x0F, 0x0F, 0x00, 0xF8, 0x7D, 0xF1, 0xE3, 0xCF, 0x8F, 0xFC,
    0x1F, 0xE0, 0x3F, 0x80, 0xFC, 0x01, 0xF0, 0x0F, 0xC0, 0x7F, 0x81, 0xFF, 0x0F, 0xFC, 0x7C, 0xF9,
    0xE1, 0xFF, 0x87, 0xC0, 0xF8, 0x3F, 0xE1, 0xE7, 0xC7, 0x8F, 0x3C, 0x3F, 0xF0, 0x7F, 0x81, 0xFE,
    0x03, 0xF0, 0x0F, 0x80, 0x1E, 0x00, 0x78, 0x01, 0xE0, 0x07, 0x80, 0x1E, 0x00, 0x78, 0x00, 0x7F,
    0xF3, 0xFF, 0x9F, 0xFC, 0x03, 0xE0, 0x3E, 0x03, 0xE0, 0x3E, 0x01, 0xE0, 0x1F, 0x01, 0xF0, 0x0F,
    0x00, 0xF8, 0x07, 0xFF, 0xFF, 0xFF, 0xFF, 0xE0, 0x7E, 0xFD, 0xFB, 0x87, 0x0E, 0x1C, 0x38, 0x70,
    0xE1, 0xC3, 0x87, 0x0E, 0x1C, 0x38, 0x70, 0xFD, 0xFB, 0xF0, 0xF0, 0x0F, 0x01, 0xE0, 0x3C, 0x03,
    0xC0, 0x78, 0x0F, 0x00, 0xF0, 0x1E, 0x03, 0xC0, 0x3C, 0x07, 0x80, 0xF0, 0x0F, 0x01, 0xE0, 0x1C,
    0x03, 0xC0, 0x78, 0x07, 0x80, 0xF0, 0xFF, 0xFF, 0xC7, 0x1C, 0x71, 0xC7, 0x1C, 0x71, 0xC7, 0x1C,
    0x71, 0xC7, 0x1F, 0xFF, 0xFF, 0x0F, 0x01, 0xF0, 0x1F, 0x83, 0xFC, 0x3F, 0xC7, 0x9E, 0x79, 0xEF,
    0x0F, 0x70, 0xE0, 0xFF, 0xFF, 0xFF, 0xFF, 0x80, 0x63, 0xCF, 0x8E, 0x18, 0x3F, 0x87, 0xF8, 0xFF,
    0x19, 0xF3, 0xFE, 0xFF, 0xDE, 0x7F, 0xCF, 0x7F, 0xEF, 0xFC, 0xFF, 0x00, 0xF0, 0x1E, 0x03, 0xC0,
    0x78, 0x0F, 0x01, 0xFF, 0x3F, 0xF7, 0xFF, 0xFB, 0xFE, 0x3F, 0xC7, 0xF8, 0xFF, 0x3F, 0xFF, 0xBF,
    0xF7, 0xF8, 0x1F, 0xCF, 0xF7, 0xFD, 0xF2, 0x78, 0x1E, 0x07, 0x81, 0xF3, 0x7F, 0xCF, 0xF1, 0xFC,
    0x00, 0xF0, 0x0F, 0x00, 0xF0, 0x0F, 0x00, 0xF1, 0xFF, 0x3F, 0xF7, 0xFF, 0x7D, 0xF7, 0x8F, 0x78,
    0xF7, 0x8F, 0x7C, 0xF7, 0xFF, 0x3F, 0xF1, 0xFE, 0x1F, 0x83, 0xFE, 0x7F, 0xE7, 0x9F, 0x7F, 0xF7,
    0xFF, 0x78, 0x07, 0xC6, 0x7F, 0xE3, 0xFE, 0x1F, 0xE0, 0x3F, 0x3F, 0xBF, 0xDF, 0x6F, 0x07, 0xFB,
    0xFD, 0xFE, 0xF0, 0x78, 0x3C, 0x1E, 0x0F, 0x07, 0x83, 0xC1, 0xE0, 0x1F, 0xE7, 0xFD, 0xFF, 0xBE,
    0xF7, 0x9E, 0xF3, 0xDE, 0x7B, 0xFF, 0x3F, 0xE3, 0xFC, 0x07, 0x99, 0xF7, 0xFE, 0xFF, 0x9F, 0xE0,
    0xF0, 0x3C, 0x0F, 0x03, 0xC0, 0xF0, 0x3F, 0xEF, 0xFF, 0xFF, 0xF3, 0xFC, 0xFF, 0x3F, 0xCF, 0xF3,
    0xFC, 0xFF, 0x3F, 0xCF, 0xFF, 0xFF, 0x0F, 0xFF, 0xFF, 0xFF, 0xFF, 0xFF, 0x1E, 0x3C, 0x78, 0xF0,
    0x03, 0xC7, 0x8F, 0x1E, 0x3C, 0x78, 0xF1, 0xE3, 0xC7, 0x8F, 0x1F, 0xFF, 0xF7, 0xC0, 0xF0, 0x1E,
    0x03, 0xC0, 0x78, 0x0F, 0x01, 0xE7, 0xFD, 0xF7, 0xFC, 0xFF, 0x1F, 0xC3, 0xFC, 0x7F, 0x8F, 0x79,
    0xEF, 0xBC, 0xFF, 0x8F, 0xF3, 0xCF, 0x3C, 0xF3, 0xCF, 0x3C, 0xF3, 0xCF, 0x3C, 0xFB, 0xF7, 0x9E,
    0xFF, 0xFC, 0xFF, 0xFE, 0xFF, 0xFF, 0xF7, 0xDF, 0xF3, 0xCF, 0xF3, 0xCF, 0xF3, 0xCF, 0xF3, 0xCF,
    0xF3, 0xCF, 0xF3, 0xCF, 0xF3, 0xCF, 0xFF, 0xBF, 0xEF, 0xFF, 0xCF, 0xF3, 0xFC, 0xFF, 0x3F, 0xCF,
    0xF3, 0xFC, 0xFF, 0x3C, 0x1F, 0xC3, 0xFE, 0x7F, 0xE7, 0xDF, 0x78, 0xF7, 0x8F, 0x78, 0xF7, 0xDF,
    0x7F, 0xE3, 0xFE, 0x1F, 0xC0, 0xFF, 0x1F, 0xFB, 0xFF, 0x79, 0xFF, 0x1F, 0xE3, 0xFC, 0x7F, 0x9F,
    0xFF, 0xDF, 0xFB, 0xFE, 0x78, 0x0F, 0x01, 0xE0, 0x3C, 0x00, 0x1F, 0xE3, 0xFF, 0x7F, 0xF7, 0xCF,
    0x78, 0xF7, 0x8F, 0x78, 0xF7, 0xDF, 0x7F, 0xF3, 0xFF, 0x1F, 0xF0, 0x0F, 0x00, 0xF0, 0x0F, 0x00,
    0xF0, 0xFF, 0xFF, 0xFF, 0xF2, 0xF0, 0xF0, 0xF0, 0xF0, 0xF0, 0xF0, 0xF0, 0x3F, 0x9F, 0xE7, 0xF9,
    0xE6, 0x7F, 0x9F, 0xE3, 0xFD, 0x8F, 0x7F, 0xDF, 0xE7, 0xF0, 0xF0, 0xF0, 0xF0, 0xFF, 0xFF, 0xFF,
    0xF0, 0xF0, 0xF0, 0xF0, 0xFA, 0xFF, 0x7F, 0x3F, 0xF3, 0xFC, 0xFF, 0x3F, 0xCF, 0xF3, 0xFC, 0xFF,
    0x3F, 0xEF, 0xFF, 0xDF, 0xF3, 0xFC, 0xF0, 0xFF, 0x1E, 0x79, 0xE7, 0x9E, 0x7B, 0xC3, 0xFC, 0x3F,
    0x83, 0xF8, 0x1F, 0x81, 0xF0, 0x0F, 0x00, 0xF1, 0xC7, 0x79, 0xE7, 0x9C, 0xF3, 0xCF, 0x7D, 0xE7,
    0xBE, 0xE1, 0xFF, 0xF0, 0xFF, 0xF8, 0x7E, 0xF8, 0x1E, 0x7C, 0x0F, 0x3E, 0x07, 0x8E, 0x00, 0xF1,
    0xE7, 0x9E, 0x3F, 0xC3, 0xF8, 0x1F, 0x80, 0xF0, 0x1F, 0x83, 0xFC, 0x7B, 0xC7, 0x9E, 0xF1, 0xF0,
    0xF0, 0xFF, 0x1E, 0x79, 0xE7, 0x9E, 0x7B, 0xC3, 0xFC, 0x3F, 0x81, 0xF8, 0x1F, 0x81, 0xF0, 0x0F,
    0x01, 0xE0, 0xFE, 0x0F, 0xC0, 0xF8, 0x00, 0x7F, 0xDF, 0xF7, 0xFC, 0x1E, 0x0F, 0x07, 0x83, 0xC1,
    0xE0, 0x7F, 0xFF, 0xFF, 0xFC, 0x0F, 0x1F, 0x3F, 0x3C, 0x3C, 0x3C, 0x3C, 0x3C, 0x7C, 0xF8, 0xF8,
    0xFC, 0x7C, 0x3C, 0x3C, 0x3C, 0x3C, 0x3F, 0x1F, 0x1F, 0x77, 0x77, 0x77, 0x77, 0x77, 0x77, 0x77,
    0x77, 0x77, 0x77, 0xF0, 0xF8, 0xF8, 0x7C, 0x3C, 0x3C, 0x3C, 0x3C, 0x3C, 0x1E, 0x1E, 0x3E, 0x3C,
    0x3C, 0x3C, 0x3C, 0x7C, 0xF8, 0xF8, 0xF0, 0x3C, 0x77, 0xFF, 0x7F, 0xEF, 0xFE, 0xE3, 0xC0, 0xFF,
    0xFF, 0x0F, 0xFF, 0xFF, 0xFF, 0xFF, 0xF0, 0x0F, 0x03, 0xC0, 0xF0, 0x7F, 0x3F, 0xDF, 0xF7, 0xC9,
    0xE0, 0x78, 0x1F, 0x37, 0xFC, 0xFF, 0x1F, 0xC3, 0xC0, 0xF0, 0x3C, 0x0F, 0xC3, 0xF8, 0xFF, 0x1F,
    0x63, 0xC0, 0x78, 0x3F, 0xE7, 0xFC, 0xFF, 0x87, 0x80, 0xF0, 0x1E, 0x03, 0xFE, 0x7F, 0xDF, 0xF8,
    0x00, 0x07, 0x0E, 0xFF, 0xF7, 0xFE, 0x3B, 0xC7, 0x9E, 0x79, 0xE3, 0xBC, 0x7F, 0xEF, 0xFF, 0x70,
    0xC0, 0x78, 0x79, 0xF3, 0xE3, 0xCF, 0x0F, 0x3C, 0x1F, 0xE0, 0x7F, 0x80, 0xFC, 0x0F, 0xFC, 0x3F,
    0xF0, 0x1E, 0x00, 0x78, 0x0F, 0xFC, 0x3F, 0xF0, 0x1E, 0x00, 0x78, 0x00, 0xFF, 0xFF, 0xFF, 0xFF,
    0x00, 0x00, 0xFF, 0xFF, 0xFF, 0xFF, 0x1F, 0xC7, 0xF9, 0xFF, 0x3C, 0xC7, 0x80, 0x7E, 0x0F, 0xE3,
    0xFE, 0x73, 0xDE, 0x39, 0xE7, 0x3F, 0xE3, 0xF8, 0x3F, 0x80, 0xF3, 0x9E, 0x7F, 0xDF, 0xF9, 0xFE,
    0x00, 0x77, 0xFB, 0xDD, 0xE0, 0x0F, 0xE0, 0x7F, 0xE1, 0xF3, 0xE3, 0x80, 0xEE, 0x7D, 0xDD, 0xF9,
    0xFB, 0x93, 0xFF, 0x07, 0xEE, 0x4F, 0xDF, 0x9F, 0x9F, 0x73, 0x80, 0xE7, 0xCF, 0x87, 0xFE, 0x03,
    0xF8, 0x00, 0x7E, 0x7F, 0x0F, 0x7F, 0xFF, 0xFF, 0xFF, 0x7F, 0x00, 0x01, 0xC7, 0x3C, 0xF7, 0xDE,
    0x7B, 0xEF, 0xBC, 0x7B, 0xE7, 0xDE, 0x3C, 0xF1, 0xC7, 0x00, 0x00, 0xFF, 0xFF, 0xFF, 0xFC, 0x07,
    0x01, 0xC0, 0x70, 0x1C, 0x07, 0xFF, 0xFF, 0xF8, 0x0F, 0xE0, 0x7F, 0xE1, 0xF3, 0xE3, 0x80, 0xEE,
    0xFD, 0xDD, 0xFD, 0xFB, 0xBB, 0xF7, 0xE7, 0xEF, 0xCF, 0xDF, 0x9F, 0xBB, 0xF3, 0x80, 0xE7, 0xCF,
    0x87, 0xFE, 0x03, 0xF8, 0x00, 0xFF, 0xFF, 0x7C, 0xFE, 0xEE, 0xEE, 0xFE, 0x7C, 0x1E, 0x07, 0x81,
    0xE0, 0x78, 0xFF, 0xFF, 0xFF, 0xFC, 0x78, 0x1E, 0x07, 0x81, 0xE0, 0x00, 0xFF, 0xFF, 0xFF, 0xFC,
    0x7D, 0xFD, 0xB8, 0xF3, 0xCF, 0x1C, 0x7F, 0xFE, 0xFD, 0xFD, 0x79, 0xE3, 0xE1, 0xD3, 0xFF, 0xFC,
    0x10, 0xE7, 0xBC, 0x60, 0xF3, 0xFC, 0xFF, 0x3F, 0xCF, 0xF3, 0xFC, 0xFF, 0x3F, 0xEF, 0xFF, 0xFF,
    0xFF, 0xFF, 0xC0, 0xF0, 0x3C, 0x0F, 0x00, 0x0F, 0xF8, 0xFF, 0xF7, 0xFF, 0xDF, 0xEF, 0x7F, 0xBD,
    0xFE, 0xF7, 0xFB, 0xDF, 0xEF, 0x3F, 0xBC, 0x3E, 0xF0, 0x7B, 0xC1, 0xEF, 0x07, 0xBC, 0x1E, 0xF0,
    0x7B, 0xC1, 0xEF, 0x07, 0xBC, 0x1E, 0xF0, 0x7B, 0xC0, 0x77, 0xFE, 0xE0, 0x18, 0xE3, 0xDF, 0x7D,
    0xE0, 0x1D, 0xF7, 0xDF, 0x1C, 0x71, 0xC7, 0x1C, 0x3E, 0x3F, 0x9D, 0xFE, 0x7F, 0x3B, 0xBD, 0xFC,
    0x7E, 0x00, 0x03, 0x8E, 0x1E, 0xF0, 0xF3, 0xC3, 0xDF, 0x1F, 0x78, 0xF7, 0xCF, 0x3C, 0x7B, 0xC3,
    0x8E, 0x00, 0x00, 0x3C, 0x1C, 0x0F, 0x87, 0x83, 0xF0, 0xF0, 0x3E, 0x3C, 0x01, 0xC7, 0x80, 0x39,
    0xE0, 0x07, 0x3C, 0xF0, 0xEF, 0x3E, 0x1D, 0xEF, 0xC0, 0x7B, 0xB8, 0x0E, 0x7F, 0x03, 0xCF, 0xE0,
    0x70, 0x1C, 0x1E, 0x03, 0x83, 0x80, 0x00, 0x3C, 0x3C, 0x1F, 0x0F, 0x0F, 0xC7, 0x81, 0xF1, 0xC0,
    0x1C, 0xF0, 0x07, 0x38, 0x01, 0xDE, 0xF8, 0x77, 0x7E, 0x1F, 0xCF, 0xC0, 0xE0, 0xF0, 0x78, 0x78,
    0x1C, 0x3C, 0x0F, 0x0E, 0x03, 0x87, 0xF1, 0xE1, 0xFC, 0x7C, 0x1E, 0x0F, 0xC3, 0xC1, 0xB8, 0xF0,
    0x1E, 0x1E, 0x03, 0xE7, 0x80, 0x1C, 0xE0, 0x13, 0xBC, 0xF7, 0xF7, 0x3E, 0xFD, 0xEF, 0xC0, 0x3B,
    0xB8, 0x0F, 0x7F, 0x01, 0xCF, 0xE0, 0x78, 0x1C, 0x0E, 0x03, 0x83, 0xC0, 0x00, 0x0E, 0x07, 0xC1,
    0xF0, 0x38, 0x00, 0x03, 0x81, 0xE0, 0xF8, 0x7C, 0x1E, 0x0F, 0x03, 0xEE, 0xFF, 0x9F, 0xE3, 0xF8,
    0x03, 0x00, 0x0E, 0x00, 0x1E, 0x00, 0x1E, 0x00, 0x1C, 0x00, 0x00, 0x01, 0xF0, 0x03, 0xE0, 0x07,
    0xE0, 0x1F, 0xC0, 0x3F, 0x80, 0xF7, 0x81, 0xEF, 0x03, 0x8F, 0x0F, 0x1E, 0x1F, 0xFC, 0x7F, 0xFC,
    0xFF, 0xF9, 0xE0, 0xF7, 0x80, 0xFF, 0x01, 0xE0, 0x01, 0x80, 0x03, 0x80, 0x0F, 0x00, 0x3C, 0x00,
    0x70, 0x00, 0x00, 0x01, 0xF0, 0x03, 0xE0, 0x07, 0xE0, 0x1F, 0xC0, 0x3F, 0x80, 0xF7, 0x81, 0xEF,
    0x03, 0x8F, 0x0F, 0x1E, 0x1F, 0xFC, 0x7F, 0xFC, 0xFF, 0xF9, 0xE0, 0xF7, 0x80, 0xFF, 0x01, 0xE0,
    0x01, 0x80, 0x07, 0x00, 0x1F, 0x00, 0x7F, 0x00, 0x44, 0x00, 0x00, 0x01, 0xF0, 0x03, 0xE0, 0x07,
    0xE0, 0x1F, 0xC0, 0x3F, 0x80, 0xF7, 0x81, 0xEF, 0x03, 0x8F, 0x0F, 0x1E, 0x1F, 0xFC, 0x7F, 0xFC,
    0xFF, 0xF9, 0xE0, 0xF7, 0x80, 0xFF, 0x01, 0xE0, 0x0F, 0x60, 0x1F, 0xE0, 0x37, 0x80, 0x00, 0x00,
    0x7C, 0x00, 0xF8, 0x01, 0xF8, 0x07, 0xF0, 0x0F, 0xE0, 0x3D, 0xE0, 0x7B, 0xC0, 0xE3, 0xC3, 0xC7,
    0x87, 0xFF, 0x1F, 0xFF, 0x3F, 0xFE, 0x78, 0x3D, 0xE0, 0x3F, 0xC0, 0x78, 0x1E, 0xE0, 0x3D, 0xE0,
    0x7B, 0x80, 0x00, 0x00, 0x7C, 0x00, 0xF8, 0x01, 0xF8, 0x07, 0xF0, 0x0F, 0xE0, 0x3D, 0xE0, 0x7B,
    0xC0, 0xE3, 0xC3, 0xC7, 0x87, 0xFF, 0x1F, 0xFF, 0x3F, 0xFE, 0x78, 0x3D, 0xE0, 0x3F, 0xC0, 0x78,
    0x07, 0xC0, 0x0D, 0x80, 0x1B, 0x00, 0x3E, 0x00, 0x7C, 0x00, 0xF8, 0x03, 0xF8, 0x07, 0xF0, 0x0F,
    0xF0, 0x3D, 0xE0, 0x7B, 0xC1, 0xE3, 0xC3, 0xC7, 0x87, 0xFF, 0x1F, 0xFF, 0x3F, 0xFE, 0x78, 0x3D,
    0xE0, 0x3F, 0xC0, 0x78, 0x00, 0xFF, 0xF0, 0x07, 0xFF, 0x80, 0x7F, 0xFC, 0x03, 0xF8, 0x00, 0x3F,
    0xC0, 0x03, 0xDE, 0x00, 0x1E, 0xFF, 0x81, 0xE7, 0xFC, 0x0F, 0x3F, 0xE0, 0xFF, 0xE0, 0x0F, 0xFF,
    0x00, 0x7F, 0xF8, 0x07, 0xC3, 0xFF, 0xBC, 0x1F, 0xFF, 0xC0, 0xFF, 0xE0, 0x0F, 0xF1, 0xFF, 0x9F,
    0xFC, 0xFD, 0xEF, 0x80, 0x78, 0x03, 0xC0, 0x1E, 0x00, 0xF0, 0x07, 0x80, 0x3E, 0x00, 0xF8, 0xE7,
    0xFF, 0x1F, 0xF8, 0x3F, 0xC0, 0xE0, 0x07, 0x80, 0x1C, 0x03, 0xE0, 0x1F, 0x00, 0x0C, 0x03, 0x80,
    0x78, 0x07, 0x80, 0x70, 0x00, 0x3F, 0xFF, 0xFF, 0xFF, 0xFE, 0x03, 0xC0, 0x78, 0x0F, 0xFD, 0xFF,
    0xBF, 0xF7, 0x80, 0xF0, 0x1E, 0x03, 0xFF, 0xFF, 0xFF, 0xFE, 0x02, 0x00, 0xE0, 0x3C, 0x0F, 0x01,
    0xC0, 0x00, 0x3F, 0xFF, 0xFF, 0xFF, 0xFE, 0x03, 0xC0, 0x78, 0x0F, 0xFD, 0xFF, 0xBF, 0xF7, 0x80,
    0xF0, 0x1E, 0x03, 0xFF, 0xFF, 0xFF, 0xFE, 0x06, 0x01, 0xE0, 0x7E, 0x1F, 0xC1, 0x98, 0x00, 0x3F,
    0xFF, 0xFF, 0xFF, 0xFE, 0x03, 0xC0, 0x78, 0x0F, 0xFD, 0xFF, 0xBF, 0xF7, 0x80, 0xF0, 0x1E, 0x03,
    0xFF, 0xFF, 0xFF, 0xFE, 0x3B, 0xCF, 0x78, 0xEF, 0x00, 0x0F, 0xFF, 0xFF, 0xFF, 0xFF, 0x80, 0xF0,
    0x1E, 0x03, 0xFF, 0x7F, 0xEF, 0xFD, 0xE0, 0x3C, 0x07, 0x80, 0xFF, 0xFF, 0xFF, 0xFF, 0x80, 0x21,
    0xC7, 0x8F, 0x1C, 0x07, 0x9E, 0x79, 0xE7, 0x9E, 0x79, 0xE7, 0x9E, 0x79, 0xE7, 0x9E, 0x78, 0x33,
    0xDF, 0xEE, 0x03, 0xDE, 0xF7, 0xBD, 0xEF, 0x7B, 0xDE, 0xF7, 0xBD, 0xEF, 0x00, 0x30, 0xF3, 0xF7,
    0xFC, 0xC0, 0x1E, 0x3C, 0x78, 0xF1, 0xE3, 0xC7, 0x8F, 0x1E, 0x3C, 0x78, 0xF1, 0xE3, 0xC7, 0x80,
    0xF7, 0x7B, 0xFD, 0xC0, 0x03, 0xC1, 0xE0, 0xF0, 0x78, 0x3C, 0x1E, 0x0F, 0x07, 0x83, 0xC1, 0xE0,
    0xF0, 0x78, 0x3C, 0x1E, 0x0F, 0x00, 0x3F, 0xE0, 0x7F, 0xF0, 0xFF, 0xF1, 0xE7, 0xE3, 0xC3, 0xE7,
    0x83, 0xFF, 0xC7, 0xFF, 0x8F, 0x3C, 0x1E, 0x78, 0x3C, 0xF0, 0xF9, 0xE7, 0xE3, 0xFF, 0x87, 0xFE,
    0x0F, 0xF8, 0x00, 0x0F, 0x60, 0x7F, 0x81, 0xBC, 0x00, 0x00, 0xF0, 0x3F, 0xE0, 0xFF, 0xC3, 0xFF,
    0x8F, 0xFE, 0x3F, 0xFC, 0xFF, 0x7B, 0xFD, 0xEF, 0xF3, 0xFF, 0xC7, 0xFF, 0x1F, 0xFC, 0x3F, 0xF0,
    0x7F, 0xC1, 0xFF, 0x03, 0xC0, 0x02, 0x00, 0x0E, 0x00, 0x1E, 0x00, 0x1E, 0x00, 0x1C, 0x00, 0x00,
    0x03, 0xF8, 0x1F, 0xF8, 0x7F, 0xF8, 0xF9, 0xFB, 0xE0, 0xF7, 0x81, 0xFF, 0x01, 0xFE, 0x03, 0xFC,
    0x07, 0xF8, 0x1F, 0xF8, 0x3C, 0xF9, 0xF9, 0xFF, 0xE1, 0xFF, 0xC0, 0xFE, 0x00, 0x01, 0x80, 0x07,
    0x80, 0x0F, 0x00, 0x3C, 0x00, 0x60, 0x00, 0x00, 0x03, 0xF8, 0x1F, 0xF8, 0x7F, 0xF8, 0xF9, 0xFB,
    0xE0, 0xF7, 0x81, 0xFF, 0x01, 0xFE, 0x03, 0xFC, 0x07, 0xF8, 0x1F, 0xF8, 0x3C, 0xF9, 0xF9, 0xFF,
    0xE1, 0xFF, 0xC0, 0xFE, 0x00, 0x03, 0x00, 0x0F, 0x00, 0x3F, 0x00, 0x7F, 0x00, 0xCC, 0x00, 0x00,
    0x03, 0xF8, 0x1F, 0xF8, 0x7F, 0xF8, 0xF9, 0xFB, 0xE0, 0xF7, 0x81, 0xFF, 0x01, 0xFE, 0x03, 0xFC,
    0x07, 0xF8, 0x1F, 0xF8, 0x3C, 0xF9, 0xF9, 0xFF, 0xE1, 0xFF, 0xC0, 0xFE, 0x00, 0x0F, 0x60, 0x3F,
    0xC0, 0x37, 0x80, 0x00, 0x00, 0xFE, 0x07, 0xFE, 0x1F, 0xFE, 0x3E, 0x7E, 0xF8, 0x3D, 0xE0, 0x7F,
    0xC0, 0x7F, 0x80, 0xFF, 0x01, 0xFE, 0x07, 0xFE, 0x0F, 0x3E, 0x7E, 0x7F, 0xF8, 0x7F, 0xF0, 0x3F,
    0x80, 0x1C, 0xE0, 0x3D, 0xC0, 0x73, 0x80, 0x00, 0x00, 0xFE, 0x07, 0xFE, 0x1F, 0xFE, 0x3E, 0x7E,
    0xF8, 0x3D, 0xE0, 0x7F, 0xC0, 0x7F, 0x80, 0xFF, 0x01, 0xFE, 0x07, 0xFE, 0x0F, 0x3E, 0x7E, 0x7F,
    0xF8, 0x7F, 0xF0, 0x3F, 0x80, 0x61, 0xBC, 0xFF, 0xF8, 0xFC, 0x3E, 0x0F, 0xC7, 0xFB, 0xCF, 0x61,
    0x80, 0x00, 0x08, 0x1F, 0xF8, 0xFF, 0xF3, 0xFF, 0xC7, 0xCF, 0xDF, 0x1F, 0xBC, 0x7F, 0xF9, 0xEF,
    0xF7, 0x9F, 0xEE, 0x3F, 0xFC, 0xFF, 0xF1, 0xE7, 0xCF, 0xCF, 0xFF, 0x1F, 0xFE, 0x7F, 0xF0, 0x20,
    0x00, 0x0C, 0x00, 0xF0, 0x07, 0xC0, 0x0E, 0x00, 0x30, 0x00, 0x03, 0xC1, 0xFE, 0x0F, 0xF0, 0x7F,
    0x83, 0xFC, 0x1F, 0xE0, 0xFF, 0x07, 0xF8, 0x3F, 0xC1, 0xFE, 0x0F, 0xF0, 0xFF, 0xEF, 0x9F, 0xFC,
    0x7F, 0xC1, 0xFC, 0x00, 0x01, 0x00, 0x1C, 0x01, 0xE0, 0x1E, 0x00, 0xE0, 0x00, 0x03, 0xC1, 0xFE,
    0x0F, 0xF0, 0x7F, 0x83, 0xFC, 0x1F, 0xE0, 0xFF, 0x07, 0xF8, 0x3F, 0xC1, 0xFE, 0x0F, 0xF0, 0xFF,
    0xEF, 0x9F, 0xFC, 0x7F, 0xC1, 0xFC, 0x00, 0x06, 0x00, 0x78, 0x07, 0xE0, 0x3F, 0x80, 0x98, 0x00,
    0x03, 0xC1, 0xFE, 0x0F, 0xF0, 0x7F, 0x83, 0xFC, 0x1F, 0xE0, 0xFF, 0x07, 0xF8, 0x3F, 0xC1, 0xFE,
    0x0F, 0xF0, 0xFF, 0xEF, 0x9F, 0xFC, 0x7F, 0xC1, 0xFC, 0x00, 0x3D, 0xC1, 0xEF, 0x0F, 0x70, 0x00,
    0x0F, 0x07, 0xF8, 0x3F, 0xC1, 0xFE, 0x0F, 0xF0, 0x7F, 0x83, 0xFC, 0x1F, 0xE0, 0xFF, 0x07, 0xF8,
    0x3F, 0xC3, 0xFF, 0xBE, 0x7F, 0xF1, 0xFF, 0x07, 0xF0, 0x01, 0x80, 0x0F, 0x00, 0x3C, 0x01, 0xE0,
    0x07, 0x00, 0x00, 0x0F, 0x83, 0xFE, 0x1E, 0x7C, 0x78, 0xF3, 0xC3, 0xFF, 0x07, 0xF8, 0x1F, 0xE0,
    0x3F, 0x00, 0xF8, 0x01, 0xE0, 0x07, 0x80, 0x1E, 0x00, 0x78, 0x01, 0xE0, 0x07, 0x80, 0xF0, 0x0F,
    0x00, 0xFF, 0xCF, 0xFE, 0xFF, 0xFF, 0x1F, 0xF0, 0xFF, 0x0F, 0xF3, 0xFF, 0xFF, 0xFF, 0xEF, 0xF8,
    0xF0, 0x0F, 0x00, 0xF0, 0x00, 0x3F, 0x83, 0xFE, 0x1F, 0xF1, 0xF7, 0x8F, 0x1C, 0x79, 0xE3, 0xDE,
    0x1E, 0xF0, 0xF7, 0x87, 0xBF, 0x3C, 0xFD, 0xE1, 0xEF, 0x6F, 0x7B, 0xFB, 0xFF, 0xDF, 0xFC, 0x0C,
    0x03, 0x80, 0x78, 0x07, 0x80, 0x70, 0x00, 0x0F, 0xE1, 0xFE, 0x3F, 0xC6, 0x7C, 0xFF, 0xBF, 0xF7,
    0x9F, 0xF3, 0xDF, 0xFB, 0xFF, 0x3F, 0xC0, 0x02, 0x00, 0xE0, 0x3C, 0x0F, 0x00, 0xC0, 0x00, 0x0F,
    0xE1, 0xFE, 0x3F, 0xC6, 0x7C, 0xFF, 0xBF, 0xF7, 0x9F, 0xF3, 0xDF, 0xFB, 0xFF, 0x3F, 0xC0, 0x0C,
    0x01, 0xC0, 0x7C, 0x1F, 0xC1, 0x10, 0x00, 0x0F, 0xE1, 0xFE, 0x3F, 0xC6, 0x7C, 0xFF, 0xBF, 0xF7,
    0x9F, 0xF3, 0xDF, 0xFB, 0xFF, 0x3F, 0xC0, 0x3D, 0x87, 0xF8, 0xDE, 0x00, 0x00, 0x00, 0x7F, 0x0F,
    0xF1, 0xFE, 0x33, 0xE7, 0xFD, 0xFF, 0xBC, 0xFF, 0x9E, 0xFF, 0xDF, 0xF9, 0xFE, 0x3B, 0xCF, 0x78,
    0xEF, 0x00, 0x00, 0x00, 0x7F, 0x0F, 0xF1, 0xFE, 0x33, 0xE7, 0xFD, 0xFF, 0xBC, 0xFF, 0x9E, 0xFF,
    0xDF, 0xF9, 0xFE, 0x0F, 0x03, 0xE0, 0x6E, 0x0F, 0xC1, 0xF0, 0x1E, 0x00, 0x01, 0xFC, 0x3F, 0xC7,
    0xF8, 0xCF, 0x9F, 0xF7, 0xFE, 0xF3, 0xFE, 0x7B, 0xFF, 0x7F, 0xE7, 0xF8, 0x3F, 0xFF, 0x0F, 0xFF,
    0xE3, 0xFF, 0xF8, 0xCF, 0x9F, 0x3F, 0xFF, 0xDF, 0xFF, 0xF7, 0x9E, 0x03, 0xE7, 0xC6, 0x7F, 0xFF,
    0x9F, 0xFF, 0xE3, 0xFF, 0xF8, 0x1F, 0xCF, 0xF7, 0xFD, 0xF2, 0x78, 0x1E, 0x07, 0x81, 0xF3, 0x7F,
    0xCF, 0xF0, 0xFC, 0x3C, 0x07, 0x07, 0xC1, 0xF0, 0x0C, 0x00, 0xE0, 0x0F, 0x00, 0x78, 0x03, 0x00,
    0x00, 0x1F, 0x83, 0xFE, 0x7F, 0xE7, 0x9F, 0x7F, 0xF7, 0xFF, 0x78, 0x07, 0xC6, 0x7F, 0xE3, 0xFE,
    0x1F, 0xE0, 0x03, 0x00, 0x78, 0x07, 0x80, 0xF0, 0x0C, 0x00, 0x00, 0x1F, 0x83, 0xFE, 0x7F, 0xE7,
    0x9F, 0x7F, 0xF7, 0xFF, 0x78, 0x07, 0xC6, 0x7F, 0xE3, 0xFE, 0x1F, 0xE0, 0x06, 0x00, 0xF0, 0x1F,
    0x81, 0xFC, 0x19, 0x80, 0x00, 0x1F, 0x83, 0xFE, 0x7F, 0xE7, 0x9F, 0x7F, 0xF7, 0xFF, 0x78, 0x07,
    0xC6, 0x7F, 0xE3, 0xFE, 0x1F, 0xE0, 0x3D, 0xC3, 0xDE, 0x3D, 0xC0, 0x00, 0x00, 0x01, 0xF8, 0x3F,
    0xE7, 0xFE, 0x79, 0xF7, 0xFF, 0x7F, 0xF7, 0x80, 0x7C, 0x67, 0xFE, 0x3F, 0xE1, 0xFE, 0x63, 0xC7,
    0x8E, 0x18, 0x07, 0x9E, 0x79, 0xE7, 0x9E, 0x79, 0xE7, 0x9E, 0x78, 0x18, 0xF3, 0xDE, 0x60, 0x07,
    0x9E, 0x79, 0xE7, 0x9E, 0x79, 0xE7, 0x9E, 0x78, 0x18, 0x3C, 0x7E, 0x7F, 0x66, 0x00, 0x3C, 0x3C,
    0x3C, 0x3C, 0x3C, 0x3C, 0x3C, 0x3C, 0x3C, 0x3C, 0x3C, 0x73, 0xBF, 0xDC, 0xE0, 0x00, 0x00, 0xF0,
    0x78, 0x3C, 0x1E, 0x0F, 0x07, 0x83, 0xC1, 0xE0, 0xF0, 0x78, 0x3C, 0x07, 0x00, 0x3F, 0x81, 0xFC,
    0x1F, 0xC0, 0x7E, 0x00, 0x78, 0x7F, 0xC7, 0xFE, 0x7F, 0xF3, 0xEF, 0x9E, 0x3C, 0xF1, 0xE7, 0x9F,
    0x3F, 0xF0, 0xFF, 0x03, 0xF0, 0x3D, 0x9F, 0xE7, 0xF8, 0x00, 0x00, 0x3F, 0xEF, 0xFB, 0xFF, 0xF3,
    0xFC, 0xFF, 0x3F, 0xCF, 0xF3, 0xFC, 0xFF, 0x3F, 0xCF, 0x04, 0x00, 0xE0, 0x0F, 0x00, 0x78, 0x03,
    0x80, 0x00, 0x1F, 0xC3, 0xFE, 0x7F, 0xE7, 0xDF, 0x78, 0xF7, 0x8F, 0x78, 0xF7, 0xDF, 0x7F, 0xE3,
    0xFE, 0x1F, 0xC0, 0x03, 0x00, 0x38, 0x07, 0x80, 0xF0, 0x0E, 0x00, 0x00, 0x1F, 0xC3, 0xFE, 0x7F,
    0xE7, 0xDF, 0x78, 0xF7, 0x8F, 0x78, 0xF7, 0xDF, 0x7F, 0xE3, 0xFE, 0x1F, 0xC0, 0x06, 0x00, 0xF0,
    0x1F, 0x81, 0xFC, 0x19, 0x80, 0x00, 0x1F, 0xC3, 0xFE, 0x7F, 0xE7, 0xDF, 0x78, 0xF7, 0x8F, 0x78,
    0xF7, 0xDF, 0x7F, 0xE3, 0xFE, 0x1F, 0xC0, 0x1E, 0xC3, 0xFC, 0x1B, 0xC0, 0x00, 0x00, 0x01, 0xFC,
    0x3F, 0xE7, 0xFE, 0x7D, 0xF7, 0x8F, 0x78, 0xF7, 0x8F, 0x7D, 0xF7, 0xFE, 0x3F, 0xE1, 0xFC, 0x3D,
    0xC3, 0xDE, 0x3D, 0xC0, 0x00, 0x00, 0x01, 0xFC, 0x3F, 0xE7, 0xFE, 0x7D, 0xF7, 0x8F, 0x78, 0xF7,
    0x8F, 0x7D, 0xF7, 0xFE, 0x3F, 0xE1, 0xFC, 0x1E, 0x07, 0x81, 0xE0, 0x78, 0x00, 0x3F, 0xFF, 0xFF,
    0xFF, 0x00, 0x07, 0x81, 0xE0, 0x78, 0x1E, 0x00, 0x00, 0x21, 0xFF, 0x3F, 0xE7, 0xFE, 0x7F, 0xF7,
    0xBF, 0x77, 0xF7, 0xEF, 0x7D, 0xF7, 0xFE, 0x7F, 0xE7, 0xFC, 0x20, 0x00, 0x18, 0x0F, 0x03, 0xC0,
    0x78, 0x0E, 0x00, 0x0F, 0x3F, 0xCF, 0xF3, 0xFC, 0xFF, 0x3F, 0xCF, 0xF3, 0xFE, 0xFF, 0xFD, 0xFF,
    0x3F, 0xC0, 0x06, 0x03, 0xC0, 0xF0, 0x78, 0x18, 0x00, 0x0F, 0x3F, 0xCF, 0xF3, 0xFC, 0xFF, 0x3F,
    0xCF, 0xF3, 0xFE, 0xFF, 0xFD, 0xFF, 0x3F, 0xC0, 0x0C, 0x07, 0x83, 0xF0, 0xFE, 0x33, 0x00, 0x0F,
    0x3F, 0xCF, 0xF3, 0xFC, 0xFF, 0x3F, 0xCF, 0xF3, 0xFE, 0xFF, 0xFD, 0xFF, 0x3F, 0xC0, 0x73, 0x9E,
    0xE7, 0x38, 0x00, 0x00, 0x3C, 0xFF, 0x3F, 0xCF, 0xF3, 0xFC, 0xFF, 0x3F, 0xCF, 0xFB, 0xFF, 0xF7,
    0xFC, 0xFF, 0x03, 0x00, 0x38, 0x07, 0x80, 0xF0, 0x0E, 0x00, 0x00, 0xF0, 0xFF, 0x1E, 0x79, 0xE7,
    0x9E, 0x7B, 0xC3, 0xFC, 0x3F, 0x81, 0xF8, 0x1F, 0x81, 0xF0, 0x0F, 0x01, 0xE0, 0xFE, 0x0F, 0xC0,
    0xF8, 0x00, 0xF0, 0x1E, 0x03, 0xC0, 0x78, 0x0F, 0x01, 0xFE, 0x3F, 0xF7, 0xFE, 0xF3, 0xFE, 0x3F,
    0xC7, 0xF8, 0xFF, 0x3F, 0xFF, 0xBF, 0xF7, 0xFC, 0xF0, 0x1E, 0x03, 0xC0, 0x78, 0x00, 0x39, 0xC3,
    0xBC, 0x39, 0xC0, 0x00, 0x00, 0x0F, 0x0F, 0xF1, 0xE7, 0x9E, 0x79, 0xE7, 0xBC, 0x3F, 0xC3, 0xF8,
    0x1F, 0x81, 0xF8, 0x1F, 0x00, 0xF0, 0x1E, 0x0F, 0xE0, 0xFC, 0x0F, 0x80, 0x0F, 0xE0, 0x1F, 0xC0,
    0x00, 0x00, 0x3E, 0x00, 0x7C, 0x00, 0xFC, 0x03, 0xF8, 0x07, 0xF0, 0x1E, 0xF0, 0x3D, 0xE0, 0x71,
    0xE1, 0xE3, 0xC3, 0xFF, 0x8F, 0xFF, 0x9F, 0xFF, 0x3C, 0x1E, 0xF0, 0x1F, 0xE0, 0x3C, 0x3F, 0x87,
    0xF0, 0x00, 0x00, 0x03, 0xF8, 0x7F, 0x8F, 0xF1, 0x9F, 0x3F, 0xEF, 0xFD, 0xE7, 0xFC, 0xF7, 0xFE,
    0xFF, 0xCF, 0xF0, 0x0E, 0xF0, 0x1F, 0xC0, 0x1F, 0x00, 0x00, 0x00, 0x7C, 0x00, 0xF8, 0x01, 0xF8,
    0x07, 0xF0, 0x0F, 0xE0, 0x3D, 0xE0, 0x7B, 0xC0, 0xE3, 0xC3, 0xC7, 0x87, 0xFF, 0x1F, 0xFF, 0x3F,
    0xFE, 0x78, 0x3D, 0xE0, 0x3F, 0xC0, 0x78, 0x3B, 0xC7, 0xF0, 0x7C, 0x00, 0x00, 0x00, 0x7F, 0x0F,
    0xF1, 0xFE, 0x33, 0xE7, 0xFD, 0xFF, 0xBC, 0xFF, 0x9E, 0xFF, 0xDF, 0xF9, 0xFE, 0x07, 0xC0, 0x07,
    0xC0, 0x07, 0xE0, 0x0F, 0xE0, 0x0F, 0xE0, 0x1E, 0xF0, 0x1E, 0xF0, 0x1C, 0x78, 0x3C, 0x78, 0x3F,
    0xF8, 0x7F, 0xFC, 0x7F, 0xFC, 0x78, 0x3C, 0xF0, 0x1E, 0xF0, 0x1E, 0x00, 0x1E, 0x00, 0x1C, 0x00,
    0x3C, 0x00, 0x3F, 0x00, 0x1F, 0x3F, 0x87, 0xF8, 0xFF, 0x19, 0xF3, 0xFE, 0xFF, 0xDE, 0x7F, 0xCF,
    0x7F, 0xEF, 0xFC, 0xFF, 0x81, 0xE0, 0x78, 0x0F, 0xC0, 0xF8, 0x01, 0x80, 0x1E, 0x00, 0xF0, 0x0F,
    0x00, 0x70, 0x00, 0x00, 0x3F, 0xC7, 0xFE, 0x7F, 0xF3, 0xF7, 0xBE, 0x01, 0xE0, 0x0F, 0x00, 0x78,
    0x03, 0xC0, 0x1E, 0x00, 0xF8, 0x07, 0xE3, 0x9F, 0xFC, 0x7F, 0xE1, 0xFF, 0x00, 0x03, 0x00, 0xE0,
    0x78, 0x3C, 0x0E, 0x00, 0x01, 0xFC, 0xFF, 0x7F, 0xDF, 0x27, 0x81, 0xE0, 0x78, 0x1F, 0x37, 0xFC,
    0xFF, 0x1F, 0xC0, 0x03, 0x00, 0x3C, 0x03, 0xF0, 0x1F, 0xC0, 0xCC, 0x00, 0x00, 0x3F, 0xC7, 0xFE,
    0x7F, 0xF3, 0xF7, 0xBE, 0x01, 0xE0, 0x0F, 0x00, 0x78, 0x03, 0xC0, 0x1E, 0x00, 0xF8, 0x07, 0xE3,
    0x9F, 0xFC, 0x7F, 0xE1, 0xFF, 0x00, 0x06, 0x03, 0xC1, 0xF8, 0x7F, 0x19, 0x80, 0x01, 0xFC, 0xFF,
    0x7F, 0xDF, 0x27, 0x81, 0xE0, 0x78, 0x1F, 0x37, 0xFC, 0xFF, 0x1F, 0xC0, 0x03, 0x80, 0x3C, 0x00,
    0xE0, 0x00, 0x00, 0xFF, 0x1F, 0xF9, 0xFF, 0xCF, 0xDE, 0xF8, 0x07, 0x80, 0x3C, 0x01, 0xE0, 0x0F,
    0x00, 0x78, 0x03, 0xE0, 0x1F, 0x8E, 0x7F, 0xF1, 0xFF, 0x87, 0xFC, 0x07, 0x03, 0xC0, 0x70, 0x00,
    0x00, 0x07, 0xF3, 0xFD, 0xFF, 0x7C, 0x9E, 0x07, 0x81, 0xE0, 0x7C, 0xDF, 0xF3, 0xFC, 0x7F, 0x0C,
    0xC0, 0x7F, 0x03, 0xF0, 0x0F, 0x00, 0x30, 0x00, 0x00, 0x3F, 0xC7, 0xFE, 0x7F, 0xF3, 0xF7, 0xBE,
    0x01, 0xE0, 0x0F, 0x00, 0x78, 0x03, 0xC0, 0x1E, 0x00, 0xF8, 0x07, 0xE3, 0x9F, 0xFC, 0x7F, 0xE1,
    0xFF, 0x00, 0x19, 0x87, 0xF1, 0xF8, 0x3C, 0x06, 0x00, 0x01, 0xFC, 0xFF, 0x7F, 0xDF, 0x27, 0x81,
    0xE0, 0x78, 0x1F, 0x37, 0xFC, 0xFF, 0x1F, 0xC0, 0x09, 0x80, 0x7F, 0x00, 0xF8, 0x03, 0xC0, 0x06,
    0x00, 0x00, 0x0F, 0xFC, 0x3F, 0xF8, 0xFF, 0xF3, 0xC7, 0xEF, 0x07, 0xBC, 0x1F, 0xF0, 0x3F, 0xC0,
    0xFF, 0x03, 0xFC, 0x1F, 0xF0, 0x7B, 0xC7, 0xEF, 0xFF, 0x3F, 0xF8, 0xFF, 0xC0, 0x00, 0xFF, 0x00,
    0xFE, 0x00, 0xFE, 0x00, 0xFE, 0x00, 0xFE, 0x1F, 0xF0, 0x3F, 0xF0, 0x7F, 0xF0, 0x7D, 0xF0, 0x78,
    0xF0, 0x78, 0xF0, 0x78, 0xF0, 0x7C, 0xF0, 0x7F, 0xF0, 0x3F, 0xF0, 0x1F, 0xE0, 0x3F, 0xE0, 0x7F,
    0xF0, 0xFF, 0xF1, 0xE7, 0xE3, 0xC3, 0xE7, 0x83, 0xFF, 0xC7, 0xFF, 0x8F, 0x3C, 0x1E, 0x78, 0x3C,
    0xF0, 0xF9, 0xE7, 0xE3, 0xFF, 0x87, 0xFE, 0x0F, 0xF8, 0x00, 0x00, 0xF0, 0x3F, 0xC1, 0xFE, 0x01,
    0xE0, 0x0F, 0x0F, 0xF8, 0xFF, 0xCF, 0xFE, 0x7D, 0xF3, 0xC7, 0x9E, 0x3C, 0xF1, 0xE7, 0xCF, 0x3F,
    0xF8, 0xFF, 0xC3, 0xFC, 0x3F, 0x87, 0xF0, 0x00, 0x7F, 0xFF, 0xFF, 0xFF, 0xFC, 0x07, 0x80, 0xF0,
    0x1F, 0xFB, 0xFF, 0x7F, 0xEF, 0x01, 0xE0, 0x3C, 0x07, 0xFF, 0xFF, 0xFF, 0xFC, 0x3F, 0xC3, 0xFC,
    0x00, 0x00, 0x00, 0x1F, 0x83, 0xFE, 0x7F, 0xE7, 0x9F, 0x7F, 0xF7, 0xFF, 0x78, 0x07, 0xC6, 0x7F,
    0xE3, 0xFE, 0x1F, 0xE0, 0x3B, 0x87, 0xF0, 0x7C, 0x00, 0x0F, 0xFF, 0xFF, 0xFF, 0xFF, 0x80, 0xF0,
    0x1E, 0x03, 0xFF, 0x7F, 0xEF, 0xFD, 0xE0, 0x3C, 0x07, 0x80, 0xFF, 0xFF, 0xFF, 0xFF, 0x80, 0x3D,
    0xC1, 0xFC, 0x0F, 0x80, 0x00, 0x00, 0x01, 0xF8, 0x3F, 0xE7, 0xFE, 0x79, 0xF7, 0xFF, 0x7F, 0xF7,
    0x80, 0x7C, 0x67, 0xFE, 0x3F, 0xE1, 0xFE, 0x0E, 0x01, 0xE0, 0x38, 0x00, 0x0F, 0xFF, 0xFF, 0xFF,
    0xFF, 0x80, 0xF0, 0x1E, 0x03, 0xFF, 0x7F, 0xEF, 0xFD, 0xE0, 0x3C, 0x07, 0x80, 0xFF, 0xFF, 0xFF,
    0xFF, 0x80, 0x0F, 0x00, 0xF0, 0x0F, 0x00, 0x00, 0x00, 0x01, 0xF8, 0x3F, 0xE7, 0xFE, 0x79, 0xF7,
    0xFF, 0x7F, 0xF7, 0x80, 0x7C, 0x67, 0xFE, 0x3F, 0xE1, 0xFE, 0xFF, 0xEF, 0xFE, 0xFF, 0xEF, 0x00,
    0xF0, 0x0F, 0x00, 0xFF, 0xCF, 0xFC, 0xFF, 0xCF, 0x00, 0xF0, 0x0F, 0x00, 0xFF, 0xEF, 0xFE, 0xFF,
    0xE0, 0x1E, 0x01, 0xC0, 0x3C, 0x03, 0xF0, 0x1F, 0x1F, 0x83, 0xFE, 0x7F, 0xE7, 0x9F, 0x7F, 0xF7,
    0xFF, 0x78, 0x07, 0xC6, 0x7F, 0xE3, 0xFE, 0x1F, 0xE0, 0x3C, 0x03, 0x80, 0x3E, 0x03, 0xE0, 0x19,
    0x87, 0xF0, 0x7E, 0x07, 0x80, 0x60, 0x00, 0x3F, 0xFF, 0xFF, 0xFF, 0xFE, 0x03, 0xC0, 0x78, 0x0F,
    0xFD, 0xFF, 0xBF, 0xF7, 0x80, 0xF0, 0x1E, 0x03, 0xFF, 0xFF, 0xFF, 0xFE, 0x19, 0x81, 0xFC, 0x1F,
    0x80, 0xF0, 0x06, 0x00, 0x00, 0x1F, 0x83, 0xFE, 0x7F, 0xE7, 0x9F, 0x7F, 0xF7, 0xFF, 0x78, 0x07,
    0xC6, 0x7F, 0xE3, 0xFE, 0x1F, 0xE0, 0x03, 0x00, 0x3C, 0x03, 0xF0, 0x1F, 0xC0, 0xCC, 0x00, 0x00,
    0x3F, 0xC7, 0xFE, 0x7F, 0xF3, 0xF3, 0xBE, 0x01, 0xE0, 0x0F, 0x00, 0x78, 0x3F, 0xC1, 0xFE, 0x0F,
    0xF8, 0x7B, 0xE3, 0xDF, 0xFE, 0x7F, 0xF1, 0xFF, 0x00, 0x03, 0x00, 0xF0, 0x3F, 0x0F, 0xE0, 0xCC,
    0x00, 0x07, 0xF9, 0xFF, 0x7F, 0xEF, 0xBD, 0xE7, 0xBC, 0xF7, 0x9E, 0xFF, 0xCF, 0xF8, 0xFF, 0x01,
    0xE6, 0x7D, 0xFF, 0xBF, 0xE7, 0xF8, 0x1E, 0xE0, 0x7F, 0x01, 0xF0, 0x00, 0x00, 0xFF, 0x1F, 0xF9,
    0xFF, 0xCF, 0xCE, 0xF8, 0x07, 0x80, 0x3C, 0x01, 0xE0, 0xFF, 0x07, 0xF8, 0x3F, 0xE1, 0xEF, 0x8F,
    0x7F, 0xF9, 0xFF, 0xC7, 0xFC, 0x1D, 0xC3, 0xF8, 0x3E, 0x00, 0x00, 0x00, 0x3F, 0xCF, 0xFB, 0xFF,
    0x7D, 0xEF, 0x3D, 0xE7, 0xBC, 0xF7, 0xFE, 0x7F, 0xC7, 0xF8, 0x0F, 0x33, 0xEF, 0xFD, 0xFF, 0x3F,
    0xC0, 0x03, 0x80, 0x3C, 0x00, 0xE0, 0x00, 0x00, 0xFF, 0x1F, 0xF9, 0xFF, 0xCF, 0xCE, 0xF8, 0x07,
    0x80, 0x3C, 0x01, 0xE0, 0xFF, 0x07, 0xF8, 0x3F, 0xE1, 0xEF, 0x8F, 0x7F, 0xF9, 0xFF, 0xC7, 0xFC,
    0x07, 0x01, 0xE0, 0x1C, 0x00, 0x00, 0x00, 0x3F, 0xCF, 0xFB, 0xFF, 0x7D, 0xEF, 0x3D, 0xE7, 0xBC,
    0xF7, 0xFE, 0x7F, 0xC7, 0xF8, 0x0F, 0x33, 0xEF, 0xFD, 0xFF, 0x3F, 0xC0, 0x0F, 0xF1, 0xFF, 0x9F,
    0xFC, 0xFC, 0xEF, 0x80, 0x78, 0x03, 0xC0, 0x1E, 0x0F, 0xF0, 0x7F, 0x83, 0xFE, 0x1E, 0xF8, 0xF7,
    0xFF, 0x9F, 0xFC, 0x7F, 0xC0, 0x00, 0x03, 0x80, 0x3C, 0x03, 0xE0, 0x1E, 0x00, 0x03, 0x80, 0xF0,
    0x1C, 0x03, 0x80, 0x00, 0x00, 0x07, 0xF9, 0xFF, 0x7F, 0xEF, 0xBD, 0xE7, 0xBC, 0xF7, 0x9E, 0xFF,
    0xCF, 0xF8, 0xFF, 0x01, 0xE6, 0x7D, 0xFF, 0xBF, 0xE7, 0xF8, 0x03, 0x00, 0x3C, 0x03, 0xF0, 0x3F,
    0x80, 0xCC, 0x00, 0x03, 0xC1, 0xFE, 0x0F, 0xF0, 0x7F, 0x83, 0xFC, 0x1F, 0xE0, 0xFF, 0xFF, 0xFF,
    0xFF, 0xFF, 0xFE, 0x0F, 0xF0, 0x7F, 0x83, 0xFC, 0x1F, 0xE0, 0xFF, 0x07, 0x80, 0x38, 0x3F, 0x8E,
    0xE0, 0x00, 0xF0, 0x3C, 0x0F, 0x03, 0xC0, 0xF0, 0x3F, 0xEF, 0xFF, 0xFF, 0xF3, 0xFC, 0xFF, 0x3F,
    0xCF, 0xF3, 0xFC, 0xFF, 0x3F, 0xCF, 0x3C, 0x3C, 0x3C, 0x3C, 0xFF, 0xFF, 0xFF, 0xFF, 0x3C, 0x3C,
    0x3C, 0x3C, 0x3F, 0xFC, 0x3F, 0xFC, 0x3F, 0xFC, 0x3C, 0x3C, 0x3C, 0x3C, 0x3C, 0x3C, 0x3C, 0x3C,
    0x3C, 0x3C, 0x3C, 0x3C, 0x78, 0x07, 0x80, 0xFF, 0x0F, 0xF0, 0x78, 0x07, 0xFC, 0x7F, 0xE7, 0xFE,
    0x79, 0xE7, 0x8F, 0x78, 0xF7, 0x8F, 0x78, 0xF7, 0x8F, 0x78, 0xF7, 0x8F, 0x7B, 0x7F, 0x9B, 0xC0,
    0x03, 0xC1, 0xE0, 0xF0, 0x78, 0x3C, 0x1E, 0x0F, 0x07, 0x83, 0xC1, 0xE0, 0xF0, 0x78, 0x3C, 0x1E,
    0x0F, 0x00, 0x7B, 0xFF, 0xFE, 0x00, 0x00, 0x3C, 0x3C, 0x3C, 0x3C, 0x3C, 0x3C, 0x3C, 0x3C, 0x3C,
    0x3C, 0x3C, 0x7F, 0x7F, 0x00, 0x3C, 0x3C, 0x3C, 0x3C, 0x3C, 0x3C, 0x3C, 0x3C, 0x3C, 0x3C, 0x3C,
    0x3C, 0x3C, 0x3C, 0x3C, 0xFF, 0xFF, 0x00, 0x00, 0x3C, 0x3C, 0x3C, 0x3C, 0x3C, 0x3C, 0x3C, 0x3C,
    0x3C, 0x3C, 0x3C, 0xEF, 0xFD, 0xF0, 0x07, 0x8F, 0x1E, 0x3C, 0x78, 0xF1, 0xE3, 0xC7, 0x8F, 0x1E,
    0x3C, 0x78, 0xF1, 0xE0, 0xF7, 0x7E, 0x7E, 0x00, 0x00, 0x3C, 0x3C, 0x3C, 0x3C, 0x3C, 0x3C, 0x3C,
    0x3C, 0x3C, 0x3C, 0x3C, 0x79, 0xE7, 0x9E, 0x79, 0xE7, 0x9E, 0x79, 0xE7, 0x9E, 0x79, 0xE7, 0x9E,
    0x73, 0xCF, 0xDF, 0x79, 0xE7, 0x9E, 0x01, 0xE7, 0x9E, 0x79, 0xE7, 0x9E, 0x79, 0xE7, 0x9E, 0x7B,
    0xCF, 0x3E, 0x78, 0x7F, 0x70, 0xFF, 0xFF, 0xFF, 0xFF, 0xFF, 0xFF, 0xFF, 0xF0, 0xFF, 0xFF, 0xFF,
    0xFF, 0xFF, 0xF0, 0xF0, 0x0F, 0xF0, 0x0F, 0xF0, 0x0F, 0xF0, 0x0F, 0xF0, 0x0F, 0xF0, 0x0F, 0xF0,
    0x0F, 0xF0, 0x0F, 0xF0, 0x0F, 0xF0, 0x0F, 0xF0, 0x1E, 0xF3, 0xBE, 0xF3, 0xFE, 0xF3, 0xFC, 0xF3,
    0xF8, 0xF3, 0xFC, 0xFF, 0x3F, 0xCF, 0x00, 0x3C, 0xFF, 0x3F, 0xCF, 0xF3, 0xFC, 0xFF, 0x3F, 0xCF,
    0xF3, 0xFC, 0xFF, 0x3F, 0xCF, 0x03, 0xC7, 0xF1, 0xF8, 0x7C, 0x01, 0x80, 0x3C, 0x07, 0xE0, 0xFE,
    0x06, 0x60, 0x00, 0x03, 0xC0, 0x3C, 0x03, 0xC0, 0x3C, 0x03, 0xC0, 0x3C, 0x03, 0xC0, 0x3C, 0x03,
    0xC0, 0x3C, 0x03, 0xC6, 0x7C, 0xFF, 0xCF, 0xF8, 0x7F, 0x00, 0x0C, 0x0F, 0x0F, 0xC7, 0xE3, 0x30,
    0x00, 0x78, 0x3C, 0x1E, 0x0F, 0x07, 0x83, 0xC1, 0xE0, 0xF0, 0x78, 0x3C, 0x1E, 0x0F, 0x3F, 0x9F,
    0x8F, 0x80, 0xF0, 0xFB, 0xC7, 0xCF, 0x3E, 0x3D, 0xF0, 0xFF, 0x83, 0xFC, 0x0F, 0xE0, 0x3F, 0xC0,
    0xFF, 0x83, 0xDF, 0x0F, 0x3C, 0x3C, 0xF8, 0xF1, 0xF3, 0xC3, 0xCF, 0x0F, 0x80, 0x00, 0x07, 0x00,
    0x1C, 0x00, 0xF0, 0x03, 0x80, 0xF0, 0x1E, 0x03, 0xC0, 0x78, 0x0F, 0x01, 0xE7, 0xFD, 0xF7, 0xFC,
    0xFF, 0x1F, 0xC3, 0xFC, 0x7F, 0x8F, 0x79, 0xEF, 0xBC, 0xFF, 0x8F, 0x00, 0x01, 0xC0, 0x78, 0x1F,
    0x03, 0xC0, 0xF3, 0xEF, 0x7C, 0xFF, 0x8F, 0xF0, 0xFE, 0x0F, 0xF0, 0xFF, 0x0F, 0x78, 0xF7, 0xCF,
    0x3C, 0xF1, 0xE0, 0x18, 0x07, 0x01, 0xE0, 0x78, 0x06, 0x00, 0x00, 0x3C, 0x07, 0x80, 0xF0, 0x1E,
    0x03, 0xC0, 0x78, 0x0F, 0x01, 0xE0, 0x3C, 0x07, 0x80, 0xF0, 0x1E, 0x03, 0xFF, 0xFF, 0xFF, 0xFE,
    0x19, 0xEF, 0xB8, 0x03, 0xCF, 0x3C, 0xF3, 0xCF, 0x3C, 0xF3, 0xCF, 0x3C, 0xF3, 0xEF, 0xDE, 0x78,
    0xF0, 0x1E, 0x03, 0xC0, 0x78, 0x0F, 0x01, 0xE0, 0x3C, 0x07, 0x80, 0xF0, 0x1E, 0x03, 0xC0, 0x78,
    0x0F, 0xFF, 0xFF, 0xFF, 0xF8, 0x00, 0x0F, 0x01, 0xE0, 0x78, 0x0F, 0x00, 0xF3, 0xCF, 0x3C, 0xF3,
    0xCF, 0x3C, 0xF3, 0xCF, 0x3C, 0xFB, 0xF7, 0x9E, 0x01, 0xC7, 0x3C, 0xE0, 0xF0, 0x1E, 0x73, 0xCE,
    0x79, 0xCF, 0x39, 0xE6, 0x3C, 0x07, 0x80, 0xF0, 0x1E, 0x03, 0xC0, 0x78, 0x0F, 0xFF, 0xFF, 0xFF,
    0xF8, 0xF7, 0xF7, 0xF7, 0xF6, 0xF6, 0xF0, 0xF0, 0xF0, 0xF0, 0xF0, 0xF0, 0xF0, 0xF8, 0xFC, 0x78,
    0x78, 0xF0, 0x1E, 0x03, 0xC0, 0x78, 0x0F, 0x3D, 0xE7, 0xBC, 0xF7, 0x9E, 0xF0, 0x1E, 0x03, 0xC0,
    0x78, 0x0F, 0xFF, 0xFF, 0xFF, 0xF8, 0xF0, 0x3C, 0x0F, 0x03, 0xC0, 0xF0, 0x3C, 0xEF, 0x7F, 0xDF,
    0xF3, 0xBC, 0x0F, 0x03, 0xC0, 0xF8, 0x3F, 0x07, 0x81, 0xE0, 0x3C, 0x01, 0xE0, 0x0F, 0x00, 0x78,
    0x03, 0xF8, 0x1F, 0xC0, 0xFE, 0x1F, 0xC0, 0xFC, 0x07, 0xE0, 0x0F, 0x00, 0x78, 0x03, 0xFF, 0x1F,
    0xF8, 0xFF, 0xC0, 0x1E, 0x0F, 0x07, 0x83, 0xC1, 0xF0, 0xFC, 0xFE, 0xFC, 0x7E, 0x0F, 0x07, 0x83,
    0xC1, 0xE0, 0xF8, 0x7C, 0x1E, 0x01, 0x80, 0x0F, 0x00, 0x7C, 0x01, 0xC0, 0x06, 0x00, 0x00, 0x0F,
    0x03, 0xFE, 0x0F, 0xFC, 0x3F, 0xF8, 0xFF, 0xE3, 0xFF, 0xCF, 0xF7, 0xBF, 0xDE, 0xFF, 0x3F, 0xFC,
    0x7F, 0xF1, 0xFF, 0xC3, 0xFF, 0x07, 0xFC, 0x1F, 0xF0, 0x3C, 0x06, 0x03, 0xC1, 0xF0, 0x70, 0x18,
    0x00, 0x0F, 0xFB, 0xFE, 0xFF, 0xFC, 0xFF, 0x3F, 0xCF, 0xF3, 0xFC, 0xFF, 0x3F, 0xCF, 0xF3, 0xC0,
    0xF0, 0x3F, 0xE0, 0xFF, 0xC3, 0xFF, 0x8F, 0xFE, 0x3F, 0xFC, 0xFF, 0x7B, 0xFD, 0xEF, 0xF3, 0xFF,
    0xC7, 0xFF, 0x1F, 0xFC, 0x3F, 0xF0, 0x7F, 0xC1, 0xFF, 0x03, 0xC0, 0x00, 0x03, 0x80, 0x1E, 0x00,
    0xF8, 0x03, 0xC0, 0xFF, 0xBF, 0xEF, 0xFF, 0xCF, 0xF3, 0xFC, 0xFF, 0x3F, 0xCF, 0xF3, 0xFC, 0xFF,
    0x3C, 0x00, 0x0E, 0x07, 0x83, 0xE0, 0xF0, 0x0C, 0xC0, 0x7F, 0x00, 0xFC, 0x01, 0xE0, 0x03, 0x00,
    0x00, 0x0F, 0x03, 0xFE, 0x0F, 0xFC, 0x3F, 0xF8, 0xFF, 0xE3, 0xFF, 0xCF, 0xF7, 0xBF, 0xDE, 0xFF,
    0x3F, 0xFC, 0x7F, 0xF1, 0xFF, 0xC3, 0xFF, 0x07, 0xFC, 0x1F, 0xF0, 0x3C, 0x33, 0x0F, 0xE3, 0xF0,
    0x78, 0x0C, 0x00, 0x0F, 0xFB, 0xFE, 0xFF, 0xFC, 0xFF, 0x3F, 0xCF, 0xF3, 0xFC, 0xFF, 0x3F, 0xCF,
    0xF3, 0xC0, 0x70, 0x03, 0x80, 0x1C, 0x00, 0xE0, 0x0E, 0x00, 0x0F, 0xF0, 0x7F, 0xC3, 0xFF, 0x1E,
    0xF8, 0xF3, 0xC7, 0x9E, 0x3C, 0xF1, 0xE7, 0x8F, 0x3C, 0x79, 0xE3, 0xCF, 0xF0, 0x3F, 0xE0, 0xFF,
    0xC3, 0xFF, 0x8F, 0xFE, 0x3F, 0xFC, 0xFF, 0x7B, 0xFD, 0xEF, 0xF3, 0xFF, 0xC7, 0xFF, 0x1F, 0xFC,
    0x3F, 0xF0, 0x7F, 0xC1, 0xFF, 0x03, 0xC0, 0x1F, 0x01, 0xF8, 0x07, 0xE0, 0x1F, 0x00, 0xFF, 0xBF,
    0xEF, 0xFF, 0xCF, 0xF3, 0xFC, 0xFF, 0x3F, 0xCF, 0xF3, 0xFC, 0xFF, 0x3C, 0x0F, 0x03, 0xC3, 0xF0,
    0xF8, 0x0F, 0xE0, 0x1F, 0xC0, 0x00, 0x00, 0x7F, 0x03, 0xFF, 0x0F, 0xFF, 0x1F, 0x3F, 0x7C, 0x1E,
    0xF0, 0x3F, 0xE0, 0x3F, 0xC0, 0x7F, 0x80, 0xFF, 0x03, 0xFF, 0x07, 0x9F, 0x3F, 0x3F, 0xFC, 0x3F,
    0xF8, 0x1F, 0xC0, 0x1F, 0xC1, 0xFC, 0x00, 0x00, 0x00, 0x1F, 0xC3, 0xFE, 0x7F, 0xE7, 0xDF, 0x78,
    0xF7, 0x8F, 0x78, 0xF7, 0xDF, 0x7F, 0xE3, 0xFE, 0x1F, 0xC0, 0x0E, 0xE0, 0x1F, 0xC0, 0x1F, 0x00,
    0x00, 0x00, 0xFE, 0x07, 0xFE, 0x1F, 0xFE, 0x3E, 0x7E, 0xF8, 0x3D, 0xE0, 0x7F, 0xC0, 0x7F, 0x80,
    0xFF, 0x01, 0xFE, 0x07, 0xFE, 0x0F, 0x3E, 0x7E, 0x7F, 0xF8, 0x7F, 0xF0, 0x3F, 0x80, 0x1D, 0xC1,
    0xFC, 0x0F, 0x80, 0x00, 0x00, 0x01, 0xFC, 0x3F, 0xE7, 0xFE, 0x7D, 0xF7, 0x8F, 0x78, 0xF7, 0x8F,
    0x7D, 0xF7, 0xFE, 0x3F, 0xE1, 0xFC, 0x03, 0x30, 0x0E, 0xF0, 0x3D, 0xC0, 0x77, 0x00, 0xCC, 0x00,
    0x00, 0x03, 0xF8, 0x1F, 0xF8, 0x7F, 0xF8, 0xF9, 0xFB, 0xE0, 0xF7, 0x81, 0xFF, 0x01, 0xFE, 0x03,
    0xFC, 0x07, 0xF8, 0x1F, 0xF8, 0x3C, 0xF9, 0xF9, 0xFF, 0xE1, 0xFF, 0xC0, 0xFE, 0x00, 0x06, 0x60,
    0xEE, 0x1C, 0xE1, 0xDC, 0x19, 0x80, 0x00, 0x1F, 0xC3, 0xFE, 0x7F, 0xE7, 0xDF, 0x78, 0xF7, 0x8F,
    0x78, 0xF7, 0xDF, 0x7F, 0xE3, 0xFE, 0x1F, 0xC0, 0x0F, 0xFF, 0xE3, 0xFF, 0xFE, 0x7F, 0xFF, 0xE7,
    0xE7, 0x80, 0xF8, 0x78, 0x0F, 0x07, 0x80, 0xF0, 0x7F, 0xCF, 0x07, 0xFC, 0xF0, 0x7F, 0xCF, 0x07,
    0x80, 0xF8, 0x78, 0x07, 0xE7, 0x80, 0x7F, 0xFF, 0xF3, 0xFF, 0xFF, 0x0F, 0xFF, 0xF0, 0x1F, 0x9F,
    0x87, 0xFF, 0xF9, 0xFF, 0xFF, 0xBE, 0xFC, 0xF7, 0x8F, 0xFE, 0xF1, 0xFF, 0xDE, 0x3C, 0x03, 0xEF,
    0xE6, 0x7F, 0xFF, 0xC7, 0xFF, 0xF8, 0x7E, 0x7F, 0x00, 0x02, 0x00, 0x38, 0x03, 0xC0, 0x3C, 0x00,
    0xC0, 0x00, 0x03, 0xFE, 0x1F, 0xFC, 0xFF, 0xE7, 0x9F, 0xBC, 0x3D, 0xE1, 0xEF, 0x3F, 0x7F, 0xFB,
    0xFF, 0x9F, 0xF8, 0xF3, 0xC7, 0x9F, 0x3C, 0x7D, 0xE1, 0xEF, 0x0F, 0x80, 0x0C, 0x1E, 0x3E, 0x38,
    0x30, 0x00, 0xFF, 0xFF, 0xFF, 0xF2, 0xF0, 0xF0, 0xF0, 0xF0, 0xF0, 0xF0, 0xF0, 0xFF, 0x87, 0xFF,
    0x3F, 0xF9, 0xE7, 0xEF, 0x0F, 0x78, 0x7B, 0xCF, 0xDF, 0xFE, 0xFF, 0xE7, 0xFE, 0x3C, 0xF1, 0xE7,
    0xCF, 0x1F, 0x78, 0x7B, 0xC3, 0xE0, 0x00, 0x07, 0x00, 0x78, 0x07, 0xC0, 0x3C, 0x00, 0x7F, 0xBF,
    0xDF, 0xEF, 0x27, 0x83, 0xC1, 0xE0, 0xF0, 0x78, 0x3C, 0x1E, 0x00, 0x07, 0x83, 0xC3, 0xC1, 0xE0,
    0x19, 0x81, 0xFC, 0x07, 0xE0, 0x1E, 0x00, 0x60, 0x7F, 0xC3, 0xFF, 0x9F, 0xFC, 0xF3, 0xF7, 0x87,
    0xBC, 0x3D, 0xE7, 0xEF, 0xFF, 0x7F, 0xF3, 0xFF, 0x1E, 0x78, 0xF3, 0xE7, 0x8F, 0xBC, 0x3D, 0xE1,
    0xF0, 0x66, 0x7F, 0x7E, 0x3C, 0x18, 0x00, 0xFF, 0xFF, 0xFF, 0xF2, 0xF0, 0xF0, 0xF0, 0xF0, 0xF0,
    0xF0, 0xF0, 0x03, 0x00, 0x38, 0x07, 0x80, 0xF0, 0x0E, 0x00, 0x00, 0x1F, 0xC3, 0xFE, 0x7F, 0xE7,
    0xCC, 0x78, 0x07, 0xC0, 0x7F, 0x83, 0xFC, 0x0F, 0xE0, 0x1F, 0x00, 0xF7, 0x1F, 0x7F, 0xE7, 0xFE,
    0x7F, 0xC0, 0x06, 0x01, 0xC0, 0xF0, 0x78, 0x1C, 0x00, 0x03, 0xF9, 0xFE, 0x7F, 0x9E, 0x67, 0xF9,
    0xFE, 0x3F, 0xD8, 0xF7, 0xFD, 0xFE, 0x7F, 0x00, 0x06, 0x00, 0xF0, 0x1F, 0x81, 0xFC, 0x19, 0x80,
    0x00, 0x1F, 0xC3, 0xFE, 0x7F, 0xE7, 0xCC, 0x78, 0x07, 0xC0, 0x7F, 0x83, 0xFC, 0x0F, 0xE0, 0x1F,
    0x00, 0xF7, 0x1F, 0x7F, 0xE7, 0xFE, 0x7F, 0xC0, 0x0C, 0x07, 0x83, 0xF0, 0xFE, 0x13, 0x00, 0x03,
    0xF9, 0xFE, 0x7F, 0x9E, 0x67, 0xF9, 0xFE, 0x3F, 0xD8, 0xF7, 0xFD, 0xFE, 0x7F, 0x00, 0x1F, 0xC3,
    0xFE, 0x7F, 0xE7, 0xCC, 0x78, 0x07, 0xC0, 0x7F, 0x83, 0xFC, 0x0F, 0xE0, 0x1F, 0x00, 0xF7, 0x1F,
    0x7F, 0xE7, 0xFE, 0x7F, 0xC0, 0xE0, 0x0F, 0x00, 0x70, 0x1F, 0x01, 0xF0, 0x3F, 0x9F, 0xE7, 0xF9,
    0xE6, 0x7F, 0x9F, 0xE3, 0xFD, 0x8F, 0x7F, 0x9F, 0xE7, 0xF0, 0x70, 0x1E, 0x03, 0x83, 0xE0, 0xF0,
    0x09, 0x81, 0xFC, 0x1F, 0x80, 0xF0, 0x06, 0x00, 0x00, 0x1F, 0xC3, 0xFE, 0x7F, 0xE7, 0xCC, 0x78,
    0x07, 0xC0, 0x7F, 0x83, 0xFC, 0x0F, 0xE0, 0x1F, 0x00, 0xF7, 0x1F, 0x7F, 0xE7, 0xFE, 0x7F, 0xC0,
    0x13, 0x0F, 0xE1, 0xF0, 0x78, 0x0C, 0x00, 0x03, 0xF9, 0xFE, 0x7F, 0x9E, 0x67, 0xF9, 0xFE, 0x3F,
    0xD8, 0xF7, 0xFD, 0xFE, 0x7F, 0x00, 0xFF, 0xFF, 0xFF, 0xFF, 0xFE, 0x1E, 0x00, 0xF0, 0x07, 0x80,
    0x3C, 0x01, 0xE0, 0x0F, 0x00, 0x78, 0x03, 0xC0, 0x1E, 0x00, 0xF0, 0x07, 0x80, 0x3C, 0x00, 0xE0,
    0x07, 0x00, 0xFC, 0x07, 0xC0, 0xF0, 0xF0, 0xF0, 0xFF, 0xFF, 0xFF, 0xF0, 0xF0, 0xF0, 0xF0, 0xFA,
    0xFF, 0x7F, 0x3F, 0x1C, 0x0E, 0x3E, 0x3C, 0x09, 0x80, 0xFE, 0x03, 0xE0, 0x1E, 0x00, 0x60, 0x00,
    0x03, 0xFF, 0xFF, 0xFF, 0xFF, 0xF8, 0x78, 0x03, 0xC0, 0x1E, 0x00, 0xF0, 0x07, 0x80, 0x3C, 0x01,
    0xE0, 0x0F, 0x00, 0x78, 0x03, 0xC0, 0x1E, 0x00, 0xF0, 0x00, 0x0F, 0x0E, 0xFE, 0xFE, 0xF0, 0xFF,
    0xFF, 0xFF, 0xF0, 0xF0, 0xF0, 0xF0, 0xFA, 0xFF, 0x7F, 0x3F, 0xFF, 0xFF, 0xFF, 0xFF, 0xFE, 0x1E,
    0x00, 0xF0, 0x07, 0x80, 0x3C, 0x0F, 0xFC, 0x7F, 0xE0, 0x78, 0x03, 0xC0, 0x1E, 0x00, 0xF0, 0x07,
    0x80, 0x3C, 0x00, 0xF0, 0xF0, 0xF0, 0xFF, 0xFF, 0xFF, 0xF0, 0xFF, 0xFF, 0xF0, 0xFA, 0xFF, 0x7F,
    0x3F, 0x1E, 0xC1, 0xFE, 0x06, 0xF0, 0x00, 0x0F, 0x07, 0xF8, 0x3F, 0xC1, 0xFE, 0x0F, 0xF0, 0x7F,
    0x83, 0xFC, 0x1F, 0xE0, 0xFF, 0x07, 0xF8, 0x3F, 0xC3, 0xFF, 0xBE, 0x7F, 0xF1, 0xFF, 0x07, 0xF0,
    0x3D, 0x9F, 0xE7, 0xF0, 0x00, 0x00, 0x3C, 0xFF, 0x3F, 0xCF, 0xF3, 0xFC, 0xFF, 0x3F, 0xCF, 0xFB,
    0xFF, 0xF7, 0xFC, 0xFF, 0x1F, 0xC0, 0xFE, 0x00, 0x01, 0xE0, 0xFF, 0x07, 0xF8, 0x3F, 0xC1, 0xFE,
    0x0F, 0xF0, 0x7F, 0x83, 0xFC, 0x1F, 0xE0, 0xFF, 0x07, 0xF8, 0x7F, 0xF7, 0xCF, 0xFE, 0x3F, 0xE0,
    0xFE, 0x00, 0x7F, 0x9F, 0xE0, 0x00, 0x00, 0xF3, 0xFC, 0xFF, 0x3F, 0xCF, 0xF3, 0xFC, 0xFF, 0x3F,
    0xEF, 0xFF, 0xDF, 0xF3, 0xFC, 0x1D, 0xC0, 0xFE, 0x03, 0xE0, 0x00, 0x0F, 0x07, 0xF8, 0x3F, 0xC1,
    0xFE, 0x0F, 0xF0, 0x7F, 0x83, 0xFC, 0x1F, 0xE0, 0xFF, 0x07, 0xF8, 0x3F, 0xC3, 0xFF, 0xBE, 0x7F,
    0xF1, 0xFF, 0x07, 0xF0, 0x7B, 0x8F, 0xE1, 0xF0, 0x00, 0x00, 0x3C, 0xFF, 0x3F, 0xCF, 0xF3, 0xFC,
    0xFF, 0x3F, 0xCF, 0xFB, 0xFF, 0xF7, 0xFC, 0xFF, 0x07, 0x00, 0x7C, 0x03, 0x60, 0x1B, 0x00, 0xF8,
    0x07, 0x83, 0xC1, 0xFE, 0x0F, 0xF0, 0x7F, 0x83, 0xFC, 0x1F, 0xE0, 0xFF, 0x07, 0xF8, 0x3F, 0xC1,
    0xFE, 0x0F, 0xF0, 0xFF, 0xEF, 0x9F, 0xFC, 0x7F, 0xC1, 0xFC, 0x00, 0x1E, 0x07, 0xC3, 0xF0, 0xFC,
    0x1F, 0x07, 0x80, 0x03, 0xCF, 0xF3, 0xFC, 0xFF, 0x3F, 0xCF, 0xF3, 0xFC, 0xFF, 0xBF, 0xFF, 0x7F,
    0xCF, 0xF0, 0x06, 0x60, 0x77, 0x83, 0xB8, 0x3B, 0x81, 0x98, 0x00, 0x03, 0xC1, 0xFE, 0x0F, 0xF0,
    0x7F, 0x83, 0xFC, 0x1F, 0xE0, 0xFF, 0x07, 0xF8, 0x3F, 0xC1, 0xFE, 0x0F, 0xF0, 0xFF, 0xEF, 0x9F,
    0xFC, 0x7F, 0xC1, 0xFC, 0x00, 0x1C, 0xC3, 0xB8, 0xEE, 0x3D, 0xC3, 0x30, 0x00, 0x3C, 0xF7, 0x9E,
    0xF3, 0xDE, 0x7B, 0xCF, 0x79, 0xEF, 0x3D, 0xF7, 0xBF, 0xF3, 0xFE, 0x3F, 0xC0, 0xF0, 0x7F, 0x83,
    0xFC, 0x1F, 0xE0, 0xFF, 0x07, 0xF8, 0x3F, 0xC1, 0xFE, 0x0F, 0xF0, 0x7F, 0x83, 0xFC, 0x3F, 0xFB,
    0xE7, 0xFF, 0x1F, 0xF0, 0x7F, 0x00, 0xF0, 0x07, 0x00, 0x3E, 0x01, 0xF0, 0xF3, 0xFC, 0xFF, 0x3F,
    0xCF, 0xF3, 0xFC, 0xFF, 0x3F, 0xEF, 0xFF, 0xDF, 0xF3, 0xFC, 0x0E, 0x07, 0x01, 0xF0, 0x7C, 0x00,
    0x60, 0x00, 0x0F, 0x00, 0x01, 0xF8, 0x00, 0x3F, 0x80, 0x01, 0x98, 0x00, 0x00, 0x00, 0xF0, 0x00,
    0xFF, 0x80, 0x1F, 0x78, 0xF1, 0xE7, 0x8F, 0x1E, 0x78, 0xF9, 0xE7, 0x9F, 0x9E, 0x7D, 0xF9, 0xC3,
    0xDF, 0xBC, 0x3F, 0xFF, 0xC3, 0xF9, 0xFC, 0x3F, 0x9F, 0x81, 0xF9, 0xF8, 0x1F, 0x0F, 0x81, 0xF0,
    0xF8, 0x0F, 0x0F, 0x00, 0x01, 0x80, 0x01, 0xE0, 0x01, 0xF8, 0x00, 0xFE, 0x00, 0x66, 0x00, 0x00,
    0x03, 0xC7, 0x1D, 0xE7, 0x9E, 0x73, 0xCF, 0x3D, 0xF7, 0x9E, 0xFB, 0x87, 0xFF, 0xC3, 0xFF, 0xE1,
    0xFB, 0xE0, 0x79, 0xF0, 0x3C, 0xF8, 0x1E, 0x38, 0x00, 0x03, 0x00, 0x1E, 0x00, 0xFC, 0x07, 0xF0,
    0x0C, 0xC0, 0x00, 0x0F, 0x83, 0xFE, 0x1E, 0x7C, 0x78, 0xF3, 0xC3, 0xFF, 0x07, 0xF8, 0x1F, 0xE0,
    0x3F, 0x00, 0xF8, 0x01, 0xE0, 0x07, 0x80, 0x1E, 0x00, 0x78, 0x01, 0xE0, 0x07, 0x80, 0x06, 0x00,
    0xF0, 0x1F, 0x83, 0xF8, 0x19, 0x80, 0x00, 0xF0, 0xFF, 0x1E, 0x79, 0xE7, 0x9E, 0x7B, 0xC3, 0xFC,
    0x3F, 0x81, 0xF8, 0x1F, 0x81, 0xF0, 0x0F, 0x01, 0xE0, 0xFE, 0x0F, 0xC0, 0xF8, 0x00, 0x1C, 0xE0,
    0x7F, 0x81, 0xCE, 0x00, 0x00, 0xF8, 0x3F, 0xE1, 0xE7, 0xC7, 0x8F, 0x3C, 0x3F, 0xF0, 0x7F, 0x81,
    0xFE, 0x03, 0xF0, 0x0F, 0x80, 0x1E, 0x00, 0x78, 0x01, 0xE0, 0x07, 0x80, 0x1E, 0x00, 0x78, 0x00,
    0x01, 0x00, 0x1C, 0x01, 0xE0, 0x1E, 0x00, 0xE0, 0x00, 0x01, 0xFF, 0xCF, 0xFE, 0x7F, 0xF0, 0x0F,
    0x80, 0xF8, 0x0F, 0x80, 0xF8, 0x07, 0x80, 0x7C, 0x07, 0xC0, 0x3C, 0x03, 0xE0, 0x1F, 0xFF, 0xFF,
    0xFF, 0xFF, 0x80, 0x06, 0x01, 0xC0, 0xF0, 0x78, 0x1C, 0x00, 0x07, 0xFD, 0xFF, 0x7F, 0xC1, 0xE0,
    0xF0, 0x78, 0x3C, 0x1E, 0x07, 0xFF, 0xFF, 0xFF, 0xC0, 0x07, 0x00, 0x78, 0x01, 0xC0, 0x00, 0x07,
    0xFF, 0x3F, 0xF9, 0xFF, 0xC0, 0x3E, 0x03, 0xE0, 0x3E, 0x03, 0xE0, 0x1E, 0x01, 0xF0, 0x1F, 0x00,
    0xF0, 0x0F, 0x80, 0x7F, 0xFF, 0xFF, 0xFF, 0xFE, 0x0E, 0x07, 0x80, 0xE0, 0x00, 0x00, 0x1F, 0xF7,
    0xFD, 0xFF, 0x07, 0x83, 0xC1, 0xE0, 0xF0, 0x78, 0x1F, 0xFF, 0xFF, 0xFF, 0x08, 0x80, 0xFE, 0x03,
    0xE0, 0x0E, 0x00, 0x30, 0x00, 0x01, 0xFF, 0xCF, 0xFE, 0x7F, 0xF0, 0x0F, 0x80, 0xF8, 0x0F, 0x80,
    0xF8, 0x07, 0x80, 0x7C, 0x07, 0xC0, 0x3C, 0x03, 0xE0, 0x1F, 0xFF, 0xFF, 0xFF, 0xFF, 0x80, 0x13,
    0x0F, 0xE3, 0xF0, 0x78, 0x0C, 0x00, 0x07, 0xFD, 0xFF, 0x7F, 0xC1, 0xE0, 0xF0, 0x78, 0x3C, 0x1E,
    0x07, 0xFF, 0xFF, 0xFF, 0xC0, 0x3F, 0x3F, 0xBF, 0xDF, 0x6F, 0x07, 0x83, 0xC1, 0xE0, 0xF0, 0x78,
    0x3C, 0x1E, 0x0F, 0x07, 0x83, 0xC1, 0xE0, 0x3F, 0xC1, 0xFF, 0x87, 0xFF, 0x1C, 0x7E, 0x00, 0x78,
    0x01, 0xEF, 0xFF, 0xFF, 0xFF, 0xFF, 0xFF, 0xC1, 0xEF, 0x07, 0xBF, 0x7E, 0x7F, 0xF0, 0xFF, 0x81,
    0xFC, 0x00, 0x00, 0x1E, 0x00, 0x3C, 0x3F, 0xF9, 0xFF, 0xE7, 0xFF, 0xCF, 0x9F, 0xBE, 0x0F, 0x78,
    0x1F, 0xF0, 0x1F, 0xE0, 0x3F, 0xC0, 0x7F, 0x81, 0xFF, 0x83, 0xCF, 0x9F, 0x9F, 0xFE, 0x1F, 0xFC,
    0x0F, 0xE0, 0x00, 0x38, 0x01, 0xC7, 0xFE, 0x7F, 0xE7, 0xFF, 0x3E, 0xF9, 0xE3, 0xCF, 0x1E, 0x78,
    0xF3, 0xEF, 0x9F, 0xFC, 0x7F, 0xC1, 0xFC, 0x00, 0x00, 0x0E, 0x00, 0x3F, 0xC1, 0xFF, 0x83, 0xEF,
    0x07, 0x9E, 0x0F, 0x3C, 0x1E, 0x78, 0x3C, 0xF0, 0x79, 0xE0, 0xF3, 0xC1, 0xE7, 0x83, 0xCF, 0x0F,
    0x9F, 0xBE, 0x1F, 0xFC, 0x1F, 0xF0, 0x1F, 0xC0, 0x00, 0x78, 0x03, 0xFC, 0xFD, 0xE7, 0xEF, 0x3C,
    0x79, 0xE3, 0xCF, 0x1E, 0x78, 0xF3, 0xC7, 0xDE, 0x3F, 0xF0, 0xFF, 0x83, 0xFC, 0x00, 0x00, 0x00,
    0x66, 0x00, 0x00, 0x1F, 0xC0, 0x00, 0x07, 0xE0, 0x00, 0x00, 0xF0, 0x00, 0x00, 0x18, 0x3F, 0xF0,
    0xFF, 0xFF, 0xFE, 0x3F, 0xFF, 0xFF, 0xCF, 0xFF, 0xF1, 0xF8, 0x0F, 0xBC, 0x1E, 0x07, 0xCF, 0x07,
    0xC1, 0xE3, 0xC0, 0xF0, 0xF8, 0xF0, 0x3C, 0x7C, 0x3C, 0x0F, 0x1E, 0x0F, 0x07, 0xCF, 0x03, 0xC1,
    0xE7, 0xC0, 0xF1, 0xF9, 0xE0, 0x3F, 0xFC, 0xFF, 0xFF, 0xFE, 0x3F, 0xFF, 0xFF, 0x0F, 0xFF, 0x00,
    0x00, 0x4C, 0x00, 0x00, 0xFE, 0xFF, 0xC0, 0x7C, 0xFF, 0xE0, 0x78, 0xFF, 0xF0, 0x30, 0xF1, 0xF8,
    0x00, 0xF0, 0x79, 0xFF, 0xF0, 0x7D, 0xFF, 0xF0, 0x3D, 0xFF, 0xF0, 0x3C, 0x1E, 0xF0, 0x3C, 0x3C,
    0xF0, 0x7C, 0x78, 0xF0, 0x78, 0xF0, 0xF1, 0xF9, 0xE0, 0xFF, 0xF1, 0xFF, 0xFF, 0xE3, 0xFF, 0xFF,
    0xC3, 0xFF, 0x00, 0x01, 0x98, 0x01, 0xE7, 0xF0, 0x03, 0xC7, 0xE0, 0x07, 0x87, 0x80, 0x0F, 0x06,
    0x00, 0x1E, 0x00, 0x07, 0xFD, 0xFF, 0x9F, 0xFB, 0xFF, 0x7F, 0xF7, 0xFE, 0xFB, 0xE0, 0xF9, 0xE3,
    0xC3, 0xE3, 0xC7, 0x8F, 0x87, 0x8F, 0x1E, 0x0F, 0x9E, 0x78, 0x1F, 0xFD, 0xFF, 0x9F, 0xFB, 0xFF,
    0x1F, 0xE7, 0xFE, 0xF0, 0x00, 0x7F, 0x80, 0x03, 0xFC, 0x00, 0x1F, 0xE0, 0x00, 0xFF, 0x00, 0x07,
    0xF8, 0x00, 0x3F, 0xC0, 0x01, 0xFE, 0x00, 0x0F, 0xF0, 0x00, 0x7F, 0x80, 0x03, 0xFC, 0x00, 0x1F,
    0xE0, 0x19, 0xFF, 0xFF, 0xFF, 0x7F, 0xFF, 0xFB, 0xFF, 0xFF, 0x80, 0x00, 0x0E, 0xF0, 0x0F, 0xF0,
    0x0F, 0xF0, 0x0E, 0xF0, 0x00, 0xF0, 0x0F, 0xF0, 0x0F, 0xF0, 0x0F, 0xF0, 0x0F, 0xF0, 0x0F, 0xF0,
    0x0F, 0xF0, 0x0F, 0xF0, 0x0F, 0xFF, 0xEF, 0xFF, 0xEF, 0xFF, 0xEF, 0x00, 0x1F, 0x00, 0x7E, 0x00,
    0x7E, 0x00, 0x7C, 0xF1, 0xDE, 0x7F, 0xCF, 0xF8, 0xEF, 0x01, 0xE3, 0xFC, 0x7F, 0x8F, 0xF1, 0xFE,
    0x3F, 0xC7, 0xF8, 0xFF, 0x9F, 0xFB, 0xDE, 0x7B, 0xCF, 0x03, 0xC1, 0xF8, 0x3F, 0x07, 0xC0, 0xF0,
    0x3C, 0x07, 0xFC, 0x1E, 0x03, 0xFF, 0x0F, 0x01, 0xFF, 0xC7, 0x80, 0xFF, 0xE3, 0xC0, 0x7F, 0xF9,
    0xE0, 0x3F, 0xDE, 0xF0, 0x1F, 0xEF, 0x78, 0x0F, 0xF3, 0xFC, 0x07, 0xF8, 0xFE, 0x03, 0xFC, 0x7F,
    0x01, 0xFE, 0x1F, 0x99, 0xFF, 0x07, 0xDF, 0xF7, 0x83, 0xEF, 0xFB, 0xC0, 0xF7, 0xF8, 0x00, 0x00,
    0xFF, 0x03, 0xCF, 0xF8, 0x3C, 0xFF, 0xC3, 0xCF, 0xFE, 0x3C, 0x0F, 0xE3, 0xCF, 0xFF, 0x3C, 0xFF,
    0x7B, 0xCF, 0xF7, 0xBC, 0xFF, 0x3F, 0xCF, 0xF1, 0xFC, 0xFF, 0x1F, 0xCF, 0xF0, 0xFC, 0xFF, 0x07,
    0xCF, 0xF0, 0x7C, 0xFF, 0x03, 0xCF, 0x00, 0x01, 0xF0, 0x00, 0x7F, 0x00, 0x07, 0xE0, 0x00, 0x7C,
    0x00, 0x07, 0x00, 0x07, 0xC0, 0x03, 0xE0, 0x00, 0xE0, 0x00, 0x07, 0xFC, 0x7B, 0xFE, 0x3D, 0xFF,
    0x9E, 0xF3, 0xCF, 0x79, 0xE7, 0xBC, 0xF3, 0xDE, 0x79, 0xEF, 0x3C, 0xF7, 0x9E, 0x7B, 0xCF, 0x3D,
    0xE7, 0x9E, 0x00, 0x0F, 0x00, 0x1F, 0x80, 0x0F, 0xC0, 0x07, 0xC0, 0x04, 0x40, 0x1F, 0xC0, 0x1F,
    0x00, 0x1C, 0x00, 0x10, 0x00, 0x00, 0x01, 0xF0, 0x03, 0xE0, 0x07, 0xE0, 0x1F, 0xC0, 0x3F, 0x80,
    0xF7, 0x81, 0xEF, 0x03, 0x8F, 0x0F, 0x1E, 0x1F, 0xFC, 0x7F, 0xFC, 0xFF, 0xF9, 0xE0, 0xF7, 0x80,
    0xFF, 0x01, 0xE0, 0x19, 0x87, 0xF0, 0x7E, 0x07, 0x80, 0x60, 0x00, 0x0F, 0xE1, 0xFE, 0x3F, 0xC6,
    0x7C, 0xFF, 0xBF, 0xF7, 0x9F, 0xF3, 0xDF, 0xFB, 0xFF, 0x3F, 0xC0, 0xCD, 0xFF, 0xF3, 0xC3, 0x00,
    0x1E, 0x3C, 0x78, 0xF1, 0xE3, 0xC7, 0x8F, 0x1E, 0x3C, 0x78, 0xF1, 0xE3, 0xC7, 0x80, 0x66, 0x7F,
    0x7E, 0x3C, 0x18, 0x00, 0x3C, 0x3C, 0x3C, 0x3C, 0x3C, 0x3C, 0x3C, 0x3C, 0x3C, 0x3C, 0x3C, 0x0C,
    0xC0, 0x1F, 0xC0, 0x3F, 0x00, 0x3C, 0x00, 0x30, 0x00, 0x00, 0x03, 0xF8, 0x1F, 0xF8, 0x7F, 0xF8,
    0xF9, 0xFB, 0xE0, 0xF7, 0x81, 0xFF, 0x01, 0xFE, 0x03, 0xFC, 0x07, 0xF8, 0x1F, 0xF8, 0x3C, 0xF9,
    0xF9, 0xFF, 0xE1, 0xFF, 0xC0, 0xFE, 0x00, 0x19, 0x81, 0xFC, 0x1F, 0x80, 0xF0, 0x06, 0x00, 0x00,
    0x1F, 0xC3, 0xFE, 0x7F, 0xE7, 0xDF, 0x78, 0xF7, 0x8F, 0x78, 0xF7, 0xDF, 0x7F, 0xE3, 0xFE, 0x1F,
    0xC0, 0x09, 0x80, 0xFE, 0x03, 0xE0, 0x1E, 0x00, 0x60, 0x00, 0x03, 0xC1, 0xFE, 0x0F, 0xF0, 0x7F,
    0x83, 0xFC, 0x1F, 0xE0, 0xFF, 0x07, 0xF8, 0x3F, 0xC1, 0xFE, 0x0F, 0xF0, 0xFF, 0xEF, 0x9F, 0xFC,
    0x7F, 0xC1, 0xFC, 0x00, 0x33, 0x0F, 0xE3, 0xF0, 0x78, 0x0C, 0x00, 0x0F, 0x3F, 0xCF, 0xF3, 0xFC,
    0xFF, 0x3F, 0xCF, 0xF3, 0xFE, 0xFF, 0xFD, 0xFF, 0x3F, 0xC0, 0x1F, 0xC0, 0xFE, 0x00, 0x00, 0x3B,
    0x81, 0xDC, 0x0E, 0xE0, 0x00, 0x1E, 0x0F, 0xF0, 0x7F, 0x83, 0xFC, 0x1F, 0xE0, 0xFF, 0x07, 0xF8,
    0x3F, 0xC1, 0xFE, 0x0F, 0xF0, 0x7F, 0x87, 0xFF, 0x7C, 0xFF, 0xE3, 0xFE, 0x0F, 0xE0, 0x3F, 0x0F,
    0xC0, 0x00, 0xEC, 0x7F, 0x8E, 0xC0, 0x03, 0xCF, 0xF3, 0xFC, 0xFF, 0x3F, 0xCF, 0xF3, 0xFC, 0xFF,
    0xBF, 0xFF, 0x7F, 0xCF, 0xF0, 0x01, 0x00, 0x1C, 0x01, 0xE0, 0x7D, 0x83, 0x9E, 0x1C, 0x60, 0x00,
    0x1E, 0x0F, 0xF0, 0x7F, 0x83, 0xFC, 0x1F, 0xE0, 0xFF, 0x07, 0xF8, 0x3F, 0xC1, 0xFE, 0x0F, 0xF0,
    0x7F, 0x87, 0xFF, 0x7C, 0xFF, 0xE3, 0xFE, 0x0F, 0xE0, 0x03, 0x01, 0xC0, 0xF0, 0x38, 0x7F, 0x9C,
    0xF7, 0x38, 0x00, 0xF3, 0xFC, 0xFF, 0x3F, 0xCF, 0xF3, 0xFC, 0xFF, 0x3F, 0xEF, 0xFF, 0xDF, 0xF3,
    0xFC, 0x0F, 0x80, 0x7C, 0x0F, 0xF8, 0x73, 0xC3, 0x8E, 0x00, 0x03, 0xC1, 0xFE, 0x0F, 0xF0, 0x7F,
    0x83, 0xFC, 0x1F, 0xE0, 0xFF, 0x07, 0xF8, 0x3F, 0xC1, 0xFE, 0x0F, 0xF0, 0xFF, 0xEF, 0x9F, 0xFC,
    0x7F, 0xC1, 0xFC, 0x00, 0x00, 0x0C, 0xC3, 0xF0, 0x78, 0x7F, 0x9C, 0xF7, 0x18, 0x00, 0xF3, 0xFC,
    0xFF, 0x3F, 0xCF, 0xF3, 0xFC, 0xFF, 0x3F, 0xEF, 0xFF, 0xDF, 0xF3, 0xFC, 0x0C, 0x00, 0x70, 0x03,
    0xC0, 0x7F, 0xC3, 0x9E, 0x1C, 0x70, 0x00, 0x1E, 0x0F, 0xF0, 0x7F, 0x83, 0xFC, 0x1F, 0xE0, 0xFF,
    0x07, 0xF8, 0x3F, 0xC1, 0xFE, 0x0F, 0xF0, 0x7F, 0x87, 0xFF, 0x7C, 0xFF, 0xE3, 0xFE, 0x0F, 0xE0,
    0x18, 0x0E, 0x01, 0xC0, 0x70, 0x7F, 0x9C, 0xF7, 0x38, 0x00, 0xF3, 0xFC, 0xFF, 0x3F, 0xCF, 0xF3,
    0xFC, 0xFF, 0x3F, 0xEF, 0xFF, 0xDF, 0xF3, 0xFC, 0x7F, 0x87, 0xFC, 0x7F, 0xE3, 0x3E, 0x00, 0xF7,
    0xFF, 0x7F, 0xF7, 0x9E, 0x7F, 0xE3, 0xFC, 0x1F, 0x80, 0x0F, 0xE0, 0x1F, 0xC0, 0x00, 0x00, 0x77,
    0x00, 0xEE, 0x01, 0xDC, 0x00, 0x00, 0x03, 0xE0, 0x07, 0xC0, 0x0F, 0xC0, 0x3F, 0x80, 0x7F, 0x01,
    0xEF, 0x03, 0xDE, 0x07, 0x1E, 0x1E, 0x3C, 0x3F, 0xF8, 0xFF, 0xF9, 0xFF, 0xF3, 0xC1, 0xEF, 0x01,
    0xFE, 0x03, 0xC0, 0x3F, 0x87, 0xF0, 0x00, 0x1D, 0xC3, 0xB8, 0x77, 0x00, 0x01, 0xFC, 0x3F, 0xC7,
    0xF8, 0xCF, 0x9F, 0xF7, 0xFE, 0xF3, 0xFE, 0x7B, 0xFF, 0x7F, 0xE7, 0xF8, 0x0F, 0xE0, 0x1F, 0xC0,
    0x00, 0x00, 0x1C, 0x00, 0x38, 0x00, 0x70, 0x00, 0x00, 0x03, 0xE0, 0x07, 0xC0, 0x0F, 0xC0, 0x3F,
    0x80, 0x7F, 0x01, 0xEF, 0x03, 0xDE, 0x07, 0x1E, 0x1E, 0x3C, 0x3F, 0xF8, 0xFF, 0xF9, 0xFF, 0xF3,
    0xC1, 0xEF, 0x01, 0xFE, 0x03, 0xC0, 0x1F, 0x83, 0xF0, 0x00, 0x07, 0x00, 0xE0, 0x1C, 0x00, 0x01,
    0xFC, 0x3F, 0xC7, 0xF8, 0xCF, 0x9F, 0xF7, 0xFE, 0xF3, 0xFE, 0x7B, 0xFF, 0x7F, 0xE7, 0xF8, 0x00,
    0x7F, 0x00, 0x03, 0xF8, 0x00, 0x00, 0x00, 0x01, 0xFF, 0xE0, 0x0F, 0xFF, 0x00, 0xFF, 0xF8, 0x07,
    0xF0, 0x00, 0x7F, 0x80, 0x07, 0xBC, 0x00, 0x3D, 0xFF, 0x03, 0xCF, 0xF8, 0x1E, 0x7F, 0xC1, 0xFF,
    0xC0, 0x1F, 0xFE, 0x00, 0xFF, 0xF0, 0x0F, 0x87, 0xFF, 0x78, 0x3F, 0xFF, 0x81, 0xFF, 0xC0, 0x07,
    0xF8, 0x01, 0xFE, 0x00, 0x00, 0x00, 0x00, 0x00, 0x3F, 0xFF, 0x0F, 0xFF, 0xE3, 0xFF, 0xF8, 0xCF,
    0x9F, 0x3F, 0xFF, 0xDF, 0xFF, 0xF7, 0x9E, 0x03, 0xE7, 0xC6, 0x7F, 0xFF, 0x9F, 0xFF, 0xE3, 0xFF,
    0xF8, 0x0F, 0xF0, 0x7F, 0xE1, 0xFF, 0xC3, 0xF3, 0x8F, 0x80, 0x1E, 0x00, 0x3C, 0x1E, 0x78, 0x3C,
    0xF1, 0xFD, 0xE3, 0xFB, 0xE1, 0xE3, 0xE3, 0xC7, 0xFF, 0x87, 0xFF, 0x07, 0xFC, 0x00, 0x1F, 0xE1,
    0xFF, 0x1F, 0xF8, 0xFB, 0xC7, 0xBF, 0xBD, 0xFD, 0xE7, 0x8F, 0xFC, 0x3F, 0xE0, 0xFF, 0x00, 0x78,
    0x67, 0xC7, 0xFE, 0x3F, 0xE1, 0xFE, 0x00, 0x04, 0xC0, 0x7F, 0x03, 0xF0, 0x0F, 0x00, 0x30, 0x00,
    0x00, 0x3F, 0xC7, 0xFE, 0x7F, 0xF3, 0xF3, 0xBE, 0x01, 0xE0, 0x0F, 0x00, 0x78, 0x3F, 0xC1, 0xFE,
    0x0F, 0xF8, 0x7B, 0xE3, 0xDF, 0xFE, 0x7F, 0xF1, 0xFF, 0x00, 0x0C, 0xC3, 0xF8, 0x3F, 0x03, 0xC0,
    0x30, 0x00, 0x07, 0xF9, 0xFF, 0x7F, 0xEF, 0xBD, 0xE7, 0xBC, 0xF7, 0x9E, 0xFF, 0xCF, 0xF8, 0xFF,
    0x01, 0xE6, 0x7D, 0xFF, 0xBF, 0xE7, 0xF8, 0x19, 0x80, 0x7F, 0x01, 0xF8, 0x03, 0xC0, 0x06, 0x00,
    0x00, 0x0F, 0x0F, 0xBC, 0x7C, 0xF3, 0xE3, 0xDF, 0x0F, 0xF8, 0x3F, 0xC0, 0xFE, 0x03, 0xFC, 0x0F,
    0xF8, 0x3D, 0xF0, 0xF3, 0xC3, 0xCF, 0x8F, 0x1F, 0x3C, 0x3C, 0xF0, 0xF8, 0x7E, 0x0F, 0xC0, 0xE0,
    0x00, 0x0F, 0x01, 0xE0, 0x3C, 0x07, 0x80, 0xF0, 0x1E, 0x7F, 0xDF, 0x7F, 0xCF, 0xF1, 0xFC, 0x3F,
    0xC7, 0xF8, 0xF7, 0x9E, 0xFB, 0xCF, 0xF8, 0xF0, 0x0F, 0xE0, 0x7F, 0xE1, 0xFF, 0xE3, 0xE7, 0xEF,
    0x83, 0xDE, 0x07, 0xFC, 0x07, 0xF8, 0x0F, 0xF0, 0x1F, 0xE0, 0x7F, 0xE0, 0xF3, 0xE7, 0xE7, 0xFF,
    0x87, 0xFE, 0x03, 0xF8, 0x01, 0xE0, 0x03, 0x80, 0x0F, 0xC0, 0x0F, 0x80, 0x1F, 0xC3, 0xFE, 0x7F,
    0xE7, 0xDF, 0x78, 0xF7, 0x8F, 0x78, 0xF7, 0xDF, 0x7F, 0xE3, 0xFE, 0x1F, 0xC0, 0x70, 0x0F, 0x00,
    0xF8, 0x07, 0x80, 0x0F, 0xE0, 0x1F, 0xC0, 0x00, 0x00, 0x7F, 0x03, 0xFF, 0x0F, 0xFF, 0x1F, 0x3F,
    0x7C, 0x1E, 0xF0, 0x3F, 0xE0, 0x3F, 0xC0, 0x7F, 0x80, 0xFF, 0x03, 0xFF, 0x07, 0x9F, 0x3F, 0x3F,
    0xFC, 0x3F, 0xF0, 0x1F, 0xC0, 0x0F, 0x00, 0x1C, 0x00, 0x7E, 0x00, 0x7C, 0x00, 0x1F, 0xC1, 0xFC,
    0x00, 0x00, 0x00, 0x1F, 0xC3, 0xFE, 0x7F, 0xE7, 0xDF, 0x78, 0xF7, 0x8F, 0x78, 0xF7, 0xDF, 0x7F,
    0xE3, 0xFE, 0x1F, 0xC0, 0x70, 0x0F, 0x00, 0xF8, 0x07, 0x80, 0x19, 0x81, 0xFC, 0x1F, 0x80, 0xF0,
    0x06, 0x00, 0x00, 0x7F, 0xF7, 0xFF, 0x7F, 0xF0, 0x3E, 0x07, 0xC0, 0xF8, 0x1F, 0xC1, 0xFE, 0x03,
    0xF0, 0x0F, 0x00, 0xF7, 0x1F, 0xFF, 0xFF, 0xFE, 0x7F, 0xC0, 0x33, 0x0F, 0xE3, 0xF0, 0x78, 0x0C,
    0x00, 0x00, 0x03, 0xFF, 0xFF, 0xFF, 0xF0, 0x78, 0x3C, 0x1E, 0x0F, 0xC1, 0xF8, 0x1F, 0x03, 0xC0,
    0xFE, 0x7F, 0xFF, 0xFF, 0xBF, 0xC0, 0x33, 0x1F, 0xCF, 0xC3, 0xC0, 0xC0, 0x00, 0x78, 0x3C, 0x1E,
    0x0F, 0x07, 0x83, 0xC1, 0xE0, 0xF0, 0x78, 0x3C, 0x1E, 0x0F, 0x3F, 0x9F, 0x8F, 0x80, 0xFF, 0xC3,
    0xFF, 0xFF, 0xF8, 0xFF, 0xFF, 0xFF, 0x3F, 0xFF, 0xC7, 0xE0, 0x3E, 0xF0, 0x78, 0x1F, 0x3C, 0x1F,
    0x07, 0x8F, 0x03, 0xC3, 0xE3, 0xC0, 0xF1, 0xF0, 0xF0, 0x3C, 0x78, 0x3C, 0x1F, 0x3C, 0x0F, 0x07,
    0x9F, 0x03, 0xC7, 0xE7, 0x80, 0xFF, 0xF3, 0xFF, 0xFF, 0xF8, 0xFF, 0xFF, 0xFC, 0x3F, 0xFC, 0xFF,
    0xC0, 0x00, 0xFF, 0xE0, 0x00, 0xFF, 0xF0, 0x00, 0xF1, 0xF8, 0x00, 0xF0, 0x79, 0xFF, 0xF0, 0x7D,
    0xFF, 0xF0, 0x3D, 0xFF, 0xF0, 0x3C, 0x1E, 0xF0, 0x3C, 0x3C, 0xF0, 0x7C, 0x78, 0xF0, 0x78, 0xF0,
    0xF1, 0xF9, 0xE0, 0xFF, 0xF1, 0xFF, 0xFF, 0xE3, 0xFF, 0xFF, 0xC3, 0xFF, 0x00, 0xF0, 0x00, 0x01,
    0xE0, 0x00, 0x03, 0xC0, 0x00, 0x07, 0x80, 0x00, 0x0F, 0x00, 0x03, 0xFE, 0xFF, 0xCF, 0xFD, 0xFF,
    0xBF, 0xFB, 0xFF, 0x7D, 0xF0, 0x7C, 0xF1, 0xE1, 0xF1, 0xE3, 0xC7, 0xC3, 0xC7, 0x8F, 0x07, 0xCF,
    0x3C, 0x0F, 0xFE, 0xFF, 0xCF, 0xFD, 0xFF, 0x8F, 0xF3, 0xFF, 0x00, 0x80, 0x0E, 0x00, 0xF0, 0x0F,
    0x00, 0x70, 0x00, 0x00, 0x3F, 0xC7, 0xFE, 0x7F, 0xF3, 0xF3, 0xBE, 0x01, 0xE0, 0x0F, 0x00, 0x78,
    0x3F, 0xC1, 0xFE, 0x0F, 0xF8, 0x7B, 0xE3, 0xDF, 0xFE, 0x7F, 0xF1, 0xFF, 0x00, 0x01, 0x80, 0x38,
    0x0F, 0x03, 0xC0, 0x70, 0x00, 0x07, 0xF9, 0xFF, 0x7F, 0xEF, 0xBD, 0xE7, 0xBC, 0xF7, 0x9E, 0xFF,
    0xCF, 0xF8, 0xFF, 0x01, 0xE6, 0x7D, 0xFF, 0xBF, 0xE7, 0xF8, 0xF0, 0x78, 0x07, 0x83, 0xC0, 0x3C,
    0x1E, 0x01, 0xE0, 0xF1, 0xEF, 0x07, 0x8F, 0x78, 0x3C, 0x7B, 0xFF, 0xE3, 0xDF, 0xFF, 0x1E, 0xFF,
    0xF8, 0xF7, 0x83, 0xC7, 0xBC, 0x1E, 0x3D, 0xE0, 0xFB, 0xEF, 0x07, 0xFF, 0x78, 0x1F, 0xF3, 0xC0,
    0x7F, 0x00, 0x7F, 0xC7, 0xFF, 0x3F, 0xFD, 0xE3, 0xEF, 0x0F, 0xF8, 0x7F, 0xC3, 0xFE, 0x1E, 0xF0,
    0xF7, 0x8F, 0xBC, 0xF9, 0xFF, 0x8F, 0xF8, 0x7F, 0x83, 0xF0, 0x1E, 0x00, 0xF0, 0x07, 0x80, 0x3C,
    0x00, 0x04, 0x00, 0x38, 0x00, 0xF0, 0x01, 0xE0, 0x03, 0x00, 0x00, 0x0F, 0x03, 0xFE, 0x0F, 0xFC,
    0x3F, 0xF8, 0xFF, 0xE3, 0xFF, 0xCF, 0xF7, 0xBF, 0xDE, 0xFF, 0x3F, 0xFC, 0x7F, 0xF1, 0xFF, 0xC3,
    0xFF, 0x07, 0xFC, 0x1F, 0xF0, 0x3C, 0x18, 0x0F, 0x03, 0xC0, 0x78, 0x06, 0x00, 0x0F, 0xFB, 0xFE,
    0xFF, 0xFC, 0xFF, 0x3F, 0xCF, 0xF3, 0xFC, 0xFF, 0x3F, 0xCF, 0xF3, 0xC0, 0x01, 0x80, 0x0F, 0x80,
    0x1C, 0x00, 0x00, 0x00, 0x38, 0x00, 0xD8, 0x01, 0xB0, 0x03, 0xE0, 0x07, 0xC0, 0x1F, 0xC0, 0x3F,
    0x80, 0xFF, 0x81, 0xEF, 0x03, 0xDE, 0x0F, 0x1E, 0x1E, 0x3C, 0x3F, 0xF8, 0xFF, 0xF9, 0xFF, 0xF3,
    0xC1, 0xEF, 0x01, 0xFE, 0x03, 0xC0, 0x07, 0x01, 0xE0, 0x70, 0x00, 0x00, 0xF0, 0x3E, 0x07, 0xC0,
    0x78, 0x00, 0x07, 0xF0, 0xFF, 0x1F, 0xE3, 0x3E, 0x7F, 0xDF, 0xFB, 0xCF, 0xF9, 0xEF, 0xFD, 0xFF,
    0x9F, 0xE0, 0x00, 0x06, 0x00, 0x00, 0x78, 0x00, 0x07, 0xC0, 0x00, 0x38, 0x00, 0x01, 0x80, 0x00,
    0x00, 0x00, 0x03, 0xFF, 0xC0, 0x1F, 0xFE, 0x01, 0xFF, 0xF0, 0x0F, 0xE0, 0x00, 0xFF, 0x00, 0x0F,
    0x78, 0x00, 0x7B, 0xFE, 0x07, 0x9F, 0xF0, 0x3C, 0xFF, 0x83, 0xFF, 0x80, 0x3F, 0xFC, 0x01, 0xFF,
    0xE0, 0x1F, 0x0F, 0xFE, 0xF0, 0x7F, 0xFF, 0x03, 0xFF, 0x80, 0x00, 0x30, 0x00, 0x1E, 0x00, 0x0F,
    0x00, 0x03, 0x80, 0x00, 0xC0, 0x00, 0x00, 0x03, 0xFF, 0xF0, 0xFF, 0xFE, 0x3F, 0xFF, 0x8C, 0xF9,
    0xF3, 0xFF, 0xFD, 0xFF, 0xFF, 0x79, 0xE0, 0x3E, 0x7C, 0x67, 0xFF, 0xF9, 0xFF, 0xFE, 0x3F, 0xFF,
    0x80, 0x01, 0x80, 0x07, 0x80, 0x0F, 0x00, 0x3C, 0x00, 0x60, 0x81, 0xFF, 0x8F, 0xFF, 0x3F, 0xFC,
    0x7C, 0xFD, 0xF1, 0xFB, 0xC7, 0xFF, 0x9E, 0xFF, 0x79, 0xFE, 0xE3, 0xFF, 0xCF, 0xFF, 0x1E, 0x7C,
    0xFC, 0xFF, 0xF1, 0xFF, 0xE7, 0xFF, 0x02, 0x00, 0x00, 0x03, 0x00, 0x38, 0x07, 0x80, 0xF0, 0x0E,
    0x00, 0x02, 0x1F, 0xF3, 0xFE, 0x7F, 0xE7, 0xFF, 0x7B, 0xF7, 0x7F, 0x7E, 0xF7, 0xDF, 0x7F, 0xE7,
    0xFE, 0x7F, 0xC2, 0x00, 0x19, 0xC0, 0x3B, 0x80, 0x3B, 0x80, 0x73, 0x80, 0x66, 0x00, 0x00, 0x01,
    0xF0, 0x03, 0xE0, 0x07, 0xE0, 0x1F, 0xC0, 0x3F, 0x80, 0xF7, 0x81, 0xEF, 0x03, 0x8F, 0x0F, 0x1E,
    0x1F, 0xFC, 0x7F, 0xFC, 0xFF, 0xF9, 0xE0, 0xF7, 0x80, 0xFF, 0x01, 0xE0, 0x67, 0x0E, 0xE1, 0xEE,
    0x1D, 0xC1, 0x98, 0x00, 0x0F, 0xE1, 0xFE, 0x3F, 0xC6, 0x7C, 0xFF, 0xBF, 0xF7, 0x9F, 0xF3, 0xDF,
    0xFB, 0xFF, 0x3F, 0xC0, 0x07, 0xC0, 0x1F, 0xC0, 0x3B, 0x80, 0x00, 0x00, 0x7C, 0x00, 0xF8, 0x01,
    0xF8, 0x07, 0xF0, 0x0F, 0xE0, 0x3D, 0xE0, 0x7B, 0xC0, 0xE3, 0xC3, 0xC7, 0x87, 0xFF, 0x1F, 0xFF,
    0x3F, 0xFE, 0x78, 0x3D, 0xE0, 0x3F, 0xC0, 0x78, 0x1F, 0x07, 0xF0, 0xEE, 0x00, 0x03, 0xF8, 0x7F,
    0x8F, 0xF1, 0x9F, 0x3F, 0xEF, 0xFD, 0xE7, 0xFC, 0xF7, 0xFE, 0xFF, 0xCF, 0xF0, 0x67, 0x0E, 0xE0,
    0xEE, 0x1C, 0xE1, 0x98, 0x00, 0x3F, 0xFF, 0xFF, 0xFF, 0xFE, 0x03, 0xC0, 0x78, 0x0F, 0xFD, 0xFF,
    0xBF, 0xF7, 0x80, 0xF0, 0x1E, 0x03, 0xFF, 0xFF, 0xFF, 0xFE, 0x33, 0x03, 0xB8, 0x39, 0xC1, 0xDC,
    0x0C, 0xC0, 0x00, 0x1F, 0x83, 0xFE, 0x7F, 0xE7, 0x9F, 0x7F, 0xF7, 0xFF, 0x78, 0x07, 0xC6, 0x7F,
    0xE3, 0xFE, 0x1F, 0xE0, 0x1F, 0x07, 0xF0, 0xEE, 0x00, 0x0F, 0xFF, 0xFF, 0xFF, 0xFF, 0x80, 0xF0,
    0x1E, 0x03, 0xFF, 0x7F, 0xEF, 0xFD, 0xE0, 0x3C, 0x07, 0x80, 0xFF, 0xFF, 0xFF, 0xFF, 0x80, 0x0F,
    0x81, 0xFC, 0x1D, 0xC0, 0x00, 0x1F, 0x83, 0xFE, 0x7F, 0xE7, 0x9F, 0x7F, 0xF7, 0xFF, 0x78, 0x07,
    0xC6, 0x7F, 0xE3, 0xFE, 0x1F, 0xE0, 0x66, 0x3D, 0xC7, 0x78, 0xEE, 0x19, 0x80, 0x01, 0xE0, 0x78,
    0x1E, 0x07, 0x81, 0xE0, 0x78, 0x1E, 0x07, 0x81, 0xE0, 0x78, 0x1E, 0x07, 0x81, 0xE0, 0x78, 0x1E,
    0x00, 0xE6, 0x77, 0x9D, 0xC7, 0x73, 0x98, 0x00, 0x78, 0x3C, 0x1E, 0x0F, 0x07, 0x83, 0xC1, 0xE0,
    0xF0, 0x78, 0x3C, 0x1E, 0x00, 0x3E, 0x7F, 0x77, 0x00, 0x3C, 0x3C, 0x3C, 0x3C, 0x3C, 0x3C, 0x3C,
    0x3C, 0x3C, 0x3C, 0x3C, 0x3C, 0x3C, 0x3C, 0x3C, 0x7E, 0x7E, 0xF7, 0x00, 0x3C, 0x3C, 0x3C, 0x3C,
    0x3C, 0x3C, 0x3C, 0x3C, 0x3C, 0x3C, 0x3C, 0x39, 0x80, 0x77, 0x80, 0x77, 0x00, 0x77, 0x00, 0xE6,
    0x00, 0x00, 0x03, 0xF8, 0x1F, 0xF8, 0x7F, 0xF8, 0xF9, 0xFB, 0xE0, 0xF7, 0x81, 0xFF, 0x01, 0xFE,
    0x03, 0xFC, 0x07, 0xF8, 0x1F, 0xF8, 0x3C, 0xF9, 0xF9, 0xFF, 0xE1, 0xFF, 0xC0, 0xFE, 0x00, 0x33,
    0x03, 0xB8, 0x39, 0xC1, 0xDC, 0x0C, 0xC0, 0x00, 0x1F, 0xC3, 0xFE, 0x7F, 0xE7, 0xDF, 0x78, 0xF7,
    0x8F, 0x78, 0xF7, 0xDF, 0x7F, 0xE3, 0xFE, 0x1F, 0xC0, 0x07, 0xC0, 0x1F, 0xC0, 0x3B, 0x80, 0x00,
    0x00, 0xFE, 0x07, 0xFE, 0x1F, 0xFE, 0x3E, 0x7E, 0xF8, 0x3D, 0xE0, 0x7F, 0xC0, 0x7F, 0x80, 0xFF,
    0x01, 0xFE, 0x07, 0xFE, 0x0F, 0x3E, 0x7E, 0x7F, 0xF8, 0x7F, 0xF0, 0x3F, 0x80, 0x0F, 0x81, 0xFC,
    0x1D, 0xC0, 0x00, 0x1F, 0xC3, 0xFE, 0x7F, 0xE7, 0xDF, 0x78, 0xF7, 0x8F, 0x78, 0xF7, 0xDF, 0x7F,
    0xE3, 0xFE, 0x1F, 0xC0, 0x66, 0x03, 0xB8, 0x1E, 0xE0, 0x77, 0x01, 0x98, 0x7F, 0xC3, 0xFF, 0x9F,
    0xFC, 0xF3, 0xF7, 0x87, 0xBC, 0x3D, 0xE7, 0xEF, 0xFF, 0x7F, 0xF3, 0xFF, 0x1E, 0x78, 0xF3, 0xE7,
    0x8F, 0xBC, 0x3D, 0xE1, 0xF0, 0xEE, 0x77, 0x1D, 0xCE, 0x73, 0x38, 0x01, 0xFE, 0xFF, 0x7F, 0xBC,
    0x9E, 0x0F, 0x07, 0x83, 0xC1, 0xE0, 0xF0, 0x78, 0x00, 0x1F, 0x01, 0xFC, 0x0E, 0xF0, 0x00, 0x0F,
    0xF8, 0x7F, 0xF3, 0xFF, 0x9E, 0x7E, 0xF0, 0xF7, 0x87, 0xBC, 0xFD, 0xFF, 0xEF, 0xFE, 0x7F, 0xE3,
    0xCF, 0x1E, 0x7C, 0xF1, 0xF7, 0x87, 0xBC, 0x3E, 0x3E, 0x7F, 0xF7, 0x00, 0xFF, 0xFF, 0xFF, 0xF2,
    0xF0, 0xF0, 0xF0, 0xF0, 0xF0, 0xF0, 0xF0, 0x33, 0x03, 0xDC, 0x0E, 0xF0, 0x3B, 0x80, 0xCC, 0x00,
    0x03, 0xC1, 0xFE, 0x0F, 0xF0, 0x7F, 0x83, 0xFC, 0x1F, 0xE0, 0xFF, 0x07, 0xF8, 0x3F, 0xC1, 0xFE,
    0x0F, 0xF0, 0xFF, 0xEF, 0x9F, 0xFC, 0x7F, 0xC1, 0xFC, 0x00, 0xE6, 0x3B, 0xC7, 0x71, 0xEE, 0x33,
    0x80, 0x0F, 0x3F, 0xCF, 0xF3, 0xFC, 0xFF, 0x3F, 0xCF, 0xF3, 0xFE, 0xFF, 0xFD, 0xFF, 0x3F, 0xC0,
    0x0F, 0x80, 0xFE, 0x07, 0x70, 0x00, 0x0F, 0x07, 0xF8, 0x3F, 0xC1, 0xFE, 0x0F, 0xF0, 0x7F, 0x83,
    0xFC, 0x1F, 0xE0, 0xFF, 0x07, 0xF8, 0x3F, 0xC3, 0xFF, 0xBE, 0x7F, 0xF1, 0xFF, 0x07, 0xF0, 0x1F,
    0x0F, 0xE7, 0xB8, 0x00, 0xF3, 0xFC, 0xFF, 0x3F, 0xCF, 0xF3, 0xFC, 0xFF, 0x3F, 0xEF, 0xFF, 0xDF,
    0xF3, 0xFC, 0x1F, 0xC3, 0xFE, 0x7F, 0xE7, 0xCC, 0x78, 0x07, 0xC0, 0x7F, 0x83, 0xFC, 0x0F, 0xE0,
    0x1F, 0x00, 0xF7, 0x1F, 0x7F, 0xE7, 0xFE, 0x7F, 0xC0, 0x00, 0x07, 0x00, 0xF0, 0x1F, 0x01, 0xE0,
    0x3F, 0x9F, 0xE7, 0xF9, 0xE6, 0x7F, 0x9F, 0xE3, 0xFD, 0x8F, 0x7F, 0xDF, 0xE7, 0xF0, 0x00, 0x0E,
    0x07, 0x83, 0xE0, 0xF0, 0xFF, 0xFF, 0xFF, 0xFF, 0xFE, 0x1E, 0x00, 0xF0, 0x07, 0x80, 0x3C, 0x01,
    0xE0, 0x0F, 0x00, 0x78, 0x03, 0xC0, 0x1E, 0x00, 0xF0, 0x07, 0x80, 0x3C, 0x00, 0x00, 0x07, 0x00,
    0x78, 0x07, 0xC0, 0x3C, 0x00, 0xF0, 0xF0, 0xF0, 0xFF, 0xFF, 0xFF, 0xF0, 0xF0, 0xF0, 0xF0, 0xFA,
    0xFF, 0x7F, 0x3F, 0x00, 0x1C, 0x3C, 0x7C, 0x78, 0x7F, 0x1F, 0xF9, 0xFF, 0x3B, 0xE0, 0x3E, 0x07,
    0xC1, 0xF1, 0xFE, 0x3F, 0x87, 0xF8, 0x1F, 0x80, 0xF0, 0x1E, 0x03, 0xC0, 0xF8, 0x7F, 0xFF, 0xDF,
    0xF3, 0xF8, 0x00, 0xFE, 0x3F, 0xCF, 0xF9, 0x1E, 0x0F, 0x8F, 0xC3, 0xF0, 0xFE, 0x0F, 0x81, 0xE0,
    0x78, 0xFE, 0xFF, 0xBF, 0xCF, 0xC0, 0x0C, 0xC0, 0xFE, 0x03, 0xF0, 0x0F, 0x00, 0x30, 0x00, 0x03,
    0xC1, 0xFE, 0x0F, 0xF0, 0x7F, 0x83, 0xFC, 0x1F, 0xE0, 0xFF, 0xFF, 0xFF, 0xFF, 0xFF, 0xFE, 0x0F,
    0xF0, 0x7F, 0x83, 0xFC, 0x1F, 0xE0, 0xFF, 0x07, 0x80, 0x7E, 0x1F, 0x83, 0x80, 0x00, 0xF0, 0x3C,
    0x0F, 0x03, 0xC0, 0xF0, 0x3F, 0xEF, 0xFF, 0xFF, 0xF3, 0xFC, 0xFF, 0x3F, 0xCF, 0xF3, 0xFC, 0xFF,
    0x3F, 0xCF, 0x1F, 0x07, 0xFC, 0x7F, 0xE6, 0x1E, 0x00, 0xF7, 0xFF, 0x7F, 0xF7, 0xFF, 0x70, 0xF7,
    0x9E, 0x3F, 0xE1, 0xFC, 0x06, 0x00, 0x78, 0x78, 0x78, 0x70, 0x3E, 0xF3, 0xC7, 0x00, 0x1E, 0x0F,
    0xC7, 0xF9, 0x86, 0x39, 0x9F, 0xEF, 0xF9, 0x18, 0xFF, 0xFF, 0xFF, 0xFF, 0xFF, 0xFF, 0xFC, 0x00,
    0x71, 0xFF, 0xCF, 0xC1, 0xC0, 0xFF, 0xF6, 0xE7, 0xFF, 0xE7, 0x00, 0x67, 0xFE, 0x77, 0xB0, 0x73,
    0xED, 0xF7, 0xF8, 0xC0, 0x3F, 0xDF, 0xE7, 0x73, 0x98, 0x73, 0xDF, 0xE3, 0xF0, 0x78, 0x06, 0x66,
    0x60, 0x03, 0xFF, 0xFF, 0xFC, 0xFF, 0x3B, 0x8E, 0xE3, 0x30, 0x18, 0x3C, 0xDF, 0xFF, 0x7E, 0x38,
    0x7E, 0x7F, 0xF7, 0x73, 0xBD, 0xEE, 0x70, 0x77, 0xBD, 0xCE, 0x60, 0xE7, 0xBC, 0xE7, 0x18, 0x77,
    0xBD, 0xCE, 0x60, 0xF8, 0xF8, 0x78, 0x70, 0x3C, 0xF3, 0xC7, 0x00, 0x33, 0xFF, 0x30, 0xCC, 0xFF,
    0xC0, 0xFF, 0xF0, 0xC3, 0x0C, 0x20, 0x39, 0xEF, 0xBC, 0xE0, 0x77, 0xE6, 0x70, 0x30, 0xCF, 0xDE,
    0xFD, 0xE3, 0x0C, 0x30, 0xCF, 0xDE, 0x30, 0xF9, 0xE0, 0x01, 0xCE, 0x7F, 0xFF, 0xC0, 0x07, 0x39,
    0xCF, 0xFD, 0xE0, 0xEF, 0xF6, 0xE7, 0xFF, 0xE7, 0x00, 0x73, 0xED, 0xF7, 0xF8, 0xC0, 0x7F, 0xEE,
    0x71, 0xE1, 0xFF, 0xF8, 0x10, 0xC7, 0x1C, 0x79, 0xE0, 0x06, 0x66, 0x60, 0xFF, 0xFF, 0xC3, 0xC3,
    0xDB, 0xFF, 0x7E, 0x73, 0xDF, 0xE3, 0xF0, 0x78, 0x1E, 0x0F, 0xC7, 0xF9, 0x86, 0x00, 0x61, 0xBF,
    0xCF, 0xC3, 0xC0, 0x00, 0x7E, 0xFF, 0xFF, 0xC3, 0x39, 0xDF, 0xE7, 0xF9, 0x9C, 0xFF, 0xFF, 0xFF,
    0x7F, 0xBF, 0xFF, 0xFC, 0xFF, 0xFF, 0xC0, 0x1F, 0xFF, 0xF8, 0x3D, 0xDF, 0xF7, 0xF9, 0x8C, 0xFF,
    0xFF, 0xFF, 0xFC, 0xFF, 0xFF, 0xFF, 0xFF, 0xFF, 0xFF, 0x02, 0x0F, 0x3F, 0x7C, 0xF8, 0x60, 0x01,
    0xC0, 0xE0, 0x38, 0x0C, 0x07, 0x01, 0xC0, 0xE0, 0x38, 0x0C, 0x07, 0x01, 0xC0, 0x60, 0x38, 0x0E,
    0x07, 0x01, 0xC0, 0x60, 0x18, 0x00, 0xEE, 0x76, 0xE0, 0xC3, 0xC3, 0xFF, 0xFF, 0xFF, 0xFF, 0xC3,
    0xFF, 0xFF, 0x7E, 0xFF, 0xDB, 0x01, 0xE7, 0x9E, 0x78, 0x00, 0x07, 0xE6, 0x67, 0xE0, 0xFF, 0xFF,
    0xC0, 0x1F, 0xFF, 0xF8, 0xF8, 0xF8, 0x70, 0x70, 0x3E, 0x79, 0xE3, 0x00, 0x3D, 0xDF, 0xE7, 0xF9,
    0x8C, 0xCF, 0xF7, 0x60, 0x07, 0x06, 0xFE, 0xFF, 0xFF, 0xEF, 0x0E, 0x00, 0xEE, 0xFF, 0xFF, 0xFF,
    0xFC, 0x0F, 0x03, 0xFF, 0xFF, 0xC0, 0x1F, 0xFF, 0xF8, 0x03, 0xFF, 0xFF, 0xFC, 0xFF, 0x33, 0x00,
    0x2F, 0xFF, 0xFF, 0xF6, 0x00, 0x18, 0x3C, 0x18, 0xFB, 0xFF, 0xDE, 0x3C, 0x3C, 0x18, 0x7B, 0xFF,
    0xCE, 0x7F, 0xFF, 0xCE, 0x00, 0x66, 0xFF, 0x7E, 0x24, 0x06, 0xF6, 0x60, 0xF3, 0xCF, 0xF3, 0xCF,
    0xC1, 0x83, 0xCF, 0xF3, 0x0C, 0x30, 0x18, 0x18, 0xD0, 0x0B, 0xD0, 0x0F, 0xD0, 0x0B, 0x58, 0x1A,
    0x0C, 0x30, 0x4F, 0xF2, 0xC3, 0xC3, 0xE1, 0x87, 0xF3, 0xCF, 0x8E, 0x7F, 0xC0, 0x37, 0x67, 0x70,
    0x3C, 0x7E, 0xE7, 0xFF, 0x3C, 0x18, 0x0F, 0xFF, 0xF0, 0x07, 0xEF, 0x30, 0x0E, 0x7F, 0xC0, 0x00,
    0x73, 0x1F, 0xDF, 0xEC, 0xF0, 0x67, 0x77, 0x60, 0x73, 0xDE, 0x40, 0x31, 0xE7, 0x9E, 0x78, 0x66,
    0xFF, 0xDB, 0xDB, 0xFF, 0x4C, 0xFF, 0x30, 0x40, 0x00, 0x9C, 0x00, 0xE7, 0xF3, 0xF8, 0xFF, 0xFC,
    0x0F, 0xFC, 0x00, 0x40, 0x00, 0x9C, 0x00, 0xE7, 0xF3, 0xF8, 0xFF, 0xFC, 0x0F, 0xFC, 0x00, 0x00,
    0x03, 0xFF, 0xF7, 0xFF, 0x80, 0x00, 0x03, 0xFF, 0xF7, 0xFF, 0x80, 0x3F, 0xC1, 0xDF, 0xFF, 0xE7,
    0xFF, 0xF9, 0x80, 0x78, 0x00, 0xC0, 0x03, 0xFF, 0x03, 0xFF, 0xF1, 0xF0, 0x3E, 0x70, 0x03, 0x80,
    0x00, 0x04, 0x00, 0x03, 0xBF, 0xFF, 0xFF, 0xFF, 0xE0, 0x00, 0x60, 0x79, 0xF7, 0xFB, 0x7C, 0x80,
    0x39, 0xF7, 0xDE, 0x7C, 0x40, 0x7F, 0xFC, 0x39, 0xFE, 0xFB, 0x7C, 0x40, 0x4F, 0xBE, 0xFB, 0x7C,
    0x80, 0x77, 0xB1, 0x8F, 0x90, 0x0C, 0x37, 0xDF, 0xEF, 0xB7, 0xC8, 0x43, 0x8F, 0xBF, 0xEF, 0xBE,
    0xC0, 0xFF, 0x7F, 0xB6, 0xDB, 0x6D, 0xB0, 0x00, 0x77, 0xB9, 0xCE, 0x00, 0x67, 0xF6, 0x67, 0x20,
    0xCD, 0xB7, 0x9E, 0x38, 0x00, 0x6D, 0xE3, 0x9E, 0xFC, 0x00, 0x0C, 0x03, 0x80, 0x78, 0x07, 0x80,
    0x70, 0x00, 0x3F, 0xFF, 0xFF, 0xFF, 0xFE, 0x03, 0xC0, 0x78, 0x0F, 0xFD, 0xFF, 0xBF, 0xF7, 0x80,
    0xF0, 0x1E, 0x03, 0xFF, 0xFF, 0xFF, 0xFE, 0x3B, 0xCF, 0x78, 0xEF, 0x00, 0x00, 0x01, 0xFF, 0xFF,
    0xFF, 0xFF, 0xF0, 0x1E, 0x03, 0xC0, 0x7F, 0xEF, 0xFD, 0xFF, 0xBC, 0x07, 0x80, 0xF0, 0x1F, 0xFF,
    0xFF, 0xFF, 0xF0, 0xFF, 0xF8, 0x7F, 0xFC, 0x3F, 0xFE, 0x01, 0xE0, 0x00, 0xF0, 0x00, 0x7F, 0xE0,
    0x3F, 0xF8, 0x1F, 0xFE, 0x0F, 0x1F, 0x07, 0x83, 0x83, 0xC1, 0xE1, 0xE1, 0xE0, 0xF7, 0xF0, 0x7B,
    0xF0, 0x3D, 0xF0, 0x02, 0x00, 0xE0, 0x3C, 0x0F, 0x00, 0xC0, 0x00, 0x3F, 0xFF, 0xFF, 0xFF, 0xFE,
    0x03, 0xC0, 0x78, 0x0F, 0x01, 0xE0, 0x3C, 0x07, 0x80, 0xF0, 0x1E, 0x03, 0xC0, 0x78, 0x0F, 0x00,
    0x0F, 0xF1, 0xFF, 0xDF, 0xFC, 0xF8, 0xEF, 0x80, 0x78, 0x03, 0xFF, 0x1F, 0xF8, 0xFF, 0xC7, 0x80,
    0x3E, 0x00, 0xF8, 0xE7, 0xFF, 0x1F, 0xFC, 0x7F, 0xC0, 0x1F, 0xC3, 0xFE, 0x7F, 0xE7, 0xCC, 0x78,
    0x07, 0xC0, 0x7F, 0x83, 0xFC, 0x0F, 0xE0, 0x1F, 0x00, 0xF7, 0x1F, 0x7F, 0xE7, 0xFE, 0x7F, 0xC0,
    0xFF, 0xFF, 0xFF, 0xFF, 0xFF, 0xFF, 0xFF, 0xF0, 0xF7, 0x7B, 0xFD, 0xC0, 0x03, 0xC1, 0xE0, 0xF0,
    0x78, 0x3C, 0x1E, 0x0F, 0x07, 0x83, 0xC1, 0xE0, 0xF0, 0x78, 0x3C, 0x1E, 0x0F, 0x00, 0x03, 0xC0,
    0xF0, 0x3C, 0x0F, 0x03, 0xC0, 0xF0, 0x3C, 0x0F, 0x03, 0xC0, 0xF0, 0x3D, 0x9F, 0xFF, 0xFF, 0xE7,
    0xF0, 0x07, 0xFE, 0x00, 0x0F, 0xFC, 0x00, 0x1F, 0xF8, 0x00, 0x78, 0xF0, 0x00, 0xF1, 0xE0, 0x01,
    0xE3, 0xFF, 0x03, 0xC7, 0xFF, 0x07, 0x8F, 0xFF, 0x0F, 0x1E, 0x7E, 0x1E, 0x3C, 0x3C, 0x78, 0x78,
    0x7B, 0xF0, 0xF1, 0xFF, 0xC1, 0xFF, 0xFF, 0x83, 0xFF, 0xBC, 0x07, 0xFC, 0x00, 0xF0, 0x78, 0x07,
    0x83, 0xC0, 0x3C, 0x1E, 0x01, 0xE0, 0xF0, 0x0F, 0x07, 0x80, 0x7F, 0xFF, 0xE3, 0xFF, 0xFF, 0xDF,
    0xFF, 0xFE, 0xF0, 0x79, 0xFF, 0x83, 0xC3, 0xFC, 0x1E, 0x1F, 0xE0, 0xF3, 0xFF, 0x07, 0xFF, 0x78,
    0x3F, 0xFB, 0xC1, 0xFF, 0x00, 0xFF, 0xF8, 0xFF, 0xF8, 0xFF, 0xF8, 0x0F, 0x00, 0x0F, 0x00, 0x0F,
    0x00, 0x0F, 0xFC, 0x0F, 0xFE, 0x0F, 0xFE, 0x0F, 0x3F, 0x0F, 0x0F, 0x0F, 0x0F, 0x0F, 0x0F, 0x0F,
    0x0F, 0x0F, 0x0F, 0x01, 0x80, 0x07, 0x00, 0x3C, 0x01, 0xE0, 0x07, 0x00, 0x00, 0x0F, 0x0F, 0xBC,
    0x7C, 0xF3, 0xE3, 0xDF, 0x0F, 0xF8, 0x3F, 0xC0, 0xFE, 0x03, 0xFC, 0x0F, 0xF8, 0x3D, 0xF0, 0xF3,
    0xC3, 0xCF, 0x8F, 0x1F, 0x3C, 0x3C, 0xF0, 0xF8, 0x06, 0x00, 0x3C, 0x00, 0xF8, 0x00, 0xE0, 0x01,
    0x80, 0x00, 0x0F, 0x03, 0xFC, 0x1F, 0xF0, 0xFF, 0xC7, 0xFF, 0x1F, 0xFC, 0xFF, 0xF7, 0xBF, 0xDE,
    0xFF, 0xF3, 0xFF, 0x8F, 0xFE, 0x3F, 0xF0, 0xFF, 0x83, 0xFE, 0x0F, 0xF0, 0x3C, 0x0C, 0xC0, 0x7B,
    0x80, 0xFE, 0x01, 0xF0, 0x00, 0x03, 0xE1, 0xF7, 0x87, 0x9F, 0x1E, 0x3C, 0x78, 0xF3, 0xC1, 0xEF,
    0x07, 0xB8, 0x0F, 0xE0, 0x3F, 0x80, 0x7C, 0x01, 0xF0, 0x4F, 0x81, 0xFE, 0x07, 0xF0, 0x1F, 0x80,
    0xF0, 0x7F, 0x83, 0xFC, 0x1F, 0xE0, 0xFF, 0x07, 0xF8, 0x3F, 0xC1, 0xFE, 0x0F, 0xF0, 0x7F, 0x83,
    0xFC, 0x1F, 0xE0, 0xFF, 0xFF, 0xFF, 0xFF, 0xFF, 0xE0, 0xF0, 0x07, 0x80, 0x3C, 0x01, 0xE0, 0x07,
    0xC0, 0x0F, 0x80, 0x1F, 0x80, 0x7F, 0x00, 0xFE, 0x03, 0xDE, 0x07, 0xBC, 0x0E, 0x3C, 0x3C, 0x78,
    0x7F, 0xF1, 0xFF, 0xF3, 0xFF, 0xE7, 0x83, 0xDE, 0x03, 0xFC, 0x07, 0x80, 0xFF, 0xEF, 0xFE, 0xFF,
    0xEF, 0x00, 0xF0, 0x0F, 0xF8, 0xFF, 0xEF, 0xFF, 0xF3, 0xFF, 0x0F, 0xF0, 0xFF, 0x3F, 0xFF, 0xEF,
    0xFE, 0xFF, 0x80, 0xFF, 0xC7, 0xFF, 0x3F, 0xFD, 0xE3, 0xEF, 0x1F, 0x7F, 0xF3, 0xFF, 0x9F, 0xFE,
    0xF1, 0xF7, 0x87, 0xBC, 0x3D, 0xE3, 0xEF, 0xFF, 0x7F, 0xF3, 0xFF, 0x00, 0xFF, 0xFF, 0xFF, 0xFF,
    0xF8, 0x0F, 0x01, 0xE0, 0x3C, 0x07, 0x80, 0xF0, 0x1E, 0x03, 0xC0, 0x78, 0x0F, 0x01, 0xE0, 0x3C,
    0x00, 0x0F, 0xFE, 0x07, 0xFF, 0x03, 0xFF, 0x81, 0xE3, 0xC0, 0xF1, 0xE0, 0x78, 0xF0, 0x3C, 0x78,
    0x1E, 0x3C, 0x0F, 0x1E, 0x0F, 0x0F, 0x07, 0x87, 0x87, 0xC3, 0xCF, 0xFF, 0xFF, 0xFF, 0xFF, 0xFF,
    0xFF, 0xE0, 0x0F, 0xF0, 0x07, 0xF8, 0x03, 0xFC, 0x01, 0xE0, 0xFF, 0xFF, 0xFF, 0xFF, 0xF8, 0x0F,
    0x01, 0xE0, 0x3F, 0xF7, 0xFE, 0xFF, 0xDE, 0x03, 0xC0, 0x78, 0x0F, 0xFF, 0xFF, 0xFF, 0xF8, 0xF8,
    0xF0, 0xF3, 0xE7, 0x8F, 0x8F, 0x3C, 0xF8, 0x7D, 0xEF, 0x81, 0xFF, 0x7C, 0x07, 0xFF, 0xC0, 0x1F,
    0xFC, 0x00, 0xFF, 0xC0, 0x0F, 0xFF, 0x00, 0x7F, 0xFC, 0x07, 0xFD, 0xF0, 0x7D, 0xE7, 0xC7, 0xCF,
    0x1E, 0x3C, 0x78, 0xFB, 0xE3, 0xC3, 0xE0, 0x3F, 0x87, 0xFE, 0x7F, 0xE3, 0x1F, 0x01, 0xF0, 0x3E,
    0x1F, 0xE1, 0xFE, 0x1F, 0xF0, 0x1F, 0x00, 0xF7, 0x1F, 0x7F, 0xFF, 0xFE, 0x7F, 0xC0, 0xF0, 0x3F,
    0xC1, 0xFF, 0x0F, 0xFC, 0x7F, 0xF1, 0xFF, 0xCF, 0xFF, 0x7B, 0xFD, 0xEF, 0xFF, 0x3F, 0xF8, 0xFF,
    0xE3, 0xFF, 0x0F, 0xF8, 0x3F, 0xE0, 0xFF, 0x03, 0xC0, 0x0C, 0xC0, 0x7B, 0x80, 0xFE, 0x01, 0xF0,
    0x00, 0x03, 0xC0, 0xFF, 0x07, 0xFC, 0x3F, 0xF1, 0xFF, 0xC7, 0xFF, 0x3F, 0xFD, 0xEF, 0xF7, 0xBF,
    0xFC, 0xFF, 0xE3, 0xFF, 0x8F, 0xFC, 0x3F, 0xE0, 0xFF, 0x83, 0xFC, 0x0F, 0xF0, 0xFB, 0xC7, 0xCF,
    0x3E, 0x3D, 0xF0, 0xFF, 0x83, 0xFC, 0x0F, 0xE0, 0x3F, 0xC0, 0xFF, 0x83, 0xDF, 0x0F, 0x3C, 0x3C,
    0xF8, 0xF1, 0xF3, 0xC3, 0xCF, 0x0F, 0x80, 0x07, 0xFE, 0x0F, 0xFC, 0x1F, 0xF8, 0x78, 0xF0, 0xF1,
    0xE1, 0xE3, 0xC3, 0xC7, 0x87, 0x8F, 0x0F, 0x1E, 0x1E, 0x3C, 0x78, 0x7B, 0xF0, 0xFF, 0xC1, 0xFF,
    0x83, 0xFC, 0x07, 0x80, 0x78, 0x0F, 0x3E, 0x0F, 0x9F, 0x07, 0xCF, 0xC7, 0xE7, 0xE3, 0xF7, 0xF1,
    0xFB, 0xFD, 0xFD, 0xEE, 0xEF, 0xF7, 0xF7, 0xFB, 0xF3, 0xFC, 0xF9, 0xFE, 0x7C, 0xFF, 0x1C, 0x7F,
    0x80, 0x3F, 0xC0, 0x1E, 0xF0, 0x7F, 0x83, 0xFC, 0x1F, 0xE0, 0xFF, 0x07, 0xF8, 0x3F, 0xFF, 0xFF,
    0xFF, 0xFF, 0xFF, 0x83, 0xFC, 0x1F, 0xE0, 0xFF, 0x07, 0xF8, 0x3F, 0xC1, 0xE0, 0x0F, 0xE0, 0x7F,
    0xE1, 0xFF, 0xE3, 0xE7, 0xEF, 0x83, 0xDE, 0x07, 0xFC, 0x07, 0xF8, 0x0F, 0xF0, 0x1F, 0xE0, 0x7F,
    0xE0, 0xF3, 0xE7, 0xE7, 0xFF, 0x87, 0xFF, 0x03, 0xF8, 0x00, 0xFF, 0xFF, 0xFF, 0xFF, 0xFF, 0xE0,
    0xFF, 0x07, 0xF8, 0x3F, 0xC1, 0xFE, 0x0F, 0xF0, 0x7F, 0x83, 0xFC, 0x1F, 0xE0, 0xFF, 0x07, 0xF8,
    0x3F, 0xC1, 0xE0, 0xFF, 0xCF, 0xFE, 0xFF, 0xFF, 0x1F, 0xF0, 0xFF, 0x0F, 0xF3, 0xFF, 0xFF, 0xFF,
    0xEF, 0xFC, 0xF0, 0x0F, 0x00, 0xF0, 0x0F, 0x00, 0xF0, 0x00, 0x0F, 0xF1, 0xFF, 0x9F, 0xFC, 0xFD,
    0xEF, 0x80, 0x78, 0x03, 0xC0, 0x1E, 0x00, 0xF0, 0x07, 0x80, 0x3E, 0x01, 0xF8, 0xE7, 0xFF, 0x1F,
    0xF8, 0x7F, 0xC0, 0xFF, 0xFF, 0xFF, 0xFF, 0xFE, 0x1E, 0x00, 0xF0, 0x07, 0x80, 0x3C, 0x01, 0xE0,
    0x0F, 0x00, 0x78, 0x03, 0xC0, 0x1E, 0x00, 0xF0, 0x07, 0x80, 0x3C, 0x00, 0xF8, 0x7D, 0xE1, 0xE7,
    0xC7, 0x8F, 0x1E, 0x3C, 0xF0, 0x7B, 0xC1, 0xEE, 0x03, 0xF8, 0x0F, 0xE0, 0x1F, 0x00, 0x7C, 0x13,
    0xE0, 0x7F, 0x81, 0xFC, 0x07, 0xE0, 0x00, 0x01, 0xE0, 0x00, 0x78, 0x00, 0xFF, 0xC0, 0x7F, 0xFC,
    0x3F, 0xFF, 0x1F, 0xFF, 0xE7, 0x9E, 0x79, 0xE7, 0x8F, 0x79, 0xE3, 0xDE, 0x79, 0xE7, 0xFF, 0xF8,
    0xFF, 0xFE, 0x1F, 0xFF, 0x03, 0xFF, 0x00, 0x1E, 0x00, 0x07, 0x80, 0xF8, 0x7D, 0xF1, 0xE3, 0xCF,
    0x8F, 0xFC, 0x1F, 0xE0, 0x3F, 0x80, 0xFC, 0x01, 0xF0, 0x0F, 0xC0, 0x7F, 0x81, 0xFF, 0x0F, 0xFC,
    0x7C, 0xF9, 0xE1, 0xFF, 0x87, 0xC0, 0xF0, 0x78, 0xF0, 0x78, 0xF0, 0x78, 0xF0, 0x78, 0xF0, 0x78,
    0xF0, 0x78, 0xF0, 0x78, 0xF0, 0x78, 0xF0, 0x78, 0xF0, 0x78, 0xF0, 0x78, 0xF0, 0x78, 0xFF, 0xFF,
    0xFF, 0xFF, 0xFF, 0xFF, 0x00, 0x0F, 0x00, 0x0F, 0x00, 0x0F, 0x00, 0x0F, 0xF0, 0x7F, 0x83, 0xFC,
    0x1F, 0xE0, 0xFF, 0x87, 0xBC, 0x3D, 0xF1, 0xEF, 0xFF, 0x3F, 0xF8, 0xFF, 0xC0, 0x1E, 0x00, 0xF0,
    0x07, 0x80, 0x3C, 0x01, 0xE0, 0xF0, 0xF1, 0xFE, 0x1E, 0x3F, 0xC3, 0xC7, 0xF8, 0x78, 0xFF, 0x0F,
    0x1F, 0xE1, 0xE3, 0xFC, 0x3C, 0x7F, 0x87, 0x8F, 0xF0, 0xF1, 0xFE, 0x1E, 0x3F, 0xC3, 0xC7, 0xF8,
    0x78, 0xFF, 0xFF, 0xFF, 0xFF, 0xFF, 0xFF, 0xFF, 0xF8, 0xF0, 0xF1, 0xE3, 0xC3, 0xC7, 0x8F, 0x0F,
    0x1E, 0x3C, 0x3C, 0x78, 0xF0, 0xF1, 0xE3, 0xC3, 0xC7, 0x8F, 0x0F, 0x1E, 0x3C, 0x3C, 0x78, 0xF0,
    0xF1, 0xE3, 0xC3, 0xC7, 0x8F, 0x0F, 0x1E, 0x3C, 0x3C, 0x78, 0xFF, 0xFF, 0xFF, 0xFF, 0xFF, 0xFF,
    0xFF, 0xFF, 0xC0, 0x00, 0x0F, 0x00, 0x00, 0x3C, 0x00, 0x00, 0xF0, 0x00, 0x03, 0xC0, 0xFF, 0x00,
    0xFF, 0x00, 0xFF, 0x00, 0x0F, 0x00, 0x0F, 0x00, 0x0F, 0xF8, 0x0F, 0xFC, 0x0F, 0xFE, 0x0F, 0x3E,
    0x0F, 0x1F, 0x0F, 0x1F, 0x0F, 0x3E, 0x0F, 0xFE, 0x0F, 0xFC, 0x0F, 0xF8, 0xF0, 0x07, 0xF8, 0x03,
    0xFC, 0x01, 0xFE, 0x00, 0xFF, 0x00, 0x7F, 0xFC, 0x3F, 0xFF, 0x9F, 0xFF, 0xCF, 0xF3, 0xF7, 0xF8,
    0x7B, 0xFC, 0x3D, 0xFE, 0x7E, 0xFF, 0xFE, 0x7F, 0xFF, 0x3F, 0xFE, 0x1E, 0xF0, 0x0F, 0x00, 0xF0,
    0x0F, 0x00, 0xF0, 0x0F, 0xFC, 0xFF, 0xEF, 0xFF, 0xF3, 0xFF, 0x0F, 0xF0, 0xFF, 0x3F, 0xFF, 0xFF,
    0xFE, 0xFF, 0x80, 0x3F, 0xC1, 0xFF, 0x87, 0xFF, 0x1C, 0x7E, 0x00, 0x78, 0x01, 0xE1, 0xFF, 0xC7,
    0xFF, 0x1F, 0xFC, 0x01, 0xE0, 0x07, 0x9C, 0x7E, 0x7F, 0xF1, 0xFF, 0x83, 0xFC, 0x00, 0xF0, 0x3F,
    0x87, 0x83, 0xFF, 0x3C, 0x3F, 0xF9, 0xE3, 0xF3, 0xEF, 0x1E, 0x0F, 0xF9, 0xF0, 0x3F, 0xFF, 0x01,
    0xFF, 0xF8, 0x0F, 0xFF, 0xC0, 0x7F, 0x9F, 0x03, 0xFC, 0x78, 0x3F, 0xE3, 0xF3, 0xEF, 0x0F, 0xFF,
    0x78, 0x7F, 0xF3, 0xC0, 0xFE, 0x00, 0x0F, 0xF8, 0xFF, 0xCF, 0xFE, 0x7C, 0xF7, 0x87, 0xBC, 0x3D,
    0xF9, 0xE7, 0xFF, 0x3F, 0xF8, 0xFF, 0xC7, 0x9E, 0x7C, 0xF3, 0xC7, 0xBE, 0x3D, 0xE1, 0xE0, 0x3F,
    0x87, 0xF8, 0xFF, 0x19, 0xF3, 0xFE, 0xFF, 0xDE, 0x7F, 0xCF, 0x7F, 0xEF, 0xFC, 0xFF, 0x00, 0x03,
    0xE0, 0xFE, 0x1F, 0xE3, 0xFC, 0x7C, 0x07, 0xFC, 0x7F, 0xE7, 0xFE, 0x79, 0xF7, 0x8F, 0x78, 0xF7,
    0x8F, 0x7D, 0xF7, 0xFE, 0x3F, 0xE1, 0xF8, 0xFF, 0x9F, 0xFB, 0xFF, 0x79, 0xEF, 0xFD, 0xFF, 0xBC,
    0x7F, 0x8F, 0xFF, 0xFF, 0xFB, 0xFE, 0x00, 0xFF, 0xFF, 0xFF, 0xFE, 0x0F, 0x07, 0x83, 0xC1, 0xE0,
    0xF0, 0x78, 0x3C, 0x00, 0x1F, 0xF0, 0x7F, 0xC1, 0xFF, 0x07, 0xBC, 0x1E, 0xF0, 0x73, 0xC3, 0xCF,
    0x0F, 0x3C, 0xFF, 0xFF, 0xFF, 0xFF, 0xFF, 0xF8, 0x07, 0xE0, 0x1F, 0x80, 0x70, 0x1F, 0x83, 0xFE,
    0x7F, 0xE7, 0x9F, 0x7F, 0xF7, 0xFF, 0x78, 0x07, 0xC6, 0x7F, 0xE3, 0xFE, 0x1F, 0xE0, 0xF9, 0xE7,
    0x9F, 0x7B, 0xE3, 0xDF, 0xF0, 0x7F, 0xF8, 0x1F, 0xFC, 0x03, 0xFF, 0x01, 0xFF, 0xE0, 0xFF, 0xF8,
    0x3D, 0xEF, 0x1E, 0x79, 0xEF, 0x9E, 0x7C, 0x7F, 0x1F, 0xE7, 0xFD, 0x9F, 0x3F, 0x8F, 0xE0, 0x3D,
    0x8F, 0x7F, 0xFF, 0xE7, 0xF0, 0xF1, 0xFE, 0x7F, 0xDF, 0xFB, 0xFF, 0xFF, 0xFF, 0xFF, 0xFF, 0xEF,
    0xF9, 0xFF, 0x3F, 0xC7, 0x80, 0x31, 0x87, 0x70, 0xFE, 0x0F, 0x80, 0x00, 0x00, 0x3C, 0x7F, 0x9F,
    0xF7, 0xFE, 0xFF, 0xFF, 0xFF, 0xFF, 0xFF, 0xFB, 0xFE, 0x7F, 0xCF, 0xF1, 0xE0, 0xF3, 0xEF, 0x7C,
    0xFF, 0x8F, 0xF0, 0xFE, 0x0F, 0xE0, 0xFF, 0x0F, 0xF8, 0xF7, 0xCF, 0x3C, 0xF1, 0xE0, 0x1F, 0xF1,
    0xFF, 0x1F, 0xF1, 0xEF, 0x1E, 0xF1, 0xEF, 0x3C, 0xF7, 0xCF, 0xFC, 0xFF, 0x8F, 0xF0, 0xF0, 0x70,
    0x39, 0xE1, 0xEF, 0x8F, 0xFF, 0x3F, 0xFD, 0xFF, 0xFF, 0xFF, 0xFF, 0xFF, 0xEF, 0xF7, 0xBF, 0xDE,
    0xFF, 0x03, 0xC0, 0xF3, 0xFC, 0xFF, 0x3F, 0xCF, 0xFF, 0xFF, 0xFF, 0xFF, 0xCF, 0xF3, 0xFC, 0xFF,
    0x3C, 0x1F, 0xC3, 0xFE, 0x7F, 0xE7, 0xDF, 0x78, 0xF7, 0x8F, 0x78, 0xF7, 0xDF, 0x7F, 0xE3, 0xFE,
    0x1F, 0xC0, 0xFF, 0xFF, 0xFF, 0xFF, 0xCF, 0xF3, 0xFC, 0xFF, 0x3F, 0xCF, 0xF3, 0xFC, 0xFF, 0x3C,
    0xFF, 0x1F, 0xFB, 0xFF, 0x79, 0xFF, 0x1F, 0xE3, 0xFC, 0x7F, 0x9F, 0xFF, 0xDF, 0xFB, 0xFE, 0x78,
    0x0F, 0x01, 0xE0, 0x3C, 0x00, 0x1F, 0xCF, 0xF7, 0xFD, 0xF2, 0x78, 0x1E, 0x07, 0x81, 0xF3, 0x7F,
    0xCF, 0xF1, 0xFC, 0xFF, 0xFF, 0xFF, 0xFF, 0x87, 0x00, 0xE0, 0x1C, 0x03, 0x80, 0x70, 0x0E, 0x01,
    0xC0, 0x38, 0x00, 0xF0, 0xFF, 0x1E, 0x79, 0xE7, 0x9E, 0x7B, 0xC3, 0xFC, 0x3F, 0x81, 0xF8, 0x1F,
    0x81, 0xF0, 0x0F, 0x01, 0xE0, 0xFE, 0x0F, 0xC0, 0xF8, 0x00, 0x01, 0xC0, 0x03, 0xC0, 0x03, 0xC0,
    0x03, 0xC0, 0x03, 0xC0, 0x0F, 0xF8, 0x3F, 0xFC, 0x7F, 0xFE, 0x7F, 0xDF, 0x7B, 0xCF, 0x7B, 0xCF,
    0x7B, 0xCF, 0x7F, 0xDF, 0x7F, 0xFE, 0x3F, 0xFC, 0x0F, 0xF8, 0x03, 0xC0, 0x03, 0xC0, 0x03, 0xC0,
    0x03, 0xC0, 0xF1, 0xE7, 0x9E, 0x3F, 0xC3, 0xF8, 0x1F, 0x80, 0xF0, 0x1F, 0x83, 0xFC, 0x7B, 0xC7,
    0x9E, 0xF1, 0xF0, 0xF3, 0xCF, 0x3C, 0xF3, 0xCF, 0x3C, 0xF3, 0xCF, 0x3C, 0xF3, 0xCF, 0x3C, 0xFF,
    0xFF, 0xFF, 0xFF, 0xF0, 0x07, 0x00, 0x70, 0x07, 0x71, 0xEE, 0x3D, 0xC7, 0xB8, 0xF7, 0x9E, 0xFF,
    0xDF, 0xF9, 0xFF, 0x01, 0xE0, 0x3C, 0x07, 0x80, 0xF3, 0xCF, 0xF3, 0xCF, 0xF3, 0xCF, 0xF3, 0xCF,
    0xF3, 0xCF, 0xF3, 0xCF, 0xF3, 0xCF, 0xF3, 0xCF, 0xFF, 0xFF, 0xFF, 0xFF, 0xFF, 0xFF, 0xF3, 0xCF,
    0x3C, 0xF3, 0xCF, 0x3C, 0xF3, 0xCF, 0x3C, 0xF3, 0xCF, 0x3C, 0xF3, 0xCF, 0x3C, 0xF3, 0xCF, 0x3C,
    0xFF, 0xFF, 0xFF, 0xFF, 0xFF, 0xFF, 0xFC, 0x00, 0x0F, 0x00, 0x03, 0xC0, 0x00, 0xF0, 0xFE, 0x07,
    0xF0, 0x3F, 0x80, 0x3C, 0x01, 0xFE, 0x0F, 0xF8, 0x7F, 0xE3, 0xCF, 0x1F, 0xF8, 0xFF, 0xC7, 0xF8,
    0xF0, 0x1F, 0xE0, 0x3F, 0xC0, 0x7F, 0x80, 0xFF, 0xF9, 0xFF, 0xFB, 0xFF, 0xF7, 0xF9, 0xEF, 0xFF,
    0xDF, 0xFF, 0xBF, 0xFE, 0x78, 0xF0, 0x1E, 0x03, 0xC0, 0x78, 0x0F, 0xF9, 0xFF, 0xBF, 0xF7, 0x9E,
    0xFF, 0xDF, 0xFB, 0xFE, 0x00, 0x7F, 0x0F, 0xF1, 0xFF, 0x31, 0xE3, 0xFC, 0x7F, 0xC0, 0xF3, 0x3E,
    0x7F, 0xDF, 0xF3, 0xFC, 0x00, 0xF0, 0xFC, 0x78, 0xFF, 0x3C, 0xFF, 0xDE, 0x7D, 0xEF, 0xFC, 0x7F,
    0xFC, 0x3F, 0xFF, 0x1F, 0xE7, 0x9E, 0xF3, 0xFF, 0x78, 0xFF, 0x3C, 0x3F, 0x00, 0x1F, 0xE7, 0xFD,
    0xFF, 0xBC, 0xF7, 0x9E, 0xFF, 0xDF, 0xF9, 0xFF, 0x3D, 0xEF, 0x3D, 0xE7, 0x80, 0x0C, 0x00, 0xE0,
    0x0F, 0x00, 0x78, 0x03, 0x00, 0x00, 0x1F, 0x83, 0xFE, 0x7F, 0xE7, 0x9F, 0x7F, 0xF7, 0xFF, 0x78,
    0x07, 0xC6, 0x7F, 0xE3, 0xFE, 0x1F, 0xE0, 0x3D, 0xC3, 0xDE, 0x3D, 0xC0, 0x00, 0x00, 0x01, 0xF8,
    0x3F, 0xE7, 0xFE, 0x79, 0xF7, 0xFF, 0x7F, 0xF7, 0x80, 0x7C, 0x67, 0xFE, 0x3F, 0xE1, 0xFE, 0x78,
    0x07, 0x80, 0xFF, 0x0F, 0xF0, 0x78, 0x07, 0xFC, 0x7F, 0xE7, 0xFE, 0x79, 0xE7, 0x8F, 0x78, 0xF7,
    0x8F, 0x78, 0xF7, 0x8F, 0x78, 0xF7, 0x8F, 0x01, 0xF0, 0x7E, 0x07, 0xE0, 0x7C, 0x0C, 0x07, 0x07,
    0x87, 0x83, 0x80, 0x03, 0xFF, 0xFF, 0xFF, 0xF8, 0x3C, 0x1E, 0x0F, 0x07, 0x83, 0xC1, 0xE0, 0xF0,
    0x00, 0x1F, 0xC7, 0xF9, 0xFF, 0x3C, 0x6F, 0xF1, 0xFE, 0x3C, 0x03, 0xE6, 0x7F, 0xC7, 0xFC, 0x7F,
    0x00, 0x3F, 0x9F, 0xE7, 0xF9, 0xE6, 0x7F, 0x9F, 0xE3, 0xFD, 0x8F, 0x7F, 0xDF, 0xE7, 0xF0, 0xFF,
    0xFF, 0x0F, 0xFF, 0xFF, 0xFF, 0xFF, 0xFF, 0x73, 0xBF, 0xDC, 0xE0, 0x00, 0x00, 0xF0, 0x78, 0x3C,
    0x1E, 0x0F, 0x07, 0x83, 0xC1, 0xE0, 0xF0, 0x78, 0x3C, 0x1E, 0x3C, 0x78, 0xF0, 0x03, 0xC7, 0x8F,
    0x1E, 0x3C, 0x78, 0xF1, 0xE3, 0xC7, 0x8F, 0x1F, 0xFF, 0xF7, 0xC0, 0x1F, 0xF0, 0x03, 0xFE, 0x00,
    0x7F, 0xC0, 0x0F, 0x78, 0x01, 0xEF, 0xF8, 0x3D, 0xFF, 0x8F, 0x3F, 0xF3, 0xE7, 0x9F, 0xFC, 0xFF,
    0xDF, 0x1F, 0xFB, 0xC3, 0xFE, 0x00, 0xF3, 0xC0, 0x79, 0xE0, 0x3C, 0xF0, 0x1E, 0x78, 0x0F, 0xFF,
    0xE7, 0xFF, 0xFB, 0xFF, 0xFF, 0xE7, 0x9F, 0xF3, 0xFF, 0xF9, 0xFF, 0xBC, 0x7F, 0x80, 0x78, 0x07,
    0x80, 0xFF, 0x0F, 0xF0, 0x78, 0x07, 0xFC, 0x7F, 0xE7, 0xFE, 0x79, 0xE7, 0x8F, 0x78, 0xF7, 0x8F,
    0x78, 0xF7, 0x8F, 0x78, 0xF7, 0x8F, 0x02, 0x00, 0x70, 0x0F, 0x01, 0xE0, 0x0C, 0x00, 0x00, 0xF3,
    0xEF, 0x7C, 0xFF, 0x8F, 0xF0, 0xFE, 0x0F, 0xE0, 0xFF, 0x0F, 0xF8, 0xF7, 0xCF, 0x3C, 0xF1, 0xE0,
    0x18, 0x07, 0x80, 0xF0, 0x0F, 0x00, 0xE0, 0x00, 0x3C, 0x7F, 0x9F, 0xF7, 0xFE, 0xFF, 0xFF, 0xFF,
    0xFF, 0xFF, 0xFB, 0xFE, 0x7F, 0xCF, 0xF1, 0xE0, 0x19, 0x83, 0xBC, 0x3F, 0x81, 0xF0, 0x00, 0x00,
    0x00, 0xF0, 0xFF, 0x1E, 0x79, 0xE7, 0x9E, 0x7B, 0xC3, 0xFC, 0x3F, 0x81, 0xF8, 0x1F, 0x81, 0xF0,
    0x0F, 0x01, 0xE0, 0xFE, 0x0F, 0xC0, 0xF8, 0x00, 0xF3, 0xFC, 0xFF, 0x3F, 0xCF, 0xF3, 0xFC, 0xFF,
    0x3F, 0xCF, 0xFF, 0xFF, 0xFF, 0xFC, 0x78, 0x1E, 0x07, 0x80, 0xF0, 0xF0, 0xFF, 0x0F, 0x0F, 0xF0,
    0xF0, 0xFF, 0x0F, 0x0F, 0xF8, 0xF0, 0xF7, 0x8F, 0x1E, 0x79, 0xF9, 0xE7, 0x9F, 0x9E, 0x7D, 0xF9,
    0xE3, 0xDF, 0x9C, 0x3F, 0xFF, 0xC1, 0xFB, 0xFC, 0x1F, 0x9F, 0x80, 0xF9, 0xF8, 0x0F, 0x0F, 0x00,
    0xF1, 0xE3, 0xFC, 0x78, 0xFF, 0x1E, 0x3F, 0xC7, 0x8F, 0x70, 0xE3, 0x9E, 0x7D, 0xE7, 0x9F, 0x79,
    0xEF, 0xDE, 0x3F, 0xFF, 0x0F, 0xFF, 0xC1, 0xF3, 0xE0, 0x7C, 0xF8, 0x1E, 0x00, 0x3C, 0x03, 0xFF,
    0x87, 0xFF, 0x0F, 0xFE, 0x03, 0xC0, 0x07, 0xFC, 0x0F, 0xFE, 0x1F, 0xFE, 0x3C, 0xFC, 0x78, 0x78,
    0xF0, 0xF1, 0xE7, 0xE3, 0xFF, 0x87, 0xFF, 0x0F, 0xF8, 0x1C, 0x01, 0xE0, 0x0F, 0x00, 0x78, 0x03,
    0xC0, 0x7F, 0xE3, 0xFF, 0x1F, 0xF8, 0x3C, 0x01, 0xE0, 0x0F, 0xF8, 0x7F, 0xE3, 0xCF, 0x9F, 0xFC,
    0xFF, 0xC3, 0xFC, 0x00, 0x00, 0x0E, 0x0F, 0xFB, 0xC3, 0xFF, 0x78, 0xFF, 0xEF, 0x1E, 0x09, 0xE7,
    0x80, 0x3C, 0xF0, 0x07, 0xFF, 0xF8, 0xFF, 0xFF, 0x1F, 0xFF, 0xE3, 0xCF, 0x00, 0x79, 0xE0, 0x0F,
    0x3E, 0x01, 0xE3, 0xFF, 0xBC, 0x3F, 0xF7, 0x83, 0xFE, 0x00, 0x0E, 0x00, 0xF0, 0x7C, 0xF1, 0xFE,
    0xF3, 0xFE, 0xF3, 0xC4, 0xF3, 0xC0, 0xFF, 0xFC, 0xFF, 0xFC, 0xFF, 0xFC, 0xF3, 0xC0, 0xF3, 0xFE,
    0xF1, 0xFE, 0xF0, 0xFE, 0x00, 0x38, 0x07, 0xC0, 0x07, 0xC0, 0x0F, 0xE0, 0x0E, 0xE0, 0x0E, 0xF0,
    0x1E, 0x70, 0x1F, 0xF0, 0x3F, 0xF8, 0x3F, 0xF8, 0x3B, 0xB8, 0x7B, 0xBC, 0x7B, 0x9C, 0x73, 0x9E,
    0xF3, 0x9E, 0xF3, 0x8E, 0x07, 0x80, 0x3E, 0x00, 0xFC, 0x07, 0xF0, 0x1D, 0xE0, 0xFF, 0x83, 0xFE,
    0x0F, 0xFC, 0x7F, 0x71, 0xDD, 0xEF, 0x77, 0xBD, 0xCF, 0x70, 0x3E, 0x0F, 0x07, 0xE0, 0xF0, 0x7F,
    0x0F, 0x07, 0xF0, 0xF0, 0xF7, 0x0F, 0x0E, 0x78, 0xFF, 0xFF, 0x8F, 0xFF, 0xF8, 0xFF, 0xFF, 0xCF,
    0x3D, 0xDC, 0xF3, 0xDD, 0xEF, 0x39, 0xDE, 0xF7, 0x9C, 0xEF, 0x79, 0xCF, 0xF7, 0x1C, 0xF0, 0xE0,
    0x78, 0x3C, 0x3F, 0x0F, 0x0F, 0xC3, 0xC3, 0xF8, 0xF1, 0xEE, 0x3F, 0xFF, 0x8F, 0xFF, 0xF3, 0xFF,
    0xFC, 0xF3, 0xFF, 0xBD, 0xFE, 0xEF, 0x77, 0xBF, 0xFD, 0xEF, 0x7F, 0xFE, 0x3F, 0xFF, 0x0F, 0xFF,
    0x83, 0xC7, 0x80, 0xF7, 0x80, 0x3F, 0x80, 0x3F, 0xC0, 0x3F, 0xF8, 0x3F, 0xFC, 0x1F, 0xEF, 0x0E,
    0xF7, 0x8F, 0x79, 0xE7, 0xBC, 0xF3, 0x9E, 0x7B, 0xCF, 0x1E, 0x7F, 0xF3, 0xFF, 0x9F, 0xFC, 0x7B,
    0xC1, 0xFC, 0x0F, 0xE0, 0xFF, 0x8F, 0xFE, 0x77, 0x73, 0xBB, 0xBD, 0xDF, 0xCE, 0x70, 0x73, 0xFF,
    0xF7, 0x9F, 0xFF, 0xBC, 0x7F, 0xF9, 0xE3, 0xC7, 0x8F, 0x0F, 0x3C, 0x78, 0x3F, 0xC3, 0xFF, 0xFE,
    0x1F, 0xFF, 0xF8, 0xFF, 0xFF, 0xE7, 0x8F, 0xFF, 0x3C, 0xF7, 0xBD, 0xE7, 0xBD, 0xEF, 0x79, 0xE7,
    0x7B, 0xCF, 0x3F, 0xDE, 0x79, 0xE0, 0xE7, 0xFF, 0xBD, 0xFF, 0xEF, 0x3F, 0xF3, 0xCF, 0x38, 0xF1,
    0xFE, 0x3F, 0xFF, 0x0F, 0xFF, 0xE3, 0xFF, 0xFC, 0xF7, 0xFF, 0x3D, 0xDF, 0xEF, 0x77, 0xBB, 0xFD,
    0xEE, 0x00, 0x01, 0xC7, 0x07, 0x78, 0x1F, 0x03, 0xFC, 0x7F, 0xF1, 0xFF, 0xCC, 0x1E, 0x00, 0xF0,
    0x0F, 0x87, 0xF8, 0x3F, 0xC1, 0xFF, 0x00, 0x78, 0x01, 0xE0, 0x1F, 0x0F, 0xF3, 0xFF, 0xBF, 0xF1,
    0xFC, 0x0F, 0x00, 0x7F, 0xF1, 0xFF, 0x83, 0xFC, 0x00, 0x0E, 0x3C, 0xFF, 0x9F, 0xC7, 0xFC, 0xFF,
    0xC8, 0x78, 0x1F, 0x1F, 0xC3, 0xF8, 0x3F, 0x80, 0xF0, 0xFE, 0xFF, 0xFF, 0xF7, 0xF0, 0xF0, 0x1F,
    0xF9, 0xFF, 0x1F, 0xE0, 0xF3, 0xCF, 0xF3, 0xCF, 0xF3, 0xCF, 0xF3, 0xCF, 0xF3, 0xCF, 0xF3, 0xCF,
    0xF3, 0xCF, 0x7B, 0xCF, 0x7F, 0xFE, 0x3F, 0xFE, 0x1F, 0xF8, 0x03, 0xE0, 0x03, 0xC0, 0x03, 0xC0,
    0x03, 0xC0, 0x03, 0x80, 0x03, 0xC0, 0x03, 0xC0, 0x03, 0xC0, 0xF3, 0xDC, 0xF3, 0xDE, 0xF3, 0xDE,
    0xF3, 0xDE, 0xF3, 0xCE, 0xF3, 0xCE, 0xF3, 0xCE, 0xF3, 0xDE, 0xF3, 0xDE, 0x7F, 0xFE, 0x7F, 0xFC,
    0x3F, 0xF8, 0x03, 0xC0, 0x03, 0xC0, 0x03, 0xC0, 0x03, 0xC0, 0x03, 0xC0, 0x0F, 0xE0, 0x7F, 0xE1,
    0xFF, 0xE3, 0xE7, 0xEF, 0x03, 0xDF, 0xF7, 0xFF, 0xFF, 0xFF, 0xFF, 0xFB, 0xFF, 0xE0, 0x7F, 0xE0,
    0xF3, 0xF7, 0xE7, 0xFF, 0x87, 0xFF, 0x03, 0xF8, 0x00, 0x1F, 0xC3, 0xFE, 0x7F, 0xE7, 0xDF, 0x7E,
    0xF7, 0xFF, 0x7F, 0xF7, 0xDF, 0x7F, 0xE3, 0xFE, 0x1F, 0xC0, 0xF0, 0x0F, 0xBE, 0x07, 0xE7, 0x83,
    0xF9, 0xE0, 0xF4, 0x7C, 0x3C, 0x0F, 0x1E, 0x03, 0xC7, 0x80, 0x7B, 0xC0, 0x1E, 0xF0, 0x07, 0xFC,
    0x00, 0xFE, 0x00, 0x3F, 0x80, 0x0F, 0xC0, 0x01, 0xF0, 0x00, 0x7C, 0x00, 0xF0, 0xFF, 0x8F, 0xDE,
    0x7E, 0xF3, 0x87, 0xBC, 0x1D, 0xE0, 0xFE, 0x03, 0xF0, 0x1F, 0x00, 0xF8, 0x03, 0xC0, 0x7F, 0x80,
    0x77, 0x80, 0x77, 0x00, 0x66, 0x00, 0x00, 0x1E, 0x03, 0xFC, 0x0F, 0xF8, 0x3F, 0x78, 0x78, 0xF0,
    0xF1, 0xE3, 0xC1, 0xE7, 0x83, 0xCE, 0x07, 0xBC, 0x07, 0xF8, 0x0F, 0xE0, 0x1F, 0xC0, 0x1F, 0x80,
    0x3E, 0x00, 0x7C, 0x00, 0xFF, 0x03, 0xFC, 0x0E, 0xE0, 0x33, 0x0E, 0x07, 0xF8, 0x7F, 0xC3, 0xEF,
    0x3E, 0x79, 0xE3, 0xCE, 0x0F, 0xF0, 0x7F, 0x81, 0xF8, 0x0F, 0xC0, 0x7C, 0x01, 0xE0, 0x00, 0x00,
    0x00, 0x03, 0xFC, 0x00, 0x00, 0xFF, 0xC0, 0x00, 0x3F, 0xFC, 0x00, 0x07, 0x87, 0x9C, 0x1F, 0xE0,
    0xFB, 0xC7, 0xFC, 0x0F, 0x78, 0xF7, 0x81, 0xEF, 0x1E, 0xF0, 0x3C, 0xF7, 0x9E, 0x07, 0x9E, 0xF3,
    0xC0, 0xF1, 0xDE, 0x78, 0x1E, 0x3F, 0x8F, 0x87, 0x87, 0xF0, 0xFF, 0xF0, 0x7E, 0x0F, 0xFC, 0x0F,
    0x80, 0xFF, 0x00, 0xF0, 0x03, 0x00, 0x1C, 0x00, 0x00, 0x07, 0x80, 0x00, 0x07, 0xF0, 0x00, 0x00,
    0xFC, 0x00, 0x00, 0x1F, 0x00, 0x0F, 0x8F, 0x07, 0x9F, 0xF3, 0xC3, 0xCF, 0xF9, 0xE3, 0xCF, 0x1E,
    0xF1, 0xE7, 0x8F, 0x3C, 0xE3, 0xC7, 0x9E, 0xF1, 0xE3, 0xC7, 0x78, 0xF1, 0xE3, 0xF8, 0x78, 0xF1,
    0xFC, 0x3F, 0xF8, 0x7E, 0x0F, 0xF8, 0x3E, 0x03, 0xF8, 0x0F, 0x00, 0x20, 0x0F, 0x00, 0x00, 0x07,
    0x80, 0x00, 0x1F, 0xC0, 0x00, 0x0F, 0xC0, 0x00, 0x07, 0xC0, 0x00, 0x00, 0x00, 0x03, 0x80, 0x1F,
    0xF0, 0x3F, 0xF8, 0x7F, 0xFC, 0x7B, 0xBE, 0xF8, 0x1E, 0xF0, 0x1E, 0xF0, 0x1E, 0xF0, 0x1F, 0xF0,
    0x1E, 0xF0, 0x1E, 0xF0, 0x1E, 0x7B, 0xBE, 0x7F, 0xFC, 0x3F, 0xF8, 0x1F, 0xF0, 0x03, 0x80, 0x01,
    0x00, 0x03, 0x00, 0x1F, 0x01, 0xFF, 0x0F, 0xFC, 0x7F, 0xF9, 0xE1, 0xE7, 0x83, 0xDE, 0x0F, 0x78,
    0x3D, 0xED, 0xE7, 0xFF, 0x8F, 0xFC, 0x1F, 0xE0, 0x0E, 0x00, 0x00, 0x00, 0x00, 0xC0, 0x00, 0x0F,
    0xC0, 0x00, 0xFF, 0x80, 0x07, 0xFC, 0x00, 0x0F, 0x00, 0x00, 0x38, 0x00, 0x01, 0xC0, 0x00, 0x1C,
    0x00, 0x1F, 0x8F, 0xC1, 0xFC, 0xFF, 0x1F, 0xE3, 0xFD, 0xF0, 0x01, 0xEF, 0x00, 0x07, 0xF8, 0x00,
    0x3F, 0xC0, 0x01, 0xFE, 0x0E, 0x0F, 0xF0, 0xF0, 0x7F, 0x87, 0x83, 0xFC, 0x3C, 0x3C, 0xF1, 0xE1,
    0xE7, 0xFF, 0xFF, 0x1F, 0xFF, 0xF0, 0x7F, 0x7F, 0x00, 0xE0, 0xC0, 0x00, 0x00, 0x01, 0xF8, 0x00,
    0xFF, 0x80, 0x3B, 0xE0, 0x07, 0xC0, 0x00, 0x70, 0x00, 0x1C, 0x00, 0x0E, 0x00, 0x1E, 0x3E, 0x1F,
    0xCF, 0xC7, 0xE3, 0xFB, 0xC8, 0x1F, 0xF0, 0x03, 0xFC, 0x00, 0xFF, 0x1E, 0x3F, 0xC7, 0x8F, 0xF1,
    0xE3, 0xFF, 0xFF, 0xE7, 0xFF, 0xF8, 0xFD, 0xFC, 0x0C, 0x08, 0x00, 0x07, 0xFC, 0x00, 0x7F, 0xC0,
    0x03, 0x6C, 0x00, 0x00, 0x00, 0xF0, 0xF0, 0xFF, 0x0F, 0x0F, 0xF0, 0xF0, 0xFF, 0x0F, 0x0F, 0xF8,
    0xF0, 0xF7, 0x8F, 0x1E, 0x79, 0xF9, 0xE7, 0x9F, 0x9E, 0x7D, 0xF9, 0xE3, 0xDF, 0x9C, 0x3F, 0xFF,
    0xC1, 0xFB, 0xFC, 0x1F, 0x9F, 0x80, 0xF9, 0xF8, 0x0F, 0x0F, 0x00, 0x07, 0xF8, 0x03, 0xFE, 0x00,
    0x7F, 0x80, 0x12, 0x60, 0xF1, 0xE3, 0xFC, 0x78, 0xFF, 0x1E, 0x3F, 0xC7, 0x8F, 0x70, 0xE3, 0x9E,
    0x7D, 0xE7, 0x9F, 0x79, 0xEF, 0xDE, 0x3F, 0xFF, 0x0F, 0xFF, 0xC1, 0xF3, 0xE0, 0x7C, 0xF8, 0x00,
    0x00, 0x7F, 0x8F, 0xFE, 0xFF, 0xE7, 0xC3, 0x7C, 0x03, 0xC0, 0x1E, 0x00, 0xF0, 0x07, 0x80, 0x3C,
    0x01, 0xE0, 0x07, 0x80, 0x3F, 0xF0, 0xFF, 0x83, 0xFC, 0x03, 0xE0, 0x0F, 0x00, 0x78, 0x03, 0xC0,
    0x1E, 0x00, 0x0F, 0x87, 0xF9, 0xFF, 0x3E, 0x67, 0x80, 0xF0, 0x1C, 0x03, 0xC0, 0x78, 0x0F, 0xF8,
    0xFF, 0x0F, 0xE0, 0x3C, 0x07, 0x80, 0xF0, 0x1E, 0x03, 0xC0, 0x00, 0x00, 0x18, 0x46, 0x0F, 0xC0,
    0xF0, 0x0F, 0x81, 0xFE, 0x72, 0xFC, 0x0F, 0x80, 0xF8, 0x1B, 0x87, 0x30, 0xC0, 0x00, 0x00, 0x00,
    0x3F, 0xBF, 0xFF, 0xE4, 0x00, 0x1F, 0x7F, 0xFF, 0xFC, 0x70, 0x73, 0x9C, 0xE3, 0x00, 0x73, 0x9C,
    0xE6, 0x00, 0x00, 0x1F, 0x87, 0xF9, 0xFE, 0x60, 0x80, 0x00, 0x18, 0x00, 0x00, 0x7C, 0x00, 0x00,
    0x66, 0x00, 0x00, 0x00, 0x00, 0x1E, 0x00, 0x78, 0x3F, 0x00, 0xFC, 0x33, 0x00, 0xCC, 0x00, 0x00,
    0x00, 0x00, 0x00, 0x00, 0x00, 0x00, 0x00, 0x78, 0x00, 0x1E, 0xF8, 0x00, 0x1F, 0x8C, 0x00, 0x31,
    0x00, 0x00, 0x00, 0x00, 0x00, 0x00, 0x00, 0x00, 0x00, 0x1E, 0x00, 0x78, 0x3F, 0x00, 0xFC, 0x33,
    0x00, 0xCC, 0x00, 0x18, 0x00, 0x00, 0x7C, 0x00, 0x00, 0x66, 0x00, 0x00, 0x00, 0x00, 0x00, 0x00,
    0x00, 0x00, 0x0C, 0x00, 0x00, 0x18, 0x00, 0x00, 0x18, 0x00, 0x0C, 0x38, 0x00, 0x0C, 0x10, 0x78,
    0x0E, 0x00, 0xF0, 0x06, 0x00, 0x60, 0x00, 0x00, 0x00, 0x00, 0x00, 0x00, 0x00, 0x00, 0x00, 0xF8,
    0x00, 0x1C, 0xF8, 0x00, 0x1F, 0x18, 0x00, 0x07, 0x00, 0x00, 0x00, 0x00, 0x00, 0x00, 0x00, 0x00,
    0x00, 0x02, 0x00, 0x60, 0x0F, 0x00, 0x60, 0x1E, 0x1C, 0x70, 0x18, 0x1C, 0x30, 0x00, 0x18, 0x10,
    0x00, 0x18, 0x00, 0x00, 0x30, 0x00, 0x1E, 0xE0, 0x0F, 0xE0, 0x0F, 0xC0, 0x00, 0x00, 0xF0, 0x3C,
    0xF0, 0x7C, 0xF0, 0xFC, 0xF1, 0xFC, 0xF1, 0xFC, 0xF3, 0xFC, 0xF7, 0xBC, 0xF7, 0xBC, 0xFF, 0x3C,
    0xFE, 0x3C, 0xFE, 0x3C, 0xFC, 0x3C, 0xF8, 0x3F, 0xF8, 0x3F, 0xF0, 0x3F, 0x00, 0x1E, 0x00, 0x1E,
    0x00, 0x3C, 0x00, 0x1C, 0x7B, 0x83, 0xFC, 0x0F, 0xC0, 0x00, 0x00, 0x00, 0x78, 0xE3, 0xCF, 0x1E,
    0xF8, 0xFF, 0xC7, 0xFE, 0x3F, 0xF1, 0xFB, 0x8F, 0x9C, 0x7C, 0xFB, 0xC7, 0xDE, 0x3E, 0x00, 0xF0,
    0x0F, 0x00, 0x30, 0x38, 0x01, 0xC0, 0x3F, 0xC1, 0xFE, 0x03, 0x80, 0x1F, 0xF0, 0xFF, 0xC7, 0xFF,
    0x38, 0xF9, 0xC3, 0xCE, 0x1E, 0x71, 0xF3, 0xFF, 0x9F, 0xF8, 0xFF, 0x80, 0x78, 0x0F, 0xF0, 0xFF,
    0x07, 0x80, 0x7F, 0xC7, 0xFE, 0x79, 0xE7, 0x9F, 0x7F, 0xE7, 0xFE, 0x7F, 0xC0, 0xFF, 0xCF, 0xFE,
    0xFF, 0xFF, 0x1F, 0xF2, 0xFF, 0xFF, 0xF7, 0xFF, 0xFF, 0xFF, 0xEF, 0xFC, 0xF1, 0xEF, 0x0E, 0xF0,
    0x8F, 0x00, 0xF0, 0x00, 0xFF, 0x9F, 0xFB, 0xFF, 0xF9, 0xFF, 0x1F, 0xE3, 0xFF, 0xFF, 0xFF, 0xFF,
    0xFF, 0xFB, 0xFF, 0x78, 0xEF, 0x1D, 0xE1, 0x3C, 0x00, 0x01, 0xE0, 0x3C, 0x07, 0xFF, 0xFF, 0xFF,
    0xFF, 0xFC, 0x07, 0x80, 0xF0, 0x1E, 0x03, 0xC0, 0x78, 0x0F, 0x01, 0xE0, 0x3C, 0x07, 0x80, 0xF0,
    0x1E, 0x00, 0x07, 0x83, 0xC1, 0xFF, 0xFF, 0xFF, 0xFF, 0xC1, 0xE0, 0xF0, 0x78, 0x3C, 0x1E, 0x0F,
    0x07, 0x80, 0x3F, 0xF3, 0xFF, 0x3F, 0xF3, 0xC0, 0x3C, 0x03, 0xC0, 0xFF, 0x8F, 0xF8, 0xFF, 0x83,
    0xC0, 0x3C, 0x03, 0xC0, 0x3C, 0x03, 0xC0, 0x3C, 0x00, 0x7F, 0xDF, 0xF7, 0xFD, 0xE0, 0x78, 0x3F,
    0xCF, 0xF1, 0xE0, 0x78, 0x1E, 0x07, 0x80, 0xFF, 0xE7, 0xFF, 0x3F, 0xF9, 0xE0, 0x0F, 0x00, 0x78,
    0x03, 0xFF, 0x1F, 0xFC, 0xFF, 0xF7, 0x8F, 0xBC, 0x3D, 0xE0, 0xFF, 0x07, 0xF8, 0x3F, 0xC3, 0xC0,
    0x3E, 0x07, 0xF0, 0x3F, 0x01, 0xF0, 0xFF, 0x9F, 0xF3, 0xFE, 0x78, 0x0F, 0x01, 0xFE, 0x3F, 0xE7,
    0xFE, 0xF3, 0xDE, 0x3F, 0xC7, 0x81, 0xE0, 0xFC, 0x1F, 0x83, 0xE0, 0xF8, 0xF0, 0xF1, 0xF3, 0xC7,
    0xC3, 0xCF, 0x3E, 0x0F, 0xBD, 0xF0, 0x1F, 0xF7, 0xC0, 0x3F, 0xFE, 0x00, 0x7F, 0xF0, 0x01, 0xFF,
    0x80, 0x0F, 0xFF, 0x00, 0x3F, 0xFE, 0x01, 0xFF, 0x7C, 0x0F, 0xBD, 0xF8, 0x7C, 0xF3, 0xF9, 0xE3,
    0xC7, 0xEF, 0x8F, 0x0F, 0x80, 0x00, 0x0E, 0x00, 0x00, 0x38, 0x00, 0x00, 0xE0, 0x00, 0x03, 0x80,
    0xF9, 0xE7, 0x9F, 0x7B, 0xE3, 0xDF, 0xF0, 0x7F, 0xF8, 0x1F, 0xFC, 0x03, 0xFF, 0x01, 0xFF, 0xE0,
    0xFF, 0xFC, 0x3D, 0xFF, 0xDE, 0x7B, 0xFF, 0x9E, 0x7C, 0x00, 0x07, 0x00, 0x01, 0xC0, 0x00, 0x70,
    0x3F, 0x87, 0xFE, 0x7F, 0xE3, 0x1F, 0x01, 0xF0, 0x3E, 0x1F, 0xE1, 0xFE, 0x1F, 0xF0, 0x1F, 0x00,
    0xF7, 0x1F, 0x7F, 0xFF, 0xFE, 0x7F, 0xC0, 0x60, 0x0F, 0x00, 0x70, 0x1F, 0x01, 0xF0, 0x7F, 0x1F,
    0xE7, 0xFD, 0x9F, 0x3F, 0x8F, 0xE0, 0x3D, 0x8F, 0x7F, 0xFF, 0xEF, 0xF8, 0x30, 0x0E, 0x03, 0x83,
    0xE0, 0xF8, 0xF0, 0xF9, 0xE3, 0xE3, 0xCF, 0x87, 0xBE, 0x0F, 0xF8, 0x1F, 0xE0, 0x3F, 0x80, 0x7F,
    0x80, 0xFF, 0x81, 0xFF, 0x83, 0xDF, 0x87, 0x9F, 0x0F, 0x1F, 0xDE, 0x1F, 0xBC, 0x1F, 0x00, 0x0E,
    0x00, 0x1C, 0x00, 0x38, 0x00, 0x70, 0xF3, 0xEF, 0x3C, 0xF7, 0x8F, 0xF0, 0xFE, 0x0F, 0xE0, 0xFF,
    0x0F, 0xF8, 0xF7, 0xFF, 0x3F, 0xF1, 0xF0, 0x0F, 0x00, 0xF0, 0x0F, 0xF0, 0x3E, 0xF0, 0x3C, 0xF6,
    0x7C, 0xF6, 0xF8, 0xF7, 0xF0, 0xFF, 0xE0, 0xFF, 0xE0, 0xFF, 0xE0, 0xF7, 0xF0, 0xF6, 0xF8, 0xF6,
    0xF8, 0xF0, 0x7C, 0xF0, 0x3C, 0xF0, 0x3E, 0xF0, 0x1E, 0xF0, 0xFB, 0xF3, 0xCF, 0xDE, 0x3F, 0xF0,
    0xFF, 0x83, 0xFF, 0x0F, 0xFE, 0x3F, 0x78, 0xF1, 0xF3, 0xC3, 0xEF, 0x07, 0x80, 0x3C, 0x00, 0x78,
    0x7F, 0xF9, 0xF7, 0xF7, 0xC3, 0xDF, 0x07, 0xFC, 0x0F, 0xF0, 0x1F, 0xC0, 0x3F, 0x80, 0x7F, 0x00,
    0xFF, 0x81, 0xEF, 0x03, 0xCF, 0x07, 0x9F, 0x0F, 0x1F, 0x1E, 0x1E, 0x78, 0x07, 0xF7, 0xFF, 0xFD,
    0xFF, 0xC7, 0xFC, 0x3F, 0xC1, 0xFC, 0x0F, 0xF0, 0x7F, 0xC3, 0xDF, 0x1E, 0x7C, 0xF1, 0xE0, 0xFF,
    0x1F, 0x7F, 0x9F, 0x3F, 0xCF, 0x01, 0xEF, 0x00, 0xFF, 0x80, 0x7F, 0x80, 0x3F, 0x80, 0x1F, 0xE0,
    0x0F, 0xF0, 0x07, 0xBC, 0x03, 0xDF, 0x01, 0xE7, 0xC0, 0xF1, 0xE0, 0x78, 0xF8, 0x3C, 0x3E, 0xFE,
    0x7B, 0xFB, 0xCF, 0xFE, 0x07, 0xF0, 0x1F, 0xC0, 0x7F, 0x01, 0xFE, 0x07, 0xFC, 0x1E, 0xF8, 0x79,
    0xE1, 0xE7, 0xC0, 0xF0, 0x78, 0xF0, 0x78, 0xF0, 0x78, 0xF0, 0x78, 0xF0, 0x78, 0xF0, 0x78, 0xFF,
    0xF8, 0xFF, 0xF8, 0xFF, 0xF8, 0xF0, 0x78, 0xF0, 0x78, 0xF0, 0x78, 0xF0, 0x7F, 0xF0, 0x7F, 0xF0,
    0x7F, 0x00, 0x0F, 0x00, 0x0F, 0x00, 0x0F, 0x00, 0x0F, 0xF3, 0xCF, 0x3C, 0xF3, 0xCF, 0x3C, 0xFF,
    0xCF, 0xFC, 0xFF, 0xCF, 0x3C, 0xF3, 0xFF, 0x3F, 0xF3, 0xF0, 0x07, 0x00, 0x70, 0x07, 0xF0, 0x7F,
    0xF8, 0x3F, 0xFC, 0x1F, 0xFE, 0x0F, 0x0F, 0x07, 0x87, 0x83, 0xC3, 0xFF, 0xE1, 0xFF, 0xF0, 0xFF,
    0xF8, 0x78, 0x3C, 0x3C, 0x1E, 0x1E, 0x0F, 0x0F, 0x07, 0x87, 0x83, 0xC3, 0xC1, 0xE0, 0xF3, 0xFF,
    0x9F, 0xFC, 0xFF, 0xE7, 0x8F, 0xFC, 0x7F, 0xE3, 0xFF, 0x1E, 0x78, 0xF3, 0xC7, 0x9E, 0x3C, 0xF0,
    0xFF, 0xF8, 0x03, 0xFF, 0xE0, 0x0F, 0xFF, 0x80, 0x3C, 0x1E, 0x00, 0xF0, 0x78, 0x03, 0xC1, 0xE0,
    0x0F, 0x07, 0xFE, 0x3C, 0x1F, 0xFC, 0xF0, 0x7F, 0xFB, 0xC1, 0xE3, 0xEF, 0x07, 0x87, 0xBC, 0x1E,
    0x0F, 0xF0, 0x78, 0x3F, 0xC1, 0xE0, 0xFF, 0x07, 0x87, 0x80, 0x00, 0x3E, 0x00, 0x03, 0xF8, 0x00,
    0x0F, 0xC0, 0x00, 0x3E, 0x00, 0xFF, 0xC0, 0x7F, 0xE0, 0x3F, 0xF0, 0x1E, 0x78, 0x0F, 0x3F, 0xE7,
    0x9F, 0xFB, 0xCF, 0xFD, 0xE7, 0x9F, 0xF3, 0xC7, 0xF9, 0xE3, 0xFC, 0xF1, 0xE0, 0x01, 0xF0, 0x03,
    0xF0, 0x01, 0xF8, 0x00, 0xF8, 0x0F, 0xE0, 0x3F, 0xE0, 0x7F, 0xE0, 0x7E, 0x60, 0xF8, 0x00, 0xF1,
    0xFC, 0xF3, 0xFE, 0xF3, 0xFE, 0xF7, 0xDE, 0xF7, 0x8E, 0xF7, 0x9E, 0xFF, 0xBE, 0x7F, 0xFE, 0x3F,
    0xFC, 0x1F, 0xF0, 0x01, 0xFC, 0x00, 0xFE, 0x00, 0x7E, 0x00, 0x1E, 0x1F, 0xC1, 0xFE, 0x1F, 0xE0,
    0xFF, 0xE7, 0x3F, 0xBB, 0xDD, 0xDC, 0xEF, 0xEF, 0x7F, 0xF9, 0xFF, 0x87, 0xF8, 0x07, 0xE0, 0x1F,
    0x80, 0x7C, 0x0F, 0xF1, 0xFF, 0x9F, 0xFC, 0xFD, 0xEF, 0x80, 0x78, 0x03, 0xC0, 0x1E, 0x00, 0xF0,
    0x07, 0x80, 0x3E, 0x00, 0xF8, 0xE7, 0xFF, 0x1F, 0xF8, 0x3F, 0xC0, 0xE0, 0x07, 0x80, 0x1C, 0x03,
    0xE0, 0x1F, 0x00, 0x1F, 0xCF, 0xF7, 0xFD, 0xF2, 0x78, 0x1E, 0x07, 0x81, 0xF3, 0x7F, 0xCF, 0xF0,
    0xFC, 0x3C, 0x07, 0x07, 0xC1, 0xF0, 0xFF, 0xFF, 0xFF, 0xFF, 0xFE, 0x1E, 0x00, 0xF0, 0x07, 0x80,
    0x3C, 0x01, 0xE0, 0x0F, 0x00, 0x78, 0x03, 0xC0, 0x1E, 0x00, 0xFE, 0x07, 0xF0, 0x3F, 0x80, 0x3C,
    0x01, 0xE0, 0x0F, 0x00, 0x78, 0xFF, 0xFF, 0xFF, 0xFF, 0x8F, 0x01, 0xE0, 0x3C, 0x07, 0x80, 0xF0,
    0x1F, 0x83, 0xF0, 0x7E, 0x01, 0xC0, 0x38, 0x07, 0x00, 0xF8, 0x3F, 0xE1, 0xE7, 0xC7, 0x8F, 0x3C,
    0x3F, 0xF0, 0x7F, 0x81, 0xFE, 0x03, 0xF0, 0x0F, 0x80, 0x1E, 0x00, 0x78, 0x01, 0xE0, 0x07, 0x80,
    0x1E, 0x00, 0x78, 0x00, 0xF1, 0xFF, 0x1E, 0x79, 0xE7, 0x9E, 0x7B, 0xC3, 0xFC, 0x3F, 0x81, 0xF8,
    0x1F, 0x80, 0xF0, 0x0F, 0x00, 0xF0, 0x0F, 0x00, 0xF0, 0x0F, 0x00, 0xF8, 0x3F, 0xE1, 0xE7, 0x87,
    0x8F, 0x3C, 0x3F, 0xF0, 0x7F, 0x81, 0xFE, 0x03, 0xF0, 0x0F, 0xC0, 0xFF, 0xC3, 0xFF, 0x01, 0xE0,
    0x07, 0x80, 0x1E, 0x00, 0x78, 0x00, 0xF1, 0xFF, 0x1E, 0x79, 0xE7, 0x9E, 0x7B, 0xC3, 0xFC, 0x3F,
    0x81, 0xF8, 0x1F, 0x87, 0xFC, 0x7F, 0xC0, 0xF0, 0x0F, 0x00, 0xF0, 0x0F, 0x00, 0xF8, 0x7C, 0xF8,
    0xF0, 0xF3, 0xE1, 0xFF, 0x81, 0xFE, 0x01, 0xFC, 0x03, 0xF0, 0x03, 0xE0, 0x0F, 0xC0, 0x3F, 0xC0,
    0x7F, 0xC1, 0xFF, 0x87, 0xCF, 0xEF, 0x0F, 0xFE, 0x1F, 0x80, 0x0F, 0x00, 0x1E, 0x00, 0x3C, 0x00,
    0x78, 0xF9, 0xE7, 0x9E, 0x3F, 0xC3, 0xF8, 0x1F, 0x80, 0xF0, 0x1F, 0x83, 0xFC, 0x7F, 0xF7, 0x9F,
    0xF1, 0xF0, 0x07, 0x00, 0x70, 0x07, 0xFF, 0xF7, 0x8F, 0xFF, 0x78, 0xFF, 0xF7, 0x80, 0xF0, 0x78,
    0x0F, 0x07, 0x80, 0xF0, 0x78, 0x0F, 0x07, 0x80, 0xF0, 0x78, 0x0F, 0x07, 0x80, 0xF0, 0x78, 0x0F,
    0x07, 0x80, 0xF0, 0x78, 0x0F, 0xFF, 0xE0, 0xFF, 0xFE, 0x0F, 0xFF, 0xE0, 0x00, 0x0E, 0x00, 0x00,
    0xE0, 0x00, 0x0E, 0x00, 0x00, 0xE0, 0xFF, 0x79, 0xFE, 0xF3, 0xFD, 0xE1, 0xE3, 0xC3, 0xC7, 0x87,
    0x8F, 0x0F, 0x1E, 0x1E, 0x3C, 0x3F, 0xFE, 0x7F, 0xFC, 0xFF, 0xF8, 0x00, 0xF0, 0x01, 0xE0, 0x03,
    0xC0, 0xF0, 0xF3, 0xC3, 0xCF, 0x0F, 0x3C, 0x3C, 0xF0, 0xF3, 0xC3, 0xCF, 0x8F, 0x3F, 0xFC, 0x7F,
    0xF0, 0xFF, 0xC0, 0x0F, 0x00, 0x3C, 0x00, 0xFC, 0x03, 0xF0, 0x0F, 0xC0, 0x0F, 0x00, 0x3C, 0x00,
    0xF0, 0x03, 0xC0, 0xF1, 0xE7, 0x8F, 0x3C, 0x79, 0xE3, 0xCF, 0x9E, 0x7F, 0xF1, 0xFF, 0x87, 0xFC,
    0x01, 0xF8, 0x0F, 0xC0, 0x7E, 0x00, 0xF0, 0x07, 0x80, 0x3C, 0xF0, 0xFF, 0x0F, 0xF0, 0xFF, 0x0F,
    0xF0, 0xFF, 0x6F, 0xFE, 0xFF, 0xFF, 0x7F, 0xF3, 0xFF, 0x06, 0xF0, 0x6F, 0x00, 0xF0, 0x0F, 0x00,
    0xF0, 0xF1, 0xFE, 0x3F, 0xC7, 0xFB, 0xFF, 0xFF, 0xFF, 0xDF, 0xF9, 0xFF, 0x07, 0xE0, 0xFC, 0x07,
    0x80, 0xF0, 0x07, 0x80, 0x3C, 0x01, 0xE0, 0x0F, 0x00, 0x7F, 0xF3, 0xFF, 0xDF, 0xFE, 0xF1, 0xFF,
    0x83, 0xFC, 0x1F, 0xE0, 0xFF, 0x07, 0xF8, 0x3F, 0xC1, 0xE0, 0xF0, 0x3C, 0x0F, 0x03, 0xC0, 0xF0,
    0x3F, 0xEF, 0xFF, 0xFF, 0xF3, 0xFC, 0xFF, 0x3F, 0xCF, 0xF3, 0xFC, 0xFF, 0x3F, 0xCF, 0x01, 0xFE,
    0x00, 0xFF, 0xCE, 0x7F, 0xFB, 0xBF, 0x3E, 0xFF, 0x07, 0xFF, 0xFF, 0xF7, 0xFF, 0xFC, 0xFF, 0xFF,
    0x0F, 0x00, 0x03, 0xC0, 0x00, 0xF8, 0x00, 0x1F, 0x9C, 0x07, 0xFF, 0x80, 0xFF, 0xE0, 0x0F, 0xF0,
    0xC3, 0xF3, 0x9F, 0xEE, 0xFF, 0xFF, 0xCF, 0x7F, 0xFC, 0xFF, 0xF1, 0xE0, 0x03, 0xE6, 0x0F, 0xF8,
    0x1F, 0xF0, 0x3F, 0x80, 0x01, 0xFC, 0x00, 0xFF, 0xC0, 0x7F, 0xFB, 0x9F, 0x3E, 0xEF, 0x87, 0xBF,
    0xC0, 0xFF, 0xFF, 0xFD, 0xFF, 0xFF, 0x3F, 0xFF, 0xC3, 0xC0, 0x00, 0xF8, 0x00, 0x1F, 0x1C, 0x07,
    0xFF, 0x80, 0xFF, 0xE0, 0x1F, 0xF0, 0x01, 0xE0, 0x00, 0x78, 0x00, 0x1E, 0x00, 0x07, 0x80, 0x03,
    0xF3, 0x1F, 0xEE, 0xFF, 0xFB, 0xDF, 0xFE, 0x3D, 0xFF, 0xF3, 0xFF, 0xC7, 0xC6, 0x0F, 0xF8, 0x3F,
    0xF0, 0x3F, 0x80, 0x78, 0x01, 0xE0, 0x07, 0x80, 0xFF, 0xFF, 0xFF, 0xFF, 0xFF, 0xFF, 0xFF, 0xF0,
    0x01, 0x98, 0x00, 0x1E, 0xE0, 0x00, 0x7F, 0x00, 0x01, 0xF0, 0x00, 0x00, 0x00, 0x7C, 0x78, 0x79,
    0xF3, 0xC7, 0xC7, 0x9E, 0x7C, 0x3E, 0xF7, 0xC0, 0xFF, 0xBE, 0x03, 0xFF, 0xE0, 0x0F, 0xFE, 0x00,
    0x7F, 0xE0, 0x07, 0xFF, 0x80, 0x3F, 0xFE, 0x03, 0xFE, 0xF8, 0x3E, 0xF3, 0xE3, 0xE7, 0x8F, 0x1E,
    0x3C, 0x7D, 0xF1, 0xE1, 0xF0, 0x03, 0x30, 0x01, 0xDE, 0x00, 0x7F, 0x00, 0x0F, 0x80, 0x00, 0x00,
    0x00, 0x00, 0x0F, 0x9E, 0x79, 0xF7, 0xBE, 0x3D, 0xFF, 0x07, 0xFF, 0x81, 0xFF, 0xC0, 0x3F, 0xF0,
    0x1F, 0xFE, 0x0F, 0xFF, 0x83, 0xDE, 0xF1, 0xE7, 0x9E, 0xF9, 0xE7, 0xC0, 0xF0, 0xFF, 0x8F, 0xBC,
    0xF9, 0xEF, 0x8F, 0x78, 0x7F, 0x83, 0xFF, 0x1F, 0xFC, 0xFF, 0xF7, 0x9F, 0xBC, 0x3F, 0xE0, 0xFF,
    0x07, 0xF8, 0x3F, 0xC3, 0xE0, 0x3E, 0x07, 0xF0, 0x3F, 0x01, 0xF0, 0xF3, 0xFE, 0x7B, 0xDE, 0x7F,
    0x8F, 0xE1, 0xFF, 0x3F, 0xF7, 0xBE, 0xF1, 0xFE, 0x3F, 0xC7, 0x80, 0xF0, 0x3C, 0x1F, 0x83, 0xE0,
    0x0F, 0xFE, 0x03, 0xFF, 0x80, 0xFF, 0xE0, 0x3C, 0x78, 0x0F, 0x1E, 0x03, 0xC7, 0x80, 0xF1, 0xE0,
    0x3C, 0x78, 0x0F, 0x1E, 0x07, 0x87, 0x81, 0xE1, 0xE1, 0xF8, 0x78, 0xFC, 0x1F, 0xBE, 0x07, 0xEF,
    0x01, 0xF8, 0x00, 0x1E, 0x00, 0x0F, 0x00, 0x03, 0xC0, 0x00, 0x60, 0x1F, 0xF0, 0x7F, 0xC1, 0xFF,
    0x07, 0xBC, 0x1E, 0xF0, 0x7B, 0xC3, 0xCF, 0x1F, 0x3C, 0xFC, 0xFF, 0xE3, 0xFF, 0x0F, 0xC0, 0x0E,
    0x00, 0x78, 0x00, 0xC0, 0xF0, 0x7F, 0x83, 0xFC, 0x1F, 0xE0, 0xFF, 0x07, 0xF8, 0x3F, 0xFF, 0xFF,
    0xFF, 0xFF, 0xFF, 0x83, 0xFC, 0x1F, 0xE0, 0xFF, 0x07, 0xF8, 0x3F, 0xC1, 0xE0, 0x0F, 0x01, 0xF8,
    0x0F, 0x80, 0x7C, 0xF1, 0xFE, 0x3F, 0xC7, 0xF8, 0xFF, 0xFF, 0xFF, 0xFF, 0xFF, 0x8F, 0xF1, 0xFE,
    0x3F, 0xC7, 0x01, 0xE0, 0xFC, 0x1F, 0x83, 0xE0, 0xF0, 0x78, 0xF0, 0x78, 0xF0, 0x78, 0xF0, 0x78,
    0xF0, 0x78, 0xF0, 0x78, 0xFF, 0xF8, 0xFF, 0xF8, 0xFF, 0xF8, 0xF0, 0x78, 0xF0, 0x78, 0xF0, 0x78,
    0xF0, 0x7E, 0xF0, 0x7E, 0xF0, 0x7E, 0x00, 0x1E, 0x00, 0x1C, 0x00, 0x3C, 0x00, 0x18, 0xF3, 0xCF,
    0x3C, 0xF3, 0xCF, 0x3C, 0xFF, 0xCF, 0xFC, 0xFF, 0xCF, 0x3C, 0xF3, 0xFF, 0x3F, 0xF3, 0xF0, 0x0E,
    0x01, 0xE0, 0x1C, 0xF0, 0x7F, 0x83, 0xFC, 0x1F, 0xE0, 0xFF, 0x87, 0xBC, 0x3D, 0xF1, 0xEF, 0xFF,
    0x3F, 0xF8, 0xFF, 0xC0, 0x1E, 0x00, 0xF0, 0x3F, 0x81, 0xFC, 0x0F, 0xE0, 0x78, 0x03, 0xC0, 0x1E,
    0x00, 0xF0, 0x71, 0xEE, 0x3D, 0xC7, 0xBC, 0xF7, 0xFE, 0xFF, 0xCF, 0xF8, 0x0F, 0x01, 0xE0, 0xFC,
    0x1F, 0x83, 0x80, 0x70, 0x0E, 0x00, 0x78, 0x0F, 0x0F, 0x83, 0xE1, 0xF0, 0x7C, 0x3F, 0x1F, 0x87,
    0xE3, 0xF1, 0xFC, 0x7E, 0x3F, 0xDF, 0xC7, 0xBB, 0xBC, 0xF7, 0xF7, 0x9E, 0xFC, 0xF3, 0xCF, 0x9E,
    0x79, 0xF3, 0xCF, 0x1C, 0x7F, 0xE0, 0x0F, 0xFC, 0x01, 0xF8, 0x00, 0x0F, 0x00, 0x03, 0xC0, 0x00,
    0x78, 0x00, 0x06, 0x00, 0xF0, 0x78, 0xF8, 0x78, 0xF8, 0xF8, 0xFC, 0xF8, 0xFD, 0xF8, 0xFF, 0xFC,
    0xFF, 0xFC, 0xFF, 0xBC, 0xF7, 0xBF, 0xF7, 0x3F, 0xE0, 0x3E, 0x00, 0x0E, 0x00, 0x1C, 0x00, 0x1C,
    0xFF, 0xFF, 0xFF, 0xFF, 0xFF, 0xFF, 0xFF, 0xF0, 0x0C, 0x60, 0x1D, 0xC0, 0x3F, 0x80, 0x3E, 0x00,
    0x00, 0x00, 0xF8, 0x01, 0xF0, 0x03, 0xF0, 0x0F, 0xE0, 0x1F, 0xC0, 0x7B, 0xC0, 0xF7, 0x81, 0xC7,
    0x87, 0x8F, 0x0F, 0xFE, 0x3F, 0xFE, 0x7F, 0xFC, 0xF0, 0x7B, 0xC0, 0x7F, 0x80, 0xF0, 0x19, 0x87,
    0x78, 0xFE, 0x0F, 0x80, 0x00, 0x00, 0x0F, 0xE1, 0xFE, 0x3F, 0xC6, 0x7C, 0xFF, 0xBF, 0xF7, 0x9F,
    0xF3, 0xDF, 0xFB, 0xFF, 0x3F, 0xC0, 0x1E, 0xE0, 0x3D, 0xE0, 0x7B, 0x80, 0x00, 0x00, 0x7C, 0x00,
    0xF8, 0x01, 0xF8, 0x07, 0xF0, 0x0F, 0xE0, 0x3D, 0xE0, 0x7B, 0xC0, 0xE3, 0xC3, 0xC7, 0x87, 0xFF,
    0x1F, 0xFF, 0x3F, 0xFE, 0x78, 0x3D, 0xE0, 0x3F, 0xC0, 0x78, 0x3B, 0xCF, 0x78, 0xEF, 0x00, 0x00,
    0x00, 0x7F, 0x0F, 0xF1, 0xFE, 0x33, 0xE7, 0xFD, 0xFF, 0xBC, 0xFF, 0x9E, 0xFF, 0xDF, 0xF9, 0xFE,
    0x00, 0xFF, 0xF0, 0x07, 0xFF, 0x80, 0x7F, 0xFC, 0x03, 0xF8, 0x00, 0x3F, 0xC0, 0x03, 0xDE, 0x00,
    0x1E, 0xFF, 0x81, 0xE7, 0xFC, 0x0F, 0x3F, 0xE0, 0xFF, 0xE0, 0x0F, 0xFF, 0x00, 0x7F, 0xF8, 0x07,
    0xC3, 0xFF, 0xBC, 0x1F, 0xFF, 0xC0, 0xFF, 0xE0, 0x3F, 0xFF, 0x0F, 0xFF, 0xE3, 0xFF, 0xF8, 0xCF,
    0x9F, 0x3F, 0xFF, 0xDF, 0xFF, 0xF7, 0x9E, 0x03, 0xE7, 0xC6, 0x7F, 0xFF, 0x9F, 0xFF, 0xE3, 0xFF,
    0xF8, 0x39, 0x87, 0x78, 0xFE, 0x0F, 0x80, 0x01, 0xFF, 0xFF, 0xFF, 0xFF, 0xF0, 0x1E, 0x03, 0xC0,
    0x7F, 0xEF, 0xFD, 0xFF, 0xBC, 0x07, 0x80, 0xF0, 0x1F, 0xFF, 0xFF, 0xFF, 0xF0, 0x18, 0xC3, 0xDC,
    0x1F, 0xC0, 0xF8, 0x00, 0x00, 0x00, 0x1F, 0x83, 0xFE, 0x7F, 0xE7, 0x9F, 0x7F, 0xF7, 0xFF, 0x78,
    0x07, 0xC6, 0x7F, 0xE3, 0xFE, 0x1F, 0xE0, 0x3F, 0xC1, 0xFF, 0x87, 0xFF, 0x1C, 0x7E, 0x00, 0x78,
    0x01, 0xEF, 0xFF, 0xFF, 0xFF, 0xFF, 0xFF, 0xC1, 0xEF, 0x07, 0xBF, 0x7E, 0x7F, 0xF0, 0xFF, 0x81,
    0xFC, 0x00, 0x7F, 0x87, 0xFC, 0x7F, 0xE3, 0x3E, 0x00, 0xF7, 0xFF, 0x7F, 0xF7, 0x9E, 0x7F, 0xE3,
    0xFC, 0x1F, 0x80, 0x3D, 0xC0, 0xF7, 0x83, 0xDC, 0x00, 0x00, 0x3F, 0xC1, 0xFF, 0x87, 0xFF, 0x1C,
    0x7E, 0x00, 0x78, 0x01, 0xEF, 0xFF, 0xFF, 0xFF, 0xFF, 0xFF, 0xC1, 0xEF, 0x07, 0xBF, 0x7E, 0x7F,
    0xF0, 0xFF, 0x81, 0xFC, 0x00, 0x39, 0xC3, 0xFC, 0x39, 0xC0, 0x00, 0x00, 0x07, 0xF8, 0x7F, 0xC7,
    0xFE, 0x33, 0xE0, 0x0F, 0x7F, 0xF7, 0xFF, 0x79, 0xE7, 0xFE, 0x3F, 0xC1, 0xF8, 0x03, 0xDC, 0x00,
    0x1E, 0xF0, 0x00, 0xF7, 0x00, 0x00, 0x00, 0x0F, 0x8F, 0x0F, 0x3E, 0x78, 0xF8, 0xF3, 0xCF, 0x87,
    0xDE, 0xF8, 0x1F, 0xF7, 0xC0, 0x7F, 0xFC, 0x01, 0xFF, 0xC0, 0x0F, 0xFC, 0x00, 0xFF, 0xF0, 0x07,
    0xFF, 0xC0, 0x7F, 0xDF, 0x07, 0xDE, 0x7C, 0x7C, 0xF1, 0xE3, 0xC7, 0x8F, 0xBE, 0x3C, 0x3E, 0x07,
    0x38, 0x01, 0xFE, 0x00, 0x73, 0x80, 0x00, 0x00, 0x00, 0x00, 0x3E, 0x79, 0xE7, 0xDE, 0xF8, 0xF7,
    0xFC, 0x1F, 0xFE, 0x07, 0xFF, 0x00, 0xFF, 0xC0, 0x7F, 0xF8, 0x3F, 0xFE, 0x0F, 0x7B, 0xC7, 0x9E,
    0x7B, 0xE7, 0x9F, 0x39, 0xC3, 0xBC, 0x39, 0xC0, 0x00, 0x00, 0x03, 0xF8, 0x7F, 0xE7, 0xFE, 0x31,
    0xF0, 0x1F, 0x03, 0xE1, 0xFE, 0x1F, 0xE1, 0xFF, 0x01, 0xF0, 0x0F, 0x71, 0xF7, 0xFF, 0xFF, 0xE7,
    0xFC, 0x73, 0x9D, 0xE7, 0x38, 0x00, 0x00, 0x1F, 0xC7, 0xF9, 0xFF, 0x67, 0xCF, 0xE3, 0xF8, 0x0F,
    0x63, 0xDF, 0xFF, 0xF9, 0xFC, 0x7F, 0xF7, 0xFF, 0x7F, 0xF0, 0x3E, 0x07, 0xC0, 0xF8, 0x1F, 0xC1,
    0xFE, 0x03, 0xF0, 0x0F, 0x00, 0xF7, 0x1F, 0xFF, 0xFF, 0xFE, 0x7F, 0xC0, 0xFF, 0xFF, 0xFF, 0xFC,
    0x1E, 0x0F, 0x07, 0x83, 0xF0, 0xFE, 0x07, 0xC0, 0xF0, 0x3F, 0x9F, 0xFF, 0xFF, 0xEF, 0xF0, 0x0F,
    0xE0, 0x3F, 0x80, 0x00, 0x3C, 0x0F, 0xF0, 0x7F, 0xC3, 0xFF, 0x1F, 0xFC, 0x7F, 0xF3, 0xFF, 0xDE,
    0xFF, 0x7B, 0xFF, 0xCF, 0xFE, 0x3F, 0xF8, 0xFF, 0xC3, 0xFE, 0x0F, 0xF8, 0x3F, 0xC0, 0xF0, 0x3F,
    0x87, 0xF0, 0x00, 0x00, 0x0F, 0x1F, 0xE7, 0xFD, 0xFF, 0xBF, 0xFF, 0xFF, 0xFF, 0xFF, 0xFE, 0xFF,
    0x9F, 0xF3, 0xFC, 0x78, 0x1C, 0xE0, 0x7B, 0x81, 0xCE, 0x00, 0x00, 0xF0, 0x3F, 0xC1, 0xFF, 0x0F,
    0xFC, 0x7F, 0xF1, 0xFF, 0xCF, 0xFF, 0x7B, 0xFD, 0xEF, 0xFF, 0x3F, 0xF8, 0xFF, 0xE3, 0xFF, 0x0F,
    0xF8, 0x3F, 0xE0, 0xFF, 0x03, 0xC0, 0x3B, 0xCF, 0x78, 0xEF, 0x00, 0x00, 0x01, 0xE3, 0xFC, 0xFF,
    0xBF, 0xF7, 0xFF, 0xFF, 0xFF, 0xFF, 0xFF, 0xDF, 0xF3, 0xFE, 0x7F, 0x8F, 0x1E, 0xE0, 0x3D, 0xE0,
    0x7B, 0x80, 0x00, 0x00, 0xFE, 0x07, 0xFE, 0x1F, 0xFE, 0x3E, 0x7E, 0xF8, 0x3D, 0xE0, 0x7F, 0xC0,
    0x7F, 0x80, 0xFF, 0x01, 0xFE, 0x07, 0xFE, 0x0F, 0x3E, 0x7E, 0x7F, 0xF8, 0x7F, 0xF0, 0x3F, 0x80,
    0x3D, 0xC3, 0xDE, 0x3D, 0xC0, 0x00, 0x00, 0x01, 0xFC, 0x3F, 0xE7, 0xFE, 0x7D, 0xF7, 0x8F, 0x78,
    0xF7, 0x8F, 0x7D, 0xF7, 0xFE, 0x3F, 0xE1, 0xFC, 0x0F, 0xE0, 0x7F, 0xE1, 0xFF, 0xE3, 0xE7, 0xEF,
    0x83, 0xDE, 0x03, 0xFF, 0xFF, 0xFF, 0xFF, 0xF0, 0x1F, 0xE0, 0x7F, 0xE0, 0xF3, 0xE7, 0xE7, 0xFF,
    0x87, 0xFF, 0x03, 0xF8, 0x00, 0x1F, 0xC3, 0xFE, 0x7F, 0xE7, 0x9F, 0x7F, 0xF7, 0xFF, 0x78, 0xF7,
    0xDF, 0x7F, 0xE3, 0xFE, 0x1F, 0xC0, 0x1E, 0xE0, 0x3D, 0xE0, 0x7B, 0x80, 0x00, 0x00, 0xFE, 0x07,
    0xFE, 0x1F, 0xFE, 0x3E, 0x7E, 0xF8, 0x3D, 0xE0, 0x3F, 0xFF, 0xFF, 0xFF, 0xFF, 0x01, 0xFE, 0x07,
    0xFE, 0x0F, 0x3E, 0x7E, 0x7F, 0xF8, 0x7F, 0xF0, 0x3F, 0x80, 0x3D, 0xC3, 0xDE, 0x3D, 0xC0, 0x00,
    0x00, 0x01, 0xFC, 0x3F, 0xE7, 0xFE, 0x79, 0xF7, 0xFF, 0x7F, 0xF7, 0x8F, 0x7D, 0xF7, 0xFE, 0x3F,
    0xE1, 0xFC, 0x1D, 0xC0, 0xF7, 0x81, 0xDC, 0x00, 0x00, 0x3F, 0xC1, 0xFF, 0x87, 0xFF, 0x1C, 0x7E,
    0x00, 0x78, 0x01, 0xE1, 0xFF, 0xC7, 0xFF, 0x1F, 0xFC, 0x01, 0xE0, 0x07, 0x9C, 0x7E, 0x7F, 0xF1,
    0xFF, 0x83, 0xFC, 0x00, 0x73, 0x8F, 0x71, 0xCE, 0x00, 0x00, 0x00, 0xFE, 0x1F, 0xE3, 0xFE, 0x63,
    0xC7, 0xF8, 0xFF, 0x81, 0xE6, 0x7C, 0xFF, 0xBF, 0xE7, 0xF8, 0x1F, 0xE0, 0x7F, 0x80, 0x00, 0x3E,
    0x1F, 0x78, 0x79, 0xF1, 0xE3, 0xC7, 0x8F, 0x3C, 0x1E, 0xF0, 0x7B, 0x80, 0xFE, 0x03, 0xF8, 0x07,
    0xC0, 0x1F, 0x04, 0xF8, 0x1F, 0xE0, 0x7F, 0x01, 0xF8, 0x00, 0x3F, 0xC3, 0xFC, 0x00, 0x00, 0x00,
    0xF0, 0xFF, 0x1E, 0x79, 0xE7, 0x9E, 0x7B, 0xC3, 0xFC, 0x3F, 0x81, 0xF8, 0x1F, 0x81, 0xF0, 0x0F,
    0x01, 0xE0, 0xFE, 0x0F, 0xC0, 0xF8, 0x00, 0x1C, 0xE0, 0x7B, 0x81, 0xCE, 0x00, 0x00, 0xF8, 0x7D,
    0xE1, 0xE7, 0xC7, 0x8F, 0x1E, 0x3C, 0xF0, 0x7B, 0xC1, 0xEE, 0x03, 0xF8, 0x0F, 0xE0, 0x1F, 0x00,
    0x7C, 0x13, 0xE0, 0x7F, 0x81, 0xFC, 0x07, 0xE0, 0x00, 0x3B, 0xC7, 0xBC, 0x3B, 0xC0, 0x00, 0x00,
    0x0F, 0x0F, 0xF1, 0xE7, 0x9E, 0x79, 0xE7, 0xBC, 0x3F, 0xC3, 0xF8, 0x1F, 0x81, 0xF8, 0x1F, 0x00,
    0xF0, 0x1E, 0x0F, 0xE0, 0xFC, 0x0F, 0x80, 0x07, 0x70, 0x1D, 0xC0, 0xEE, 0x07, 0x38, 0x0C, 0xC0,
    0x00, 0x0F, 0x87, 0xDE, 0x1E, 0x7C, 0x78, 0xF1, 0xE3, 0xCF, 0x07, 0xBC, 0x1E, 0xE0, 0x3F, 0x80,
    0xFE, 0x01, 0xF0, 0x07, 0xC1, 0x3E, 0x07, 0xF8, 0x1F, 0xC0, 0x7E, 0x00, 0x0C, 0xC1, 0xDE, 0x1D,
    0xC3, 0xB8, 0x33, 0x80, 0x00, 0xF0, 0xFF, 0x1E, 0x79, 0xE7, 0x9E, 0x7B, 0xC3, 0xFC, 0x3F, 0x81,
    0xF8, 0x1F, 0x81, 0xF0, 0x0F, 0x01, 0xE0, 0xFE, 0x0F, 0xC0, 0xF8, 0x00, 0x1D, 0xE1, 0xEF, 0x07,
    0x78, 0x00, 0x0F, 0x07, 0xF8, 0x3F, 0xC1, 0xFE, 0x0F, 0xF8, 0x7B, 0xC3, 0xDF, 0x1E, 0xFF, 0xF3,
    0xFF, 0x8F, 0xFC, 0x01, 0xE0, 0x0F, 0x00, 0x78, 0x03, 0xC0, 0x1E, 0x3B, 0xCF, 0x78, 0xEF, 0x00,
    0x00, 0x00, 0xE3, 0xDC, 0x7B, 0x8F, 0x71, 0xEF, 0x3D, 0xFF, 0xBF, 0xF3, 0xFE, 0x03, 0xC0, 0x78,
    0x0F, 0xFF, 0xFF, 0xFF, 0xFF, 0xF8, 0x0F, 0x01, 0xE0, 0x3C, 0x07, 0x80, 0xF0, 0x1E, 0x03, 0xC0,
    0x78, 0x0F, 0xE1, 0xFC, 0x3F, 0x80, 0xF0, 0x1E, 0x03, 0xC0, 0x78, 0x00, 0xFF, 0xFF, 0xFF, 0xFE,
    0x0F, 0x07, 0x83, 0xC1, 0xE0, 0xFC, 0x7E, 0x3F, 0x03, 0x81, 0xC0, 0xE0, 0x07, 0x38, 0x03, 0xBC,
    0x01, 0xCE, 0x00, 0x00, 0x0F, 0x00, 0x7F, 0x80, 0x3F, 0xC0, 0x1F, 0xE0, 0x0F, 0xF0, 0x07, 0xFF,
    0xC3, 0xFF, 0xF9, 0xFF, 0xFC, 0xFF, 0x3F, 0x7F, 0x87, 0xBF, 0xC3, 0xDF, 0xE7, 0xEF, 0xFF, 0xE7,
    0xFF, 0xF3, 0xFF, 0xE1, 0xE0, 0x0E, 0xF0, 0x3D, 0xE0, 0x3B, 0xC0, 0x00, 0x00, 0x00, 0x1E, 0x03,
    0xFC, 0x07, 0xF8, 0x0F, 0xF0, 0x1F, 0xFF, 0x3F, 0xFF, 0x7F, 0xFE, 0xFF, 0x3D, 0xFF, 0xFB, 0xFF,
    0xF7, 0xFF, 0xCF, 0x3F, 0xF7, 0xFF, 0x7F, 0xF7, 0x80, 0x78, 0x07, 0x80, 0xFF, 0x8F, 0xF8, 0xFF,
    0x87, 0x80, 0x78, 0x07, 0x80, 0x7F, 0x07, 0xF8, 0x7F, 0x80, 0x78, 0x07, 0x83, 0xF0, 0x3F, 0x03,
    0xE0, 0x00, 0x00, 0x7F, 0xDF, 0xF7, 0xFD, 0xFE, 0x78, 0x3F, 0xCF, 0xF3, 0xFC, 0x78, 0x1F, 0x87,
    0xF1, 0xFC, 0x0F, 0x03, 0x83, 0xE0, 0xF8, 0x3C, 0x00, 0xF8, 0x7C, 0xF0, 0xF1, 0xF3, 0xC1, 0xE7,
    0x81, 0xFE, 0x03, 0xFC, 0x03, 0xF0, 0x07, 0xC0, 0x0F, 0xC0, 0x3F, 0xC0, 0x7F, 0x81, 0xE7, 0x87,
    0xCF, 0xEF, 0x0F, 0xFC, 0x1F, 0x80, 0x0F, 0x00, 0x1E, 0x00, 0xFC, 0x01, 0xF8, 0x03, 0xE0, 0x00,
    0x00, 0xF0, 0xF7, 0xCF, 0x9E, 0x78, 0x7F, 0x83, 0xFC, 0x0F, 0xC0, 0x7E, 0x03, 0xF0, 0x3F, 0xC3,
    0xFF, 0xDE, 0x7F, 0xE1, 0xF0, 0x03, 0x80, 0x1C, 0x03, 0xE0, 0x1F, 0x00, 0xF0, 0xF8, 0x7D, 0xE1,
    0xE7, 0xCF, 0x0F, 0x3C, 0x1F, 0xE0, 0x7F, 0x87, 0xFF, 0x9F, 0xFE, 0x7F, 0xF8, 0x7F, 0x81, 0xFE,
    0x0F, 0x3C, 0x7C, 0xF9, 0xE1, 0xEF, 0x07, 0xC0, 0xF0, 0xFF, 0x9F, 0x79, 0xE3, 0xFC, 0x3F, 0xC7,
    0xFE, 0x7F, 0xE7, 0xFE, 0x3F, 0xC7, 0xFE, 0x79, 0xEF, 0x0F, 0x7C, 0x3C, 0xF0, 0xF3, 0xE3, 0xC7,
    0xDE, 0x0F, 0x78, 0xFF, 0xE3, 0xFF, 0x1E, 0xF8, 0x79, 0xE1, 0xE7, 0xC7, 0x0F, 0x3C, 0x1E, 0xF0,
    0x7C, 0x7F, 0x87, 0xFC, 0x7F, 0xC0, 0x3E, 0x01, 0xE0, 0x1E, 0x01, 0xE0, 0x1E, 0x01, 0xE0, 0x1E,
    0xFF, 0xFF, 0xFF, 0xFF, 0xF0, 0x7C, 0x3F, 0x1F, 0xC1, 0xE0, 0xF0, 0x78, 0x3C, 0x1E, 0x0F, 0x0F,
    0xBF, 0xDE, 0xEE, 0x70, 0x00, 0xFF, 0xFF, 0xFF, 0xFF, 0xE0, 0x3C, 0x03, 0xC0, 0x3C, 0x03, 0xC0,
    0x3C, 0x03, 0xC0, 0x3C, 0x03, 0xC0, 0x3C, 0x03, 0xC0, 0xFF, 0xCF, 0xFE, 0xFF, 0xF0, 0x0F, 0x00,
    0xF0, 0x0F, 0xF0, 0xFF, 0x0F, 0xF0, 0xFF, 0x0F, 0xF0, 0xFF, 0x0F, 0xF0, 0xF0, 0x7D, 0xFF, 0xCF,
    0x3C, 0xF3, 0xCF, 0x3C, 0xF3, 0xCF, 0x3C, 0xFF, 0xFE, 0x7E, 0x3C, 0x38, 0x78, 0x78, 0x78, 0x78,
    0x78, 0x3C, 0x3C, 0x3C, 0x7F, 0xF3, 0xFF, 0xEF, 0xFF, 0x8E, 0x1E, 0x78, 0x79, 0xE1, 0xE7, 0x87,
    0x9E, 0x1E, 0x78, 0x79, 0xE1, 0xE7, 0x87, 0x9E, 0x1E, 0x78, 0x78, 0x73, 0xE3, 0x9F, 0x9C, 0xFE,
    0xE0, 0xF7, 0x07, 0xB8, 0x3D, 0xC1, 0xEF, 0x0F, 0x78, 0x7B, 0xC7, 0xCF, 0xFC, 0x7F, 0xE0, 0xFC,
    0x00, 0x7D, 0xFF, 0xCF, 0x3C, 0xF3, 0xC0, 0x7F, 0x8F, 0xF9, 0xFF, 0x80, 0xF0, 0x1E, 0x03, 0xC0,
    0x78, 0x0F, 0x01, 0xE0, 0x3C, 0x07, 0x80, 0xF0, 0x1E, 0x03, 0xC0, 0x78, 0x0F, 0x01, 0xE0, 0x7F,
    0x1F, 0xF3, 0xFF, 0x01, 0xE0, 0x3C, 0x03, 0xC0, 0x78, 0x0F, 0x03, 0xC0, 0x7B, 0xFF, 0x7F, 0xCF,
    0xF0, 0x30, 0x1E, 0x03, 0xC0, 0x78, 0x0F, 0xFF, 0xFF, 0xFF, 0xF8, 0x0F, 0x03, 0xC0, 0x78, 0x0F,
    0x03, 0xC0, 0x78, 0x0F, 0x03, 0xC0, 0x78, 0x1F, 0x00, 0x7F, 0xF1, 0xFF, 0xE7, 0xFF, 0x8F, 0x0F,
    0x3C, 0x3C, 0xF0, 0xF3, 0xC3, 0xCF, 0x0F, 0x3C, 0x3C, 0xF0, 0xF3, 0xFF, 0xCF, 0xFF, 0x3F, 0xFC,
    0xF3, 0xF0, 0xFF, 0xF1, 0xFF, 0xF3, 0xF1, 0xE3, 0xC3, 0xC7, 0x87, 0x8F, 0x0F, 0x1E, 0x1E, 0x38,
    0x3C, 0xF0, 0x79, 0xEF, 0xE3, 0xDF, 0xC7, 0xBF, 0x00, 0x7D, 0xF7, 0xCF, 0x3C, 0xF3, 0xCF, 0x3C,
    0xF3, 0xCF, 0x3C, 0xF3, 0xCF, 0x3C, 0x7C, 0x7E, 0x7E, 0x1E, 0x0F, 0x0F, 0x0F, 0x0F, 0x0F, 0x0F,
    0x7F, 0xFF, 0xFF, 0x7F, 0xE1, 0xFF, 0xC7, 0xFF, 0x8E, 0x1E, 0x78, 0x3D, 0xE0, 0xF7, 0x83, 0xDE,
    0x0F, 0x78, 0x79, 0xF1, 0xE3, 0xFF, 0x8F, 0xFC, 0x0F, 0xE0, 0x00, 0x03, 0xC3, 0xDE, 0x1E, 0xF0,
    0xF3, 0x87, 0x9E, 0x38, 0xF3, 0xC7, 0x9E, 0x3C, 0xF0, 0xEF, 0x87, 0xF8, 0xFF, 0x8F, 0xF8, 0x7E,
    0x01, 0x00, 0x00, 0x1F, 0xC1, 0xFF, 0x1F, 0xFC, 0xF1, 0xEF, 0x0F, 0x3C, 0x3D, 0xF1, 0xEF, 0x8F,
    0x1C, 0x78, 0x03, 0xC0, 0x1E, 0x00, 0xF0, 0x07, 0x80, 0x3C, 0x01, 0xE0, 0x0F, 0x00, 0x78, 0x1F,
    0xC3, 0xFF, 0x1F, 0xFC, 0xF1, 0xEF, 0x0F, 0x3C, 0x3D, 0xF1, 0xEF, 0x8F, 0x1C, 0xF0, 0x0F, 0x9F,
    0xFC, 0xFF, 0xC7, 0xF8, 0x00, 0xF0, 0xF7, 0x8F, 0x78, 0xF7, 0xCE, 0x3D, 0xE3, 0xDE, 0x1F, 0xC1,
    0xFC, 0x1F, 0x80, 0xF0, 0x0F, 0x00, 0xF0, 0x0F, 0x00, 0x78, 0x07, 0x80, 0x78, 0x07, 0x80, 0xF8,
    0xF7, 0xCF, 0x3C, 0xF3, 0xEF, 0x1F, 0xE1, 0xFE, 0x0F, 0xC0, 0x78, 0x07, 0xC0, 0x3C, 0x7F, 0xEF,
    0xFE, 0xFF, 0xE0, 0x7F, 0xF9, 0xFF, 0xE7, 0xFF, 0x80, 0x1E, 0x00, 0x78, 0x03, 0xC7, 0x8F, 0x1E,
    0x3C, 0x79, 0xE1, 0xE7, 0x87, 0x9E, 0x1E, 0x78, 0x7B, 0xC1, 0xE0, 0x07, 0x80, 0x1E, 0x00, 0x78,
    0x00, 0x7F, 0x9F, 0xF7, 0xFC, 0x0F, 0x03, 0xC0, 0xF0, 0x3C, 0x0F, 0x03, 0xC0, 0xF0, 0x3C, 0x0F,
    0x03, 0xC0, 0xF7, 0x9F, 0xEF, 0x3F, 0xDE, 0x7F, 0xBC, 0xFF, 0x79, 0xFF, 0xE3, 0xFF, 0xC7, 0x7E,
    0x1E, 0xF0, 0x3C, 0xF0, 0xF9, 0xFF, 0xE1, 0xFF, 0x81, 0xFE, 0x00, 0x7F, 0xF1, 0xFF, 0xE7, 0xFF,
    0xC7, 0x8F, 0x1E, 0x3C, 0x78, 0xF1, 0xE3, 0xC7, 0x8F, 0x1C, 0x3C, 0xF0, 0xF7, 0xC3, 0xDF, 0x0F,
    0xF8, 0x3C, 0x47, 0xFE, 0xFF, 0x00, 0x38, 0xE7, 0x9E, 0x7B, 0xEF, 0x80, 0x00, 0x00, 0x1C, 0xFB,
    0xEF, 0x8C, 0x00, 0x07, 0xF9, 0xFF, 0xFF, 0xEF, 0xBD, 0xF0, 0x3F, 0x03, 0xF0, 0x3F, 0x01, 0xE0,
    0x3C, 0x00, 0x00, 0xE0, 0x3E, 0x07, 0xC0, 0x78, 0x06, 0x00, 0x00, 0x0F, 0xC7, 0xE1, 0xF8, 0x78,
    0x1E, 0x07, 0xF8, 0xFE, 0xFF, 0xBF, 0xC7, 0x80, 0x00, 0xFF, 0xFF, 0xFF, 0x00, 0x31, 0xCF, 0x3E,
    0xFB, 0xC0, 0x00, 0x31, 0xEF, 0x9E, 0x30, 0x00, 0x03, 0xCF, 0x1E, 0x79, 0xE7, 0x9E, 0x78, 0xE3,
    0x8F, 0x3C, 0xF3, 0xC0, 0x20, 0x38, 0x7F, 0x1F, 0xFF, 0xFF, 0xBF, 0xE7, 0xE1, 0xE0, 0x78, 0x1E,
    0x07, 0x81, 0xE0, 0x78, 0x1E, 0x07, 0x80, 0x00, 0x00, 0x0F, 0x77, 0xF7, 0x7F, 0xFF, 0x7F, 0xF7,
    0xFF, 0x7D, 0xC7, 0x80, 0x78, 0x07, 0x80, 0x78, 0x03, 0x80, 0x38, 0x03, 0x80, 0x38, 0x00, 0x00,
    0x04, 0x07, 0x03, 0xE1, 0xF8, 0xF8, 0x3C, 0x0F, 0xC1, 0xF8, 0x3E, 0x1F, 0x0F, 0x03, 0xC0, 0xFF,
    0x9F, 0xF7, 0xFC, 0x00, 0x00, 0x0F, 0xC7, 0xF9, 0xFE, 0xF3, 0xFC, 0xFF, 0x3F, 0xCF, 0xF3, 0xFF,
    0xF7, 0xF8, 0xFC, 0x40, 0x07, 0xFC, 0x7F, 0xC7, 0xFC, 0x0F, 0xC0, 0x1C, 0x01, 0xC0, 0x1C, 0x01,
    0xC0, 0x1E, 0x01, 0xE0, 0x1E, 0x01, 0xE0, 0x0E, 0x00, 0xE0, 0x08, 0x20, 0x4F, 0x0F, 0xF0, 0xFF,
    0x1E, 0x79, 0xE7, 0x9E, 0x39, 0xC3, 0xFC, 0x3F, 0xC3, 0xF8, 0x1F, 0x81, 0xF8, 0x1F, 0x00, 0xF0,
    0x0F, 0x00, 0x80, 0x03, 0x00, 0xF0, 0x0F, 0x00, 0xF8, 0x1F, 0x81, 0xF8, 0x1F, 0x83, 0xFC, 0x3F,
    0xC3, 0x9C, 0x79, 0xE7, 0x9E, 0xF1, 0xEF, 0x0F, 0xF0, 0xF2, 0x04, 0x08, 0x0F, 0xC7, 0xF3, 0xFE,
    0xF7, 0xBD, 0xEF, 0xFB, 0xFE, 0x7F, 0x87, 0xF0, 0x3C, 0x0F, 0x03, 0xC0, 0xF0, 0x1C, 0x00, 0x08,
    0x00, 0x78, 0x00, 0xF3, 0x80, 0xE7, 0x01, 0xFE, 0x03, 0xFC, 0x07, 0xF8, 0x0F, 0xF0, 0x3C, 0xFD,
    0xF9, 0xFF, 0xE1, 0xFF, 0x81, 0xFE, 0x00, 0x7E, 0xFC, 0x00, 0x07, 0x03, 0xE0, 0xFC, 0x3F, 0x1F,
    0xE7, 0x3B, 0xCE, 0xF3, 0xBF, 0xE7, 0xF8, 0xFC, 0x00, 0x00, 0x31, 0xEF, 0x9E, 0x30, 0x00, 0x03,
    0xCF, 0x1E, 0x79, 0xE7, 0x9E, 0x78, 0xE3, 0x8F, 0x3C, 0xF3, 0xC0, 0x20, 0x38, 0x7F, 0x1F, 0xFF,
    0xFF, 0xBF, 0xE7, 0xE1, 0xE0, 0x78, 0x1E, 0x07, 0x81, 0xE0, 0x78, 0x1E, 0x07, 0x80, 0x00, 0x00,
    0x0F, 0x77, 0xF7, 0x7F, 0xFF, 0x7F, 0xF7, 0xFF, 0x7D, 0xC7, 0x80, 0x78, 0x07, 0x80, 0x78, 0x03,
    0x80, 0x38, 0x03, 0x80, 0x38, 0x00, 0x00, 0x01, 0xC7, 0x3C, 0x7F, 0xC7, 0xFC, 0x7F, 0xE7, 0xFE,
    0x7F, 0xE3, 0xFC, 0x38, 0x03, 0xC0, 0x3C, 0x03, 0xC0, 0x3C, 0x03, 0xC0, 0x3C, 0x00, 0x00, 0x00,
    0x00, 0xE0, 0x1F, 0x00, 0xF0, 0x1F, 0x81, 0xFC, 0x3F, 0xC7, 0x9E, 0x79, 0xE7, 0x0E, 0xF6, 0xFF,
    0x6F, 0xFF, 0xE7, 0xFE, 0x7F, 0xC0, 0x04, 0x0F, 0xC7, 0xF1, 0xFC, 0x70, 0x1C, 0x07, 0xF9, 0xFE,
    0x3F, 0xC7, 0xC3, 0xE1, 0xF0, 0x7C, 0x3E, 0x0F, 0x00, 0xC0, 0x20, 0x4F, 0x0F, 0xF0, 0xFF, 0x1E,
    0x79, 0xE7, 0x9E, 0x39, 0xC3, 0xFC, 0x3F, 0xC3, 0xF8, 0x1F, 0x81, 0xF8, 0x1F, 0x00, 0xF0, 0x0F,
    0x00, 0x80, 0x03, 0x00, 0xF0, 0x0F, 0x00, 0xF8, 0x1F, 0x81, 0xF8, 0x1F, 0x83, 0xFC, 0x3F, 0xC3,
    0x9C, 0x79, 0xE7, 0x9E, 0xF1, 0xEF, 0x0F, 0xF0, 0xF2, 0x04, 0x08, 0x0F, 0xC7, 0xF3, 0xFE, 0xF7,
    0xBD, 0xEF, 0xFB, 0xFE, 0x7F, 0x87, 0xF0, 0x3C, 0x0F, 0x03, 0xC0, 0xF0, 0x1C, 0x07, 0xC0, 0x1F,
    0x80, 0x3F, 0x00, 0x7F, 0x01, 0xFE, 0x03, 0xDC, 0x07, 0x3C, 0x1E, 0x78, 0x3F, 0xF0, 0x7F, 0xF1,
    0xFF, 0xE3, 0xFF, 0xEF, 0x83, 0xDE, 0x07, 0xBC, 0x0F, 0x80, 0x00, 0x03, 0x80, 0x0F, 0x00, 0x1E,
    0x00, 0x18, 0x00, 0x1F, 0x87, 0xF8, 0xFF, 0x88, 0xF0, 0x1E, 0x7F, 0xDF, 0xFB, 0xCF, 0xF1, 0xEF,
    0x7D, 0xFF, 0x9F, 0xF0, 0x80, 0x0E, 0x03, 0xC0, 0x78, 0x06, 0x00, 0x07, 0x00, 0x0F, 0x80, 0x1F,
    0x00, 0x0E, 0x00, 0x38, 0x00, 0x60, 0x00, 0x00, 0x03, 0xE0, 0x0F, 0xC0, 0x1F, 0x80, 0x3F, 0x80,
    0xFF, 0x01, 0xEE, 0x03, 0x9E, 0x0F, 0x3C, 0x1F, 0xF8, 0x3F, 0xF8, 0xFF, 0xF1, 0xFF, 0xF7, 0xC1,
    0xEF, 0x03, 0xDE, 0x07, 0xC0, 0x0E, 0x01, 0xF0, 0x3E, 0x01, 0xC0, 0x70, 0x0C, 0x07, 0xE1, 0xFE,
    0x3F, 0xE2, 0x3C, 0x07, 0x9F, 0xF7, 0xFE, 0xF3, 0xFC, 0x7B, 0xDF, 0x7F, 0xE7, 0xFC, 0x20, 0x00,
    0x00, 0x1C, 0x07, 0x38, 0x1F, 0xE0, 0x7F, 0x01, 0xCE, 0x00, 0x00, 0x01, 0xF0, 0x07, 0xE0, 0x0F,
    0xC0, 0x1F, 0xC0, 0x7F, 0x80, 0xF7, 0x01, 0xCF, 0x07, 0x9E, 0x0F, 0xFC, 0x1F, 0xFC, 0x7F, 0xF8,
    0xFF, 0xFB, 0xE0, 0xF7, 0x81, 0xEF, 0x03, 0xE0, 0x00, 0x38, 0x7B, 0x87, 0xF8, 0x7B, 0x83, 0x8C,
    0x0F, 0xC0, 0xFF, 0x07, 0xFC, 0x11, 0xE0, 0x0F, 0x0F, 0xF8, 0xFF, 0xC7, 0x9E, 0x78, 0xF1, 0xEF,
    0x8F, 0xFC, 0x3F, 0xE0, 0x40, 0x00, 0xE0, 0x01, 0xE7, 0x00, 0xFF, 0x00, 0x7F, 0x01, 0xCE, 0x00,
    0x00, 0x01, 0xF0, 0x07, 0xE0, 0x0F, 0xC0, 0x1F, 0xC0, 0x7F, 0x80, 0xF7, 0x01, 0xCF, 0x07, 0x9E,
    0x0F, 0xFC, 0x1F, 0xFC, 0x7F, 0xF8, 0xFF, 0xFB, 0xE0, 0xF7, 0x81, 0xEF, 0x03, 0xE0, 0xF0, 0x07,
    0x7C, 0x3F, 0xC0, 0xEE, 0x1C, 0x60, 0xFC, 0x1F, 0xE1, 0xFF, 0x08, 0xF0, 0x0F, 0x1F, 0xF3, 0xFF,
    0x3C, 0xF7, 0x8F, 0x3D, 0xF3, 0xFF, 0x1F, 0xF0, 0x40, 0x00, 0x38, 0x00, 0x70, 0x0E, 0xE0, 0x3F,
    0x80, 0xFE, 0x03, 0x9C, 0x00, 0x00, 0x03, 0xE0, 0x0F, 0xC0, 0x1F, 0x80, 0x3F, 0x80, 0xFF, 0x01,
    0xEE, 0x03, 0x9E, 0x0F, 0x3C, 0x1F, 0xF8, 0x3F, 0xF8, 0xFF, 0xF1, 0xFF, 0xF7, 0xC1, 0xEF, 0x03,
    0xDE, 0x07, 0xC0, 0x00, 0x00, 0x03, 0x80, 0x1C, 0x1E, 0xE1, 0xFE, 0x1E, 0xE0, 0xE3, 0x03, 0xF0,
    0x3F, 0xC1, 0xFF, 0x04, 0x78, 0x03, 0xC3, 0xFE, 0x3F, 0xF1, 0xE7, 0x9E, 0x3C, 0x7B, 0xE3, 0xFF,
    0x0F, 0xF8, 0x10, 0x00, 0x07, 0xB0, 0x1F, 0xC0, 0x33, 0x80, 0x1E, 0x00, 0x7E, 0x01, 0xCE, 0x00,
    0x00, 0x03, 0xE0, 0x0F, 0xC0, 0x1F, 0x80, 0x3F, 0x80, 0xFF, 0x01, 0xEE, 0x03, 0x9E, 0x0F, 0x3C,
    0x1F, 0xF8, 0x3F, 0xF8, 0xFF, 0xF1, 0xFF, 0xF7, 0xC1, 0xEF, 0x03, 0xDE, 0x07, 0xC0, 0x0E, 0x63,
    0xFC, 0x6F, 0x03, 0xC0, 0xFC, 0x3F, 0xC6, 0x18, 0xFC, 0x3F, 0xC7, 0xFC, 0x47, 0x80, 0xF3, 0xFE,
    0xFF, 0xDE, 0x7F, 0x8F, 0x7B, 0xEF, 0xFC, 0xFF, 0x84, 0x00, 0x07, 0xC0, 0x1F, 0x80, 0x7B, 0x80,
    0xE3, 0x80, 0x00, 0x00, 0xF8, 0x03, 0xF0, 0x07, 0xE0, 0x0F, 0xE0, 0x3F, 0xC0, 0x7B, 0x80, 0xE7,
    0x83, 0xCF, 0x07, 0xFE, 0x0F, 0xFE, 0x3F, 0xFC, 0x7F, 0xFD, 0xF0, 0x7B, 0xC0, 0xF7, 0x81, 0xF0,
    0x00, 0x00, 0x70, 0x01, 0xE0, 0x03, 0xC0, 0x03, 0x00, 0x0F, 0x83, 0xF0, 0xF7, 0x1C, 0x71, 0xF8,
    0x7F, 0x8F, 0xF8, 0x8F, 0x01, 0xE7, 0xFD, 0xFF, 0xBC, 0xFF, 0x1E, 0xF7, 0xDF, 0xF9, 0xFF, 0x08,
    0x00, 0xE0, 0x3C, 0x07, 0x80, 0x60, 0x00, 0x00, 0x03, 0x80, 0x2E, 0x80, 0xFB, 0x00, 0xFE, 0x00,
    0xF8, 0x00, 0x00, 0x03, 0xE0, 0x0F, 0xC0, 0x1F, 0x80, 0x3F, 0x80, 0xFF, 0x01, 0xEE, 0x03, 0x9E,
    0x0F, 0x3C, 0x1F, 0xF8, 0x3F, 0xF8, 0xFF, 0xF1, 0xFF, 0xF7, 0xC1, 0xEF, 0x03, 0xDE, 0x07, 0xC0,
    0x03, 0x80, 0x60, 0xFB, 0x0F, 0xE1, 0xFC, 0x0E, 0x07, 0xE1, 0xFE, 0x3F, 0xE2, 0x3C, 0x07, 0x9F,
    0xF7, 0xFE, 0xF3, 0xFC, 0x7B, 0xDF, 0x7F, 0xE7, 0xFC, 0x20, 0x00, 0x00, 0x00, 0x0E, 0x00, 0x2C,
    0x80, 0xEF, 0x00, 0xFE, 0x00, 0xF8, 0x00, 0x00, 0x03, 0xE0, 0x0F, 0xC0, 0x1F, 0x80, 0x3F, 0x80,
    0xFF, 0x01, 0xEE, 0x03, 0x9E, 0x0F, 0x3C, 0x1F, 0xF8, 0x3F, 0xF8, 0xFF, 0xF1, 0xFF, 0xF7, 0xC1,
    0xEF, 0x03, 0xDE, 0x07, 0xC0, 0x0E, 0x01, 0xC0, 0xFF, 0x0F, 0xE1, 0xFC, 0x0E, 0x07, 0xE1, 0xFE,
    0x3F, 0xE2, 0x3C, 0x07, 0x9F, 0xF7, 0xFE, 0xF3, 0xFC, 0x7B, 0xDF, 0x7F, 0xE7, 0xFC, 0x20, 0x00,
    0x03, 0x80, 0x07, 0x00, 0x2F, 0x80, 0xFB, 0x00, 0xFE, 0x00, 0xF8, 0x00, 0x00, 0x03, 0xE0, 0x0F,
    0xC0, 0x1F, 0x80, 0x3F, 0x80, 0xFF, 0x01, 0xEE, 0x03, 0x9E, 0x0F, 0x3C, 0x1F, 0xF8, 0x3F, 0xF8,
    0xFF, 0xF1, 0xFF, 0xF7, 0xC1, 0xEF, 0x03, 0xDE, 0x07, 0xC0, 0x06, 0x00, 0xE0, 0x0C, 0x1F, 0x63,
    0xFC, 0x3F, 0x01, 0xC0, 0xFC, 0x3F, 0xC7, 0xFC, 0x47, 0x80, 0xF3, 0xFE, 0xFF, 0xDE, 0x7F, 0x8F,
    0x7B, 0xEF, 0xFC, 0xFF, 0x84, 0x00, 0x07, 0xB0, 0x1F, 0xE0, 0x33, 0x80, 0x63, 0x80, 0xFE, 0x00,
    0xFC, 0x00, 0x00, 0x03, 0xE0, 0x0F, 0xC0, 0x1F, 0x80, 0x3F, 0x80, 0xFF, 0x01, 0xEE, 0x03, 0x9E,
    0x0F, 0x3C, 0x1F, 0xF8, 0x3F, 0xF8, 0xFF, 0xF1, 0xFF, 0xF7, 0xC1, 0xEF, 0x03, 0xDE, 0x07, 0xC0,
    0x0E, 0x63, 0xFC, 0x6F, 0x0C, 0x31, 0xFE, 0x1F, 0x81, 0xE0, 0xFC, 0x3F, 0xC7, 0xFC, 0x47, 0x80,
    0xF3, 0xFE, 0xFF, 0xDE, 0x7F, 0x8F, 0x7B, 0xEF, 0xFC, 0xFF, 0x84, 0x00, 0x00, 0x00, 0x38, 0xE0,
    0x3F, 0x80, 0x7F, 0x00, 0x38, 0x00, 0x00, 0x01, 0xF0, 0x07, 0xE0, 0x0F, 0xC0, 0x1F, 0xC0, 0x7F,
    0x80, 0xF7, 0x01, 0xCF, 0x07, 0x9E, 0x0F, 0xFC, 0x1F, 0xFC, 0x7F, 0xF8, 0xFF, 0xFB, 0xE0, 0xF7,
    0x81, 0xEF, 0x03, 0xE0, 0x00, 0x00, 0xE0, 0x03, 0xC0, 0x07, 0x80, 0x06, 0x00, 0x00, 0x07, 0x1C,
    0x7F, 0x0F, 0xE0, 0x70, 0x3F, 0x0F, 0xF1, 0xFF, 0x11, 0xE0, 0x3C, 0xFF, 0xBF, 0xF7, 0x9F, 0xE3,
    0xDE, 0xFB, 0xFF, 0x3F, 0xE1, 0x00, 0x1C, 0x07, 0x80, 0xF0, 0x0C, 0x00, 0x7F, 0xFF, 0xFF, 0xFF,
    0xC0, 0xF0, 0x3C, 0x0F, 0xFB, 0xFE, 0xFF, 0xBC, 0x0F, 0x03, 0xC0, 0xFF, 0xFF, 0xFF, 0xFC, 0x00,
    0x1C, 0x07, 0x81, 0xE0, 0x30, 0x0F, 0x83, 0xFC, 0x3F, 0xE7, 0x8F, 0x78, 0xF7, 0xFF, 0x7F, 0xF7,
    0x80, 0x78, 0x07, 0xFE, 0x3F, 0xE1, 0xFE, 0x03, 0x00, 0x70, 0x07, 0x80, 0x78, 0x03, 0x00, 0x1C,
    0x0F, 0x83, 0xF0, 0x3C, 0x1E, 0x07, 0x00, 0x01, 0xFF, 0xFF, 0xFF, 0xFF, 0x03, 0xC0, 0xF0, 0x3F,
    0xEF, 0xFB, 0xFE, 0xF0, 0x3C, 0x0F, 0x03, 0xFF, 0xFF, 0xFF, 0xF0, 0x07, 0x00, 0xF8, 0x0F, 0x80,
    0x38, 0x07, 0x80, 0x70, 0x0F, 0x83, 0xFC, 0x3F, 0xE7, 0x8F, 0x78, 0xF7, 0xFF, 0x7F, 0xF7, 0x80,
    0x78, 0x07, 0xFE, 0x3F, 0xE1, 0xFE, 0x03, 0x00, 0x3D, 0xDF, 0xF7, 0xF9, 0x8C, 0x00, 0x1F, 0xFF,
    0xFF, 0xFF, 0xF0, 0x3C, 0x0F, 0x03, 0xFE, 0xFF, 0xBF, 0xEF, 0x03, 0xC0, 0xF0, 0x3F, 0xFF, 0xFF,
    0xFF, 0x1E, 0x63, 0xFE, 0x3F, 0xC3, 0x18, 0x0F, 0x83, 0xFC, 0x3F, 0xE7, 0x8F, 0x78, 0xF7, 0xFF,
    0x7F, 0xF7, 0x80, 0x78, 0x07, 0xFE, 0x3F, 0xE1, 0xFE, 0x03, 0x00, 0x00, 0x61, 0xCE, 0x3F, 0xC7,
    0xF0, 0x77, 0x80, 0x00, 0x7F, 0xCF, 0xFC, 0xFF, 0xCF, 0x00, 0xF0, 0x0F, 0x00, 0xFF, 0x8F, 0xF8,
    0xFF, 0x8F, 0x00, 0xF0, 0x0F, 0x00, 0xFF, 0xCF, 0xFC, 0xFF, 0xC0, 0x00, 0x38, 0x3F, 0xE1, 0xFE,
    0x07, 0x70, 0x38, 0xC0, 0x3E, 0x03, 0xFC, 0x0F, 0xF8, 0x78, 0xF1, 0xE3, 0xC7, 0xFF, 0x1F, 0xFC,
    0x78, 0x01, 0xE0, 0x07, 0xFE, 0x0F, 0xF8, 0x1F, 0xE0, 0x0C, 0x00, 0xE0, 0x03, 0x9C, 0x0F, 0xF0,
    0x1F, 0xC1, 0xCE, 0x00, 0x00, 0x3F, 0xE3, 0xFF, 0x1F, 0xF8, 0xF0, 0x07, 0x80, 0x3C, 0x01, 0xFF,
    0x0F, 0xF8, 0x7F, 0xC3, 0xC0, 0x1E, 0x00, 0xF0, 0x07, 0xFE, 0x3F, 0xF1, 0xFF, 0x80, 0xF0, 0x03,
    0xBE, 0x0F, 0xF0, 0x1D, 0xC1, 0xC6, 0x03, 0xE0, 0x7F, 0x83, 0xFE, 0x3C, 0x79, 0xE3, 0xCF, 0xFE,
    0x7F, 0xF3, 0xC0, 0x1E, 0x00, 0xFF, 0xC3, 0xFE, 0x0F, 0xF0, 0x0C, 0x00, 0x01, 0xC0, 0x3C, 0x73,
    0x9F, 0xE7, 0xF0, 0xEF, 0x00, 0x03, 0xFE, 0xFF, 0xDF, 0xFB, 0xC0, 0x78, 0x0F, 0x01, 0xFF, 0x3F,
    0xE7, 0xFC, 0xF0, 0x1E, 0x03, 0xC0, 0x7F, 0xEF, 0xFD, 0xFF, 0x80, 0x00, 0x00, 0x03, 0x80, 0x0E,
    0x1F, 0xE1, 0xFE, 0x0E, 0xE0, 0xE3, 0x01, 0xF0, 0x3F, 0xC1, 0xFF, 0x1E, 0x3C, 0xF1, 0xE7, 0xFF,
    0x3F, 0xF9, 0xE0, 0x0F, 0x00, 0x7F, 0xE1, 0xFF, 0x07, 0xF8, 0x06, 0x00, 0x3D, 0x9F, 0xE6, 0x70,
    0x78, 0x3F, 0x1C, 0xE0, 0x01, 0xFF, 0xFF, 0xFF, 0xFF, 0x03, 0xC0, 0xF0, 0x3F, 0xEF, 0xFB, 0xFE,
    0xF0, 0x3C, 0x0F, 0x03, 0xFF, 0xFF, 0xFF, 0xF0, 0x0E, 0x61, 0xFE, 0x1B, 0xC0, 0x78, 0x0F, 0xC1,
    0xFE, 0x18, 0x60, 0xF8, 0x3F, 0xC3, 0xFE, 0x78, 0xF7, 0x8F, 0x7F, 0xF7, 0xFF, 0x78, 0x07, 0x80,
    0x7F, 0xE3, 0xFE, 0x1F, 0xE0, 0x30, 0x1E, 0x0F, 0xC7, 0xF9, 0x86, 0x00, 0x1F, 0xFF, 0xFF, 0xFF,
    0xF0, 0x3C, 0x0F, 0x03, 0xFE, 0xFF, 0xBF, 0xEF, 0x03, 0xC0, 0xF0, 0x3F, 0xFF, 0xFF, 0xFF, 0x00,
    0x07, 0x01, 0xE0, 0x78, 0x0C, 0x00, 0x0F, 0x81, 0xF8, 0x3D, 0xC3, 0x8E, 0x0F, 0x83, 0xFC, 0x3F,
    0xE7, 0x8F, 0x78, 0xF7, 0xFF, 0x7F, 0xF7, 0x80, 0x78, 0x07, 0xFE, 0x3F, 0xE1, 0xFE, 0x03, 0x00,
    0x70, 0x07, 0x80, 0x78, 0x03, 0x00, 0x7C, 0x7C, 0x1C, 0x3C, 0x38, 0x10, 0xFF, 0xFF, 0x7E, 0x3C,
    0x3C, 0x3C, 0x3C, 0x3C, 0x3C, 0x3C, 0x3C, 0x3C, 0x7E, 0xFF, 0xFF, 0xE7, 0xFE, 0x77, 0xB3, 0xDE,
    0xF7, 0xBD, 0xEF, 0x7B, 0xDE, 0xF7, 0x80, 0xFF, 0xFF, 0x7E, 0x3C, 0x3C, 0x3C, 0x3C, 0x3C, 0x3C,
    0x3C, 0x3C, 0x3C, 0x7E, 0xFF, 0xFF, 0x00, 0x38, 0x7C, 0x38, 0x38, 0xFF, 0xF2, 0xFF, 0xFF, 0xFF,
    0xFF, 0xFF, 0xFF, 0x07, 0xFF, 0x60, 0x00, 0x00, 0x3F, 0xC0, 0xFF, 0xE3, 0xFF, 0xC7, 0x87, 0xDE,
    0x07, 0xBC, 0x0F, 0xF8, 0x0F, 0xF0, 0x1F, 0xE0, 0x3F, 0xC0, 0xFF, 0x81, 0xEF, 0x87, 0xCF, 0xFF,
    0x0F, 0xFE, 0x0F, 0xF0, 0x03, 0x80, 0x07, 0x00, 0x1E, 0x00, 0x3C, 0x00, 0x30, 0x00, 0x0F, 0x81,
    0xFF, 0x0F, 0xF8, 0xF1, 0xE7, 0x8F, 0x3C, 0x79, 0xE3, 0xCF, 0x1E, 0x78, 0xF3, 0xFF, 0x8F, 0xF8,
    0x3F, 0x80, 0x20, 0x03, 0x80, 0x3C, 0x01, 0xE0, 0x07, 0x00, 0x07, 0x80, 0x0F, 0x80, 0x07, 0x00,
    0x1E, 0x00, 0x38, 0x00, 0x60, 0x07, 0xF8, 0x1F, 0xFC, 0x7F, 0xF8, 0xF0, 0xFB, 0xC0, 0xF7, 0x81,
    0xFF, 0x01, 0xFE, 0x03, 0xFC, 0x07, 0xF8, 0x1F, 0xF0, 0x3D, 0xF0, 0xF9, 0xFF, 0xE1, 0xFF, 0xC1,
    0xFE, 0x00, 0x70, 0x00, 0x07, 0x00, 0x7C, 0x03, 0xE0, 0x07, 0x00, 0x78, 0x03, 0x80, 0x3E, 0x07,
    0xFC, 0x3F, 0xE3, 0xC7, 0x9E, 0x3C, 0xF1, 0xE7, 0x8F, 0x3C, 0x79, 0xE3, 0xCF, 0xFE, 0x3F, 0xE0,
    0xFE, 0x00, 0x80, 0x00, 0x1C, 0x07, 0x38, 0x1F, 0xE0, 0x7E, 0x01, 0xCE, 0x00, 0x00, 0x07, 0xF8,
    0x1F, 0xFC, 0x7F, 0xF8, 0xF0, 0xFB, 0xC0, 0xF7, 0x81, 0xFF, 0x01, 0xFE, 0x03, 0xFC, 0x07, 0xF8,
    0x1F, 0xF0, 0x3D, 0xF0, 0xF9, 0xFF, 0xE1, 0xFF, 0xC1, 0xFE, 0x00, 0x70, 0x00, 0x00, 0x38, 0x3F,
    0xE1, 0xFE, 0x07, 0x70, 0x38, 0xC0, 0x3E, 0x03, 0xFE, 0x0F, 0xF8, 0x78, 0xF1, 0xE3, 0xC7, 0x8F,
    0x1E, 0x3C, 0x78, 0xF1, 0xE3, 0xC7, 0xFF, 0x0F, 0xF8, 0x1F, 0xC0, 0x08, 0x00, 0xE0, 0x01, 0xE7,
    0x00, 0xFF, 0x00, 0x7F, 0x01, 0xCE, 0x00, 0x00, 0x07, 0xF8, 0x1F, 0xFC, 0x7F, 0xF8, 0xF0, 0xFB,
    0xC0, 0xF7, 0x81, 0xFF, 0x01, 0xFE, 0x03, 0xFC, 0x07, 0xF8, 0x1F, 0xF0, 0x3D, 0xF0, 0xF9, 0xFF,
    0xE1, 0xFF, 0xC1, 0xFE, 0x00, 0x70, 0x00, 0x70, 0x01, 0xDF, 0x01, 0xFC, 0x03, 0xB8, 0x0C, 0x60,
    0x1F, 0x01, 0xFF, 0x07, 0xFC, 0x3C, 0x78, 0xF1, 0xE3, 0xC7, 0x8F, 0x1E, 0x3C, 0x78, 0xF1, 0xE3,
    0xFF, 0x87, 0xFC, 0x0F, 0xE0, 0x04, 0x00, 0x00, 0x38, 0x00, 0x70, 0x0E, 0xE0, 0x3F, 0x80, 0xFC,
    0x03, 0x9C, 0x00, 0x00, 0x0F, 0xF0, 0x3F, 0xF8, 0xFF, 0xF1, 0xE1, 0xF7, 0x81, 0xEF, 0x03, 0xFE,
    0x03, 0xFC, 0x07, 0xF8, 0x0F, 0xF0, 0x3F, 0xE0, 0x7B, 0xE1, 0xF3, 0xFF, 0xC3, 0xFF, 0x83, 0xFC,
    0x00, 0xE0, 0x00, 0x00, 0x00, 0x03, 0x80, 0x0E, 0x1F, 0xE1, 0xFE, 0x0E, 0xE0, 0xE3, 0x01, 0xF0,
    0x3F, 0xE1, 0xFF, 0x1E, 0x3C, 0xF1, 0xE7, 0x8F, 0x3C, 0x79, 0xE3, 0xCF, 0x1E, 0x7F, 0xF1, 0xFF,
    0x07, 0xF0, 0x04, 0x00, 0x07, 0xB0, 0x1F, 0xC0, 0x33, 0x80, 0x1E, 0x00, 0x7E, 0x01, 0xCE, 0x00,
    0x00, 0x0F, 0xF0, 0x3F, 0xF8, 0xFF, 0xF1, 0xE1, 0xF7, 0x81, 0xEF, 0x03, 0xFE, 0x03, 0xFC, 0x07,
    0xF8, 0x0F, 0xF0, 0x3F, 0xE0, 0x7B, 0xE1, 0xF3, 0xFF, 0xC3, 0xFF, 0x83, 0xFC, 0x00, 0xE0, 0x00,
    0x0E, 0x60, 0xFF, 0x06, 0xF0, 0x0F, 0x00, 0xFC, 0x0F, 0xF0, 0x61, 0x81, 0xF0, 0x3F, 0xE1, 0xFF,
    0x1E, 0x3C, 0xF1, 0xE7, 0x8F, 0x3C, 0x79, 0xE3, 0xCF, 0x1E, 0x7F, 0xF1, 0xFF, 0x07, 0xF0, 0x04,
    0x00, 0x07, 0xC0, 0x1F, 0x80, 0x7B, 0x80, 0xE3, 0x80, 0x00, 0x03, 0xFC, 0x0F, 0xFE, 0x3F, 0xFC,
    0x78, 0x7D, 0xE0, 0x7B, 0xC0, 0xFF, 0x80, 0xFF, 0x01, 0xFE, 0x03, 0xFC, 0x0F, 0xF8, 0x1E, 0xF8,
    0x7C, 0xFF, 0xF0, 0xFF, 0xE0, 0xFF, 0x00, 0x38, 0x00, 0x70, 0x01, 0xE0, 0x03, 0xC0, 0x03, 0x00,
    0x0F, 0x80, 0xFE, 0x0F, 0x78, 0x71, 0xC0, 0xF8, 0x1F, 0xF0, 0xFF, 0x8F, 0x1E, 0x78, 0xF3, 0xC7,
    0x9E, 0x3C, 0xF1, 0xE7, 0x8F, 0x3F, 0xF8, 0xFF, 0x83, 0xF8, 0x02, 0x00, 0x38, 0x03, 0xC0, 0x1E,
    0x00, 0x70, 0x00, 0x01, 0xF0, 0x01, 0xF0, 0x00, 0xE0, 0x00, 0xE0, 0x00, 0x00, 0x78, 0xFF, 0x3C,
    0xFF, 0xFC, 0xFF, 0xFE, 0x78, 0x7E, 0x78, 0x1E, 0x3C, 0x0F, 0x9E, 0x03, 0xCF, 0x01, 0xE7, 0x80,
    0xF3, 0xC0, 0xF9, 0xE0, 0x78, 0xF8, 0x7C, 0x3F, 0xFC, 0x0F, 0xFE, 0x03, 0xFC, 0x00, 0x38, 0x00,
    0x03, 0xE0, 0x07, 0x80, 0x1E, 0x00, 0x30, 0xF0, 0xF9, 0xE7, 0xFF, 0xCF, 0xFF, 0x3E, 0xF8, 0x78,
    0xF0, 0xF1, 0xE1, 0xE3, 0xC3, 0xC7, 0x87, 0x8F, 0x0F, 0xFE, 0x0F, 0xF8, 0x0F, 0xE0, 0x02, 0x00,
    0x1F, 0x00, 0x07, 0xC0, 0x00, 0xE0, 0x00, 0x38, 0x00, 0x00, 0x78, 0xFF, 0x3C, 0xFF, 0xFC, 0xFF,
    0xFE, 0x78, 0x7E, 0x78, 0x1E, 0x3C, 0x0F, 0x9E, 0x03, 0xCF, 0x01, 0xE7, 0x80, 0xF3, 0xC0, 0xF9,
    0xE0, 0x78, 0xF8, 0x7C, 0x3F, 0xFC, 0x0F, 0xFE, 0x03, 0xFC, 0x00, 0x38, 0x00, 0x1E, 0x00, 0x1E,
    0x00, 0x1E, 0x00, 0x1C, 0xF0, 0xF9, 0xE7, 0xFF, 0xCF, 0xFF, 0x3E, 0xF8, 0x78, 0xF0, 0xF1, 0xE1,
    0xE3, 0xC3, 0xC7, 0x87, 0x8F, 0x0F, 0xFE, 0x0F, 0xF8, 0x0F, 0xE0, 0x02, 0x00, 0x07, 0x00, 0x03,
    0xE0, 0x01, 0xF0, 0x00, 0x38, 0x00, 0x38, 0x00, 0x18, 0x00, 0x00, 0x1E, 0x3F, 0xCF, 0x3F, 0xFF,
    0x3F, 0xFF, 0x9E, 0x1F, 0x9E, 0x07, 0x8F, 0x03, 0xE7, 0x80, 0xF3, 0xC0, 0x79, 0xE0, 0x3C, 0xF0,
    0x3E, 0x78, 0x1E, 0x3E, 0x1F, 0x0F, 0xFF, 0x03, 0xFF, 0x80, 0xFF, 0x00, 0x0E, 0x00, 0x06, 0x00,
    0x1F, 0x00, 0x3E, 0x00, 0x1C, 0x00, 0x78, 0x00, 0xC3, 0xC3, 0xE7, 0x9F, 0xFF, 0x3F, 0xFC, 0xFB,
    0xE1, 0xE3, 0xC3, 0xC7, 0x87, 0x8F, 0x0F, 0x1E, 0x1E, 0x3C, 0x3F, 0xF8, 0x3F, 0xE0, 0x3F, 0x80,
    0x08, 0x00, 0x0F, 0x30, 0x0F, 0xF8, 0x07, 0xF8, 0x03, 0x18, 0x00, 0x00, 0x78, 0xFF, 0x3C, 0xFF,
    0xFC, 0xFF, 0xFE, 0x78, 0x7E, 0x78, 0x1E, 0x3C, 0x0F, 0x9E, 0x03, 0xCF, 0x01, 0xE7, 0x80, 0xF3,
    0xC0, 0xF9, 0xE0, 0x78, 0xF8, 0x7C, 0x3F, 0xFC, 0x0F, 0xFE, 0x03, 0xFC, 0x00, 0x38, 0x00, 0x1E,
    0x60, 0x3F, 0xC0, 0xFF, 0x01, 0x8C, 0xF0, 0xF9, 0xE7, 0xFF, 0xCF, 0xFF, 0x3E, 0xF8, 0x78, 0xF0,
    0xF1, 0xE1, 0xE3, 0xC3, 0xC7, 0x87, 0x8F, 0x0F, 0xFE, 0x0F, 0xF8, 0x0F, 0xE0, 0x02, 0x00, 0x00,
    0x07, 0x8F, 0xF3, 0xCF, 0xFF, 0xCF, 0xFF, 0xE7, 0x87, 0xE7, 0x81, 0xE3, 0xC0, 0xF9, 0xE0, 0x3C,
    0xF0, 0x1E, 0x78, 0x0F, 0x3C, 0x0F, 0x9E, 0x07, 0x8F, 0x87, 0xC3, 0xFF, 0xC0, 0xFF, 0xE0, 0x3F,
    0xC0, 0x03, 0x80, 0x01, 0xC0, 0x01, 0xE0, 0x00, 0xF0, 0x00, 0x30, 0x00, 0x00, 0x00, 0x00, 0x3C,
    0x3E, 0x79, 0xFF, 0xF3, 0xFF, 0xCF, 0xBE, 0x1E, 0x3C, 0x3C, 0x78, 0x78, 0xF0, 0xF1, 0xE1, 0xE3,
    0xC3, 0xFF, 0x83, 0xFE, 0x03, 0xF8, 0x00, 0x80, 0x03, 0x80, 0x0F, 0x80, 0x0E, 0x00, 0x1C, 0x00,
    0xF0, 0x7F, 0x83, 0xFC, 0x1F, 0xE0, 0xFF, 0x07, 0xF8, 0x3F, 0xC1, 0xFE, 0x0F, 0xF0, 0x7F, 0x83,
    0xFC, 0x1E, 0xF0, 0xF7, 0xFF, 0x9F, 0xF8, 0x7F, 0x80, 0x60, 0x07, 0x00, 0x78, 0x03, 0xC0, 0x0C,
    0x00, 0xF0, 0xFE, 0x3F, 0xC7, 0xF8, 0xFF, 0x1F, 0xE3, 0xFC, 0x7F, 0x8F, 0xF1, 0xFF, 0xFD, 0xFF,
    0xBF, 0xF0, 0x80, 0x1C, 0x03, 0xC0, 0x70, 0x0E, 0x00, 0x0F, 0x00, 0x7C, 0x00, 0xE0, 0x0F, 0x00,
    0x70, 0x01, 0x03, 0xC1, 0xFE, 0x0F, 0xF0, 0x7F, 0x83, 0xFC, 0x1F, 0xE0, 0xFF, 0x07, 0xF8, 0x3F,
    0xC1, 0xFE, 0x0F, 0xF0, 0x7B, 0xC3, 0xDF, 0xFE, 0x7F, 0xE1, 0xFE, 0x01, 0x80, 0x0E, 0x03, 0xE0,
    0x7E, 0x03, 0xC0, 0xF0, 0x1C, 0x3C, 0x3F, 0x8F, 0xF1, 0xFE, 0x3F, 0xC7, 0xF8, 0xFF, 0x1F, 0xE3,
    0xFC, 0x7F, 0xFF, 0x7F, 0xEF, 0xFC, 0x20, 0x00, 0x01, 0xE0, 0x00, 0xF0, 0x00, 0x78, 0x00, 0x1C,
    0x00, 0x00, 0x03, 0xFC, 0x1E, 0xFF, 0x07, 0xFB, 0xC1, 0xFE, 0xF0, 0x7E, 0x3C, 0x1E, 0x0F, 0x07,
    0x83, 0xC1, 0xE0, 0xF0, 0x78, 0x3C, 0x1E, 0x0F, 0x07, 0x83, 0xC1, 0xE0, 0x78, 0x78, 0x1F, 0xFE,
    0x03, 0xFF, 0x00, 0x7F, 0x80, 0x03, 0x00, 0x00, 0x03, 0xC0, 0x07, 0x80, 0x0F, 0x00, 0x0E, 0x0F,
    0xF0, 0xEF, 0xF1, 0xFE, 0xF1, 0xFC, 0xF1, 0xF8, 0xF1, 0xE0, 0xF1, 0xE0, 0xF1, 0xE0, 0xF1, 0xE0,
    0xF1, 0xE0, 0xFF, 0xE0, 0x7F, 0xE0, 0x7F, 0xE0, 0x08, 0x00, 0x1E, 0x00, 0x03, 0xC0, 0x00, 0x78,
    0x00, 0x0E, 0x00, 0x00, 0x03, 0xFC, 0x1E, 0xFF, 0x07, 0xFB, 0xC1, 0xFE, 0xF0, 0x7E, 0x3C, 0x1E,
    0x0F, 0x07, 0x83, 0xC1, 0xE0, 0xF0, 0x78, 0x3C, 0x1E, 0x0F, 0x07, 0x83, 0xC1, 0xE0, 0x78, 0x78,
    0x1F, 0xFE, 0x03, 0xFF, 0x00, 0x7F, 0x80, 0x03, 0x00, 0x00, 0x3C, 0x00, 0x1E, 0x00, 0x0F, 0x00,
    0x07, 0x0F, 0xF0, 0xEF, 0xF1, 0xFE, 0xF1, 0xFC, 0xF1, 0xF8, 0xF1, 0xE0, 0xF1, 0xE0, 0xF1, 0xE0,
    0xF1, 0xE0, 0xF1, 0xE0, 0xFF, 0xE0, 0x7F, 0xE0, 0x7F, 0xE0, 0x08, 0x00, 0x0F, 0x00, 0x03, 0xE0,
    0x00, 0x38, 0x00, 0x1E, 0x00, 0x07, 0x00, 0x00, 0x80, 0xFF, 0x07, 0xBF, 0xC1, 0xFE, 0xF0, 0x7F,
    0xBC, 0x1F, 0x8F, 0x07, 0x83, 0xC1, 0xE0, 0xF0, 0x78, 0x3C, 0x1E, 0x0F, 0x07, 0x83, 0xC1, 0xE0,
    0xF0, 0x78, 0x1E, 0x1E, 0x07, 0xFF, 0x80, 0xFF, 0xC0, 0x1F, 0xE0, 0x00, 0xC0, 0x00, 0x0E, 0x00,
    0x1F, 0x00, 0x1F, 0x80, 0x07, 0x80, 0x0F, 0x00, 0x0E, 0x0F, 0xF0, 0xEF, 0xF1, 0xFE, 0xF1, 0xFC,
    0xF1, 0xF8, 0xF1, 0xE0, 0xF1, 0xE0, 0xF1, 0xE0, 0xF1, 0xE0, 0xF1, 0xE0, 0xFF, 0xE0, 0x7F, 0xE0,
    0x7F, 0xE0, 0x08, 0x00, 0x0E, 0x60, 0x07, 0xF8, 0x03, 0xFE, 0x00, 0xC6, 0x00, 0x00, 0x03, 0xFC,
    0x1E, 0xFF, 0x07, 0xFB, 0xC1, 0xFE, 0xF0, 0x7E, 0x3C, 0x1E, 0x0F, 0x07, 0x83, 0xC1, 0xE0, 0xF0,
    0x78, 0x3C, 0x1E, 0x0F, 0x07, 0x83, 0xC1, 0xE0, 0x78, 0x78, 0x1F, 0xFE, 0x03, 0xFF, 0x00, 0x7F,
    0x80, 0x03, 0x00, 0x00, 0x1C, 0xC0, 0x3F, 0xC0, 0x7F, 0xC0, 0x63, 0x0F, 0xF0, 0xEF, 0xF1, 0xFE,
    0xF1, 0xFC, 0xF1, 0xF8, 0xF1, 0xE0, 0xF1, 0xE0, 0xF1, 0xE0, 0xF1, 0xE0, 0xF1, 0xE0, 0xFF, 0xE0,
    0x7F, 0xE0, 0x7F, 0xE0, 0x08, 0x00, 0x00, 0x03, 0xFC, 0x1E, 0xFF, 0x07, 0xFB, 0xC1, 0xFE, 0xF0,
    0x7E, 0x3C, 0x1E, 0x0F, 0x07, 0x83, 0xC1, 0xE0, 0xF0, 0x78, 0x3C, 0x1E, 0x0F, 0x07, 0x83, 0xC1,
    0xE0, 0x78, 0x78, 0x1F, 0xFE, 0x03, 0xFF, 0x00, 0x7F, 0x80, 0x03, 0x00, 0x01, 0xC0, 0x00, 0xF0,
    0x00, 0x3C, 0x00, 0x06, 0x00, 0x00, 0x00, 0x00, 0x00, 0x0F, 0xF0, 0xEF, 0xF1, 0xFE, 0xF1, 0xFC,
    0xF1, 0xF8, 0xF1, 0xE0, 0xF1, 0xE0, 0xF1, 0xE0, 0xF1, 0xE0, 0xF1, 0xE0, 0xFF, 0xE0, 0x7F, 0xE0,
    0x7F, 0xE0, 0x08, 0x00, 0x0E, 0x00, 0x1F, 0x00, 0x0E, 0x00, 0x0E, 0x00, 0x06, 0x00, 0x38, 0x00,
    0xF0, 0x01, 0xE0, 0x03, 0x80, 0x00, 0x0F, 0x83, 0xFE, 0x1E, 0x7C, 0x78, 0xF3, 0xC3, 0xFF, 0x07,
    0xF8, 0x1F, 0xE0, 0x3F, 0x00, 0xF8, 0x01, 0xE0, 0x07, 0x80, 0x1E, 0x00, 0x78, 0x01, 0xE0, 0x07,
    0x80, 0x18, 0x03, 0xC0, 0x3E, 0x00, 0xE0, 0x06, 0x00, 0x00, 0xF0, 0xFF, 0x1E, 0x79, 0xE7, 0x9E,
    0x7B, 0xC3, 0xFC, 0x3F, 0x81, 0xF8, 0x1F, 0x81, 0xF0, 0x0F, 0x01, 0xE0, 0xFE, 0x0F, 0xC0, 0xF8,
    0x00, 0xF0, 0x7B, 0xE1, 0xE7, 0x8F, 0x1F, 0x3C, 0x3D, 0xE0, 0xFF, 0x81, 0xFC, 0x03, 0xE0, 0x0F,
    0x80, 0x1E, 0x00, 0x78, 0x01, 0xE0, 0x07, 0x80, 0x1E, 0x00, 0x78, 0x00, 0x00, 0x07, 0x00, 0x3C,
    0x00, 0x70, 0x01, 0xC0, 0xF0, 0xFF, 0x0F, 0xF0, 0xF7, 0x9E, 0x79, 0xE3, 0x9C, 0x3F, 0xC3, 0xFC,
    0x1F, 0x81, 0xF8, 0x0F, 0x80, 0xF0, 0x0F, 0x01, 0xEE, 0xFE, 0xFF, 0xCF, 0xF8, 0x60, 0x0F, 0x00,
    0x3E, 0x00, 0x38, 0x01, 0xE0, 0x07, 0x00, 0x08, 0x0F, 0x07, 0xBE, 0x1E, 0x78, 0xF1, 0xF3, 0xC3,
    0xDE, 0x0F, 0xF8, 0x1F, 0xC0, 0x3E, 0x00, 0xF8, 0x01, 0xE0, 0x07, 0x80, 0x1E, 0x00, 0x78, 0x01,
    0xE0, 0x07, 0x80, 0x0E, 0x01, 0xF0, 0x0F, 0x80, 0x38, 0x0F, 0x00, 0x60, 0xF0, 0xFF, 0x0F, 0xF0,
    0xF7, 0x9E, 0x79, 0xE3, 0x9C, 0x3F, 0xC3, 0xFC, 0x1F, 0x81, 0xF8, 0x0F, 0x80, 0xF0, 0x0F, 0x01,
    0xE0, 0xFE, 0x0F, 0xC0, 0xF8, 0x00, 0x1E, 0x60, 0x7F, 0x83, 0xFC, 0x0C, 0x60, 0x00, 0x03, 0xC1,
    0xEF, 0x87, 0x9E, 0x3C, 0x7C, 0xF0, 0xF7, 0x83, 0xFE, 0x07, 0xF0, 0x0F, 0x80, 0x3E, 0x00, 0x78,
    0x01, 0xE0, 0x07, 0x80, 0x1E, 0x00, 0x78, 0x01, 0xE0, 0x1C, 0xE3, 0xFC, 0x3F, 0xC3, 0x38, 0xF0,
    0xFF, 0x0F, 0xF0, 0xF7, 0x9E, 0x79, 0xE3, 0x9C, 0x3F, 0xC3, 0xFC, 0x1F, 0x81, 0xF8, 0x0F, 0x80,
    0xF0, 0x0F, 0x01, 0xE0, 0xFE, 0x0F, 0xC0, 0xF8, 0x00, 0x00, 0xEF, 0xFE, 0xF3, 0x0C, 0x30, 0xC3,
    0x0C, 0x30, 0xC3, 0x0C, 0x30, 0xC3, 0x00, 0x01, 0xCF, 0xDF, 0x3C, 0x30, 0xC3, 0x0C, 0x30, 0xC3,
    0x0C, 0x30, 0xC3, 0x0C, 0x30, 0xFD, 0xFB, 0xF0, 0xFD, 0xFB, 0xF0, 0x7F, 0xEF, 0xFF, 0xFF, 0xF0,
    0xFF, 0xFF, 0xFF, 0xFF, 0x80, 0xFF, 0xFF, 0xFF, 0xFF, 0xFF, 0xFF, 0xFF, 0xFE, 0xFF, 0xFF, 0xFF,
    0xFF, 0xFF, 0xFF, 0xFF, 0xFE, 0x63, 0xB9, 0xDC, 0xEE, 0x77, 0x3B, 0x9D, 0xCE, 0xE7, 0x73, 0xB9,
    0xDC, 0xEE, 0x77, 0x3B, 0x9D, 0xCE, 0xE7, 0x73, 0xB9, 0xDC, 0xEE, 0x76, 0x38, 0x7F, 0xDF, 0xF0,
    0x01, 0xFF, 0x7F, 0xC0, 0x3B, 0xDE, 0xE7, 0x38, 0x7B, 0xDC, 0xEF, 0x70, 0x7B, 0xDC, 0xEF, 0x70,
    0xF7, 0x9C, 0xE7, 0x18, 0x3B, 0x9E, 0xE7, 0x79, 0xDE, 0x77, 0x9D, 0xE0, 0x7F, 0xBF, 0xDD, 0xEE,
    0xFF, 0x77, 0x38, 0x7F, 0xBF, 0xDD, 0xEE, 0xFF, 0x77, 0x38, 0xF7, 0x3D, 0xE7, 0x79, 0xCE, 0x73,
    0x8C, 0x60, 0x0E, 0x03, 0x80, 0xE0, 0x38, 0xFF, 0xFF, 0xFF, 0xFC, 0x38, 0x0E, 0x03, 0x80, 0xE0,
    0x38, 0x0E, 0x03, 0x80, 0xE0, 0x38, 0x0E, 0x03, 0x00, 0x0E, 0x03, 0x80, 0xE0, 0x38, 0xFF, 0xFF,
    0xFF, 0xFC, 0x38, 0x0E, 0x03, 0x8F, 0xFF, 0xFF, 0xFF, 0xC3, 0x80, 0xE0, 0x38, 0x0E, 0x03, 0x00,
    0x3C, 0xFD, 0xFB, 0xF7, 0xE7, 0x80, 0x81, 0xC3, 0xC7, 0xEF, 0xFF, 0x3C, 0x60, 0x00, 0x27, 0xBD,
    0xE6, 0x00, 0x40, 0xBC, 0xFF, 0x3F, 0xCF, 0x61, 0x80, 0xF0, 0xE1, 0xFE, 0x3E, 0x3F, 0xC7, 0xC7,
    0xF8, 0x70, 0xF0, 0x4F, 0xFF, 0x60, 0xFF, 0xEC, 0x30, 0xC3, 0x0C, 0x30, 0xC3, 0x0C, 0x30, 0xC3,
    0x0C, 0x30, 0xFD, 0xF0, 0xC3, 0x0C, 0x30, 0xC3, 0x0C, 0x30, 0xC3, 0x0C, 0x30, 0xC3, 0xFF, 0xFF,
    0xFF, 0xFC, 0xC3, 0x0C, 0x30, 0xC3, 0x0C, 0x30, 0xC3, 0x0C, 0x30, 0xC0, 0xFF, 0xFC, 0x30, 0xFC,
    0xC3, 0x0C, 0x30, 0xC3, 0x0C, 0x30, 0xC3, 0x0C, 0x30, 0xC0, 0xFF, 0xF0, 0xC3, 0xFC, 0xC3, 0x0C,
    0x30, 0xC3, 0x0C, 0x30, 0xC3, 0x0C, 0x30, 0xC0, 0x3E, 0x0E, 0x00, 0x0F, 0xE3, 0xC0, 0x01, 0xDC,
    0xF0, 0x00, 0x7B, 0xDE, 0x00, 0x0F, 0x7F, 0x80, 0x00, 0xEE, 0xF0, 0x00, 0x1F, 0xFC, 0x00, 0x01,
    0xF7, 0x7C, 0x3E, 0x01, 0xFF, 0xCF, 0xE0, 0x3B, 0xBF, 0xDC, 0x0F, 0x73, 0xF3, 0x81, 0xCE, 0x7E,
    0x70, 0x79, 0xDF, 0xEE, 0x1E, 0x3F, 0x9F, 0xC3, 0xC3, 0xE1, 0xF0, 0x00, 0x00, 0x00, 0x00, 0x07,
    0xC1, 0xC0, 0x00, 0x01, 0xF8, 0x70, 0x00, 0x00, 0x7F, 0x8E, 0x00, 0x00, 0x0F, 0x73, 0x80, 0x00,
    0x01, 0xCE, 0xF0, 0x00, 0x00, 0x3D, 0xDC, 0x00, 0x80, 0x87, 0xBF, 0xFC, 0x7C, 0x7C, 0x7F, 0xFF,
    0xDF, 0xDF, 0xC7, 0xFF, 0xBB, 0xBB, 0xB8, 0x67, 0x77, 0xF7, 0xF7, 0x01, 0xCE, 0xFE, 0xFE, 0xE0,
    0x39, 0xDF, 0xDF, 0xDC, 0x0E, 0x3B, 0xBB, 0xBB, 0x83, 0xC7, 0xF7, 0xF7, 0xF0, 0x70, 0x7C, 0x7C,
    0x7C, 0x00, 0x02, 0x02, 0x02, 0x00, 0x1E, 0x38, 0xE1, 0xC7, 0x0C, 0x00, 0x1E, 0xE1, 0xDE, 0x39,
    0xC3, 0xB8, 0x73, 0x86, 0x70, 0x1E, 0xEF, 0x1D, 0xEE, 0x39, 0xDE, 0x3B, 0x9C, 0x73, 0xB8, 0x67,
    0x38, 0xE1, 0xC7, 0x0E, 0x38, 0x70, 0xE7, 0x0E, 0xF1, 0xCE, 0x1D, 0xE3, 0x9C, 0x39, 0x80, 0xE7,
    0x78, 0xEF, 0x71, 0xCE, 0xF1, 0xDE, 0xE3, 0x9C, 0xE3, 0x99, 0xC0, 0x18, 0x0E, 0x0F, 0x07, 0xC7,
    0x63, 0x3B, 0x8C, 0x00, 0x38, 0xF3, 0xE7, 0x9F, 0x1E, 0x3E, 0x3C, 0x38, 0x00, 0x00, 0xE1, 0xE3,
    0xC3, 0xC7, 0xCF, 0x3C, 0x78, 0xE0, 0x00, 0x00, 0x00, 0x63, 0xC4, 0xF3, 0xCE, 0x7B, 0xDE, 0x3C,
    0x3C, 0x1E, 0x78, 0x0F, 0xF0, 0xE7, 0xEF, 0xF3, 0xCF, 0xE7, 0xEF, 0x4F, 0xF6, 0x1E, 0x78, 0x3C,
    0x3C, 0x7B, 0x9E, 0xF3, 0xCE, 0x63, 0xC6, 0x01, 0x80, 0xF3, 0xFC, 0xFF, 0x3F, 0xCF, 0xF3, 0xFC,
    0xFF, 0x3F, 0xCF, 0xF3, 0xFC, 0xF6, 0x19, 0x04, 0xF3, 0xFC, 0xFF, 0x3D, 0x86, 0x00, 0x1F, 0xCF,
    0xFB, 0xFF, 0x7B, 0xCE, 0xF3, 0xF8, 0xFE, 0x3E, 0x0F, 0x03, 0xC0, 0x00, 0x08, 0x0F, 0x03, 0xC0,
    0xF0, 0x08, 0x00, 0x7F, 0xF7, 0xFF, 0x7F, 0xE0, 0x40, 0x16, 0x01, 0x98, 0x1C, 0x7F, 0xC1, 0xFC,
    0x00, 0x0F, 0x81, 0xFE, 0x1E, 0x38, 0xC0, 0x6C, 0x01, 0x00, 0x01, 0x81, 0x80, 0xC0, 0xC0, 0x60,
    0x70, 0x30, 0x38, 0x1C, 0x1E, 0x0F, 0x8E, 0xC6, 0x77, 0x18, 0x00, 0x38, 0x00, 0x00, 0x38, 0x00,
    0x00, 0x38, 0x00, 0x03, 0xFF, 0x80, 0x03, 0xFF, 0x80, 0x03, 0xFF, 0x80, 0x00, 0x7C, 0x00, 0x00,
    0xFE, 0x00, 0x00, 0xEF, 0x00, 0x1E, 0x66, 0xF0, 0x1E, 0x00, 0xF0, 0x0E, 0x00, 0x60, 0xEF, 0xC7,
    0x6E, 0xFF, 0xC7, 0xFE, 0xFF, 0xC7, 0xFE, 0x1F, 0x01, 0xF8, 0x3F, 0x01, 0xF8, 0x7F, 0x83, 0xFC,
    0x33, 0x81, 0x98, 0x00, 0x00, 0x00, 0xFF, 0xFF, 0xC0, 0x00, 0xE0, 0x3C, 0x0F, 0x01, 0xE0, 0x78,
    0x0F, 0x03, 0xC0, 0x78, 0x1E, 0x03, 0xC0, 0xF0, 0x1E, 0x07, 0x80, 0xE0, 0x3C, 0x00, 0xFF, 0xFF,
    0xB8, 0xE3, 0x8E, 0x38, 0xFF, 0xFF, 0xB8, 0xE3, 0x8E, 0x38, 0xFF, 0xFF, 0x80, 0xFF, 0xFF, 0xCF,
    0x3C, 0xF3, 0xCF, 0xFF, 0xFF, 0xCF, 0x3C, 0xF3, 0xCF, 0xFF, 0xFF, 0xC0, 0x00, 0x00, 0x07, 0xF1,
    0xFC, 0xFF, 0xBF, 0xEF, 0xFF, 0xFF, 0x43, 0xD0, 0xF0, 0x3C, 0x0F, 0x07, 0x81, 0xE0, 0xF8, 0x3E,
    0x1F, 0x07, 0x81, 0xC0, 0x70, 0x1C, 0x0F, 0x01, 0x80, 0x60, 0x08, 0x02, 0x03, 0xC0, 0xF0, 0x3C,
    0x0F, 0x03, 0xC0, 0xF0, 0x08, 0x06, 0x00, 0x00, 0x00, 0xFE, 0x3F, 0xFE, 0x7F, 0xFE, 0xF4, 0x3D,
    0xE0, 0x7B, 0xC1, 0xE7, 0x87, 0xCF, 0x1F, 0x1E, 0x38, 0x3C, 0x70, 0x78, 0xC0, 0x60, 0x80, 0x87,
    0x83, 0xCF, 0x07, 0x9E, 0x0F, 0x08, 0x0C, 0x00, 0x01, 0xE7, 0xF3, 0xDF, 0xF7, 0xBF, 0xFF, 0x21,
    0xFE, 0x03, 0xFC, 0x0F, 0x78, 0x3E, 0xF0, 0xF9, 0xE1, 0xC3, 0xC3, 0x83, 0x06, 0x04, 0x04, 0x1E,
    0x3C, 0x3C, 0x78, 0x78, 0xF0, 0x60, 0x40, 0x7F, 0xEF, 0xFD, 0xFF, 0x80, 0xF0, 0x1C, 0x07, 0x81,
    0xE0, 0x38, 0x0F, 0x03, 0xC0, 0x78, 0x1E, 0x00, 0xFF, 0xCF, 0xFE, 0xEF, 0xEE, 0xFF, 0xEF, 0xFE,
    0xFF, 0xEF, 0xFE, 0xFE, 0xEF, 0xEE, 0xFC, 0xEF, 0x8E, 0xC0, 0xEC, 0x0E, 0xC0, 0xEC, 0x0E, 0xC0,
    0xEC, 0x0E, 0xC0, 0xEC, 0x00, 0x1F, 0xEF, 0xFF, 0xFF, 0xFF, 0xBF, 0xF7, 0xFE, 0xFF, 0xDF, 0xFB,
    0xFF, 0x6F, 0xFD, 0xFF, 0x80, 0x00, 0x7F, 0x8F, 0xFE, 0xFF, 0xEE, 0xFF, 0xEF, 0xFE, 0xFF, 0xEF,
    0xFE, 0xFF, 0xEF, 0xFF, 0xFE, 0xFF, 0xC0, 0x00, 0x0E, 0x01, 0xC0, 0x38, 0x3F, 0xFF, 0xFF, 0xFF,
    0xC7, 0xC1, 0xFC, 0x3B, 0xC3, 0x30, 0x67, 0xBD, 0xE0, 0x00, 0x00, 0x07, 0xBD, 0xE7, 0x38, 0xE0,
    0x0F, 0x81, 0xFE, 0x1E, 0x38, 0xC0, 0x6C, 0x01, 0x00, 0x00, 0x00, 0x00, 0x00, 0x00, 0x00, 0x00,
    0x00, 0x00, 0x00, 0x00, 0x00, 0x00, 0x00, 0x00, 0x00, 0x00, 0x00, 0x02, 0x00, 0xB0, 0x0C, 0xC0,
    0xE3, 0xFE, 0x0F, 0xE0, 0x0E, 0x01, 0xC0, 0x38, 0x3F, 0xFF, 0xFF, 0xFF, 0xC7, 0xC1, 0xFC, 0x3B,
    0xC3, 0x30, 0x00, 0x07, 0x00, 0xE0, 0x1C, 0x1F, 0xFF, 0xFF, 0xFF, 0xE3, 0xE0, 0xFE, 0x1D, 0xE1,
    0x98, 0x00, 0x79, 0xFD, 0xFE, 0xE6, 0xF0, 0x70, 0x38, 0x38, 0x1C, 0x1E, 0x0E, 0x07, 0x07, 0x03,
    0xBF, 0xDF, 0xCF, 0x03, 0x00, 0x1F, 0xE0, 0x33, 0xFF, 0xFF, 0x9F, 0xFF, 0xFC, 0xC0, 0x3F, 0x80,
    0x0F, 0x81, 0xFF, 0x1C, 0x3D, 0xC0, 0x6C, 0x01, 0x00, 0x06, 0x02, 0x68, 0x77, 0xC3, 0xFC, 0x3F,
    0x8F, 0xFE, 0xFF, 0xE3, 0xF8, 0x7F, 0xC3, 0x6C, 0x06, 0x00, 0x01, 0x80, 0xF0, 0x3C, 0x0F, 0x00,
    0x00, 0x00, 0x03, 0xC0, 0xF0, 0x3C, 0x06, 0x00, 0x00, 0x00, 0x00, 0xF0, 0x3C, 0x0F, 0x01, 0x80,
    0x1F, 0xEE, 0xF1, 0xDD, 0xEE, 0x3B, 0xDD, 0xE3, 0xBB, 0x9C, 0x77, 0x3B, 0x86, 0x73, 0x38, 0x01,
    0x80, 0x03, 0xC0, 0x03, 0xC0, 0x03, 0xC0, 0x00, 0x00, 0x00, 0x00, 0x00, 0x00, 0xF0, 0x0F, 0xF0,
    0x0F, 0xF0, 0x0F, 0x60, 0x06, 0x00, 0x00, 0x00, 0x00, 0x03, 0xC0, 0x03, 0xC0, 0x03, 0xC0, 0x01,
    0x80, 0x60, 0x06, 0xF0, 0x0F, 0xF0, 0x0F, 0xF0, 0x0F, 0x00, 0x00, 0x00, 0x00, 0x00, 0x00, 0x03,
    0xC0, 0x03, 0xC0, 0x03, 0xC0, 0x00, 0x80, 0x00, 0x00, 0x00, 0x00, 0xF0, 0x07, 0xF0, 0x0F, 0xF0,
    0x0F, 0x60, 0x07, 0x0F, 0xFF, 0x60, 0x00, 0x00, 0x00, 0x4F, 0xFF, 0x60, 0x06, 0x00, 0x78, 0x03,
    0xC0, 0x1E, 0x00, 0x00, 0x00, 0x00, 0x00, 0x1E, 0x0E, 0xF0, 0xFF, 0x87, 0xF8, 0x1C, 0x00, 0x00,
    0x00, 0x01, 0x00, 0x3C, 0x01, 0xE0, 0x0F, 0x00, 0x10, 0x00, 0x01, 0xC0, 0x0C, 0xE3, 0x0F, 0x73,
    0xC7, 0xB9, 0xE3, 0xDC, 0xF0, 0x0E, 0x00, 0x07, 0x01, 0xFF, 0xFF, 0xFF, 0xFF, 0xFF, 0xFF, 0xC0,
    0x70, 0x00, 0x38, 0x03, 0xDC, 0xF1, 0xEE, 0x78, 0xF7, 0x3C, 0x33, 0x8C, 0x01, 0xC0, 0x00, 0xFF,
    0xF7, 0x00, 0x6F, 0xFF, 0x00, 0x0F, 0xFF, 0x60, 0x6F, 0xFF, 0x0F, 0xFF, 0x0F, 0xFF, 0x6F, 0xFF,
    0x60, 0xFF, 0xF3, 0x0C, 0xFC, 0xC3, 0x0C, 0x30, 0xC3, 0x0C, 0x30, 0xC3, 0x0C, 0x30, 0xC0, 0xFF,
    0xFC, 0xF3, 0xFC, 0xC3, 0x0C, 0x30, 0xC3, 0x0C, 0x30, 0xC3, 0x0C, 0x30, 0xC0, 0x79, 0xE7, 0x8C,
    0x30, 0xC3, 0x0C, 0x30, 0xC3, 0x0C, 0x30, 0xC3, 0x0C, 0x30, 0xC0, 0x00, 0xC3, 0x1E, 0xFC, 0xC3,
    0x0C, 0x30, 0xC3, 0x0C, 0x30, 0xC3, 0x0C, 0x30, 0xC0, 0x00, 0xCF, 0xDE, 0x30, 0xC3, 0x0C, 0x30,
    0xC3, 0x0C, 0x30, 0xC3, 0x0C, 0x30, 0xC0, 0xF3, 0xC3, 0x0C, 0xFC, 0xC3, 0x0C, 0x30, 0xC3, 0x0C,
    0x30, 0xC3, 0x0C, 0x30, 0xC0, 0x7C, 0x7E, 0xFE, 0xE7, 0xE7, 0xE7, 0xFE, 0x7E, 0x7C, 0x66, 0x66,
    0x66, 0x66, 0x66, 0x00, 0x1E, 0x3E, 0x7E, 0x6E, 0xFF, 0xFF, 0x0E, 0x0E, 0x7E, 0xFD, 0xC3, 0xE7,
    0xE1, 0xD3, 0xFF, 0xFC, 0x1E, 0x3E, 0x78, 0x7E, 0xFE, 0xEE, 0xFE, 0x7E, 0x3C, 0xFE, 0xFE, 0x0E,
    0x1C, 0x1C, 0x38, 0x38, 0x38, 0x7C, 0x7E, 0xEE, 0x7E, 0x7E, 0xFE, 0xEF, 0xFE, 0x7E, 0x7C, 0x7E,
    0xEE, 0xEE, 0x7E, 0x7E, 0x1E, 0x7C, 0x78, 0x18, 0x31, 0xF7, 0xF7, 0xE3, 0x06, 0x00, 0x7D, 0xFD,
    0xF8, 0x7F, 0xFC, 0x07, 0xFF, 0xE0, 0x77, 0xEE, 0xEE, 0xEE, 0xE6, 0x73, 0xE6, 0x77, 0x77, 0x77,
    0x77, 0xEE, 0xFD, 0xFF, 0xBE, 0x7C, 0xF9, 0xF3, 0x80, 0x7C, 0x7E, 0xFE, 0xE7, 0xE7, 0xE7, 0xFE,
    0x7E, 0x7C, 0x1D, 0xF7, 0xDF, 0x1C, 0x71, 0xC7, 0x1C, 0x7D, 0xFD, 0xB8, 0xF3, 0xCF, 0x1C, 0x7F,
    0xFE, 0xFD, 0xFD, 0x79, 0xE3, 0xE1, 0xD3, 0xFF, 0xFC, 0x1E, 0x3E, 0x7E, 0x6E, 0xFF, 0xFF, 0x0E,
    0x0E, 0x7E, 0xFD, 0xC3, 0xE7, 0xE1, 0xD3, 0xFF, 0xFC, 0x1E, 0x3E, 0x78, 0x7E, 0xFE, 0xEE, 0xFE,
    0x7E, 0x3C, 0xFE, 0xFE, 0x0E, 0x1C, 0x1C, 0x38, 0x38, 0x38, 0x7C, 0x7E, 0xEE, 0x7E, 0x7E, 0xFE,
    0xEF, 0xFE, 0x7E, 0x7C, 0x7E, 0xEE, 0xEE, 0x7E, 0x7E, 0x1E, 0x7C, 0x78, 0x18, 0x31, 0xF7, 0xF7,
    0xE3, 0x06, 0x00, 0x7D, 0xFD, 0xF8, 0x7F, 0xFC, 0x07, 0xFF, 0xE0, 0x77, 0xEE, 0xEE, 0xEE, 0xE6,
    0x73, 0xE6, 0x77, 0x77, 0x77, 0x77, 0xEE, 0x7E, 0x7E, 0x1F, 0x7F, 0xE7, 0xFF, 0x7F, 0x00, 0x3E,
    0x7E, 0xFF, 0xFF, 0xE0, 0x7E, 0x7E, 0x00, 0x3E, 0x7F, 0xE7, 0xE7, 0xE7, 0x7F, 0x7E, 0x00, 0xE7,
    0x7E, 0x7C, 0x3C, 0x7C, 0x7E, 0xE7, 0x7C, 0x7E, 0x07, 0xFF, 0xFF, 0x7E, 0x7E, 0x00, 0xC1, 0x83,
    0x07, 0xEF, 0xFD, 0xF3, 0xE7, 0xCF, 0x9C, 0xC0, 0xC0, 0xC0, 0xCE, 0xDC, 0xF8, 0xF8, 0xFC, 0xDE,
    0xCE, 0xDB, 0x6D, 0xB6, 0xD8, 0xFF, 0xEF, 0xFE, 0xEE, 0x7C, 0xE7, 0xCE, 0x7C, 0xE7, 0xCE, 0x70,
    0xFD, 0xFF, 0xBE, 0x7C, 0xF9, 0xF3, 0x80, 0xFD, 0xFF, 0xBE, 0x7E, 0xFF, 0xFF, 0x60, 0xC1, 0x80,
    0x7D, 0xFB, 0xC3, 0xE1, 0xFF, 0xFF, 0x00, 0x21, 0xCF, 0xFF, 0x71, 0xC7, 0x1F, 0x7C, 0x00, 0x00,
    0x03, 0xF8, 0x7F, 0x87, 0xF0, 0xF0, 0x0F, 0x7F, 0xF7, 0xFF, 0x7F, 0xF7, 0x87, 0xFE, 0x7F, 0xF3,
    0xFF, 0x07, 0x80, 0x7F, 0x07, 0xF0, 0x7F, 0x03, 0xF0, 0x1F, 0x07, 0xFC, 0x7F, 0xE7, 0xFF, 0x3F,
    0xF1, 0xFB, 0x1E, 0xD8, 0xF6, 0xC7, 0xB6, 0x1F, 0xF0, 0xFB, 0x07, 0xFF, 0x1F, 0xF8, 0x7F, 0xC3,
    0xFC, 0x1B, 0x00, 0x48, 0x00, 0x00, 0x00, 0xFF, 0x1F, 0xF3, 0xFE, 0x7C, 0x07, 0x80, 0x78, 0x2F,
    0x3F, 0xF3, 0xFF, 0x3E, 0x73, 0x87, 0xB8, 0x7B, 0x87, 0xFE, 0x3F, 0xE1, 0xFE, 0x03, 0x00, 0x3F,
    0xEF, 0xFD, 0xFF, 0xBC, 0x07, 0x80, 0xF0, 0x1F, 0xFB, 0xFF, 0x7F, 0xEF, 0x03, 0xFC, 0x7F, 0xCF,
    0xF0, 0xF0, 0x1E, 0x00, 0x00, 0x00, 0xFE, 0x1F, 0xE1, 0xFE, 0x3C, 0x03, 0xC0, 0x7F, 0xCF, 0xFC,
    0x7F, 0x87, 0xFC, 0xFF, 0xC3, 0xC0, 0x3C, 0x07, 0xFF, 0xFF, 0xFF, 0xFF, 0x00, 0x1C, 0x00, 0x06,
    0x0E, 0x7B, 0xF3, 0xFF, 0xFE, 0xFF, 0xFF, 0xFE, 0x7C, 0xFF, 0x1E, 0x3F, 0xC7, 0x8F, 0xF1, 0xE3,
    0xFC, 0x78, 0xFF, 0x3E, 0x3F, 0xCF, 0x8F, 0xF7, 0xE3, 0xFD, 0xF8, 0xF0, 0x60, 0x00, 0x38, 0x00,
    0x0C, 0x00, 0x00, 0x78, 0xE7, 0x8E, 0x7C, 0xE7, 0xCE, 0x7C, 0xEF, 0xFF, 0xFF, 0xF7, 0x6E, 0xFF,
    0xFF, 0xFF, 0x77, 0xE7, 0x3E, 0x73, 0xE7, 0x3E, 0x71, 0xE0, 0xFF, 0x00, 0x7F, 0xC0, 0x3F, 0xF0,
    0x1E, 0x78, 0x0F, 0x3C, 0xC7, 0x9E, 0xE3, 0xCF, 0x7F, 0xFF, 0xFF, 0xFF, 0xFF, 0xFF, 0x0E, 0x3C,
    0x07, 0x1E, 0x03, 0x8F, 0x01, 0xEF, 0x80, 0xFF, 0xC0, 0x3E, 0x00, 0x04, 0xFF, 0x00, 0x3F, 0xE0,
    0x0F, 0xF8, 0x03, 0xCF, 0x3E, 0xF3, 0xDF, 0xFC, 0xEF, 0xEF, 0xFB, 0x8B, 0xFE, 0xF0, 0xFF, 0x3F,
    0x3F, 0xC7, 0xEF, 0x70, 0x7F, 0xDE, 0x0F, 0xF7, 0xB3, 0xFC, 0xFF, 0xEF, 0x3F, 0xF8, 0x00, 0x30,
    0xE3, 0x8E, 0xE3, 0xCE, 0xF3, 0xCE, 0x77, 0xCE, 0x77, 0xCE, 0x77, 0xDC, 0xFF, 0xFE, 0xFF, 0xFF,
    0xFF, 0xFE, 0x3E, 0xFC, 0x3E, 0xFC, 0x3E, 0x78, 0x3E, 0x78, 0x3C, 0x78, 0x3C, 0x78, 0xFF, 0xC7,
    0xFF, 0xF3, 0xFF, 0xFD, 0xFE, 0x1E, 0xFF, 0x77, 0x7F, 0xBB, 0xBF, 0xDD, 0xDF, 0xEE, 0xEF, 0xF7,
    0x77, 0xFB, 0xBB, 0xFD, 0xDD, 0xFE, 0xEE, 0xFF, 0x7F, 0xF7, 0xBF, 0xFB, 0xDF, 0xF0, 0x00, 0xF0,
    0x1F, 0xE0, 0x7F, 0xC1, 0xFF, 0x00, 0xF0, 0x7F, 0xC3, 0xFF, 0x1F, 0xFC, 0x78, 0xF1, 0xE3, 0xC7,
    0x8F, 0x1E, 0x3C, 0x78, 0xF1, 0xFF, 0xC3, 0xFF, 0x0F, 0xFC, 0x0C, 0x00, 0x7F, 0x83, 0xFE, 0x0F,
    0xF8, 0x07, 0xF0, 0xFF, 0x1F, 0xE1, 0xF2, 0x3C, 0x07, 0xFE, 0x7F, 0xC3, 0xC0, 0x7F, 0xC7, 0xFC,
    0x3C, 0x01, 0xF3, 0x1F, 0xF0, 0xFF, 0x07, 0xF0, 0x78, 0xF7, 0x9E, 0x79, 0xE7, 0xBC, 0x7B, 0xC7,
    0xF8, 0xFF, 0xEF, 0xFE, 0xFF, 0xE7, 0xF8, 0x7B, 0xC7, 0xBC, 0x79, 0xE7, 0x9E, 0x78, 0xF0, 0xFF,
    0xFF, 0xFF, 0xFF, 0xF0, 0xF0, 0x0F, 0xC0, 0xFC, 0x0F, 0xC3, 0xF0, 0x3F, 0xC3, 0xFC, 0x1F, 0xC3,
    0xF0, 0x3F, 0x03, 0xF0, 0x0F, 0x00, 0x00, 0x00, 0x07, 0xFC, 0x00, 0x3F, 0xF8, 0x00, 0xFF, 0xE0,
    0x01, 0xCF, 0x00, 0x1E, 0x78, 0x00, 0xF1, 0xE0, 0x07, 0x8F, 0x00, 0x38, 0x78, 0x01, 0xC3, 0xDF,
    0x9E, 0x3D, 0xFC, 0xF1, 0xFE, 0xF7, 0x9E, 0xE3, 0xBF, 0xF7, 0x3F, 0xFF, 0x3F, 0xDF, 0xE3, 0xFC,
    0x00, 0x1E, 0x80, 0x00, 0xE0, 0x00, 0x07, 0x00, 0x00, 0x38, 0x00, 0x03, 0xC0, 0x00, 0x00, 0x00,
    0x7E, 0x0F, 0xE0, 0xFF, 0x0E, 0xF0, 0xEF, 0x0F, 0xF0, 0xFE, 0x0F, 0xE0, 0x7C, 0x17, 0xC3, 0x7C,
    0x7F, 0xE7, 0xFE, 0xFF, 0xEE, 0xCF, 0x08, 0xF0, 0x0F, 0x03, 0xF0, 0x3E, 0x03, 0xE0, 0x7F, 0x87,
    0xFC, 0x7F, 0xEF, 0xFF, 0xFF, 0xF7, 0x9E, 0xFF, 0xFF, 0xFF, 0x7F, 0xE7, 0xFC, 0x7F, 0x87, 0x80,
    0x78, 0x07, 0x80, 0x78, 0x00, 0x03, 0x00, 0x7F, 0x8F, 0xFE, 0xFF, 0xE7, 0xF0, 0x7D, 0x83, 0xCC,
    0x1E, 0x7F, 0xF3, 0xFF, 0x9F, 0xFC, 0xFF, 0xE6, 0xF7, 0xB7, 0xBF, 0xFC, 0xFF, 0xE3, 0xFF, 0x03,
    0x80, 0x18, 0x00, 0x07, 0x80, 0x3E, 0x00, 0xFC, 0x03, 0xF0, 0x1F, 0xC3, 0xFF, 0xEF, 0xFF, 0xFF,
    0xFE, 0xFF, 0xFB, 0xFF, 0xFF, 0xFF, 0x9E, 0x1E, 0xF0, 0x7B, 0xC0, 0xEF, 0x03, 0xC0, 0x3F, 0x87,
    0xFC, 0x3F, 0xC3, 0x3E, 0xFF, 0xFF, 0xFF, 0x1F, 0x83, 0xF0, 0xFF, 0xFF, 0xFF, 0x78, 0x07, 0xCC,
    0x7F, 0xE3, 0xFE, 0x1F, 0xC0, 0x03, 0x01, 0xFE, 0x3F, 0xF7, 0xFE, 0x7B, 0x2F, 0x30, 0xF3, 0x0F,
    0x30, 0xF3, 0x0F, 0x30, 0xF3, 0x0F, 0x30, 0x7B, 0x07, 0xFE, 0x3F, 0xE1, 0xFE, 0x03, 0x80, 0x30,
    0x18, 0xE0, 0xE3, 0x83, 0xFF, 0xFF, 0xFF, 0xFF, 0xFC, 0xE7, 0x83, 0x9E, 0x0E, 0x78, 0x39, 0xE0,
    0xE7, 0x83, 0x9E, 0x0E, 0x7F, 0x39, 0xFC, 0xE3, 0xF0, 0x03, 0x00, 0x00, 0x00, 0x07, 0xF8, 0x1F,
    0xF0, 0x3F, 0xE0, 0x70, 0x40, 0xE0, 0x01, 0xF0, 0x03, 0xF8, 0x03, 0xF8, 0x03, 0xF8, 0x01, 0xFF,
    0xFF, 0xFF, 0xFF, 0xFE, 0xEF, 0x9F, 0xFF, 0x1F, 0xFC, 0x37, 0xE0, 0x66, 0xC0, 0xFF, 0xFF, 0xFF,
    0xFF, 0xF0, 0x00, 0xFF, 0xFF, 0xFF, 0xFF, 0xF0, 0xF0, 0x0F, 0x00, 0xF0, 0x0F, 0x00, 0xF0, 0x0F,
    0x00, 0xF0, 0x0F, 0x00, 0x7F, 0xFB, 0xFF, 0xC1, 0xF0, 0x03, 0x87, 0xFF, 0x3F, 0xF8, 0x0F, 0x01,
    0xF8, 0x7F, 0x83, 0xF8, 0x1F, 0x00, 0x7C, 0x01, 0xF0, 0x07, 0xC0, 0x1E, 0x00, 0x3C, 0x03, 0xD8,
    0x3F, 0x83, 0xF8, 0xFC, 0x0F, 0xF8, 0x3F, 0x8F, 0xCE, 0xFC, 0xFB, 0xCF, 0x3C, 0xE3, 0xDE, 0x3F,
    0xE3, 0xFC, 0x3F, 0x01, 0x80, 0x00, 0x00, 0x3E, 0x00, 0x37, 0x00, 0x19, 0xC0, 0x0F, 0xFF, 0xC7,
    0xFF, 0xF9, 0xFF, 0xFC, 0x1C, 0x1F, 0x0E, 0xD1, 0x87, 0xFD, 0xC3, 0xFF, 0xC1, 0xCC, 0xC3, 0xF0,
    0x00, 0xFF, 0xE0, 0x0F, 0xF0, 0x03, 0xF8, 0x00, 0x30, 0x00, 0x03, 0xC0, 0x01, 0xE0, 0x00, 0xF0,
    0x00, 0x78, 0x01, 0xFF, 0x81, 0xFF, 0xF1, 0xFF, 0xF9, 0xF7, 0xBE, 0xF3, 0xCF, 0x79, 0xE3, 0xB8,
    0xF1, 0xDC, 0x78, 0xFE, 0x00, 0x7F, 0x00, 0x3F, 0x80, 0x1E, 0x3F, 0xC3, 0xFF, 0x1F, 0xFC, 0xF1,
    0xE7, 0x87, 0xBC, 0x7B, 0xFF, 0xDF, 0xFE, 0xFF, 0xC3, 0xF0, 0x3F, 0xC1, 0xFF, 0x0F, 0xF8, 0x3C,
    0x01, 0xE0, 0x00, 0x00, 0x00, 0x0F, 0x80, 0x3F, 0x81, 0xFF, 0x87, 0xFF, 0x8F, 0xFF, 0xBD, 0xFF,
    0x7B, 0xEE, 0xF7, 0xDF, 0xED, 0xBF, 0xC0, 0x07, 0x80, 0x07, 0x80, 0x0F, 0x80, 0x1F, 0xFF, 0x3F,
    0xFE, 0x7F, 0xFC, 0x1F, 0x03, 0xE1, 0xFC, 0x7F, 0xEF, 0xFD, 0xE7, 0xBC, 0xF7, 0x9E, 0xFF, 0xDF,
    0xF3, 0xFF, 0x79, 0xFF, 0x1F, 0xE7, 0xFF, 0xF7, 0xFE, 0xFF, 0x83, 0xE0, 0x7C, 0x00, 0x00, 0x0F,
    0x87, 0xF8, 0xFF, 0x3E, 0x67, 0x80, 0xF0, 0x1C, 0x03, 0xC0, 0x78, 0x0F, 0xF8, 0xFF, 0x0F, 0xE0,
    0x70, 0xFF, 0x9F, 0xF3, 0xFE, 0x3F, 0x83, 0xFC, 0x3F, 0xE3, 0x3F, 0x00, 0xF1, 0xFF, 0x3F, 0xF7,
    0xFF, 0x7D, 0xFF, 0x0F, 0xF0, 0xF7, 0xBE, 0x7F, 0xE7, 0xFC, 0x1F, 0x80, 0x07, 0x80, 0x0F, 0x80,
    0x3F, 0x00, 0x7F, 0x00, 0xFE, 0x03, 0xDC, 0x07, 0xBC, 0x1E, 0x78, 0x3C, 0x78, 0x78, 0xF1, 0xE1,
    0xE3, 0xC1, 0xE7, 0xFF, 0xDF, 0xFF, 0xBF, 0xFF, 0x80, 0xFF, 0xFF, 0xFF, 0xFF, 0xFF, 0xE0, 0xFF,
    0x07, 0xF8, 0x3F, 0xC1, 0xFE, 0x0F, 0xF0, 0x7F, 0x83, 0xFC, 0x1F, 0xE0, 0xFF, 0x07, 0xF8, 0x3F,
    0xC1, 0xFE, 0x0F, 0xF0, 0x78, 0xFF, 0xFF, 0xFF, 0xFF, 0xBC, 0x03, 0xC0, 0x7C, 0x07, 0x80, 0x78,
    0x0F, 0x01, 0xE0, 0x78, 0x1E, 0x07, 0xC0, 0xF0, 0x3F, 0xFF, 0xFF, 0xFF, 0xE0, 0xFF, 0xFF, 0xFF,
    0xFC, 0x00, 0xE0, 0x3C, 0x0F, 0x01, 0xE0, 0x78, 0x0F, 0x03, 0xC0, 0x78, 0x1E, 0x03, 0xC0, 0xF0,
    0x1E, 0x07, 0x80, 0xE0, 0x3C, 0x00, 0x77, 0xFE, 0xE0, 0x00, 0x3C, 0x00, 0xE0, 0x07, 0x80, 0x1E,
    0x00, 0x70, 0x03, 0xC0, 0x0F, 0x0E, 0x38, 0xFD, 0xE1, 0xF7, 0x87, 0xFC, 0x03, 0xF0, 0x0F, 0xC0,
    0x1E, 0x00, 0x78, 0x00, 0x3D, 0xF3, 0xFF, 0xFF, 0xEF, 0xCE, 0x7F, 0xFB, 0xBF, 0xFC, 0xF7, 0xC0,
    0x00, 0x07, 0xC7, 0xE3, 0xF3, 0xE1, 0xE0, 0xF0, 0x78, 0x3C, 0x1E, 0x0F, 0x07, 0x83, 0xC1, 0xE0,
    0xF0, 0x78, 0x3C, 0x7E, 0x3E, 0x1F, 0x00, 0x00, 0x3C, 0x77, 0xEF, 0x7F, 0xEF, 0xFE, 0xE3, 0xC0,
    0x00, 0x3C, 0x77, 0xFF, 0x7F, 0xEF, 0xFE, 0xE3, 0xC0, 0x01, 0x80, 0xE0, 0x3B, 0xFF, 0xFF, 0xFF,
    0xF0, 0xE0, 0x70, 0xFF, 0xFF, 0xFF, 0xFD, 0xC0, 0x70, 0x18, 0x00, 0x03, 0xCF, 0xFF, 0xFF, 0xFE,
    0xF8, 0x3F, 0xEF, 0xFC, 0xFF, 0x03, 0xC0, 0x0F, 0xFF, 0xFF, 0xFF, 0xC0, 0xF0, 0x3F, 0xCF, 0xFD,
    0xFF, 0x07, 0xDF, 0xFF, 0xFF, 0xFC, 0xF0, 0x00, 0x0F, 0xFF, 0xFF, 0xFF, 0xC0, 0x3F, 0x1F, 0xBF,
    0x9F, 0xFF, 0xDF, 0xFF, 0x6F, 0xAF, 0x07, 0x87, 0xFB, 0xFF, 0xFD, 0xFF, 0xFE, 0xFF, 0xF0, 0x78,
    0x78, 0x3C, 0x3C, 0x1E, 0x1E, 0x0F, 0x0F, 0x07, 0x87, 0x83, 0xC3, 0xC1, 0xE1, 0xE0, 0xF0, 0x3F,
    0x7B, 0xFB, 0xFF, 0xDF, 0xF0, 0xFF, 0x00, 0x7F, 0xBF, 0xFD, 0xFF, 0xEF, 0xF0, 0x7F, 0x83, 0xFC,
    0x1F, 0xE0, 0xFF, 0x07, 0xF8, 0x3F, 0xC1, 0xFE, 0x0F, 0x3F, 0x78, 0xFE, 0xF3, 0xFD, 0xE7, 0xC3,
    0xCF, 0x07, 0x9F, 0xEF, 0x3F, 0xDE, 0x7F, 0xBC, 0xF0, 0x79, 0xE0, 0xF3, 0xC1, 0xE7, 0x83, 0xCF,
    0x07, 0xDE, 0x0F, 0xBC, 0x1F, 0x78, 0x1E, 0x3F, 0x1F, 0xB9, 0xFC, 0xFF, 0xFF, 0xF7, 0xF7, 0xFE,
    0xDF, 0x4E, 0xF0, 0x78, 0x03, 0xFD, 0xFE, 0xFF, 0xF7, 0xFB, 0xFF, 0xDF, 0xEF, 0xF0, 0x78, 0x3F,
    0xC1, 0xE0, 0xFF, 0x07, 0x83, 0xFC, 0x1E, 0x0F, 0xF0, 0x78, 0x3F, 0xC1, 0xE0, 0xFF, 0x07, 0x83,
    0xFC, 0x1E, 0x0F, 0x3F, 0x1F, 0xBC, 0xFE, 0x7F, 0x7B, 0xFD, 0xFC, 0xF7, 0xDB, 0xE9, 0xEF, 0x07,
    0x83, 0xDF, 0xEF, 0xF7, 0xBF, 0xDF, 0xEF, 0x7F, 0xBF, 0xDE, 0xF0, 0x78, 0x3D, 0xE0, 0xF0, 0x7B,
    0xC1, 0xE0, 0xF7, 0x83, 0xC1, 0xEF, 0x07, 0x83, 0xDE, 0x0F, 0x07, 0xFC, 0x1E, 0x0F, 0xF8, 0x3C,
    0x0F, 0x1F, 0xC0, 0xFF, 0xE1, 0xFF, 0xC7, 0x87, 0x8F, 0x0F, 0xFE, 0x7F, 0xFC, 0xFF, 0xF8, 0x78,
    0xF0, 0xF1, 0xE1, 0xE3, 0xC3, 0xC7, 0x87, 0x8F, 0x0F, 0x1E, 0x1F, 0xFC, 0x3F, 0xF8, 0x3F, 0x00,
    0x18, 0x01, 0xFC, 0x00, 0x7F, 0xE0, 0x1F, 0xFC, 0x03, 0xC7, 0x81, 0xF8, 0xFE, 0xFF, 0xBF, 0xDF,
    0xEF, 0xFB, 0x8C, 0x78, 0x7C, 0x0F, 0x0F, 0xE1, 0xE0, 0xFE, 0x3C, 0x07, 0xE7, 0x80, 0x3C, 0xF0,
    0xEF, 0x9F, 0xDF, 0xE3, 0xFB, 0xFC, 0x3F, 0x1C, 0x01, 0x80, 0x00, 0x00, 0x00, 0x00, 0x07, 0x9C,
    0x00, 0x3C, 0xE0, 0x00, 0xEF, 0x00, 0x07, 0xF8, 0x00, 0x3F, 0xE0, 0x03, 0xEF, 0xFF, 0xFE, 0x7F,
    0xFF, 0xF1, 0xFF, 0xFE, 0x01, 0xFF, 0x80, 0x00, 0x00, 0x00, 0x1D, 0x80, 0x00, 0xFC, 0x00, 0x03,
    0xE0, 0x00, 0x0E, 0x00, 0x00, 0x70, 0x00, 0x00, 0x00, 0x00, 0x00, 0x00, 0x00, 0x1C, 0x00, 0x00,
    0x07, 0x00, 0x01, 0x83, 0xC0, 0x00, 0xF0, 0xF0, 0x00, 0x7C, 0x3E, 0x00, 0x7F, 0x07, 0xFF, 0xFF,
    0xF9, 0xFF, 0xFF, 0xFF, 0x3F, 0xFF, 0x8F, 0xC1, 0xFE, 0x00, 0x00, 0x00, 0x00, 0x00, 0x07, 0xE0,
    0x00, 0x01, 0xF8, 0x00, 0x00, 0x3E, 0x00, 0x00, 0x07, 0x00, 0x00, 0x01, 0xC0, 0x00, 0x00, 0x00,
    0x00, 0x00, 0x3C, 0x78, 0xF0, 0xE1, 0xE3, 0xC7, 0xFE, 0xFD, 0xF0, 0x00, 0x0F, 0xDF, 0x9F, 0x1C,
    0x38, 0x00, 0x00, 0x03, 0xC0, 0x70, 0x0E, 0x03, 0xE1, 0xFF, 0xBF, 0xFF, 0xBE, 0x00, 0x00, 0x01,
    0xF8, 0x3F, 0x03, 0xC0, 0x70, 0x0E, 0x00, 0x00, 0x00, 0xC0, 0x00, 0x06, 0x00, 0x00, 0x3E, 0x00,
    0x01, 0xF8, 0x00, 0x0F, 0xC0, 0x00, 0xFC, 0x00, 0x01, 0x80, 0x00, 0x00, 0x1E, 0x70, 0x00, 0xF3,
    0x80, 0x03, 0xBC, 0x00, 0x1F, 0xE0, 0x00, 0xFF, 0x80, 0x0F, 0xBF, 0xFF, 0xF9, 0xFF, 0xFF, 0xC7,
    0xFF, 0xF8, 0x07, 0xFE, 0x00, 0x00, 0x40, 0x00, 0x00, 0x18, 0x00, 0x00, 0x07, 0xC0, 0x00, 0x01,
    0xF0, 0x00, 0x00, 0xFC, 0x00, 0x00, 0x3F, 0x00, 0x00, 0x07, 0x00, 0x00, 0x00, 0x00, 0x00, 0x70,
    0x00, 0x00, 0x1C, 0x00, 0x06, 0x0F, 0x00, 0x03, 0xC3, 0xC0, 0x01, 0xF0, 0xF8, 0x01, 0xFC, 0x1F,
    0xFF, 0xFF, 0xE7, 0xFF, 0xFF, 0xFC, 0xFF, 0xFE, 0x3F, 0x07, 0xF8, 0x00, 0x00, 0x61, 0x87, 0xDF,
    0xFF, 0xF7, 0x00, 0x39, 0xE3, 0xCF, 0x3C, 0xF3, 0xFF, 0xFB, 0xC0, 0x00, 0x10, 0x03, 0x00, 0x7C,
    0x0F, 0x83, 0xF0, 0x7E, 0x07, 0x00, 0x00, 0x00, 0x03, 0xC0, 0x70, 0x0E, 0x03, 0xE1, 0xFF, 0xBF,
    0xFF, 0xBE, 0x00, 0x00, 0x7C, 0x01, 0xFF, 0x01, 0xFF, 0xE3, 0xFF, 0xE0, 0x1F, 0xC0, 0xFF, 0x87,
    0xF8, 0x1F, 0x80, 0x7C, 0x00, 0xF0, 0x03, 0xCF, 0x87, 0x9F, 0x0F, 0x1C, 0x1E, 0x38, 0x3C, 0x00,
    0x7E, 0x06, 0x7F, 0xFC, 0x7F, 0xF8, 0x7F, 0xF0, 0x0E, 0x00, 0x7C, 0x00, 0x3F, 0xE0, 0x07, 0xFF,
    0x81, 0xFF, 0xF0, 0x01, 0xFC, 0x01, 0xFF, 0x01, 0xFF, 0x80, 0xFC, 0xF0, 0x7C, 0x3F, 0x9E, 0x07,
    0xFF, 0x3E, 0xFF, 0xCF, 0x80, 0xF1, 0xC0, 0x3C, 0x70, 0x0F, 0x00, 0x03, 0xF0, 0x30, 0x7F, 0xFC,
    0x0F, 0xFF, 0x01, 0xFF, 0xC0, 0x07, 0x00, 0x00, 0x03, 0xF8, 0x1F, 0xF0, 0xFF, 0xF0, 0x3F, 0x80,
    0xFC, 0x3F, 0xFF, 0xF8, 0xFF, 0x07, 0xE0, 0x00, 0x00, 0x00, 0x01, 0xF8, 0x0F, 0xC0, 0x3E, 0x00,
    0xE0, 0x07, 0x00, 0x00, 0x00, 0x00, 0x00, 0x7F, 0x00, 0x7F, 0xC0, 0x7F, 0xF8, 0x03, 0xF8, 0x01,
    0xF8, 0x0F, 0xF8, 0xFF, 0xFE, 0xFF, 0x7F, 0xFC, 0x3E, 0x00, 0x00, 0x00, 0x00, 0x1F, 0x80, 0x1F,
    0x80, 0x0F, 0x00, 0x0E, 0x00, 0x0E, 0x00, 0x00, 0x00, 0x10, 0x0E, 0x03, 0xF0, 0xFC, 0x3F, 0x0F,
    0x81, 0x80, 0x00, 0x02, 0x03, 0xC0, 0xF8, 0x1E, 0x03, 0xC0, 0xF0, 0x3D, 0x8F, 0x7F, 0xDF, 0xF7,
    0xF8, 0x00, 0x10, 0x00, 0xE0, 0x03, 0xF0, 0x0F, 0xC0, 0x3F, 0x00, 0xF8, 0x01, 0x80, 0x00, 0x00,
    0x02, 0x00, 0x3C, 0x00, 0xF8, 0x01, 0xE0, 0x07, 0xC0, 0x0F, 0x00, 0x3C, 0x18, 0xF8, 0x7F, 0xFD,
    0xFF, 0xF7, 0xFF, 0xC0, 0x00, 0x06, 0x07, 0x81, 0x83, 0xF1, 0xF8, 0xFC, 0x00, 0x00, 0x06, 0x07,
    0x83, 0xC0, 0xE0, 0x78, 0x3C, 0x1C, 0x1E, 0x1F, 0x3F, 0x3F, 0x1F, 0x06, 0x00, 0x06, 0x00, 0x70,
    0x03, 0x80, 0x37, 0x03, 0xF8, 0x0D, 0x80, 0x00, 0x00, 0x00, 0x06, 0x00, 0x78, 0x03, 0xC0, 0x0E,
    0x00, 0x78, 0x03, 0xF8, 0x1F, 0xC1, 0xFE, 0x1F, 0x03, 0xF0, 0x3F, 0x01, 0xF0, 0x06, 0x00, 0x00,
    0x08, 0x06, 0x03, 0xE1, 0xF1, 0xF8, 0xFC, 0x38, 0x00, 0x00, 0x03, 0x03, 0xC1, 0xE0, 0x70, 0x3C,
    0x1E, 0x0E, 0x0F, 0x0F, 0x9F, 0x9F, 0x8F, 0x83, 0x00, 0x08, 0x00, 0xC0, 0x07, 0xC0, 0x3F, 0x01,
    0xF8, 0x1F, 0x80, 0x30, 0x00, 0x00, 0x00, 0x00, 0x30, 0x03, 0xC0, 0x1E, 0x00, 0x70, 0x03, 0xC0,
    0x1F, 0xC0, 0xFE, 0x0F, 0xF0, 0xF8, 0x1F, 0x81, 0xF8, 0x0F, 0x80, 0x30, 0x00, 0x00, 0x00, 0xC0,
    0x00, 0x3E, 0x00, 0x0F, 0xE0, 0x01, 0xFC, 0x00, 0x3F, 0x00, 0x03, 0xC0, 0x00, 0x3E, 0x07, 0x01,
    0xF0, 0x70, 0x0F, 0x8F, 0x00, 0x78, 0xF0, 0x03, 0xCF, 0x80, 0x3C, 0x7F, 0xFF, 0xC7, 0xFF, 0xF8,
    0x3F, 0xFF, 0x00, 0x7F, 0x80, 0x00, 0x00, 0xC0, 0x00, 0x0F, 0x80, 0x00, 0xFE, 0x00, 0x07, 0xF0,
    0x00, 0x3F, 0x00, 0x01, 0xF0, 0x00, 0x03, 0xC0, 0x1C, 0x0F, 0x80, 0x70, 0x1F, 0x03, 0xC0, 0x3E,
    0x0F, 0x00, 0x7C, 0x3E, 0x00, 0xF8, 0x7F, 0xFF, 0xF9, 0xFF, 0xFF, 0xF3, 0xFF, 0xF7, 0xC1, 0xFF,
    0x00, 0x01, 0x81, 0xE1, 0xFD, 0xFE, 0xFC, 0x3E, 0x0F, 0xC1, 0xF8, 0x3E, 0x07, 0xC0, 0xF0, 0x3C,
    0xFF, 0x3F, 0xCF, 0xE0, 0x00, 0x01, 0x80, 0x3C, 0x07, 0xF0, 0xFF, 0x0F, 0xE0, 0x7C, 0x03, 0xE0,
    0x0F, 0x80, 0x3E, 0x00, 0xF8, 0x03, 0xC0, 0x1F, 0x8F, 0xFF, 0x7F, 0xFF, 0xFB, 0xC0, 0x00, 0x00,
    0x00, 0x00, 0x00, 0x38, 0x00, 0x07, 0x80, 0x01, 0xF8, 0x00, 0x7E, 0xC0, 0x07, 0xBE, 0x00, 0x2F,
    0xE0, 0x01, 0xFC, 0x00, 0x3F, 0x00, 0x03, 0xC0, 0x00, 0x3E, 0x07, 0x01, 0xF0, 0x70, 0x0F, 0x8F,
    0x00, 0x78, 0xF0, 0x03, 0xCF, 0x80, 0x3C, 0x7F, 0xFF, 0xC7, 0xFF, 0xF8, 0x3F, 0xFF, 0x00, 0x7F,
    0x80, 0x00, 0x00, 0x00, 0x00, 0x0E, 0x00, 0x00, 0xF8, 0x00, 0x07, 0xC0, 0x00, 0x7C, 0xC0, 0x01,
    0xCF, 0x80, 0x02, 0xFE, 0x00, 0x07, 0xF0, 0x00, 0x3F, 0x00, 0x01, 0xF0, 0x00, 0x03, 0xC0, 0x1C,
    0x0F, 0x80, 0x70, 0x1F, 0x03, 0xC0, 0x3E, 0x0F, 0x00, 0x7C, 0x3E, 0x00, 0xF8, 0x7F, 0xFF, 0xF9,
    0xFF, 0xFF, 0xF3, 0xFF, 0xF7, 0xC1, 0xFF, 0x00, 0x00, 0x00, 0x70, 0x3E, 0x1F, 0x87, 0xCC, 0xE7,
    0x93, 0xF9, 0xFE, 0x7E, 0x0F, 0x81, 0xF8, 0x1F, 0x81, 0xF0, 0x1F, 0x01, 0xE0, 0x3C, 0x7F, 0x8F,
    0xF1, 0xFC, 0x00, 0x00, 0x00, 0x00, 0x0E, 0x00, 0xF8, 0x0F, 0xC0, 0x7C, 0xC1, 0xCF, 0x04, 0xFE,
    0x0F, 0xF0, 0x7F, 0x01, 0xF0, 0x07, 0xC0, 0x0F, 0x80, 0x1F, 0x00, 0x3E, 0x00, 0x78, 0x01, 0xF8,
    0x7F, 0xF9, 0xFF, 0xF7, 0xF7, 0x80, 0x00, 0x00, 0x08, 0x00, 0x78, 0x00, 0xF3, 0x80, 0xE7, 0x01,
    0xFE, 0x03, 0xFC, 0x07, 0xF8, 0x0F, 0xF0, 0x3C, 0xFD, 0xF9, 0xFF, 0xE1, 0xFF, 0x81, 0xFE, 0x00,
    0x00, 0x00, 0x00, 0x07, 0x80, 0x00, 0xF0, 0x38, 0x0E, 0x07, 0x01, 0xE1, 0xE0, 0x3F, 0xBC, 0x07,
    0xFF, 0x80, 0xFF, 0xF0, 0x3C, 0x0F, 0xDF, 0x81, 0xFF, 0xE0, 0x1F, 0xFC, 0x01, 0xFE, 0x00, 0x00,
    0x07, 0x03, 0xE0, 0xFC, 0x3F, 0x1F, 0xE7, 0x3B, 0xCE, 0xF3, 0xBF, 0xE7, 0xF8, 0xFC, 0x00, 0x00,
    0x06, 0x00, 0xFE, 0x07, 0xF8, 0x1F, 0xF0, 0xF3, 0xC3, 0xC7, 0x8F, 0x1F, 0xFC, 0x3F, 0x70, 0x7C,
    0x00, 0x00, 0x39, 0xE3, 0xCF, 0x3C, 0xF3, 0xFF, 0xFB, 0xC3, 0x1C, 0x71, 0xC0, 0x30, 0x03, 0xC0,
    0x3E, 0x3D, 0xF3, 0xFF, 0xBF, 0x9F, 0xE0, 0xFE, 0x03, 0xF0, 0x1F, 0x00, 0x78, 0x01, 0x00, 0x03,
    0x00, 0x03, 0x80, 0x07, 0xC0, 0x07, 0xF0, 0x0F, 0xF8, 0x0E, 0xFC, 0x0E, 0xFE, 0x0E, 0xFE, 0x0F,
    0xEF, 0xFF, 0xFF, 0xFF, 0xFE, 0xFF, 0xFC, 0x10, 0x30, 0x01, 0xE0, 0x03, 0xF0, 0x07, 0xF8, 0x07,
    0xF8, 0x0F, 0x78, 0x0F, 0x70, 0x0E, 0xF0, 0xFF, 0xFF, 0xFF, 0xFF, 0xFF, 0xFF, 0x0F, 0x3C, 0x0F,
    0xFC, 0x07, 0xF8, 0x07, 0xF8, 0x01, 0xF0, 0x08, 0x00, 0xE0, 0x0F, 0xC0, 0x7F, 0x03, 0xFC, 0x3F,
    0xF1, 0xCF, 0xCF, 0xFF, 0x7F, 0x7F, 0xFF, 0xFF, 0xFF, 0xFF, 0xE0, 0x08, 0x00, 0x07, 0x80, 0x7F,
    0x01, 0xFC, 0x0F, 0x70, 0x3D, 0xC1, 0xE7, 0x07, 0xFC, 0x3F, 0xFF, 0xFF, 0xFF, 0xFF, 0xF7, 0x8E,
    0x0F, 0xF8, 0x3F, 0xE0, 0x7F, 0x80, 0x78, 0x00, 0x03, 0x80, 0x00, 0x7C, 0x00, 0x0F, 0xE0, 0x01,
    0xFE, 0x00, 0x3C, 0xF0, 0x07, 0xCE, 0x00, 0xF8, 0x00, 0x0F, 0x00, 0x00, 0xFF, 0xFF, 0xE7, 0xFF,
    0xFE, 0x3F, 0xFF, 0xE0, 0x7F, 0xF0, 0x07, 0xF8, 0xFF, 0xF7, 0xFF, 0xBF, 0xF8, 0xF0, 0x03, 0xC0,
    0x0F, 0xFF, 0xBF, 0xFE, 0x7F, 0xF8, 0x0F, 0x00, 0x18, 0x00, 0x03, 0xC0, 0x00, 0x38, 0x00, 0x03,
    0xC0, 0x00, 0x3E, 0x00, 0x03, 0xC0, 0x00, 0x03, 0x80, 0x00, 0x7C, 0x00, 0x0F, 0xE0, 0x01, 0xFE,
    0x00, 0x3C, 0xF0, 0x07, 0xCE, 0x00, 0xF8, 0x00, 0x0F, 0x00, 0x00, 0xFF, 0xFF, 0xE7, 0xFF, 0xFE,
    0x3F, 0xFF, 0xE0, 0x7F, 0xF0, 0x18, 0x00, 0xE0, 0x07, 0x80, 0x1F, 0x00, 0x7C, 0x01, 0xE0, 0x00,
    0x7F, 0x8F, 0xFF, 0x7F, 0xFB, 0xFF, 0x8F, 0x00, 0x3C, 0x00, 0xFF, 0xFB, 0xFF, 0xE7, 0xFF, 0x80,
    0xF0, 0x00, 0x1F, 0x80, 0x1F, 0xC0, 0x1F, 0xC0, 0x1F, 0x20, 0x0E, 0x03, 0x87, 0x01, 0xC3, 0xE1,
    0xE1, 0xFC, 0xF0, 0x3F, 0x78, 0x07, 0xBC, 0x03, 0xCF, 0xDF, 0xE7, 0xFF, 0xE1, 0xFF, 0xE0, 0x3F,
    0xC0, 0x00, 0x00, 0x0E, 0x00, 0x01, 0xC0, 0xF8, 0x78, 0x1F, 0xEF, 0x03, 0xFF, 0xE0, 0x1F, 0xBC,
    0x03, 0xC3, 0xFB, 0xF8, 0x7F, 0xFE, 0x07, 0xFF, 0x80, 0x3F, 0xC0, 0x00, 0x3C, 0x78, 0xF0, 0xE1,
    0xE3, 0xC7, 0xFE, 0xFD, 0xF0, 0x00, 0x0E, 0xFF, 0xFB, 0x80, 0x00, 0x03, 0xC0, 0x70, 0x0E, 0x03,
    0xE1, 0xFF, 0xBF, 0xFF, 0xBE, 0x00, 0x00, 0x01, 0xF8, 0x7F, 0x87, 0xE0, 0x00, 0x0F, 0xC7, 0xE1,
    0xF8, 0x78, 0x1E, 0x07, 0xF8, 0xFE, 0xFF, 0xBF, 0xC7, 0x80, 0x00, 0x00, 0x3F, 0x9F, 0xC0, 0xC0,
    0x00, 0xE0, 0x78, 0x3C, 0x1E, 0x0F, 0x07, 0x83, 0xC1, 0xE0, 0xF0, 0x78, 0x3C, 0x1E, 0x0F, 0x07,
    0x80, 0x00, 0x3F, 0x8F, 0xE0, 0x30, 0x38, 0x0F, 0x03, 0xC0, 0xF0, 0x3C, 0x0F, 0x03, 0xC0, 0xF0,
    0x3C, 0x0F, 0x03, 0xC0, 0xF0, 0x3C, 0x0F, 0xE1, 0xFC, 0x3E, 0x00, 0x00, 0x37, 0xBD, 0xEF, 0xF8,
    0x0E, 0x7B, 0xDE, 0xF7, 0xBD, 0xEF, 0x7B, 0xDE, 0xF7, 0x80, 0x30, 0x78, 0x3C, 0x1F, 0x0F, 0x87,
    0x81, 0xC0, 0xF0, 0x78, 0x3C, 0x1E, 0x0F, 0x07, 0x83, 0xC1, 0xE0, 0xF0, 0x78, 0x3C, 0x1E, 0x0F,
    0xE3, 0xF8, 0xF8, 0x00, 0x0C, 0x07, 0x81, 0xC0, 0x78, 0x1E, 0x07, 0x80, 0xE0, 0xFC, 0x3F, 0x9F,
    0xE7, 0x3D, 0xCF, 0x7F, 0xDF, 0xF3, 0xFC, 0x3E, 0x7F, 0xBF, 0xC7, 0xE1, 0xE0, 0x0C, 0x00, 0xF0,
    0x07, 0x00, 0x3C, 0x01, 0xE0, 0x0F, 0x00, 0x00, 0x01, 0xC0, 0x3F, 0x01, 0xFC, 0x1F, 0xE0, 0xE7,
    0x87, 0x3C, 0x3F, 0xFD, 0xFF, 0xE7, 0xFF, 0x0F, 0x83, 0xFC, 0x3F, 0xC0, 0xFC, 0x07, 0x80, 0x00,
    0xE7, 0xBD, 0xEF, 0x7B, 0xDE, 0xF7, 0xBD, 0xEF, 0x7B, 0xDE, 0x37, 0xBD, 0xFF, 0xF8, 0x00, 0xE0,
    0xF0, 0xF0, 0xF0, 0xF0, 0xF0, 0xF0, 0xF0, 0xF0, 0xF0, 0xF0, 0xF0, 0xF0, 0xFE, 0x7F, 0x3E, 0x30,
    0x70, 0xF0, 0xF8, 0xF8, 0xF0, 0x00, 0x0C, 0x00, 0x1E, 0x00, 0x0F, 0x07, 0xE7, 0xC7, 0xF3, 0xE7,
    0xF1, 0xE7, 0xC8, 0x03, 0x80, 0xE1, 0xC0, 0x70, 0xF8, 0x78, 0x7F, 0x3C, 0x0F, 0xDE, 0x01, 0xEF,
    0x00, 0xF3, 0xF7, 0xF9, 0xFF, 0xF8, 0x7F, 0xF8, 0x0F, 0xF0, 0x00, 0x0C, 0x00, 0x07, 0x80, 0x00,
    0xF0, 0x00, 0x1F, 0x00, 0x03, 0xE0, 0x00, 0x78, 0x00, 0x00, 0x00, 0x03, 0x80, 0x00, 0x70, 0x3E,
    0x1E, 0x07, 0xFB, 0xC0, 0xFF, 0xF8, 0x07, 0xEF, 0x00, 0xF0, 0xFE, 0xFE, 0x1F, 0xFF, 0x81, 0xFF,
    0xE0, 0x0F, 0xF0, 0x00, 0x31, 0xCF, 0x3E, 0xFB, 0xC0, 0x0E, 0x78, 0xF3, 0xCF, 0x3C, 0xFF, 0xFE,
    0xF0, 0x00, 0x18, 0x0F, 0x07, 0x80, 0xF0, 0x3C, 0x0F, 0x00, 0x00, 0x00, 0x1C, 0x0F, 0x03, 0xC0,
    0xF0, 0xFF, 0xFF, 0xFF, 0xFC, 0x00, 0xEF, 0xFF, 0xFF, 0xFF, 0xFF, 0xFF, 0xFF, 0xFF, 0xE0, 0xF0,
    0xF0, 0xF0, 0xF0, 0xF0, 0xF0, 0xF0, 0xF0, 0xF0, 0xF0, 0xF0, 0xF0, 0xFE, 0x7F, 0x3E, 0x00, 0x00,
    0x00, 0x00, 0x00, 0x07, 0x9C, 0x00, 0x3C, 0xE0, 0x00, 0xEF, 0x00, 0x07, 0xF8, 0x00, 0x3F, 0xE0,
    0x03, 0xEF, 0xFF, 0xFE, 0x7F, 0xFF, 0xF1, 0xFF, 0xFE, 0x01, 0xFF, 0x80, 0x00, 0x00, 0x00, 0x07,
    0x00, 0x00, 0x38, 0x00, 0x01, 0xC0, 0x00, 0x00, 0x00, 0x00, 0x1C, 0x00, 0x00, 0x07, 0x00, 0x01,
    0x83, 0xC0, 0x00, 0xF0, 0xF0, 0x00, 0x7C, 0x3E, 0x00, 0x7F, 0x07, 0xFF, 0xFF, 0xF9, 0xFF, 0xFF,
    0xFF, 0x3F, 0xFF, 0x8F, 0xC1, 0xFE, 0x00, 0x00, 0x00, 0x00, 0x00, 0x01, 0xC0, 0x00, 0x00, 0x70,
    0x00, 0x00, 0x1C, 0x00, 0x00, 0x39, 0xE3, 0xCF, 0x3C, 0xF3, 0xFF, 0xFB, 0xC0, 0x00, 0x71, 0xC7,
    0x00, 0x00, 0x07, 0x03, 0xC0, 0xF0, 0x3C, 0x3F, 0xFF, 0xFF, 0xFF, 0x00, 0x00, 0x03, 0x80, 0xF0,
    0x38, 0x00, 0x02, 0x1F, 0xC7, 0xF0, 0xDC, 0x00, 0x00, 0x01, 0xC0, 0xF8, 0x3F, 0x0F, 0xC7, 0xF9,
    0xCE, 0xF3, 0xBC, 0xEF, 0xF9, 0xFE, 0x3F, 0x00, 0x00, 0x09, 0x00, 0x7E, 0x03, 0xFC, 0x06, 0x60,
    0x00, 0x00, 0x0E, 0x00, 0x3C, 0x01, 0xF0, 0x1F, 0xC1, 0xFF, 0x07, 0xFC, 0x3C, 0xF0, 0xF3, 0xC3,
    0xFF, 0x07, 0xFC, 0x1F, 0xFE, 0x1F, 0xFC, 0x03, 0xE0, 0x00, 0x00, 0x00, 0x88, 0x00, 0x0E, 0xE0,
    0x00, 0x7F, 0x00, 0x03, 0xB8, 0x00, 0x00, 0x0F, 0x38, 0x00, 0x79, 0xC0, 0x01, 0xDE, 0x00, 0x0F,
    0xF0, 0x00, 0x7F, 0xC0, 0x07, 0xDF, 0xFF, 0xFC, 0xFF, 0xFF, 0xE3, 0xFF, 0xFC, 0x03, 0xFF, 0x00,
    0x00, 0x48, 0x00, 0x00, 0x7F, 0x00, 0x00, 0x1F, 0xC0, 0x00, 0x03, 0x70, 0x00, 0x00, 0x00, 0x00,
    0x1C, 0x00, 0x00, 0x07, 0x00, 0x01, 0x83, 0xC0, 0x00, 0xF0, 0xF0, 0x00, 0x7C, 0x3E, 0x00, 0x7F,
    0x07, 0xFF, 0xFF, 0xF9, 0xFF, 0xFF, 0xFF, 0x3F, 0xFF, 0x8F, 0xC1, 0xFE, 0x00, 0x00, 0x24, 0x7E,
    0xFF, 0x66, 0x00, 0x1C, 0x3C, 0x1E, 0x1E, 0x1E, 0x1E, 0x1E, 0x7E, 0x7C, 0x78, 0x00, 0x12, 0x0F,
    0xE1, 0xFC, 0x1B, 0x80, 0x00, 0x00, 0x07, 0x80, 0xE0, 0x1C, 0x07, 0xC3, 0xFF, 0x7F, 0xFF, 0x7C,
    0x00, 0x00, 0x00, 0x70, 0x00, 0x03, 0x80, 0x00, 0x1C, 0x00, 0x01, 0xB8, 0x00, 0x1F, 0xC0, 0x00,
    0x6C, 0x00, 0x00, 0x03, 0xCE, 0x00, 0x1E, 0x70, 0x00, 0x77, 0x80, 0x03, 0xFC, 0x00, 0x1F, 0xF0,
    0x01, 0xF7, 0xFF, 0xFF, 0x3F, 0xFF, 0xF8, 0xFF, 0xFF, 0x00, 0xFF, 0xC0, 0x00, 0x30, 0x00, 0x00,
    0x1E, 0x00, 0x00, 0x03, 0x00, 0x00, 0x03, 0xF0, 0x00, 0x00, 0xFC, 0x00, 0x00, 0x3F, 0x00, 0x00,
    0x00, 0x00, 0x01, 0xC0, 0x00, 0x00, 0x70, 0x00, 0x18, 0x3C, 0x00, 0x0F, 0x0F, 0x00, 0x07, 0xC3,
    0xE0, 0x07, 0xF0, 0x7F, 0xFF, 0xFF, 0x9F, 0xFF, 0xFF, 0xF3, 0xFF, 0xF8, 0xFC, 0x1F, 0xE0, 0x00,
    0x30, 0xE3, 0xBF, 0xFF, 0xB0, 0x0E, 0x78, 0xF3, 0xCF, 0x3C, 0xFF, 0xFE, 0xF0, 0x00, 0x0C, 0x03,
    0xC0, 0x30, 0x1F, 0x83, 0xF0, 0x7E, 0x00, 0x00, 0x00, 0x1E, 0x03, 0x80, 0x70, 0x1F, 0x0F, 0xFD,
    0xFF, 0xFD, 0xF0, 0x00, 0x7C, 0x03, 0xFE, 0x07, 0xFF, 0x9F, 0xFE, 0x01, 0xF8, 0x1F, 0xE1, 0xFC,
    0x0F, 0xC0, 0x7C, 0x01, 0xE0, 0x0F, 0x1C, 0x3C, 0x70, 0xF1, 0xC3, 0xC7, 0x0F, 0x00, 0x3F, 0x06,
    0x7F, 0xFC, 0xFF, 0xF1, 0xFF, 0x80, 0x60, 0x7C, 0x00, 0x3F, 0xE0, 0x07, 0xFF, 0x81, 0xFF, 0xE0,
    0x01, 0xF8, 0x01, 0xFE, 0x01, 0xFF, 0x00, 0xFD, 0xE0, 0x7C, 0x3F, 0x9E, 0x0F, 0xEF, 0x1D, 0xFB,
    0xC7, 0x00, 0xF1, 0xC0, 0x3C, 0x70, 0x0F, 0x00, 0x03, 0xF0, 0x60, 0x7F, 0xFC, 0x0F, 0xFF, 0x01,
    0xFF, 0x80, 0x06, 0x00, 0x00, 0x03, 0xF8, 0x1F, 0xF0, 0xFF, 0xF0, 0x3F, 0x80, 0xFC, 0x3F, 0xFF,
    0xF8, 0xFF, 0x07, 0xE0, 0x00, 0x00, 0x00, 0x00, 0x70, 0x07, 0x80, 0x1C, 0x00, 0x00, 0x00, 0x7F,
    0x00, 0x7F, 0xC0, 0x7F, 0xF8, 0x03, 0xF8, 0x01, 0xF8, 0x0F, 0xF8, 0xFF, 0xFE, 0xFF, 0x7F, 0xFC,
    0x3E, 0x00, 0x00, 0x00, 0x00, 0x0E, 0x00, 0x0F, 0x00, 0x0E, 0x00, 0x7C, 0x03, 0xFE, 0x07, 0xFF,
    0x9F, 0xFE, 0x01, 0xF8, 0x1F, 0xE1, 0xFC, 0x0F, 0xC0, 0x7C, 0x01, 0xE0, 0x0F, 0x00, 0x3C, 0x00,
    0xF0, 0x03, 0xC0, 0x0F, 0x00, 0x3F, 0x06, 0x7F, 0xFC, 0xFF, 0xF1, 0xFF, 0x80, 0x60, 0x7C, 0x00,
    0x3F, 0xE0, 0x07, 0xFF, 0x81, 0xFF, 0xE0, 0x01, 0xF8, 0x01, 0xFE, 0x01, 0xFF, 0x00, 0xFD, 0xE0,
    0x7C, 0x3F, 0x9E, 0x0F, 0xEF, 0x01, 0xFB, 0xC0, 0x00, 0xF0, 0x00, 0x3C, 0x00, 0x0F, 0x00, 0x03,
    0xF0, 0x60, 0x7F, 0xFC, 0x0F, 0xFF, 0x01, 0xFF, 0x80, 0x06, 0x00, 0x00, 0x03, 0xF8, 0x1F, 0xF0,
    0xFF, 0xF0, 0x3F, 0x80, 0xFC, 0x3F, 0xFF, 0xF8, 0xFF, 0x07, 0xE0, 0x00, 0x00, 0x00, 0x00, 0x7F,
    0x00, 0x7F, 0xC0, 0x7F, 0xF8, 0x03, 0xF8, 0x01, 0xF8, 0x0F, 0xF8, 0xFF, 0xFE, 0xFF, 0x7F, 0xFC,
    0x3E, 0x00, 0x00, 0x03, 0x00, 0x1E, 0x00, 0x78, 0x00, 0xC0, 0x00, 0x01, 0xF0, 0x0F, 0xF8, 0x1F,
    0xFE, 0x7F, 0xF8, 0x07, 0xE0, 0x7F, 0x87, 0xF0, 0x3F, 0x01, 0xF0, 0x07, 0x80, 0x3C, 0x00, 0xF0,
    0x03, 0xC0, 0x0F, 0x00, 0x3C, 0x00, 0xFC, 0x19, 0xFF, 0xF3, 0xFF, 0xC7, 0xFE, 0x01, 0x80, 0x03,
    0x00, 0x01, 0xE0, 0x00, 0x78, 0x00, 0x0C, 0x00, 0x00, 0x00, 0x1F, 0x00, 0x0F, 0xF8, 0x01, 0xFF,
    0xE0, 0x7F, 0xF8, 0x00, 0x7E, 0x00, 0x7F, 0x80, 0x7F, 0xC0, 0x3F, 0x78, 0x1F, 0x0F, 0xE7, 0x83,
    0xFB, 0xC0, 0x7E, 0xF0, 0x00, 0x3C, 0x00, 0x0F, 0x00, 0x03, 0xC0, 0x00, 0xFC, 0x18, 0x1F, 0xFF,
    0x03, 0xFF, 0xC0, 0x7F, 0xE0, 0x01, 0x80, 0x00, 0x18, 0x01, 0xC0, 0x0E, 0x00, 0x70, 0x00, 0x00,
    0x00, 0x01, 0xFC, 0x0F, 0xF8, 0x7F, 0xF8, 0x1F, 0xC0, 0x7E, 0x1F, 0xFF, 0xFC, 0x7F, 0x83, 0xF0,
    0x00, 0x00, 0x10, 0x00, 0x38, 0x00, 0x38, 0x00, 0x38, 0x00, 0x00, 0x00, 0x00, 0x00, 0x7F, 0x00,
    0x7F, 0xC0, 0x7F, 0xF8, 0x03, 0xF8, 0x01, 0xF8, 0x0F, 0xF8, 0xFF, 0xFE, 0xFF, 0x7F, 0xFC, 0x3E,
    0x00, 0x00, 0x02, 0x03, 0xC0, 0xF8, 0x1E, 0x03, 0xC0, 0xF0, 0x3D, 0x8F, 0x7F, 0xDF, 0xF7, 0xF8,
    0x00, 0x02, 0x00, 0x3C, 0x00, 0xF8, 0x01, 0xE0, 0x07, 0xC0, 0x0F, 0x00, 0x3C, 0x18, 0xF8, 0x7F,
    0xFD, 0xFF, 0xF7, 0xFF, 0xC0, 0x00, 0x0C, 0x07, 0x01, 0xC0, 0x70, 0x00, 0x00, 0x80, 0xF0, 0x3E,
    0x07, 0x80, 0xF0, 0x3C, 0x0F, 0x63, 0xDF, 0xF7, 0xFD, 0xFE, 0x00, 0x00, 0x0C, 0x00, 0x70, 0x01,
    0xC0, 0x07, 0x00, 0x00, 0x00, 0x08, 0x00, 0xF0, 0x03, 0xE0, 0x07, 0x80, 0x1F, 0x00, 0x3C, 0x00,
    0xF0, 0x63, 0xE1, 0xFF, 0xF7, 0xFF, 0xDF, 0xFF, 0x00, 0x00, 0x06, 0x07, 0x83, 0xC0, 0xE0, 0x78,
    0x3C, 0x1C, 0x1E, 0x1F, 0x3F, 0x3F, 0x1F, 0x06, 0x00, 0x06, 0x00, 0x78, 0x03, 0xC0, 0x0E, 0x00,
    0x78, 0x03, 0xF8, 0x1F, 0xC1, 0xFE, 0x1F, 0x03, 0xF0, 0x3F, 0x01, 0xF0, 0x06, 0x00, 0x00, 0x06,
    0x07, 0x83, 0xC0, 0xC0, 0x00, 0x00, 0x18, 0x1E, 0x0F, 0x03, 0x81, 0xE0, 0xF0, 0x70, 0x78, 0x7C,
    0xFC, 0xFC, 0x7C, 0x18, 0x00, 0x04, 0x00, 0x70, 0x03, 0x80, 0x1C, 0x00, 0x00, 0x00, 0x00, 0x18,
    0x01, 0xE0, 0x0F, 0x00, 0x38, 0x01, 0xE0, 0x0F, 0xE0, 0x7F, 0x07, 0xF8, 0x7C, 0x0F, 0xC0, 0xFC,
    0x07, 0xC0, 0x18, 0x00, 0x00, 0x00, 0x00, 0xE0, 0x00, 0x00, 0x1E, 0x00, 0x00, 0x01, 0xE0, 0x03,
    0xC3, 0x8F, 0x00, 0x3C, 0x38, 0xF7, 0x01, 0xC3, 0x8F, 0x70, 0x1E, 0x78, 0xFF, 0x01, 0xFF, 0xFF,
    0xF0, 0x1F, 0xFF, 0xEF, 0x01, 0xFE, 0xFC, 0xF0, 0x3C, 0x00, 0x07, 0xCF, 0xC0, 0x00, 0x7F, 0xF8,
    0x00, 0x03, 0xFF, 0x80, 0x00, 0x1F, 0xE0, 0x00, 0x00, 0x00, 0x00, 0x00, 0xE0, 0x00, 0x00, 0x00,
    0xE0, 0x00, 0x3C, 0x38, 0xF0, 0x00, 0x3C, 0x38, 0xF0, 0x70, 0x1C, 0x38, 0xF0, 0x70, 0x1E, 0x78,
    0xF8, 0xF0, 0x1F, 0xFF, 0xFF, 0xF0, 0x1F, 0xFF, 0xFF, 0xF0, 0x1F, 0xEF, 0xDF, 0xF0, 0x3C, 0x00,
    0x00, 0x7C, 0xFC, 0x00, 0x00, 0x7F, 0xF8, 0x00, 0x00, 0x3F, 0xF8, 0x00, 0x00, 0x1F, 0xE0, 0x00,
    0x00, 0x00, 0x01, 0xC0, 0x00, 0x78, 0x00, 0x07, 0x8E, 0x3C, 0xF3, 0xC7, 0x9E, 0x78, 0xE3, 0xCF,
    0x3E, 0x7F, 0xFF, 0xFF, 0xFF, 0xFF, 0xDF, 0xFB, 0xF0, 0x00, 0x00, 0x00, 0x00, 0x01, 0xE0, 0x00,
    0x03, 0xC0, 0x71, 0xE7, 0x81, 0xE3, 0xCF, 0x03, 0xC7, 0x1E, 0x07, 0x9F, 0x3E, 0x3F, 0xFF, 0xFF,
    0xFF, 0xFF, 0xFF, 0xFF, 0xDF, 0xBE, 0x00, 0x00, 0x00, 0x00, 0x00, 0x70, 0x00, 0x00, 0x07, 0x00,
    0x00, 0x00, 0x70, 0x00, 0x00, 0x1D, 0x80, 0x00, 0x01, 0xFC, 0x00, 0x00, 0x0D, 0x80, 0x00, 0x00,
    0x00, 0xE0, 0x00, 0x00, 0x1E, 0x00, 0x00, 0x01, 0xE0, 0x03, 0xC3, 0x8F, 0x00, 0x3C, 0x38, 0xF7,
    0x01, 0xC3, 0x8F, 0x70, 0x1E, 0x78, 0xFF, 0x01, 0xFF, 0xFF, 0xF0, 0x1F, 0xFF, 0xEF, 0x01, 0xFE,
    0xFC, 0xF0, 0x3C, 0x00, 0x07, 0xCF, 0xC0, 0x00, 0x7F, 0xF8, 0x00, 0x03, 0xFF, 0x80, 0x00, 0x1F,
    0xE0, 0x00, 0x00, 0x00, 0x00, 0x70, 0x00, 0x00, 0x00, 0x70, 0x00, 0x00, 0x00, 0x70, 0x00, 0x00,
    0x01, 0xD8, 0x00, 0x00, 0x01, 0xFC, 0x00, 0x00, 0x00, 0xD8, 0x00, 0x00, 0x00, 0x00, 0x00, 0x00,
    0x00, 0x00, 0xE0, 0x00, 0x00, 0x00, 0xE0, 0x00, 0x3C, 0x38, 0xF0, 0x00, 0x3C, 0x38, 0xF0, 0x70,
    0x1C, 0x38, 0xF0, 0x70, 0x1E, 0x78, 0xF8, 0xF0, 0x1F, 0xFF, 0xFF, 0xF0, 0x1F, 0xFF, 0xFF, 0xF0,
    0x1F, 0xEF, 0xDF, 0xF0, 0x3C, 0x00, 0x00, 0x7C, 0xFC, 0x00, 0x00, 0x7F, 0xF8, 0x00, 0x00, 0x3F,
    0xF8, 0x00, 0x00, 0x1F, 0xE0, 0x00, 0x00, 0x00, 0x30, 0x00, 0x0F, 0x00, 0x00, 0xC0, 0x00, 0x7E,
    0x00, 0x0F, 0xC0, 0x01, 0xB8, 0x00, 0x00, 0x70, 0x00, 0x1E, 0x00, 0x01, 0xE3, 0x8F, 0x3C, 0xF1,
    0xE7, 0x9E, 0x38, 0xF3, 0xCF, 0x9F, 0xFF, 0xFF, 0xFF, 0xFF, 0xF7, 0xFE, 0xFC, 0x00, 0x00, 0x00,
    0x00, 0x70, 0x00, 0x00, 0xE0, 0x00, 0x01, 0xC0, 0x00, 0x06, 0xE0, 0x00, 0x1F, 0xC0, 0x00, 0x1B,
    0x00, 0x00, 0x00, 0x00, 0x00, 0x00, 0xF0, 0x00, 0x01, 0xE0, 0x38, 0xF3, 0xC0, 0xF1, 0xE7, 0x81,
    0xE3, 0x8F, 0x03, 0xCF, 0x9F, 0x1F, 0xFF, 0xFF, 0xFF, 0xFF, 0xFF, 0xFF, 0xEF, 0xDF, 0x00, 0x00,
    0x00, 0x00, 0x00, 0x00, 0x80, 0x00, 0x00, 0x3F, 0x80, 0x00, 0x07, 0xFC, 0x00, 0x78, 0x7F, 0xF0,
    0x03, 0xC7, 0xE7, 0xB8, 0x0E, 0x7C, 0x3D, 0xC0, 0x7B, 0xC3, 0xFE, 0x03, 0xFF, 0xFF, 0xF0, 0x1F,
    0xFF, 0xF7, 0x80, 0xFF, 0xFE, 0x3C, 0x0F, 0x0F, 0x80, 0xFD, 0xF8, 0x00, 0x07, 0xFF, 0x80, 0x00,
    0x1F, 0xFC, 0x00, 0x00, 0x3F, 0x80, 0x00, 0x00, 0x00, 0x00, 0x00, 0x80, 0x00, 0x00, 0x07, 0xF0,
    0x00, 0x00, 0x1F, 0xF0, 0x00, 0x3C, 0x3F, 0xF8, 0x00, 0x3C, 0x7E, 0x78, 0x70, 0x1C, 0xF8, 0x78,
    0x70, 0x1E, 0xF0, 0xF8, 0xF0, 0x1F, 0xFF, 0xFF, 0xF0, 0x1F, 0xFF, 0xFF, 0xF0, 0x1F, 0xFF, 0xFF,
    0xF0, 0x3C, 0x3E, 0x00, 0x7E, 0xFC, 0x00, 0x00, 0x7F, 0xF8, 0x00, 0x00, 0x3F, 0xF8, 0x00, 0x00,
    0x0F, 0xE0, 0x00, 0x00, 0x00, 0x00, 0x00, 0x00, 0xFC, 0x00, 0x3F, 0xE3, 0xC7, 0xFF, 0x3C, 0xFC,
    0xF3, 0x9F, 0x0F, 0x7F, 0xE1, 0xFF, 0xFF, 0xFE, 0xFF, 0xFF, 0xEE, 0xFF, 0xF8, 0x01, 0xFC, 0x00,
    0x00, 0x00, 0x00, 0x00, 0x1F, 0x80, 0x00, 0xFF, 0x81, 0xE3, 0xFF, 0x83, 0xCF, 0xCF, 0x07, 0x3E,
    0x1E, 0x1F, 0xF8, 0x7C, 0x7F, 0xFF, 0xFF, 0xFF, 0xFF, 0xFF, 0xDF, 0xFF, 0xFC, 0x07, 0xF0, 0x00,
    0x00, 0x00, 0x01, 0x80, 0x00, 0x00, 0x1C, 0x00, 0x00, 0x00, 0xE0, 0x00, 0x00, 0x07, 0x00, 0x00,
    0x00, 0x00, 0x00, 0x00, 0x00, 0x40, 0x00, 0x00, 0x1F, 0xC0, 0x00, 0x03, 0xFE, 0x00, 0x3C, 0x3F,
    0xF8, 0x01, 0xE3, 0xF3, 0xDC, 0x07, 0x3E, 0x1E, 0xE0, 0x3D, 0xE1, 0xFF, 0x01, 0xFF, 0xFF, 0xF8,
    0x0F, 0xFF, 0xFB, 0xC0, 0x7F, 0xFF, 0x1E, 0x07, 0x87, 0xC0, 0x7E, 0xFC, 0x00, 0x03, 0xFF, 0xC0,
    0x00, 0x0F, 0xFE, 0x00, 0x00, 0x1F, 0xC0, 0x00, 0x00, 0x00, 0x00, 0x01, 0x80, 0x00, 0x00, 0x03,
    0x80, 0x00, 0x00, 0x03, 0x80, 0x00, 0x00, 0x03, 0x80, 0x00, 0x00, 0x00, 0x00, 0x00, 0x00, 0x00,
    0x80, 0x00, 0x00, 0x07, 0xF0, 0x00, 0x00, 0x1F, 0xF0, 0x00, 0x3C, 0x3F, 0xF8, 0x00, 0x3C, 0x7E,
    0x78, 0x70, 0x1C, 0xF8, 0x78, 0x70, 0x1E, 0xF0, 0xF8, 0xF0, 0x1F, 0xFF, 0xFF, 0xF0, 0x1F, 0xFF,
    0xFF, 0xF0, 0x1F, 0xFF, 0xFF, 0xF0, 0x3C, 0x3E, 0x00, 0x7E, 0xFC, 0x00, 0x00, 0x7F, 0xF8, 0x00,
    0x00, 0x3F, 0xF8, 0x00, 0x00, 0x0F, 0xE0, 0x00, 0x00, 0x00, 0x02, 0x00, 0x00, 0x70, 0x00, 0x07,
    0x00, 0x00, 0x70, 0x00, 0x00, 0x00, 0x00, 0x00, 0x00, 0x0F, 0xC0, 0x03, 0xFE, 0x3C, 0x7F, 0xF3,
    0xCF, 0xCF, 0x39, 0xF0, 0xF7, 0xFE, 0x1F, 0xFF, 0xFF, 0xEF, 0xFF, 0xFE, 0xEF, 0xFF, 0x80, 0x1F,
    0xC0, 0x00, 0x02, 0x00, 0x00, 0x0E, 0x00, 0x00, 0x1C, 0x00, 0x00, 0x38, 0x00, 0x00, 0x00, 0x00,
    0x00, 0x00, 0x00, 0x03, 0xF0, 0x00, 0x1F, 0xF0, 0x3C, 0x7F, 0xF0, 0x79, 0xF9, 0xE0, 0xE7, 0xC3,
    0xC3, 0xFF, 0x0F, 0x8F, 0xFF, 0xFF, 0xFF, 0xFF, 0xFF, 0xFB, 0xFF, 0xFF, 0x80, 0xFE, 0x00, 0x0E,
    0x00, 0x07, 0x00, 0x03, 0x80, 0x01, 0xC0, 0x00, 0xE0, 0x00, 0x70, 0x00, 0x3C, 0x20, 0x1E, 0xFC,
    0x0F, 0xFF, 0x07, 0xFF, 0xC3, 0xF9, 0xE1, 0xF0, 0xF0, 0xF0, 0xFF, 0xFF, 0xFB, 0xFF, 0xFD, 0xFF,
    0xF8, 0x1F, 0xE0, 0x00, 0x0E, 0x00, 0x00, 0xE0, 0x00, 0x0E, 0x00, 0x00, 0xE0, 0x00, 0x0E, 0x00,
    0x00, 0xE0, 0x00, 0x0F, 0x08, 0x00, 0xF7, 0xE0, 0x0F, 0xFF, 0x00, 0xFF, 0xF8, 0x0F, 0xE7, 0x80,
    0xF8, 0x78, 0x0F, 0x0F, 0x8F, 0xFF, 0xFF, 0xFF, 0xFF, 0xFF, 0xFF, 0xFF, 0x1F, 0xE0, 0x00, 0x38,
    0x00, 0xF0, 0x01, 0xE0, 0x03, 0xC0, 0x07, 0x80, 0x07, 0x00, 0x0E, 0x1C, 0x1D, 0xFC, 0x3F, 0xFC,
    0x7F, 0xFC, 0xFC, 0x79, 0xF0, 0xF7, 0xC7, 0xFF, 0xFF, 0xBF, 0xFE, 0x7F, 0xF8, 0x00, 0x00, 0x38,
    0x00, 0x1E, 0x00, 0x07, 0x80, 0x01, 0xE0, 0x00, 0x78, 0x00, 0x0E, 0x00, 0x03, 0x87, 0x00, 0xEF,
    0xE0, 0x3F, 0xFC, 0x0F, 0xFF, 0x83, 0xF1, 0xE0, 0xF8, 0x78, 0x7C, 0x7E, 0x3F, 0xFF, 0xFF, 0xFF,
    0xFF, 0xFF, 0xFF, 0x00, 0x00, 0x00, 0x0E, 0x00, 0x07, 0x0C, 0x03, 0x87, 0x01, 0xC3, 0x80, 0xE1,
    0xC0, 0x70, 0x00, 0x3C, 0x20, 0x1E, 0xFC, 0x0F, 0xFF, 0x07, 0xFF, 0xC3, 0xF9, 0xE1, 0xF0, 0xF0,
    0xF0, 0xFF, 0xFF, 0xFB, 0xFF, 0xFD, 0xFF, 0xF8, 0x1F, 0xE0, 0x00, 0x0E, 0x00, 0x00, 0xE1, 0x80,
    0x0E, 0x3C, 0x00, 0xE3, 0xC0, 0x0E, 0x18, 0x00, 0xE0, 0x00, 0x0F, 0x08, 0x00, 0xF7, 0xE0, 0x0F,
    0xFF, 0x00, 0xFF, 0xF8, 0x0F, 0xE7, 0x80, 0xF8, 0x78, 0x0F, 0x0F, 0x8F, 0xFF, 0xFF, 0xFF, 0xFF,
    0xFF, 0xFF, 0xFF, 0x1F, 0xE0, 0x00, 0x38, 0x00, 0xF0, 0x81, 0xE3, 0x83, 0xC7, 0x07, 0x8E, 0x07,
    0x00, 0x0E, 0x1C, 0x1D, 0xFC, 0x3F, 0xFC, 0x7F, 0xFC, 0xFC, 0x79, 0xF0, 0xF7, 0xC7, 0xFF, 0xFF,
    0xBF, 0xFE, 0x7F, 0xF8, 0x00, 0x00, 0x38, 0x00, 0x1E, 0x10, 0x07, 0x8E, 0x01, 0xE3, 0x80, 0x78,
    0xE0, 0x0E, 0x00, 0x03, 0x87, 0x00, 0xEF, 0xE0, 0x3F, 0xFC, 0x0F, 0xFF, 0x83, 0xF1, 0xE0, 0xF8,
    0x78, 0x7C, 0x7E, 0x3F, 0xFF, 0xFF, 0xFF, 0xFF, 0xFF, 0xFF, 0x00, 0x00, 0x00, 0x1F, 0x00, 0xFE,
    0x07, 0xF0, 0x1F, 0xC0, 0x70, 0x01, 0xC1, 0x07, 0xFC, 0x1F, 0xF8, 0x3F, 0xE0, 0xFC, 0x07, 0xC0,
    0x3E, 0x00, 0xF0, 0x03, 0xC0, 0x0F, 0x00, 0x3C, 0x00, 0xF8, 0x19, 0xFF, 0xE3, 0xFF, 0xC7, 0xFE,
    0x03, 0x80, 0x0F, 0xC0, 0xFF, 0x83, 0xFE, 0x1E, 0x78, 0x3D, 0xE0, 0xFF, 0x81, 0xFC, 0x03, 0xFF,
    0x3F, 0xFD, 0xFF, 0xF7, 0x80, 0x3C, 0x00, 0xF0, 0x03, 0xC0, 0x0F, 0x83, 0x3F, 0xFC, 0x7F, 0xF0,
    0xFF, 0x80, 0x70, 0x00, 0x07, 0x03, 0xF0, 0xFE, 0x3F, 0xC7, 0x80, 0xF0, 0x1E, 0x31, 0xFF, 0xFF,
    0xFF, 0xFB, 0xFC, 0x00, 0x00, 0x07, 0xC0, 0x3F, 0xC0, 0xFF, 0xC1, 0xE7, 0x83, 0xEF, 0x03, 0xFC,
    0x03, 0xF8, 0x3F, 0xFE, 0x7F, 0xFE, 0xFB, 0xF8, 0x00, 0x00, 0x06, 0x00, 0x3C, 0x00, 0xF0, 0x01,
    0x80, 0x00, 0x00, 0x7C, 0x03, 0xF8, 0x1F, 0xC0, 0x7F, 0x01, 0xC0, 0x07, 0x04, 0x1F, 0xF0, 0x7F,
    0xE0, 0xFF, 0x83, 0xF0, 0x1F, 0x00, 0xF8, 0x03, 0xC0, 0x0F, 0x00, 0x3C, 0x00, 0xF0, 0x03, 0xE0,
    0x67, 0xFF, 0x8F, 0xFF, 0x1F, 0xF8, 0x0E, 0x00, 0x03, 0x00, 0x1C, 0x00, 0x78, 0x01, 0xC0, 0x00,
    0x00, 0x3F, 0x03, 0xFE, 0x0F, 0xF8, 0x79, 0xE0, 0xF7, 0x83, 0xFE, 0x07, 0xF0, 0x0F, 0xFC, 0xFF,
    0xF7, 0xFF, 0xDE, 0x00, 0xF0, 0x03, 0xC0, 0x0F, 0x00, 0x3E, 0x0C, 0xFF, 0xF1, 0xFF, 0xC3, 0xFE,
    0x01, 0xC0, 0x06, 0x01, 0xC0, 0x3C, 0x07, 0x00, 0x00, 0x0E, 0x07, 0xE1, 0xFC, 0x7F, 0x8F, 0x01,
    0xE0, 0x3C, 0x63, 0xFF, 0xFF, 0xFF, 0xF7, 0xF8, 0x00, 0x00, 0x03, 0x00, 0x0F, 0x00, 0x1E, 0x00,
    0x1C, 0x00, 0x00, 0x00, 0xF8, 0x07, 0xF8, 0x1F, 0xF8, 0x3C, 0xF0, 0x7D, 0xE0, 0x7F, 0x80, 0x7F,
    0x07, 0xFF, 0xCF, 0xFF, 0xDF, 0x7F, 0x00, 0x00, 0x00, 0x01, 0x80, 0x00, 0x0E, 0x00, 0x00, 0xF0,
    0x00, 0x03, 0x80, 0x00, 0x00, 0x00, 0x00, 0x00, 0x00, 0x0F, 0x80, 0x00, 0xFE, 0x00, 0x0F, 0xF0,
    0x00, 0x7B, 0xDC, 0x03, 0x9E, 0xE0, 0x1F, 0xFF, 0x00, 0xFF, 0xF8, 0x07, 0xFF, 0xE0, 0x07, 0xEF,
    0xFF, 0xFE, 0x7F, 0xFF, 0xF1, 0xFF, 0xFF, 0x01, 0xFF, 0x80, 0x00, 0x00, 0x60, 0x00, 0x00, 0x78,
    0x00, 0x00, 0x3C, 0x00, 0x00, 0x0C, 0x00, 0x00, 0x00, 0x00, 0x00, 0x00, 0x00, 0x00, 0x07, 0xC0,
    0x00, 0x07, 0xF0, 0x70, 0x03, 0xFC, 0x38, 0x03, 0xDE, 0x3C, 0x01, 0xE7, 0x1E, 0x00, 0xF7, 0x8F,
    0x80, 0x3F, 0xC3, 0xFF, 0xFF, 0xFD, 0xFF, 0xFF, 0xFE, 0x7F, 0xFF, 0xFF, 0x07, 0xFC, 0x00, 0x00,
    0x04, 0x03, 0x80, 0xE0, 0x38, 0x00, 0x00, 0x01, 0xF0, 0xFE, 0x7F, 0x9E, 0xF7, 0xBD, 0xFF, 0x7F,
    0xCF, 0xF0, 0xFF, 0xFE, 0xFF, 0xBF, 0x80, 0x00, 0x06, 0x00, 0x70, 0x03, 0xC0, 0x1C, 0x00, 0x00,
    0x00, 0x00, 0x7C, 0x07, 0xF0, 0x7F, 0xC3, 0xDE, 0x1E, 0xF0, 0xF7, 0x83, 0xFC, 0x7F, 0xFF, 0xFF,
    0xFF, 0xFF, 0x00, 0x00, 0x00, 0x22, 0x00, 0x3B, 0x80, 0x1F, 0xC0, 0x0E, 0xC0, 0x00, 0x00, 0x00,
    0xE0, 0x01, 0xF8, 0x00, 0xFE, 0x00, 0xFF, 0x38, 0x73, 0xDC, 0x3D, 0xFE, 0x1F, 0xFF, 0x0F, 0xFF,
    0x83, 0xFF, 0xC0, 0x3D, 0xF8, 0x7E, 0x7F, 0xFE, 0x1F, 0xFE, 0x07, 0xFC, 0x00, 0x00, 0x20, 0x00,
    0x07, 0xF0, 0x00, 0x7F, 0x00, 0x07, 0x60, 0x00, 0x00, 0x00, 0x00, 0x00, 0x00, 0x3E, 0x00, 0x07,
    0xF0, 0x00, 0xFF, 0x00, 0x0F, 0x78, 0x70, 0xE7, 0x87, 0x0F, 0xFE, 0xF0, 0xFF, 0xFF, 0x07, 0xFF,
    0xF0, 0x0F, 0x8F, 0x80, 0xF0, 0x7F, 0xFE, 0x07, 0xFF, 0xE0, 0x3F, 0xF8, 0x00, 0xFE, 0x00, 0x11,
    0x0E, 0xE3, 0xF8, 0xEE, 0x00, 0x00, 0x01, 0xF0, 0xFE, 0x7F, 0x9E, 0xF7, 0xBD, 0xFF, 0x7F, 0xCF,
    0xF0, 0xFF, 0xFE, 0xFF, 0xBF, 0x80, 0x00, 0x11, 0x01, 0xDC, 0x0F, 0xE0, 0x37, 0x00, 0x00, 0x00,
    0x00, 0x7C, 0x07, 0xF0, 0x7F, 0xC3, 0xDE, 0x1E, 0xF0, 0xF7, 0x83, 0xFC, 0x7F, 0xFF, 0xFF, 0xFF,
    0xFF, 0x00, 0x00, 0x00, 0x01, 0xC0, 0x00, 0x38, 0x00, 0x07, 0x00, 0x18, 0xE0, 0x07, 0x1C, 0x01,
    0xE3, 0x80, 0x38, 0x78, 0x07, 0x8F, 0x70, 0x71, 0xEE, 0x3E, 0x3F, 0xC7, 0x87, 0xF8, 0x40, 0xFF,
    0x80, 0x3E, 0xFF, 0xFF, 0x9F, 0xFF, 0xF1, 0xFF, 0xFC, 0x07, 0xFC, 0x00, 0x00, 0x01, 0xC0, 0x00,
    0x07, 0x00, 0x00, 0x1C, 0x00, 0x0C, 0x70, 0x00, 0x71, 0xC0, 0x03, 0xC7, 0x00, 0x0E, 0x1E, 0x00,
    0x3C, 0x78, 0x70, 0x71, 0xE1, 0xC7, 0xC7, 0x8F, 0x1E, 0x1E, 0x3C, 0x20, 0x78, 0xF8, 0x03, 0xE1,
    0xFF, 0xFF, 0xF7, 0xFF, 0xFF, 0xCF, 0xFF, 0xFF, 0x07, 0xFC, 0x00, 0x01, 0x81, 0xE1, 0xFD, 0xFE,
    0xFC, 0x3E, 0x0F, 0xC1, 0xF8, 0x3E, 0x07, 0xC0, 0xF0, 0x3C, 0xFF, 0x3F, 0xCF, 0xE0, 0x00, 0x01,
    0x80, 0x3C, 0x07, 0xF0, 0xFF, 0x0F, 0xE0, 0x7C, 0x03, 0xE0, 0x0F, 0x80, 0x3E, 0x00, 0xF8, 0x03,
    0xC0, 0x1F, 0x8F, 0xFF, 0x7F, 0xFF, 0xFB, 0xC0, 0x00, 0x00, 0x1C, 0x00, 0x38, 0x00, 0x70, 0x00,
    0xE0, 0x01, 0xC0, 0x03, 0x80, 0x07, 0x80, 0x0F, 0x00, 0x1E, 0x00, 0x3C, 0x00, 0x7B, 0x80, 0xF7,
    0x01, 0xFE, 0x03, 0xFC, 0x07, 0xF8, 0x0E, 0xF0, 0x3C, 0xF8, 0xF9, 0xFF, 0xE1, 0xFF, 0x80, 0xFE,
    0x00, 0x00, 0x1C, 0x00, 0x03, 0x80, 0x00, 0x70, 0x00, 0x0E, 0x00, 0x01, 0xC0, 0x00, 0x38, 0x00,
    0x07, 0x00, 0x00, 0xE0, 0x00, 0x1E, 0x00, 0x03, 0xC0, 0x00, 0x78, 0x38, 0x0F, 0x07, 0x01, 0xE1,
    0xE0, 0x3F, 0xBC, 0x07, 0xF7, 0x80, 0xFE, 0xF0, 0x3C, 0x0F, 0x8F, 0x81, 0xFF, 0xE0, 0x1F, 0xF8,
    0x00, 0xFE, 0x00, 0x39, 0xE7, 0x9E, 0x38, 0xE3, 0x8E, 0x38, 0xE3, 0x8E, 0x3B, 0xEF, 0xBC, 0x00,
    0x38, 0x3C, 0x1E, 0x07, 0x03, 0x81, 0xC0, 0xE0, 0x70, 0x38, 0x1C, 0x0E, 0x07, 0x83, 0xC7, 0xFF,
    0xFF, 0xFF, 0x00, 0x00, 0x06, 0x03, 0xF0, 0xFF, 0x3F, 0xE7, 0x9E, 0x23, 0xC7, 0xF9, 0xFF, 0x7F,
    0xFF, 0x3B, 0xC0, 0x78, 0x0F, 0x01, 0xE0, 0x3C, 0x07, 0x80, 0x70, 0x0E, 0x00, 0x00, 0x00, 0x03,
    0xC0, 0x0F, 0xE0, 0x1F, 0xE0, 0x3F, 0xF0, 0x7C, 0x70, 0x7E, 0x78, 0xFF, 0xFE, 0xFF, 0xFF, 0xF7,
    0xFF, 0xF1, 0xC0, 0xF0, 0x00, 0xF0, 0x00, 0xF0, 0x00, 0xF0, 0x00, 0x70, 0x00, 0x78, 0x00, 0x78,
    0x00, 0x00, 0x00, 0x07, 0x80, 0xFC, 0x1F, 0xE3, 0xFE, 0x3C, 0xE7, 0xCE, 0xFF, 0xEF, 0xFE, 0xEF,
    0xC0, 0x00, 0x07, 0x80, 0x3F, 0x80, 0x7F, 0x01, 0xFF, 0x03, 0x9E, 0x0F, 0x9E, 0x3F, 0xFF, 0xFF,
    0xFF, 0xEF, 0xFE, 0x07, 0x00, 0x03, 0x00, 0x07, 0x00, 0x1E, 0x00, 0x1C, 0x00, 0x00, 0x80, 0x07,
    0x80, 0x0F, 0x38, 0x0E, 0x70, 0x1F, 0xE0, 0x3F, 0xC0, 0x7F, 0x80, 0xFF, 0x03, 0xCF, 0xDF, 0x9F,
    0xFE, 0x1F, 0xF8, 0x1F, 0xE0, 0x03, 0x00, 0x00, 0x70, 0x00, 0x1E, 0x00, 0x01, 0xC0, 0x00, 0x00,
    0x00, 0x00, 0x78, 0x00, 0x0F, 0x03, 0x80, 0xE0, 0x70, 0x1E, 0x1E, 0x03, 0xFB, 0xC0, 0x7F, 0xF8,
    0x0F, 0xFF, 0x03, 0xC0, 0xFD, 0xF8, 0x1F, 0xFE, 0x01, 0xFF, 0xC0, 0x1F, 0xE0, 0x00, 0x31, 0xE7,
    0x8C, 0x00, 0xE7, 0x8F, 0x3C, 0xF3, 0xCF, 0xFF, 0xEF, 0x00, 0x18, 0x0F, 0x03, 0xC0, 0x70, 0x00,
    0x00, 0x01, 0xC0, 0xF0, 0x3C, 0x0F, 0x0F, 0xFF, 0xFF, 0xFF, 0xC0, 0x00, 0x00, 0x07, 0x03, 0xE0,
    0xFC, 0x3F, 0x1F, 0xE7, 0x3B, 0xCE, 0xF3, 0xBF, 0xE7, 0xF8, 0xFC, 0x00, 0x00, 0x03, 0x80, 0x0F,
    0x00, 0x7C, 0x07, 0xF0, 0x7F, 0xC1, 0xFF, 0x0F, 0x3C, 0x3C, 0xF0, 0xFF, 0xC1, 0xFF, 0x07, 0xFF,
    0x87, 0xFF, 0x00, 0xF8, 0x00, 0x00, 0x08, 0x00, 0xE0, 0x0F, 0xC0, 0x7F, 0x03, 0xFC, 0x3F, 0xF1,
    0xCF, 0xCF, 0xFF, 0x7F, 0x7F, 0xFF, 0xFF, 0xFF, 0xFF, 0xE0, 0x08, 0x00, 0x07, 0x80, 0x7F, 0x01,
    0xFC, 0x0F, 0x70, 0x3D, 0xC1, 0xE7, 0x07, 0xFC, 0x3F, 0xFF, 0xFF, 0xFF, 0xFF, 0xF7, 0x8E, 0x0F,
    0xF8, 0x3F, 0xE0, 0x7F, 0x80, 0x78, 0x00, 0x0E, 0x0F, 0xC3, 0xF9, 0xFE, 0x73, 0xDC, 0xF7, 0xFD,
    0xFF, 0x3F, 0xC3, 0xE7, 0xFB, 0xFC, 0x7E, 0x1E, 0x00, 0x0E, 0x01, 0xF8, 0x0F, 0xE0, 0xFF, 0x07,
    0x3C, 0x39, 0xE1, 0xFF, 0xEF, 0xFF, 0x3F, 0xF8, 0x7C, 0x1F, 0xE1, 0xFE, 0x07, 0xE0, 0x3C, 0x00,
    0x00, 0x1F, 0x80, 0x1F, 0xC0, 0x1F, 0xC0, 0x1F, 0x20, 0x0E, 0x03, 0x87, 0x01, 0xC3, 0xE1, 0xE1,
    0xFC, 0xF0, 0x3F, 0x78, 0x07, 0xBC, 0x03, 0xCF, 0xDF, 0xE7, 0xFF, 0xE1, 0xFF, 0xE0, 0x3F, 0xC0,
    0x00, 0x00, 0x0E, 0x00, 0x01, 0xC0, 0xF8, 0x78, 0x1F, 0xEF, 0x03, 0xFF, 0xE0, 0x1F, 0xBC, 0x03,
    0xC3, 0xFB, 0xF8, 0x7F, 0xFE, 0x07, 0xFF, 0x80, 0x3F, 0xC0, 0x00, 0x00, 0x1F, 0x80, 0x1F, 0xC0,
    0x1F, 0xC0, 0x1F, 0x20, 0x0E, 0x03, 0x87, 0x01, 0xC3, 0xE1, 0xE1, 0xFC, 0xF0, 0x3F, 0x78, 0x07,
    0xBC, 0x03, 0xCF, 0xDF, 0xE7, 0xFF, 0xE1, 0xFF, 0xE0, 0x3F, 0xC0, 0x00, 0x00, 0x00, 0x00, 0x07,
    0x70, 0x03, 0xF8, 0x01, 0xDC, 0x00, 0x00, 0x00, 0x0E, 0x00, 0x01, 0xC0, 0xF8, 0x78, 0x1F, 0xEF,
    0x03, 0xFF, 0xE0, 0x1F, 0xBC, 0x03, 0xC3, 0xFB, 0xF8, 0x7F, 0xFE, 0x07, 0xFF, 0x80, 0x3F, 0xC0,
    0x00, 0x00, 0x00, 0x00, 0x00, 0x0F, 0xC0, 0x03, 0xFC, 0x00, 0x3F, 0x00, 0x3C, 0x78, 0xF0, 0xE1,
    0xE3, 0xC7, 0xFE, 0xFD, 0xF0, 0x00, 0x0E, 0xFF, 0xFB, 0x80, 0x00, 0x03, 0xC0, 0x70, 0x0E, 0x03,
    0xE1, 0xFF, 0xBF, 0xFF, 0xBE, 0x00, 0x00, 0x01, 0xF8, 0x7F, 0x87, 0xE0, 0x00, 0x00, 0xFE, 0x31,
    0xFD, 0xE0, 0x31, 0xC0, 0xC3, 0x83, 0xC7, 0x07, 0xCE, 0x07, 0xFC, 0x07, 0xF8, 0x03, 0xF0, 0x03,
    0xE0, 0x0F, 0xE0, 0x3F, 0xC0, 0xFB, 0x83, 0xFF, 0x07, 0xFE, 0x0F, 0xF8, 0x00, 0x00, 0x7F, 0x00,
    0xFF, 0x70, 0x0E, 0xF0, 0x00, 0xF0, 0x20, 0x70, 0x70, 0x70, 0x78, 0x70, 0x7C, 0x70, 0x3E, 0x70,
    0x1F, 0x70, 0x0F, 0xF0, 0x07, 0xF0, 0x03, 0xF8, 0x07, 0xF8, 0x7F, 0xFF, 0x7F, 0xFF, 0x7F, 0x3F,
    0x00, 0x00, 0x70, 0x07, 0x80, 0x3C, 0x01, 0xE0, 0xCF, 0x9E, 0x78, 0x70, 0xC3, 0x8F, 0x1C, 0x7C,
    0xE1, 0xFF, 0x07, 0xF8, 0x0F, 0xC0, 0x3E, 0x03, 0xF8, 0x3F, 0xC3, 0xEE, 0x3F, 0xF1, 0xFF, 0x8F,
    0xF8, 0x18, 0x00, 0x3C, 0x00, 0x38, 0x00, 0x3C, 0x00, 0x3E, 0x70, 0x3C, 0xF0, 0x00, 0xF0, 0x20,
    0x70, 0x70, 0x70, 0x78, 0x70, 0x7C, 0x70, 0x3E, 0x70, 0x1F, 0x70, 0x0F, 0xF0, 0x07, 0xF0, 0x03,
    0xF8, 0x07, 0xF8, 0x7F, 0xFF, 0x7F, 0xFF, 0x7F, 0x3F, 0x00, 0x00, 0x00, 0x60, 0x0F, 0x00, 0x38,
    0x61, 0xC7, 0x8E, 0x3E, 0x70, 0xFF, 0x83, 0xFC, 0x07, 0xE0, 0x1F, 0x01, 0xFC, 0x1F, 0xE1, 0xF7,
    0x1F, 0xF8, 0xFF, 0xC7, 0xFC, 0x0C, 0x00, 0xE0, 0x0F, 0x00, 0x7C, 0x03, 0xE0, 0x1E, 0x00, 0x00,
    0x00, 0x00, 0x70, 0x00, 0xF0, 0x00, 0xF0, 0x20, 0x70, 0x70, 0x70, 0x78, 0x70, 0x7C, 0x70, 0x3E,
    0x70, 0x1F, 0x70, 0x0F, 0xF0, 0x07, 0xF0, 0x03, 0xF8, 0x07, 0xF8, 0x7F, 0xFF, 0x7F, 0xFF, 0x7F,
    0x3F, 0x1C, 0x00, 0x1C, 0x00, 0x3C, 0x00, 0x3E, 0x00, 0x3E, 0x00, 0x3C, 0x00, 0x00, 0x00, 0x00,
    0x60, 0x0F, 0x00, 0x38, 0x61, 0xC7, 0x8E, 0x3E, 0x70, 0xFF, 0x83, 0xFC, 0x07, 0xE0, 0x1F, 0x01,
    0xFC, 0x1F, 0xE1, 0xF7, 0x1F, 0xF8, 0xFF, 0xC7, 0xFC, 0x00, 0x70, 0x00, 0xF0, 0x00, 0xF0, 0x20,
    0x70, 0x70, 0x70, 0x78, 0x70, 0x7C, 0x70, 0x3E, 0x70, 0x1F, 0x70, 0x0F, 0xF0, 0x07, 0xF0, 0x03,
    0xF8, 0x07, 0xF8, 0x7F, 0xFF, 0x7F, 0xFF, 0x7F, 0x3F, 0x00, 0x00, 0x00, 0x20, 0x00, 0x07, 0x00,
    0x00, 0xF8, 0x00, 0x1F, 0xC0, 0x03, 0xFE, 0x00, 0x70, 0x70, 0x0F, 0xF7, 0x81, 0xFF, 0x3C, 0x3F,
    0xF7, 0xE7, 0xFC, 0xFF, 0x7F, 0xDF, 0xF3, 0xF9, 0xFE, 0x1F, 0xFF, 0xC0, 0xFF, 0xF8, 0x07, 0x9F,
    0x00, 0x39, 0xE0, 0x01, 0xFC, 0x00, 0x0F, 0x80, 0x00, 0x70, 0x00, 0x00, 0x00,
};

static const EpdGlyph ubuntu_10_boldGlyphs[] = {
    { 0, 0, 0, 0, 0, 0, 0 }, // U+0000
    { 0, 0, 0, 0, 0, 0, 0 }, // U+0008
    { 0, 0, 80, 0, 0, 0, 0 }, // U+0009
    { 0, 0, 80, 0, 0, 0, 0 }, // U+000D
    { 0, 0, 0, 0, 0, 0, 0 }, // U+001D
    { 0, 0, 80, 0, 0, 0, 0 }, // U+0020
    { 4, 15, 95, 1, 15, 8, 0 }, // !
    { 8, 6, 155, 1, 16, 6, 8 }, // "
    { 13, 15, 233, 1, 15, 25, 14 }, // #
    { 11, 19, 189, 0, 16, 27, 39 }, // $
    { 19, 15, 306, 0, 15, 36, 66 }, // %
    { 15, 15, 235, 0, 15, 29, 102 }, // &
    { 4, 6, 82, 1, 16, 3, 131 }, // '
    { 7, 20, 119, 1, 16, 18, 134 }, // (
    { 6, 20, 119, 0, 16, 15, 152 }, // )
    { 10, 8, 167, 0, 15, 10, 167 }, // *
    { 10, 11, 189, 1, 12, 14, 177 }, // +
    { 5, 6, 82, 0, 3, 4, 191 }, // ,
    { 7, 3, 113, 0, 8, 3, 195 }, // -
    { 5, 4, 82, 0, 4, 3, 198 }, // .
    { 11, 20, 146, -1, 16, 28, 201 }, // /
    { 12, 15, 189, 0, 15, 23, 229 }, // 0
    { 8, 15, 189, 1, 15, 15, 252 }, // 1
    { 11, 15, 189, 0, 15, 21, 267 }, // 2
    { 11, 15, 189, 0, 15, 21, 288 }, // 3
    { 12, 15, 189, 0, 15, 23, 309 }, // 4
    { 11, 15, 189, 0, 15, 21, 332 }, // 5
    { 12, 15, 189, 0, 15, 23, 353 }, // 6
    { 12, 15, 189, 0, 15, 23, 376 }, // 7
    { 12, 15, 189, 0, 15, 23, 399 }, // 8
    { 12, 15, 189, 0, 15, 23, 422 }, // 9
    { 5, 11, 82, 0, 11, 7, 445 }, // :
    { 5, 14, 82, 0, 11, 9, 452 }, // ;
    { 10, 11, 189, 1, 12, 14, 461 }, // <
    { 10, 8, 189, 1, 10, 10, 475 }, // =
    { 10, 11, 189, 1, 12, 14, 485 }, // >
    { 10, 16, 152, 0, 16, 20, 499 }, // ?
    { 19, 18, 325, 1, 15, 43, 519 }, // @
    { 15, 15, 240, 0, 15, 29, 562 }, // A
    { 13, 15, 224, 1, 15, 25, 591 }, // B
    { 13, 15, 216, 1, 15, 25, 616 }, // C
    { 14, 15, 246, 1, 15, 27, 641 }, // D
    { 11, 15, 202, 1, 15, 21, 668 }, // E
    { 11, 15, 191, 1, 15, 21, 689 }, // F
    { 13, 15, 234, 1, 15, 25, 710 }, // G
    { 13, 15, 245, 1, 15, 25, 735 }, // H
    { 4, 15, 105, 1, 15, 8, 760 }, // I
    { 10, 15, 176, 0, 15, 19, 768 }, // J
    { 14, 15, 228, 1, 15, 27, 787 }, // K
    { 11, 15, 188, 1, 15, 21, 814 }, // L
    { 17, 15, 299, 1, 15, 32, 835 }, // M
    { 14, 15, 252, 1, 15, 27, 867 }, // N
    { 15, 15, 263, 1, 15, 29, 894 }, // O
    { 12, 15, 215, 1, 15, 23, 923 }, // P
    { 15, 18, 263, 1, 15, 34, 946 }, // Q
    { 13, 15, 222, 1, 15, 25, 980 }, // R
    { 12, 15, 194, 0, 15, 23, 1005 }, // S
    { 13, 15, 205, 0, 15, 25, 1028 }, // T
    { 13, 15, 236, 1, 15, 25, 1053 }, // U
    { 15, 15, 241, 0, 15, 29, 1078 }, // V
    { 20, 15, 316, 0, 15, 38, 1107 }, // W
    { 14, 15, 225, 0, 15, 27, 1145 }, // X
    { 14, 15, 220, 0, 15, 27, 1172 }, // Y
    { 13, 15, 203, 0, 15, 25, 1199 }, // Z
    { 7, 20, 124, 1, 16, 18, 1224 }, // [
    { 11, 20, 146, -1, 16, 28, 1242 }, // <backslash>
    { 6, 20, 124, 0, 16, 15, 1270 }, // ]
    { 12, 9, 189, 0, 15, 14, 1285 }, // ^
    { 11, 3, 167, 0, -1, 5, 1299 }, // _
    { 6, 5, 95, 0, 17, 4, 1304 }, // `
    { 11, 11, 184, 0, 11, 16, 1308 }, // a
    { 11, 16, 201, 1, 16, 22, 1324 }, // b
    { 10, 11, 167, 0, 11, 14, 1346 }, // c
    { 12, 16, 201, 0, 16, 24, 1360 }, // d
    { 12, 11, 195, 0, 11, 17, 1384 }, // e
    { 9, 16, 141, 1, 16, 18, 1401 }, // f
    { 11, 15, 198, 0, 11, 21, 1419 }, // g
    { 10, 16, 196, 1, 16, 20, 1440 }, // h
    { 4, 16, 96, 1, 16, 8, 1460 }, // i
    { 7, 20, 96, -2, 16, 18, 1468 }, // j
    { 11, 16, 193, 1, 16, 22, 1486 }, // k
    { 6, 16, 105, 1, 16, 12, 1508 }, // l
    { 16, 11, 287, 1, 11, 22, 1520 }, // m
    { 10, 11, 196, 1, 11, 14, 1542 }, // n
    { 12, 11, 202, 0, 11, 17, 1556 }, // o
    { 11, 15, 201, 1, 11, 21, 1573 }, // p
    { 12, 15, 201, 0, 11, 23, 1594 }, // q
    { 8, 11, 141, 1, 11, 11, 1617 }, // r
    { 10, 11, 162, 0, 11, 14, 1628 }, // s
    { 8, 14, 148, 1, 14, 14, 1642 }, // t
    { 10, 11, 196, 1, 11, 14, 1656 }, // u
    { 12, 11, 183, 0, 11, 17, 1670 }, // v
    { 17, 11, 261, 0, 11, 24, 1687 }, // w
    { 12, 11, 185, 0, 11, 17, 1711 }, // x
    { 12, 15, 182, 0, 11, 23, 1728 }, // y
    { 10, 11, 167, 0, 11, 14, 1751 }, // z
    { 8, 20, 124, 0, 16, 20, 1765 }, // {
    { 4, 20, 107, 1, 16, 10, 1785 }, // |
    { 8, 20, 124, 0, 16, 20, 1795 }, // }
    { 12, 5, 189, 0, 9, 8, 1815 }, // ~
    { 0, 0, 80, 0, 0, 0, 1823 }, // U+00A0
    { 4, 15, 95, 1, 11, 8, 1823 }, // U+00A1
    { 10, 16, 189, 0, 14, 20, 1831 }, // U+00A2
    { 11, 15, 189, 0, 15, 21, 1851 }, // U+00A3
    { 12, 11, 189, 0, 13, 17, 1872 }, // U+00A4
    { 14, 15, 189, -1, 15, 27, 1889 }, // U+00A5
    { 4, 20, 101, 1, 16, 10, 1916 }, // U+00A6
    { 11, 19, 172, 0, 15, 27, 1926 }, // U+00A7
    { 9, 3, 179, 1, 16, 4, 1953 }, // U+00A8
    { 15, 15, 265, 1, 15, 29, 1957 }, // U+00A9
    { 8, 8, 133, 0, 15, 8, 1986 }, // U+00AA
    { 12, 11, 199, 0, 11, 17, 1994 }, // U+00AB
    { 10, 8, 189, 1, 9, 10, 2011 }, // U+00AC
    { 7, 3, 113, 0, 8, 3, 2021 }, // U+00AD
    { 15, 15, 265, 1, 15, 29, 2024 }, // U+00AE
    { 8, 2, 125, 0, 15, 2, 2053 }, // U+00AF
    { 8, 6, 121, 0, 16, 6, 2055 }, // U+00B0
    { 10, 15, 189, 1, 15, 19, 2061 }, // U+00B1
    { 7, 9, 121, 0, 15, 8, 2080 }, // U+00B2
    { 7, 9, 121, 0, 15, 8, 2088 }, // U+00B3
    { 6, 5, 95, 0, 17, 4, 2096 }, // U+00B4
    { 10, 15, 198, 1, 11, 19, 2100 }, // U+00B5
    { 14, 19, 237, 0, 15, 34, 2119 }, // U+00B6
    { 5, 4, 82, 0, 9, 3, 2153 }, // U+00B7
    { 6, 6, 109, 0, 1, 5, 2156 }, // U+00B8
    { 6, 9, 121, 0, 15, 7, 2161 }, // U+00B9
    { 9, 8, 152, 0, 15, 9, 2168 }, // U+00BA
    { 13, 11, 199, 0, 11, 18, 2177 }, // U+00BB
    { 19, 15, 293, 0, 15, 36, 2195 }, // U+00BC
    { 18, 15, 293, 0, 15, 34, 2231 }, // U+00BD
    { 19, 15, 293, 0, 15, 36, 2265 }, // U+00BE
    { 10, 15, 152, 0, 11, 19, 2301 }, // U+00BF
    { 15, 21, 240, 0, 21, 40, 2320 }, // U+00C0
    { 15, 21, 240, 0, 21, 40, 2360 }, // U+00C1
    { 15, 21, 240, 0, 21, 40, 2400 }, // U+00C2
    { 15, 19, 240, 0, 19, 36, 2440 }, // U+00C3
    { 15, 19, 240, 0, 19, 36, 2476 }, // U+00C4
    { 15, 19, 240, 0, 19, 36, 2512 }, // U+00C5
    { 21, 15, 331, 0, 15, 40, 2548 }, // U+00C6
    { 13, 20, 216, 1, 15, 33, 2588 }, // U+00C7
    { 11, 21, 202, 1, 21, 29, 2621 }, // U+00C8
    { 11, 21, 202, 1, 21, 29, 2650 }, // U+00C9
    { 11, 21, 202, 1, 21, 29, 2679 }, // U+00CA
    { 11, 19, 202, 1, 19, 27, 2708 }, // U+00CB
    { 6, 21, 105, 0, 21, 16, 2735 }, // U+00CC
    { 5, 21, 105, 1, 21, 14, 2751 }, // U+00CD
    { 7, 21, 105, 0, 21, 19, 2765 }, // U+00CE
    { 9, 19, 105, -1, 19, 22, 2784 }, // U+00CF
    { 15, 15, 249, 0, 15, 29, 2806 }, // U+00D0
    { 14, 19, 252, 1, 19, 34, 2835 }, // U+00D1
    { 15, 21, 263, 1, 21, 40, 2869 }, // U+00D2
    { 15, 21, 263, 1, 21, 40, 2909 }, // U+00D3
    { 15, 21, 263, 1, 21, 40, 2949 }, // U+00D4
    { 15, 19, 263, 1, 19, 36, 2989 }, // U+00D5
    { 15, 19, 263, 1, 19, 36, 3025 }, // U+00D6
    { 10, 9, 189, 1, 11, 12, 3061 }, // U+00D7
    { 15, 17, 263, 1, 16, 32, 3073 }, // U+00D8
    { 13, 21, 236, 1, 21, 35, 3105 }, // U+00D9
    { 13, 21, 236, 1, 21, 35, 3140 }, // U+00DA
    { 13, 21, 236, 1, 21, 35, 3175 }, // U+00DB
    { 13, 19, 236, 1, 19, 31, 3210 }, // U+00DC
    { 14, 21, 220, 0, 21, 37, 3241 }, // U+00DD
    { 12, 15, 215, 1, 15, 23, 3278 }, // U+00DE
    { 13, 16, 220, 1, 16, 26, 3301 }, // U+00DF
    { 11, 17, 184, 0, 17, 24, 3327 }, // U+00E0
    { 11, 17, 184, 0, 17, 24, 3351 }, // U+00E1
    { 11, 17, 184, 0, 17, 24, 3375 }, // U+00E2
    { 11, 16, 184, 0, 16, 22, 3399 }, // U+00E3
    { 11, 16, 184, 0, 16, 22, 3421 }, // U+00E4
    { 11, 18, 184, 0, 18, 25, 3443 }, // U+00E5
    { 18, 11, 291, 0, 11, 25, 3468 }, // U+00E6
    { 10, 15, 167, 0, 11, 19, 3493 }, // U+00E7
    { 12, 17, 195, 0, 17, 26, 3512 }, // U+00E8
    { 12, 17, 195, 0, 17, 26, 3538 }, // U+00E9
    { 12, 17, 195, 0, 17, 26, 3564 }, // U+00EA
    { 12, 16, 195, 0, 16, 24, 3590 }, // U+00EB
    { 6, 17, 96, 0, 17, 13, 3614 }, // U+00EC
    { 6, 17, 96, 0, 17, 13, 3627 }, // U+00ED
    { 8, 17, 96, -1, 17, 17, 3640 }, // U+00EE
    { 9, 16, 96, -2, 16, 18, 3657 }, // U+00EF
    { 13, 16, 200, 0, 16, 26, 3675 }, // U+00F0
    { 10, 16, 196, 1, 16, 20, 3701 }, // U+00F1
    { 12, 17, 202, 0, 17, 26, 3721 }, // U+00F2
    { 12, 17, 202, 0, 17, 26, 3747 }, // U+00F3
    { 12, 17, 202, 0, 17, 26, 3773 }, // U+00F4
    { 12, 16, 202, 0, 16, 24, 3799 }, // U+00F5
    { 12, 16, 202, 0, 16, 24, 3823 }, // U+00F6
    { 10, 13, 189, 1, 13, 17, 3847 }, // U+00F7
    { 12, 13, 202, 0, 12, 20, 3864 }, // U+00F8
    { 10, 17, 196, 1, 17, 22, 3884 }, // U+00F9
    { 10, 17, 196, 1, 17, 22, 3906 }, // U+00FA
    { 10, 17, 196, 1, 17, 22, 3928 }, // U+00FB
    { 10, 16, 196, 1, 16, 20, 3950 }, // U+00FC
    { 12, 21, 182, 0, 17, 32, 3970 }, // U+00FD
    { 11, 20, 201, 1, 16, 28, 4002 }, // U+00FE
    { 12, 20, 182, 0, 16, 30, 4030 }, // U+00FF
    { 15, 18, 240, 0, 18, 34, 4060 }, // U+0100
    { 11, 15, 184, 0, 15, 21, 4094 }, // U+0101
    { 15, 19, 240, 0, 19, 36, 4115 }, // U+0102
    { 11, 16, 184, 0, 16, 22, 4151 }, // U+0103
    { 16, 20, 240, 0, 15, 40, 4173 }, // U+0104
    { 11, 15, 184, 0, 11, 21, 4213 }, // U+0105
    { 13, 21, 216, 1, 21, 35, 4234 }, // U+0106
    { 10, 17, 167, 0, 17, 22, 4269 }, // U+0107
    { 13, 21, 216, 1, 21, 35, 4291 }, // U+0108
    { 10, 17, 167, 0, 17, 22, 4326 }, // U+0109
    { 13, 19, 216, 1, 19, 31, 4348 }, // U+010A
    { 10, 16, 167, 0, 16, 20, 4379 }, // U+010B
    { 13, 21, 216, 1, 21, 35, 4399 }, // U+010C
    { 10, 17, 167, 0, 17, 22, 4434 }, // U+010D
    { 14, 21, 246, 1, 21, 37, 4456 }, // U+010E
    { 16, 16, 228, 0, 16, 32, 4493 }, // U+010F
    { 15, 15, 249, 0, 15, 29, 4525 }, // U+0110
    { 13, 16, 202, 0, 16, 26, 4554 }, // U+0111
    { 11, 18, 202, 1, 18, 25, 4580 }, // U+0112
    { 12, 15, 195, 0, 15, 23, 4605 }, // U+0113
    { 11, 19, 202, 1, 19, 27, 4628 }, // U+0114
    { 12, 16, 195, 0, 16, 24, 4655 }, // U+0115
    { 11, 19, 202, 1, 19, 27, 4679 }, // U+0116
    { 12, 16, 195, 0, 16, 24, 4706 }, // U+0117
    { 12, 20, 202, 1, 15, 30, 4730 }, // U+0118
    { 12, 15, 195, 0, 11, 23, 4760 }, // U+0119
    { 11, 21, 202, 1, 21, 29, 4783 }, // U+011A
    { 12, 17, 195, 0, 17, 26, 4812 }, // U+011B
    { 13, 21, 234, 1, 21, 35, 4838 }, // U+011C
    { 11, 21, 198, 0, 17, 29, 4873 }, // U+011D
    { 13, 19, 234, 1, 19, 31, 4902 }, // U+011E
    { 11, 20, 198, 0, 16, 28, 4933 }, // U+011F
    { 13, 19, 234, 1, 19, 31, 4961 }, // U+0120
    { 11, 20, 198, 0, 16, 28, 4992 }, // U+0121
    { 13, 20, 234, 1, 15, 33, 5020 }, // U+0122
    { 11, 21, 198, 0, 17, 29, 5053 }, // U+0123
    { 13, 21, 245, 1, 21, 35, 5082 }, // U+0124
    { 10, 20, 196, 1, 20, 25, 5117 }, // U+0125
    { 16, 15, 252, 0, 15, 30, 5142 }, // U+0126
    { 12, 16, 200, 0, 16, 24, 5172 }, // U+0127
    { 9, 19, 105, -1, 19, 22, 5196 }, // U+0128
    { 8, 16, 96, -1, 16, 16, 5218 }, // U+0129
    { 8, 18, 105, -1, 18, 18, 5234 }, // U+012A
    { 8, 15, 96, -1, 15, 15, 5252 }, // U+012B
    { 7, 19, 105, 0, 19, 17, 5267 }, // U+012C
    { 8, 16, 96, -1, 16, 16, 5284 }, // U+012D
    { 6, 20, 105, 0, 15, 15, 5300 }, // U+012E
    { 6, 21, 96, 0, 16, 16, 5315 }, // U+012F
    { 4, 19, 105, 1, 19, 10, 5331 }, // U+0130
    { 4, 11, 96, 1, 11, 6, 5341 }, // U+0131
    { 16, 15, 280, 1, 15, 30, 5347 }, // U+0132
    { 10, 20, 192, 1, 16, 25, 5377 }, // U+0133
    { 12, 21, 176, 0, 21, 32, 5402 }, // U+0134
    { 9, 21, 96, -2, 17, 24, 5434 }, // U+0135
    { 14, 20, 228, 1, 15, 35, 5458 }, // U+0136
    { 11, 21, 193, 1, 16, 29, 5493 }, // U+0137
    { 12, 11, 194, 1, 11, 17, 5522 }, // U+0138
    { 11, 21, 188, 1, 21, 29, 5539 }, // U+0139
    { 6, 21, 105, 1, 21, 16, 5568 }, // U+013A
    { 11, 20, 188, 1, 15, 28, 5584 }, // U+013B
    { 6, 21, 105, 1, 16, 16, 5612 }, // U+013C
    { 11, 15, 188, 1, 15, 21, 5628 }, // U+013D
    { 8, 16, 123, 1, 16, 16, 5649 }, // U+013E
    { 11, 15, 188, 1, 15, 21, 5665 }, // U+013F
    { 10, 16, 173, 1, 16, 20, 5686 }, // U+0140
    { 13, 15, 198, 0, 15, 25, 5706 }, // U+0141
    { 9, 16, 121, -1, 16, 18, 5731 }, // U+0142
    { 14, 21, 252, 1, 21, 37, 5749 }, // U+0143
    { 10, 17, 196, 1, 17, 22, 5786 }, // U+0144
    { 14, 20, 252, 1, 15, 35, 5808 }, // U+0145
    { 10, 16, 196, 1, 11, 20, 5843 }, // U+0146
    { 14, 21, 252, 1, 21, 37, 5863 }, // U+0147
    { 10, 17, 196, 1, 17, 22, 5900 }, // U+0148
    { 13, 16, 206, -1, 16, 26, 5922 }, // U+0149
    { 14, 19, 252, 1, 15, 34, 5948 }, // U+014A
    { 10, 15, 196, 1, 11, 19, 5982 }, // U+014B
    { 15, 18, 263, 1, 18, 34, 6001 }, // U+014C
    { 12, 15, 202, 0, 15, 23, 6035 }, // U+014D
    { 15, 19, 263, 1, 19, 36, 6058 }, // U+014E
    { 12, 16, 202, 0, 16, 24, 6094 }, // U+014F
    { 15, 21, 263, 1, 21, 40, 6118 }, // U+0150
    { 12, 17, 202, 0, 17, 26, 6158 }, // U+0151
    { 20, 15, 332, 1, 15, 38, 6184 }, // U+0152
    { 19, 11, 312, 0, 11, 27, 6222 }, // U+0153
    { 13, 21, 222, 1, 21, 35, 6249 }, // U+0154
    { 8, 17, 141, 1, 17, 17, 6284 }, // U+0155
    { 13, 20, 222, 1, 15, 33, 6301 }, // U+0156
    { 9, 16, 141, 0, 11, 18, 6334 }, // U+0157
    { 13, 20, 222, 1, 20, 33, 6352 }, // U+0158
    { 8, 17, 141, 1, 17, 17, 6385 }, // U+0159
    { 12, 21, 194, 0, 21, 32, 6402 }, // U+015A
    { 10, 17, 162, 0, 17, 22, 6434 }, // U+015B
    { 12, 21, 194, 0, 21, 32, 6456 }, // U+015C
    { 10, 17, 162, 0, 17, 22, 6488 }, // U+015D
    { 12, 20, 194, 0, 15, 30, 6510 }, // U+015E
    { 10, 16, 162, 0, 11, 20, 6540 }, // U+015F
    { 12, 21, 194, 0, 21, 32, 6560 }, // U+0160
    { 10, 17, 162, 0, 17, 22, 6592 }, // U+0161
    { 13, 19, 205, 0, 15, 31, 6614 }, // U+0162
    { 8, 18, 148, 1, 14, 18, 6645 }, // U+0163
    { 13, 21, 205, 0, 21, 35, 6663 }, // U+0164
    { 8, 16, 148, 1, 16, 16, 6698 }, // U+0165
    { 13, 15, 205, 0, 15, 25, 6714 }, // U+0166
    { 8, 14, 148, 1, 14, 14, 6739 }, // U+0167
    { 13, 19, 236, 1, 19, 31, 6753 }, // U+0168
    { 10, 16, 196, 1, 16, 20, 6784 }, // U+0169
    { 13, 18, 236, 1, 18, 30, 6804 }, // U+016A
    { 10, 15, 196, 1, 15, 19, 6834 }, // U+016B
    { 13, 19, 236, 1, 19, 31, 6853 }, // U+016C
    { 10, 16, 196, 1, 16, 20, 6884 }, // U+016D
    { 13, 21, 236, 1, 21, 35, 6904 }, // U+016E
    { 10, 18, 196, 1, 18, 23, 6939 }, // U+016F
    { 13, 21, 236, 1, 21, 35, 6962 }, // U+0170
    { 11, 17, 196, 1, 17, 24, 6997 }, // U+0171
    { 13, 19, 236, 1, 15, 31, 7021 }, // U+0172
    { 10, 15, 196, 1, 11, 19, 7052 }, // U+0173
    { 20, 21, 316, 0, 21, 53, 7071 }, // U+0174
    { 17, 17, 261, 0, 17, 37, 7124 }, // U+0175
    { 14, 21, 220, 0, 21, 37, 7161 }, // U+0176
    { 12, 21, 182, 0, 17, 32, 7198 }, // U+0177
    { 14, 19, 220, 0, 19, 34, 7230 }, // U+0178
    { 13, 21, 203, 0, 21, 35, 7264 }, // U+0179
    { 10, 17, 167, 0, 17, 22, 7299 }, // U+017A
    { 13, 19, 203, 0, 19, 31, 7321 }, // U+017B
    { 10, 16, 167, 0, 16, 20, 7352 }, // U+017C
    { 13, 21, 203, 0, 21, 35, 7372 }, // U+017D
    { 10, 17, 167, 0, 17, 22, 7407 }, // U+017E
    { 9, 16, 110, 1, 16, 18, 7429 }, // U+017F
    { 14, 15, 243, 1, 15, 27, 7447 }, // U+018F
    { 15, 17, 263, 1, 17, 32, 7474 }, // U+01A0
    { 13, 13, 202, 0, 13, 22, 7506 }, // U+01A1
    { 15, 17, 249, 1, 17, 32, 7528 }, // U+01AF
    { 13, 13, 209, 1, 13, 22, 7560 }, // U+01B0
    { 26, 20, 433, 1, 20, 65, 7582 }, // U+01C4
    { 24, 17, 405, 1, 17, 51, 7647 }, // U+01C5
    { 23, 17, 365, 0, 17, 49, 7698 }, // U+01C6
    { 21, 15, 363, 1, 15, 40, 7747 }, // U+01C7
    { 16, 20, 283, 1, 16, 40, 7787 }, // U+01C8
    { 11, 20, 201, 1, 16, 28, 7827 }, // U+01C9
    { 25, 15, 427, 1, 15, 47, 7855 }, // U+01CA
    { 20, 20, 348, 1, 16, 50, 7902 }, // U+01CB
    { 17, 20, 293, 1, 16, 43, 7952 }, // U+01CC
    { 15, 21, 240, 0, 21, 40, 7995 }, // U+01CD
    { 11, 17, 184, 0, 17, 24, 8035 }, // U+01CE
    { 7, 21, 105, 0, 21, 19, 8059 }, // U+01CF
    { 8, 17, 96, -1, 17, 17, 8078 }, // U+01D0
    { 15, 21, 263, 1, 21, 40, 8095 }, // U+01D1
    { 12, 17, 202, 0, 17, 26, 8135 }, // U+01D2
    { 13, 21, 236, 1, 21, 35, 8161 }, // U+01D3
    { 10, 17, 196, 1, 17, 22, 8196 }, // U+01D4
    { 13, 22, 236, 1, 22, 36, 8218 }, // U+01D5
    { 10, 18, 196, 1, 18, 23, 8254 }, // U+01D6
    { 13, 22, 236, 1, 22, 36, 8277 }, // U+01D7
    { 10, 19, 196, 1, 19, 24, 8313 }, // U+01D8
    { 13, 21, 236, 1, 21, 35, 8337 }, // U+01D9
    { 10, 19, 196, 1, 19, 24, 8372 }, // U+01DA
    { 13, 22, 236, 1, 22, 36, 8396 }, // U+01DB
    { 10, 19, 196, 1, 19, 24, 8432 }, // U+01DC
    { 12, 11, 195, 0, 11, 17, 8456 }, // U+01DD
    { 15, 22, 240, 0, 22, 42, 8473 }, // U+01DE
    { 11, 18, 184, 0, 18, 25, 8515 }, // U+01DF
    { 15, 22, 240, 0, 22, 42, 8540 }, // U+01E0
    { 11, 18, 184, 0, 18, 25, 8582 }, // U+01E1
    { 21, 18, 331, 0, 18, 48, 8607 }, // U+01E2
    { 18, 15, 291, 0, 15, 34, 8655 }, // U+01E3
    { 15, 15, 243, 1, 15, 29, 8689 }, // U+01E4
    { 13, 15, 201, 0, 11, 25, 8718 }, // U+01E5
    { 13, 21, 234, 1, 21, 35, 8743 }, // U+01E6
    { 11, 21, 198, 0, 17, 29, 8778 }, // U+01E7
    { 14, 21, 228, 1, 21, 37, 8807 }, // U+01E8
    { 11, 20, 193, 1, 20, 28, 8844 }, // U+01E9
    { 15, 19, 263, 1, 15, 36, 8872 }, // U+01EA
    { 12, 15, 202, 0, 11, 23, 8908 }, // U+01EB
    { 15, 22, 263, 1, 18, 42, 8931 }, // U+01EC
    { 12, 19, 202, 0, 15, 29, 8973 }, // U+01ED
    { 12, 21, 205, 0, 21, 32, 9002 }, // U+01EE
    { 10, 22, 172, 0, 18, 28, 9034 }, // U+01EF
    { 9, 21, 96, -2, 17, 24, 9062 }, // U+01F0
    { 26, 15, 433, 1, 15, 49, 9086 }, // U+01F1
    { 24, 15, 405, 1, 15, 45, 9135 }, // U+01F2
    { 23, 16, 365, 0, 16, 46, 9180 }, // U+01F3
    { 13, 21, 234, 1, 21, 35, 9226 }, // U+01F4
    { 11, 21, 198, 0, 17, 29, 9261 }, // U+01F5
    { 21, 15, 354, 1, 15, 40, 9290 }, // U+01F6
    { 13, 19, 224, 1, 15, 31, 9330 }, // U+01F7
    { 14, 21, 252, 1, 21, 37, 9361 }, // U+01F8
    { 10, 17, 196, 1, 17, 22, 9398 }, // U+01F9
    { 15, 22, 240, 0, 22, 42, 9420 }, // U+01FA
    { 11, 20, 184, 0, 20, 28, 9462 }, // U+01FB
    { 21, 21, 331, 0, 21, 56, 9490 }, // U+01FC
    { 18, 17, 291, 0, 17, 39, 9546 }, // U+01FD
    { 15, 21, 263, 1, 20, 40, 9585 }, // U+01FE
    { 12, 18, 202, 0, 17, 27, 9625 }, // U+01FF
    { 15, 21, 240, 0, 21, 40, 9652 }, // U+0200
    { 11, 17, 184, 0, 17, 24, 9692 }, // U+0201
    { 15, 19, 240, 0, 19, 36, 9716 }, // U+0202
    { 11, 15, 184, 0, 15, 21, 9752 }, // U+0203
    { 11, 21, 202, 1, 21, 29, 9773 }, // U+0204
    { 12, 17, 195, 0, 17, 26, 9802 }, // U+0205
    { 11, 19, 202, 1, 19, 27, 9828 }, // U+0206
    { 12, 15, 195, 0, 15, 23, 9855 }, // U+0207
    { 10, 21, 105, -2, 21, 27, 9878 }, // U+0208
    { 9, 17, 96, -2, 17, 20, 9905 }, // U+0209
    { 8, 19, 105, -1, 19, 19, 9925 }, // U+020A
    { 8, 15, 96, -1, 15, 15, 9944 }, // U+020B
    { 15, 21, 263, 1, 21, 40, 9959 }, // U+020C
    { 12, 17, 202, 0, 17, 26, 9999 }, // U+020D
    { 15, 19, 263, 1, 19, 36, 10025 }, // U+020E
    { 12, 15, 202, 0, 15, 23, 10061 }, // U+020F
    { 13, 20, 222, 1, 20, 33, 10084 }, // U+0210
    { 9, 17, 141, 0, 17, 20, 10117 }, // U+0211
    { 13, 19, 222, 1, 19, 31, 10137 }, // U+0212
    { 8, 15, 141, 1, 15, 15, 10168 }, // U+0213
    { 13, 21, 236, 1, 21, 35, 10183 }, // U+0214
    { 10, 17, 196, 1, 17, 22, 10218 }, // U+0215
    { 13, 19, 236, 1, 19, 31, 10240 }, // U+0216
    { 10, 15, 196, 1, 15, 19, 10271 }, // U+0217
    { 12, 20, 194, 0, 15, 30, 10290 }, // U+0218
    { 10, 16, 162, 0, 11, 20, 10320 }, // U+0219
    { 13, 20, 205, 0, 15, 33, 10340 }, // U+021A
    { 8, 19, 148, 1, 14, 19, 10373 }, // U+021B
    { 11, 19, 189, 0, 15, 27, 10392 }, // U+021C
    { 10, 15, 159, 0, 11, 19, 10419 }, // U+021D
    { 13, 21, 245, 1, 21, 35, 10438 }, // U+021E
    { 10, 20, 196, 1, 20, 25, 10473 }, // U+021F
    { 12, 13, 199, 0, 12, 20, 10498 }, // U+0259
    { 7, 4, 0, -12, 16, 4, 10518 }, // U+0300
    { 7, 4, 0, -8, 16, 4, 10522 }, // U+0301
    { 10, 4, 0, -5, 16, 5, 10526 }, // U+0302
    { 10, 4, 0, -12, 16, 5, 10531 }, // U+0303
    { 8, 3, 0, -4, 15, 3, 10536 }, // U+0304
    { 10, 3, 0, -5, 18, 4, 10539 }, // U+0305
    { 9, 5, 0, -4, 17, 6, 10543 }, // U+0306
    { 4, 4, 0, -2, 16, 2, 10549 }, // U+0307
    { 8, 4, 0, -4, 16, 4, 10551 }, // U+0308
    { 5, 6, 0, -9, 18, 4, 10555 }, // U+0309
    { 6, 6, 0, -3, 18, 5, 10559 }, // U+030A
    { 10, 4, 0, -4, 16, 5, 10564 }, // U+030B
    { 10, 4, 0, -5, 16, 5, 10569 }, // U+030C
    { 4, 5, 0, -2, 17, 3, 10574 }, // U+030D
    { 6, 5, 0, -3, 17, 4, 10577 }, // U+030E
    { 9, 4, 0, -12, 16, 5, 10581 }, // U+030F
    { 8, 6, 0, -4, 18, 6, 10586 }, // U+0310
    { 8, 3, 130, 0, 15, 3, 10592 }, // U+0311
    { 5, 6, 0, -2, 15, 4, 10595 }, // U+0312
    { 5, 6, 0, -2, 15, 4, 10599 }, // U+0313
    { 5, 6, 0, -2, 15, 4, 10603 }, // U+0314
    { 5, 6, 0, -2, 15, 4, 10607 }, // U+0315
    { 7, 4, 0, -4, -1, 4, 10611 }, // U+0316
    { 7, 4, 0, -3, -1, 4, 10615 }, // U+0317
    { 4, 5, 0, -2, 0, 3, 10619 }, // U+0318
    { 4, 5, 0, -2, 0, 3, 10622 }, // U+0319
    { 6, 6, 100, 0, 16, 5, 10625 }, // U+031A
    { 6, 5, 0, -2, 16, 4, 10630 }, // U+031B
    { 4, 5, 0, -2, 0, 3, 10634 }, // U+031C
    { 6, 4, 0, -3, -1, 3, 10637 }, // U+031D
    { 6, 4, 0, -3, -1, 3, 10640 }, // U+031E
    { 6, 5, 0, -3, 0, 4, 10643 }, // U+031F
    { 6, 2, 0, -3, -2, 2, 10647 }, // U+0320
    { 5, 7, 0, -5, 2, 5, 10649 }, // U+0321
    { 5, 7, 0, 0, 2, 5, 10654 }, // U+0322
    { 4, 4, 0, -9, -1, 2, 10659 }, // U+0323
    { 8, 4, 0, -4, -1, 4, 10661 }, // U+0324
    { 6, 6, 0, -3, 1, 5, 10665 }, // U+0325
    { 4, 4, 0, -2, -1, 2, 10670 }, // U+0326
    { 6, 5, 0, -3, 0, 4, 10672 }, // U+0327
    { 6, 6, 0, -3, 1, 5, 10676 }, // U+0328
    { 4, 5, 0, -2, 0, 3, 10681 }, // U+0329
    { 8, 4, 0, -4, -1, 4, 10684 }, // U+032A
    { 8, 3, 0, -4, -1, 3, 10688 }, // U+032B
    { 10, 4, 0, -5, -1, 5, 10691 }, // U+032C
    { 10, 4, 0, -5, -1, 5, 10696 }, // U+032D
    { 9, 5, 0, -4, 0, 6, 10701 }, // U+032E
    { 8, 5, 0, -4, 0, 5, 10707 }, // U+032F
    { 10, 4, 0, -5, -1, 5, 10712 }, // U+0330
    { 8, 3, 0, -4, -1, 3, 10717 }, // U+0331
    { 10, 3, 0, -5, -1, 4, 10720 }, // U+0332
    { 9, 5, 0, -5, 0, 6, 10724 }, // U+0333
    { 10, 4, 0, -5, 8, 5, 10730 }, // U+0334
    { 10, 3, 0, -5, 7, 4, 10735 }, // U+0335
    { 16, 3, 0, -8, 7, 6, 10739 }, // U+0336
    { 8, 6, 0, -4, 9, 6, 10745 }, // U+0337
    { 10, 18, 0, -5, 16, 23, 10751 }, // U+0338
    { 4, 5, 0, -2, 0, 3, 10774 }, // U+0339
    { 8, 4, 0, -4, -1, 4, 10777 }, // U+033A
    { 8, 5, 0, -4, 0, 5, 10781 }, // U+033B
    { 8, 3, 0, -4, -1, 3, 10786 }, // U+033C
    { 6, 6, 0, -3, 17, 5, 10789 }, // U+033D
    { 4, 7, 0, -2, 19, 4, 10794 }, // U+033E
    { 9, 5, 0, -5, 21, 6, 10798 }, // U+033F
    { 7, 4, 0, -5, 16, 4, 10804 }, // U+0340
    { 7, 4, 0, -2, 16, 4, 10808 }, // U+0341
    { 10, 4, 0, -5, 16, 5, 10812 }, // U+0342
    { 4, 5, 0, -2, 17, 3, 10817 }, // U+0343
    { 12, 5, 0, -5, 17, 8, 10820 }, // U+0344
    { 4, 4, 0, -1, -1, 2, 10828 }, // U+0345
    { 10, 4, 0, -5, 16, 5, 10830 }, // U+0346
    { 9, 5, 0, -5, 0, 6, 10835 }, // U+0347
    { 6, 5, 0, -3, 0, 4, 10841 }, // U+0348
    { 4, 4, 0, -2, -1, 2, 10845 }, // U+0349
    { 8, 6, 0, -4, 17, 6, 10847 }, // U+034A
    { 8, 9, 0, -4, 20, 9, 10853 }, // U+034B
    { 8, 6, 0, -4, 18, 6, 10862 }, // U+034C
    { 8, 5, 0, -4, 0, 5, 10868 }, // U+034D
    { 4, 5, 0, -2, 0, 3, 10873 }, // U+034E
    { 16, 15, 0, -8, 15, 30, 10876 }, // U+034F
    { 4, 5, 0, -2, 17, 3, 10906 }, // U+0350
    { 4, 6, 0, -2, 17, 3, 10909 }, // U+0351
    { 8, 6, 0, -4, 18, 6, 10912 }, // U+0352
    { 4, 5, 0, -2, 0, 3, 10918 }, // U+0353
    { 4, 5, 0, -2, 0, 3, 10921 }, // U+0354
    { 4, 5, 0, -2, 0, 3, 10924 }, // U+0355
    { 9, 5, 0, -4, 0, 6, 10927 }, // U+0356
    { 4, 6, 0, -2, 17, 3, 10933 }, // U+0357
    { 5, 4, 0, 1, 16, 3, 10936 }, // U+0358
    { 6, 5, 0, -3, 0, 4, 10939 }, // U+0359
    { 8, 5, 0, -4, 0, 5, 10943 }, // U+035A
    { 4, 5, 0, -2, 17, 3, 10948 }, // U+035B
    { 18, 5, 0, -9, 0, 12, 10951 }, // U+035C
    { 18, 5, 0, -9, 17, 12, 10963 }, // U+035D
    { 14, 3, 0, -7, 15, 6, 10975 }, // U+035E
    { 14, 3, 0, -7, -1, 6, 10981 }, // U+035F
    { 18, 4, 0, -9, 16, 9, 10987 }, // U+0360
    { 18, 5, 0, -9, 19, 12, 10996 }, // U+0361
    { 17, 5, 0, -8, 0, 11, 11008 }, // U+0362
    { 6, 6, 0, -3, 18, 5, 11019 }, // U+0363
    { 6, 6, 0, -3, 18, 5, 11024 }, // U+0364
    { 2, 8, 0, -1, 20, 2, 11029 }, // U+0365
    { 6, 6, 0, -3, 18, 5, 11031 }, // U+0366
    { 6, 6, 0, -3, 18, 5, 11036 }, // U+0367
    { 5, 6, 0, -2, 18, 4, 11041 }, // U+0368
    { 6, 8, 0, -3, 20, 6, 11045 }, // U+0369
    { 6, 8, 0, -3, 20, 6, 11051 }, // U+036A
    { 9, 6, 0, -4, 18, 7, 11057 }, // U+036B
    { 5, 6, 0, -2, 18, 4, 11064 }, // U+036C
    { 4, 7, 0, -2, 19, 4, 11068 }, // U+036D
    { 6, 6, 0, -3, 18, 5, 11072 }, // U+036E
    { 6, 6, 0, -3, 18, 5, 11077 }, // U+036F
    { 11, 21, 202, 1, 21, 29, 11082 }, // U+0400
    { 11, 20, 202, 1, 20, 28, 11111 }, // U+0401
    { 17, 15, 271, 0, 15, 32, 11139 }, // U+0402
    { 11, 21, 198, 1, 21, 29, 11171 }, // U+0403
    { 13, 15, 229, 1, 15, 25, 11200 }, // U+0404
    { 12, 15, 194, 0, 15, 23, 11225 }, // U+0405
    { 4, 15, 105, 1, 15, 8, 11248 }, // U+0406
    { 9, 19, 105, -1, 19, 22, 11256 }, // U+0407
    { 10, 15, 176, 0, 15, 19, 11278 }, // U+0408
    { 23, 15, 377, 0, 15, 44, 11297 }, // U+0409
    { 21, 15, 358, 1, 15, 40, 11341 }, // U+040A
    { 16, 15, 257, 0, 15, 30, 11381 }, // U+040B
    { 14, 21, 228, 1, 21, 37, 11411 }, // U+040C
    { 14, 21, 252, 1, 21, 37, 11448 }, // U+040D
    { 14, 20, 217, 0, 20, 35, 11485 }, // U+040E
    { 13, 19, 243, 1, 15, 31, 11520 }, // U+040F
    { 15, 15, 240, 0, 15, 29, 11551 }, // U+0410
    { 12, 15, 217, 1, 15, 23, 11580 }, // U+0411
    { 13, 15, 224, 1, 15, 25, 11603 }, // U+0412
    { 11, 15, 198, 1, 15, 21, 11628 }, // U+0413
    { 17, 19, 274, 0, 15, 41, 11649 }, // U+0414
    { 11, 15, 202, 1, 15, 21, 11690 }, // U+0415
    { 21, 15, 328, 0, 15, 40, 11711 }, // U+0416
    { 12, 15, 203, 0, 15, 23, 11751 }, // U+0417
    { 14, 15, 252, 1, 15, 27, 11774 }, // U+0418
    { 14, 20, 252, 1, 20, 35, 11801 }, // U+0419
    { 14, 15, 228, 1, 15, 27, 11836 }, // U+041A
    { 15, 15, 263, 0, 15, 29, 11863 }, // U+041B
    { 17, 15, 299, 1, 15, 32, 11892 }, // U+041C
    { 13, 15, 245, 1, 15, 25, 11924 }, // U+041D
    { 15, 15, 263, 1, 15, 29, 11949 }, // U+041E
    { 13, 15, 243, 1, 15, 25, 11978 }, // U+041F
    { 12, 15, 215, 1, 15, 23, 12003 }, // U+0420
    { 13, 15, 216, 1, 15, 25, 12026 }, // U+0421
    { 13, 15, 205, 0, 15, 25, 12051 }, // U+0422
    { 14, 15, 217, 0, 15, 27, 12076 }, // U+0423
    { 18, 16, 290, 0, 16, 36, 12103 }, // U+0424
    { 14, 15, 225, 0, 15, 27, 12139 }, // U+0425
    { 16, 19, 263, 1, 15, 38, 12166 }, // U+0426
    { 13, 15, 227, 0, 15, 25, 12204 }, // U+0427
    { 19, 15, 340, 1, 15, 36, 12229 }, // U+0428
    { 22, 19, 360, 1, 15, 53, 12265 }, // U+0429
    { 16, 15, 258, 0, 15, 30, 12318 }, // U+042A
    { 17, 15, 309, 1, 15, 32, 12348 }, // U+042B
    { 12, 15, 220, 1, 15, 23, 12380 }, // U+042C
    { 14, 15, 227, 0, 15, 27, 12403 }, // U+042D
    { 21, 15, 360, 1, 15, 40, 12430 }, // U+042E
    { 13, 15, 230, 0, 15, 25, 12470 }, // U+042F
    { 11, 11, 184, 0, 11, 16, 12495 }, // U+0430
    { 12, 16, 200, 0, 16, 24, 12511 }, // U+0431
    { 11, 11, 199, 1, 11, 16, 12535 }, // U+0432
    { 9, 11, 151, 1, 11, 13, 12551 }, // U+0433
    { 14, 14, 226, 0, 11, 25, 12564 }, // U+0434
    { 12, 11, 195, 0, 11, 17, 12589 }, // U+0435
    { 18, 11, 283, 0, 11, 25, 12606 }, // U+0436
    { 10, 11, 165, 0, 11, 14, 12631 }, // U+0437
    { 11, 11, 206, 1, 11, 16, 12645 }, // U+0438
    { 11, 17, 206, 1, 17, 24, 12661 }, // U+0439
    { 12, 11, 195, 1, 11, 17, 12685 }, // U+043A
    { 12, 11, 209, 0, 11, 17, 12702 }, // U+043B
    { 14, 11, 254, 1, 11, 20, 12719 }, // U+043C
    { 10, 11, 198, 1, 11, 14, 12739 }, // U+043D
    { 12, 11, 202, 0, 11, 17, 12753 }, // U+043E
    { 10, 11, 198, 1, 11, 14, 12770 }, // U+043F
    { 11, 15, 201, 1, 11, 21, 12784 }, // U+0440
    { 10, 11, 167, 0, 11, 14, 12805 }, // U+0441
    { 11, 11, 175, 0, 11, 16, 12819 }, // U+0442
    { 12, 15, 182, 0, 11, 23, 12835 }, // U+0443
    { 16, 20, 265, 0, 16, 40, 12858 }, // U+0444
    { 12, 11, 185, 0, 11, 17, 12898 }, // U+0445
    { 12, 14, 211, 1, 11, 21, 12915 }, // U+0446
    { 11, 11, 189, 0, 11, 16, 12936 }, // U+0447
    { 16, 11, 287, 1, 11, 22, 12952 }, // U+0448
    { 18, 14, 300, 1, 11, 32, 12974 }, // U+0449
    { 13, 11, 213, 0, 11, 18, 13006 }, // U+044A
    { 15, 11, 275, 1, 11, 21, 13024 }, // U+044B
    { 11, 11, 188, 1, 11, 16, 13045 }, // U+044C
    { 11, 11, 174, 0, 11, 16, 13061 }, // U+044D
    { 17, 11, 291, 1, 11, 24, 13077 }, // U+044E
    { 11, 11, 195, 0, 11, 16, 13101 }, // U+044F
    { 12, 17, 195, 0, 17, 26, 13117 }, // U+0450
    { 12, 16, 195, 0, 16, 24, 13143 }, // U+0451
    { 12, 20, 200, 0, 16, 30, 13167 }, // U+0452
    { 9, 17, 151, 1, 17, 20, 13197 }, // U+0453
    { 11, 11, 174, 0, 11, 16, 13217 }, // U+0454
    { 10, 11, 162, 0, 11, 14, 13233 }, // U+0455
    { 4, 16, 96, 1, 16, 8, 13247 }, // U+0456
    { 9, 16, 96, -2, 16, 18, 13255 }, // U+0457
    { 7, 20, 96, -2, 16, 18, 13273 }, // U+0458
    { 19, 11, 301, 0, 11, 27, 13291 }, // U+0459
    { 17, 11, 289, 1, 11, 24, 13318 }, // U+045A
    { 12, 16, 200, 0, 16, 24, 13342 }, // U+045B
    { 12, 17, 195, 1, 17, 26, 13366 }, // U+045C
    { 11, 17, 206, 1, 17, 24, 13392 }, // U+045D
    { 12, 21, 182, 0, 17, 32, 13416 }, // U+045E
    { 10, 14, 198, 1, 11, 18, 13448 }, // U+045F
    { 20, 15, 318, 0, 15, 38, 13466 }, // U+0460
    { 18, 12, 295, 0, 12, 27, 13504 }, // U+0461
    { 15, 16, 249, 0, 16, 30, 13531 }, // U+0462
    { 13, 16, 212, 0, 16, 26, 13561 }, // U+0463
    { 19, 17, 317, 1, 16, 41, 13587 }, // U+0464
    { 16, 13, 268, 1, 12, 26, 13628 }, // U+0465
    { 16, 15, 243, 0, 15, 30, 13654 }, // U+0466
    { 14, 12, 213, 0, 12, 21, 13684 }, // U+0467
    { 20, 15, 335, 1, 15, 38, 13705 }, // U+0468
    { 18, 12, 301, 1, 12, 27, 13743 }, // U+0469
    { 17, 15, 268, 0, 15, 32, 13770 }, // U+046A
    { 13, 12, 208, 0, 12, 20, 13802 }, // U+046B
    { 21, 15, 358, 1, 15, 40, 13822 }, // U+046C
    { 18, 12, 293, 1, 12, 27, 13862 }, // U+046D
    { 13, 24, 211, 0, 19, 39, 13889 }, // U+046E
    { 11, 20, 185, 0, 15, 28, 13928 }, // U+046F
    { 16, 15, 294, 1, 15, 30, 13956 }, // U+0470
    { 16, 21, 281, 1, 16, 42, 13986 }, // U+0471
    { 15, 15, 263, 1, 15, 29, 14028 }, // U+0472
    { 12, 11, 202, 0, 11, 17, 14057 }, // U+0473
    { 18, 15, 264, 0, 15, 34, 14074 }, // U+0474
    { 13, 11, 199, 0, 11, 18, 14108 }, // U+0475
    { 15, 20, 239, 0, 20, 38, 14126 }, // U+0476
    { 13, 16, 202, 0, 16, 26, 14164 }, // U+0477
    { 27, 21, 440, 1, 16, 71, 14190 }, // U+0478
    { 25, 17, 392, 0, 12, 54, 14261 }, // U+0479
    { 16, 19, 277, 1, 17, 38, 14315 }, // U+047A
    { 14, 15, 228, 0, 13, 27, 14353 }, // U+047B
    { 21, 24, 363, 1, 23, 63, 14380 }, // U+047C
    { 18, 21, 319, 1, 20, 48, 14443 }, // U+047D
    { 20, 19, 319, 0, 19, 48, 14491 }, // U+047E
    { 18, 16, 295, 0, 16, 36, 14539 }, // U+047F
    { 13, 21, 226, 1, 16, 35, 14575 }, // U+0480
    { 11, 17, 175, 0, 12, 24, 14610 }, // U+0481
    { 11, 15, 203, 1, 14, 21, 14634 }, // U+0482
    { 9, 5, 0, -10, 16, 6, 14655 }, // U+0483
    { 9, 4, 0, -10, 16, 5, 14661 }, // U+0484
    { 5, 5, 0, -8, 17, 4, 14666 }, // U+0485
    { 5, 5, 0, -8, 17, 4, 14670 }, // U+0486
    { 10, 5, 0, -5, 20, 7, 14674 }, // U+0487
    { 24, 23, 0, -12, 17, 69, 14681 }, // U+0488
    { 24, 24, 0, -12, 18, 72, 14750 }, // U+0489
    { 16, 23, 276, 1, 19, 46, 14822 }, // U+048A
    { 13, 19, 210, 1, 16, 31, 14868 }, // U+048B
    { 13, 15, 220, 0, 15, 25, 14899 }, // U+048C
    { 12, 11, 189, 0, 11, 17, 14924 }, // U+048D
    { 12, 15, 218, 1, 15, 23, 14941 }, // U+048E
    { 11, 15, 205, 1, 11, 21, 14964 }, // U+048F
    { 11, 18, 191, 1, 18, 25, 14985 }, // U+0490
    { 9, 14, 154, 1, 14, 16, 15010 }, // U+0491
    { 12, 15, 211, 1, 15, 23, 15026 }, // U+0492
    { 10, 11, 175, 1, 11, 14, 15049 }, // U+0493
    { 13, 19, 225, 1, 15, 31, 15063 }, // U+0494
    { 11, 15, 190, 1, 11, 21, 15094 }, // U+0495
    { 22, 19, 341, 0, 15, 53, 15115 }, // U+0496
    { 18, 14, 291, 0, 11, 32, 15168 }, // U+0497
    { 12, 20, 203, 0, 15, 30, 15200 }, // U+0498
    { 10, 16, 165, 0, 11, 20, 15230 }, // U+0499
    { 15, 19, 246, 1, 15, 36, 15250 }, // U+049A
    { 12, 14, 202, 1, 11, 21, 15286 }, // U+049B
    { 16, 15, 261, 1, 15, 30, 15307 }, // U+049C
    { 14, 11, 227, 1, 11, 20, 15337 }, // U+049D
    { 15, 16, 236, 0, 16, 30, 15357 }, // U+049E
    { 13, 12, 202, 0, 12, 20, 15387 }, // U+049F
    { 17, 15, 266, 0, 15, 32, 15407 }, // U+04A0
    { 14, 11, 219, 0, 11, 20, 15439 }, // U+04A1
    { 16, 19, 269, 1, 15, 38, 15459 }, // U+04A2
    { 12, 14, 212, 1, 11, 21, 15497 }, // U+04A3
    { 17, 15, 279, 1, 15, 32, 15518 }, // U+04A4
    { 13, 11, 218, 1, 11, 18, 15550 }, // U+04A5
    { 22, 19, 370, 1, 15, 53, 15568 }, // U+04A6
    { 17, 15, 291, 1, 11, 32, 15621 }, // U+04A7
    { 16, 19, 267, 1, 15, 38, 15653 }, // U+04A8
    { 13, 14, 211, 0, 11, 23, 15691 }, // U+04A9
    { 13, 20, 216, 1, 15, 33, 15714 }, // U+04AA
    { 10, 15, 167, 0, 11, 19, 15747 }, // U+04AB
    { 13, 19, 205, 0, 15, 31, 15766 }, // U+04AC
    { 11, 14, 168, 0, 11, 20, 15797 }, // U+04AD
    { 14, 15, 220, 0, 15, 27, 15817 }, // U+04AE
    { 12, 15, 183, 0, 11, 23, 15844 }, // U+04AF
    { 14, 15, 220, 0, 15, 27, 15867 }, // U+04B0
    { 12, 15, 183, 0, 11, 23, 15894 }, // U+04B1
    { 15, 19, 239, 0, 15, 36, 15917 }, // U+04B2
    { 12, 14, 196, 0, 11, 21, 15953 }, // U+04B3
    { 20, 19, 313, 0, 15, 48, 15974 }, // U+04B4
    { 15, 14, 232, 0, 11, 27, 16022 }, // U+04B5
    { 14, 19, 241, 1, 15, 34, 16049 }, // U+04B6
    { 13, 14, 196, 0, 11, 23, 16083 }, // U+04B7
    { 12, 15, 227, 1, 15, 23, 16106 }, // U+04B8
    { 11, 11, 187, 0, 11, 16, 16129 }, // U+04B9
    { 13, 15, 233, 1, 15, 25, 16145 }, // U+04BA
    { 10, 16, 196, 1, 16, 20, 16170 }, // U+04BB
    { 18, 15, 293, 0, 15, 34, 16190 }, // U+04BC
    { 14, 11, 236, 0, 11, 20, 16224 }, // U+04BD
    { 18, 19, 293, 0, 15, 43, 16244 }, // U+04BE
    { 14, 14, 236, 0, 11, 25, 16287 }, // U+04BF
    { 4, 15, 105, 1, 15, 8, 16312 }, // U+04C0
    { 21, 20, 328, 0, 20, 53, 16320 }, // U+04C1
    { 18, 17, 283, 0, 17, 39, 16373 }, // U+04C2
    { 13, 19, 234, 1, 15, 31, 16412 }, // U+04C3
    { 11, 15, 191, 1, 11, 21, 16443 }, // U+04C4
    { 18, 19, 277, 0, 15, 43, 16464 }, // U+04C5
    { 14, 14, 225, 0, 11, 25, 16507 }, // U+04C6
    { 13, 19, 245, 1, 15, 31, 16532 }, // U+04C7
    { 11, 15, 200, 1, 11, 21, 16563 }, // U+04C8
    { 16, 19, 262, 1, 15, 38, 16584 }, // U+04C9
    { 12, 14, 209, 1, 11, 21, 16622 }, // U+04CA
    { 13, 19, 227, 0, 15, 31, 16643 }, // U+04CB
    { 11, 14, 189, 0, 11, 20, 16674 }, // U+04CC
    { 19, 19, 317, 1, 15, 46, 16694 }, // U+04CD
    { 16, 14, 265, 1, 11, 28, 16740 }, // U+04CE
    { 4, 15, 96, 1, 15, 8, 16768 }, // U+04CF
    { 15, 20, 240, 0, 20, 38, 16776 }, // U+04D0
    { 11, 17, 184, 0, 17, 24, 16814 }, // U+04D1
    { 15, 19, 240, 0, 19, 36, 16838 }, // U+04D2
    { 11, 16, 184, 0, 16, 22, 16874 }, // U+04D3
    { 21, 15, 331, 0, 15, 40, 16896 }, // U+04D4
    { 18, 11, 291, 0, 11, 25, 16936 }, // U+04D5
    { 11, 20, 202, 1, 20, 28, 16961 }, // U+04D6
    { 12, 17, 195, 0, 17, 26, 16989 }, // U+04D7
    { 14, 15, 243, 1, 15, 27, 17015 }, // U+04D8
    { 12, 11, 195, 0, 11, 17, 17042 }, // U+04D9
    { 14, 19, 243, 1, 19, 34, 17059 }, // U+04DA
    { 12, 16, 195, 0, 16, 24, 17093 }, // U+04DB
    { 21, 19, 328, 0, 19, 50, 17117 }, // U+04DC
    { 18, 16, 283, 0, 16, 36, 17167 }, // U+04DD
    { 12, 20, 203, 0, 20, 30, 17203 }, // U+04DE
    { 10, 16, 165, 0, 16, 20, 17233 }, // U+04DF
    { 12, 15, 205, 0, 15, 23, 17253 }, // U+04E0
    { 10, 15, 172, 0, 11, 19, 17276 }, // U+04E1
    { 14, 18, 252, 1, 18, 32, 17295 }, // U+04E2
    { 11, 15, 206, 1, 15, 21, 17327 }, // U+04E3
    { 14, 19, 252, 1, 19, 34, 17348 }, // U+04E4
    { 11, 16, 206, 1, 16, 22, 17382 }, // U+04E5
    { 15, 19, 263, 1, 19, 36, 17404 }, // U+04E6
    { 12, 16, 202, 0, 16, 24, 17440 }, // U+04E7
    { 15, 15, 263, 1, 15, 29, 17464 }, // U+04E8
    { 12, 11, 202, 0, 11, 17, 17493 }, // U+04E9
    { 15, 19, 263, 1, 19, 36, 17510 }, // U+04EA
    { 12, 16, 202, 0, 16, 24, 17546 }, // U+04EB
    { 14, 19, 227, 0, 19, 34, 17570 }, // U+04EC
    { 11, 16, 174, 0, 16, 22, 17604 }, // U+04ED
    { 14, 18, 217, 0, 18, 32, 17626 }, // U+04EE
    { 12, 19, 182, 0, 15, 29, 17658 }, // U+04EF
    { 14, 19, 217, 0, 19, 34, 17687 }, // U+04F0
    { 12, 20, 182, 0, 16, 30, 17721 }, // U+04F1
    { 14, 21, 217, 0, 21, 37, 17751 }, // U+04F2
    { 12, 21, 182, 0, 17, 32, 17788 }, // U+04F3
    { 13, 19, 227, 0, 19, 31, 17820 }, // U+04F4
    { 11, 16, 189, 0, 16, 22, 17851 }, // U+04F5
    { 11, 19, 198, 1, 15, 27, 17873 }, // U+04F6
    { 9, 14, 151, 1, 11, 16, 17900 }, // U+04F7
    { 17, 19, 309, 1, 19, 41, 17916 }, // U+04F8
    { 15, 16, 275, 1, 16, 30, 17957 }, // U+04F9
    { 12, 21, 186, 0, 15, 32, 17987 }, // U+04FA
    { 10, 17, 164, 0, 12, 22, 18019 }, // U+04FB
    { 15, 21, 243, 0, 15, 40, 18041 }, // U+04FC
    { 13, 17, 215, 0, 12, 28, 18081 }, // U+04FD
    { 14, 15, 223, 0, 15, 27, 18109 }, // U+04FE
    { 12, 12, 193, 0, 12, 18, 18136 }, // U+04FF
    { 14, 13, 225, 0, 13, 23, 18154 }, // U+05D0
    { 12, 13, 198, 0, 13, 20, 18177 }, // U+05D1
    { 9, 14, 137, 0, 13, 16, 18197 }, // U+05D2
    { 12, 13, 190, 0, 13, 20, 18213 }, // U+05D3
    { 12, 13, 219, 1, 13, 20, 18233 }, // U+05D4
    { 6, 13, 113, 0, 13, 10, 18253 }, // U+05D5
    { 8, 13, 124, 0, 13, 13, 18263 }, // U+05D6
    { 14, 13, 229, 0, 13, 23, 18276 }, // U+05D7
    { 13, 13, 220, 0, 13, 22, 18299 }, // U+05D8
    { 6, 8, 111, 0, 13, 6, 18321 }, // U+05D9
    { 11, 17, 190, 0, 13, 24, 18327 }, // U+05DA
    { 11, 13, 176, 0, 13, 18, 18351 }, // U+05DB
    { 11, 17, 185, 0, 17, 24, 18369 }, // U+05DC
    { 14, 13, 234, 0, 13, 23, 18393 }, // U+05DD
    { 15, 13, 234, 0, 13, 25, 18416 }, // U+05DE
    { 6, 17, 118, 0, 13, 13, 18441 }, // U+05DF
    { 8, 13, 135, 0, 13, 13, 18454 }, // U+05E0
    { 14, 13, 227, 0, 13, 23, 18467 }, // U+05E1
    { 13, 15, 210, 0, 14, 25, 18490 }, // U+05E2
    { 13, 17, 218, 0, 13, 28, 18515 }, // U+05E3
    { 13, 13, 209, 0, 13, 22, 18543 }, // U+05E4
    { 12, 17, 196, 0, 13, 26, 18565 }, // U+05E5
    { 12, 13, 197, 0, 13, 20, 18591 }, // U+05E6
    { 14, 17, 218, 0, 13, 30, 18611 }, // U+05E7
    { 10, 13, 181, 0, 13, 17, 18641 }, // U+05E8
    { 15, 13, 262, 1, 13, 25, 18658 }, // U+05E9
    { 14, 13, 241, 0, 13, 23, 18683 }, // U+05EA
    { 4, 7, 108, 1, 6, 4, 18706 }, // U+060C
    { 6, 16, 113, 0, 15, 12, 18710 }, // U+061B
    { 11, 17, 171, 0, 16, 24, 18722 }, // U+061F
    { 10, 12, 157, 0, 10, 15, 18746 }, // U+0621
    { 8, 4, 96, 0, 3, 4, 18761 }, // U+0640
    { 6, 7, 0, 0, 18, 6, 18765 }, // U+0654
    { 6, 6, 191, 3, 9, 5, 18771 }, // U+0660
    { 6, 16, 191, 3, 15, 12, 18776 }, // U+0661
    { 10, 16, 191, 1, 15, 20, 18788 }, // U+0662
    { 12, 16, 191, 0, 15, 24, 18808 }, // U+0663
    { 10, 16, 191, 1, 15, 20, 18832 }, // U+0664
    { 10, 12, 191, 1, 12, 15, 18852 }, // U+0665
    { 12, 16, 191, 0, 15, 24, 18867 }, // U+0666
    { 12, 16, 191, 0, 15, 24, 18891 }, // U+0667
    { 12, 16, 191, 0, 15, 24, 18915 }, // U+0668
    { 10, 15, 191, 1, 15, 19, 18939 }, // U+0669
    { 15, 13, 247, 0, 8, 25, 18958 }, // U+06BA
    { 7, 2, 108, 0, 2, 2, 18983 }, // U+06D4
    { 10, 13, 157, 0, 12, 17, 18985 }, // U+06D5
    { 6, 6, 191, 3, 9, 5, 19002 }, // U+06F0
    { 6, 16, 191, 3, 15, 12, 19007 }, // U+06F1
    { 10, 16, 191, 1, 15, 20, 19019 }, // U+06F2
    { 12, 16, 191, 0, 15, 24, 19039 }, // U+06F3
    { 12, 16, 191, 0, 15, 24, 19063 }, // U+06F4
    { 12, 15, 191, 0, 15, 23, 19087 }, // U+06F5
    { 10, 16, 191, 1, 15, 20, 19110 }, // U+06F6
    { 12, 16, 191, 0, 15, 24, 19130 }, // U+06F7
    { 12, 16, 191, 0, 15, 24, 19154 }, // U+06F8
    { 10, 15, 191, 1, 15, 19, 19178 }, // U+06F9
    { 15, 20, 231, 0, 15, 38, 19197 }, // U+1EA0
    { 11, 17, 200, 0, 12, 24, 19235 }, // U+1EA1
    { 15, 22, 231, 0, 22, 42, 19259 }, // U+1EA2
    { 11, 19, 200, 0, 18, 27, 19301 }, // U+1EA3
    { 15, 21, 231, 0, 21, 40, 19328 }, // U+1EA4
    { 13, 18, 200, 0, 17, 30, 19368 }, // U+1EA5
    { 15, 21, 231, 0, 21, 40, 19398 }, // U+1EA6
    { 12, 18, 200, -1, 17, 27, 19438 }, // U+1EA7
    { 15, 22, 231, 0, 22, 42, 19465 }, // U+1EA8
    { 13, 20, 200, 0, 19, 33, 19507 }, // U+1EA9
    { 15, 22, 231, 0, 22, 42, 19540 }, // U+1EAA
    { 11, 20, 200, 0, 19, 28, 19582 }, // U+1EAB
    { 15, 25, 231, 0, 20, 47, 19610 }, // U+1EAC
    { 11, 21, 200, 0, 16, 29, 19657 }, // U+1EAD
    { 15, 22, 231, 0, 22, 42, 19686 }, // U+1EAE
    { 11, 19, 200, 0, 18, 27, 19728 }, // U+1EAF
    { 15, 22, 231, 0, 22, 42, 19755 }, // U+1EB0
    { 11, 19, 200, 0, 18, 27, 19797 }, // U+1EB1
    { 15, 22, 231, 0, 22, 42, 19824 }, // U+1EB2
    { 11, 20, 200, 0, 19, 28, 19866 }, // U+1EB3
    { 15, 22, 231, 0, 22, 42, 19894 }, // U+1EB4
    { 11, 20, 200, 0, 19, 28, 19936 }, // U+1EB5
    { 15, 26, 231, 0, 21, 49, 19964 }, // U+1EB6
    { 11, 22, 200, 0, 17, 31, 20013 }, // U+1EB7
    { 10, 20, 187, 1, 15, 25, 20044 }, // U+1EB8
    { 12, 17, 199, 0, 12, 26, 20069 }, // U+1EB9
    { 10, 22, 187, 1, 22, 28, 20095 }, // U+1EBA
    { 12, 19, 199, 0, 18, 29, 20123 }, // U+1EBB
    { 10, 20, 187, 1, 20, 25, 20152 }, // U+1EBC
    { 12, 17, 199, 0, 16, 26, 20177 }, // U+1EBD
    { 12, 21, 187, 1, 21, 32, 20203 }, // U+1EBE
    { 14, 18, 199, 0, 17, 32, 20235 }, // U+1EBF
    { 13, 21, 187, -2, 21, 35, 20267 }, // U+1EC0
    { 13, 18, 199, -1, 17, 30, 20302 }, // U+1EC1
    { 11, 22, 187, 1, 22, 31, 20332 }, // U+1EC2
    { 13, 20, 199, 0, 19, 33, 20363 }, // U+1EC3
    { 10, 22, 187, 1, 22, 28, 20396 }, // U+1EC4
    { 12, 20, 199, 0, 19, 30, 20424 }, // U+1EC5
    { 10, 25, 187, 1, 20, 32, 20454 }, // U+1EC6
    { 12, 21, 199, 0, 16, 32, 20486 }, // U+1EC7
    { 8, 21, 130, 0, 21, 21, 20518 }, // U+1EC8
    { 5, 18, 100, 1, 18, 12, 20539 }, // U+1EC9
    { 8, 20, 130, 0, 15, 20, 20551 }, // U+1ECA
    { 4, 21, 100, 1, 16, 11, 20571 }, // U+1ECB
    { 15, 21, 264, 1, 16, 40, 20582 }, // U+1ECC
    { 13, 17, 208, 0, 12, 28, 20622 }, // U+1ECD
    { 15, 22, 264, 1, 21, 42, 20650 }, // U+1ECE
    { 13, 19, 208, 0, 18, 31, 20692 }, // U+1ECF
    { 15, 22, 264, 1, 21, 42, 20723 }, // U+1ED0
    { 14, 18, 208, 0, 17, 32, 20765 }, // U+1ED1
    { 15, 22, 264, 1, 21, 42, 20797 }, // U+1ED2
    { 14, 18, 208, -1, 17, 32, 20839 }, // U+1ED3
    { 15, 23, 264, 1, 22, 44, 20871 }, // U+1ED4
    { 13, 20, 208, 0, 19, 33, 20915 }, // U+1ED5
    { 15, 23, 264, 1, 22, 44, 20948 }, // U+1ED6
    { 13, 20, 208, 0, 19, 33, 20992 }, // U+1ED7
    { 15, 25, 264, 1, 20, 47, 21025 }, // U+1ED8
    { 13, 21, 208, 0, 16, 35, 21072 }, // U+1ED9
    { 17, 21, 274, 1, 20, 45, 21107 }, // U+1EDA
    { 15, 17, 227, 0, 16, 32, 21152 }, // U+1EDB
    { 17, 21, 274, 1, 20, 45, 21184 }, // U+1EDC
    { 15, 17, 227, 0, 16, 32, 21229 }, // U+1EDD
    { 17, 23, 274, 1, 22, 49, 21261 }, // U+1EDE
    { 15, 19, 227, 0, 18, 36, 21310 }, // U+1EDF
    { 17, 21, 274, 1, 20, 45, 21346 }, // U+1EE0
    { 15, 17, 227, 0, 16, 32, 21391 }, // U+1EE1
    { 17, 21, 274, 1, 16, 45, 21423 }, // U+1EE2
    { 15, 19, 227, 0, 14, 36, 21468 }, // U+1EE3
    { 13, 20, 252, 1, 15, 33, 21504 }, // U+1EE4
    { 11, 17, 217, 1, 12, 24, 21537 }, // U+1EE5
    { 13, 22, 252, 1, 21, 36, 21561 }, // U+1EE6
    { 11, 19, 217, 1, 18, 27, 21597 }, // U+1EE7
    { 18, 21, 295, 1, 20, 48, 21624 }, // U+1EE8
    { 16, 17, 252, 1, 16, 34, 21672 }, // U+1EE9
    { 18, 21, 295, 1, 20, 48, 21706 }, // U+1EEA
    { 16, 17, 252, 1, 16, 34, 21754 }, // U+1EEB
    { 18, 22, 295, 1, 21, 50, 21788 }, // U+1EEC
    { 16, 19, 252, 1, 18, 38, 21838 }, // U+1EED
    { 18, 21, 295, 1, 20, 48, 21876 }, // U+1EEE
    { 16, 17, 252, 1, 16, 34, 21924 }, // U+1EEF
    { 18, 21, 295, 1, 16, 48, 21958 }, // U+1EF0
    { 16, 19, 252, 1, 14, 38, 22006 }, // U+1EF1
    { 14, 21, 220, 0, 21, 37, 22044 }, // U+1EF2
    { 12, 21, 182, 0, 17, 32, 22081 }, // U+1EF3
    { 14, 20, 209, 0, 15, 35, 22113 }, // U+1EF4
    { 12, 17, 190, 0, 12, 26, 22148 }, // U+1EF5
    { 14, 21, 209, 0, 21, 37, 22174 }, // U+1EF6
    { 12, 23, 190, 0, 18, 35, 22211 }, // U+1EF7
    { 14, 20, 209, 0, 20, 35, 22246 }, // U+1EF8
    { 12, 21, 190, 0, 16, 32, 22281 }, // U+1EF9
    { 0, 0, 167, 0, 0, 0, 22313 }, // U+2000
    { 0, 0, 333, 0, 0, 0, 22313 }, // U+2001
    { 0, 0, 167, 0, 0, 0, 22313 }, // U+2002
    { 0, 0, 333, 0, 0, 0, 22313 }, // U+2003
    { 0, 0, 111, 0, 0, 0, 22313 }, // U+2004
    { 0, 0, 83, 0, 0, 0, 22313 }, // U+2005
    { 0, 0, 56, 0, 0, 0, 22313 }, // U+2006
    { 0, 0, 191, 0, 0, 0, 22313 }, // U+2007
    { 0, 0, 94, 0, 0, 0, 22313 }, // U+2008
    { 0, 0, 55, 0, 0, 0, 22313 }, // U+2009
    { 0, 0, 33, 0, 0, 0, 22313 }, // U+200A
    { 0, 0, 0, 0, 0, 0, 22313 }, // U+200B
    { 0, 0, 0, 0, 0, 0, 22313 }, // U+200C
    { 0, 0, 0, 0, 0, 0, 22313 }, // U+200D
    { 6, 18, 0, -1, 15, 14, 22313 }, // U+200E
    { 6, 18, 0, -5, 15, 14, 22327 }, // U+200F
    { 7, 3, 107, 0, 7, 3, 22341 }, // U+2010
    { 7, 3, 107, 0, 7, 3, 22344 }, // U+2011
    { 12, 3, 192, 0, 9, 5, 22347 }, // U+2012
    { 11, 3, 167, 0, 8, 5, 22352 }, // U+2013
    { 21, 3, 333, 0, 8, 8, 22357 }, // U+2014
    { 21, 3, 333, 0, 8, 8, 22365 }, // U+2015
    { 9, 21, 184, 1, 16, 24, 22373 }, // U+2016
    { 10, 5, 137, -1, 0, 7, 22397 }, // U+2017
    { 5, 6, 81, 0, 16, 4, 22404 }, // U+2018
    { 5, 6, 81, 0, 16, 4, 22408 }, // U+2019
    { 5, 6, 81, 0, 3, 4, 22412 }, // U+201A
    { 5, 6, 72, 0, 15, 4, 22416 }, // U+201B
    { 10, 6, 151, 0, 16, 8, 22420 }, // U+201C
    { 9, 6, 151, 0, 16, 7, 22428 }, // U+201D
    { 9, 6, 151, 0, 3, 7, 22435 }, // U+201E
    { 10, 6, 148, 0, 15, 8, 22442 }, // U+201F
    { 10, 18, 165, 0, 15, 23, 22450 }, // U+2020
    { 10, 18, 165, 0, 15, 23, 22473 }, // U+2021
    { 7, 6, 121, 0, 10, 6, 22496 }, // U+2022
    { 7, 9, 125, 1, 12, 8, 22502 }, // U+2023
    { 5, 5, 167, 3, 4, 4, 22510 }, // U+2024
    { 10, 5, 192, 1, 4, 7, 22514 }, // U+2025
    { 19, 4, 333, 1, 4, 10, 22521 }, // U+2026
    { 4, 5, 94, 1, 8, 3, 22531 }, // U+2027
    { 0, 0, 200, 0, 0, 0, 22534 }, // U+2028
    { 0, 0, 200, 0, 0, 0, 22534 }, // U+2029
    { 6, 16, 0, -1, 13, 12, 22534 }, // U+202A
    { 6, 16, 0, -5, 13, 12, 22546 }, // U+202B
    { 6, 18, 0, -3, 15, 14, 22558 }, // U+202C
    { 6, 18, 0, -3, 15, 14, 22572 }, // U+202D
    { 6, 18, 0, -3, 15, 14, 22586 }, // U+202E
    { 0, 0, 55, 0, 0, 0, 22600 }, // U+202F
    { 27, 15, 440, 0, 15, 51, 22600 }, // U+2030
    { 35, 17, 556, 0, 16, 75, 22651 }, // U+2031
    { 7, 6, 101, 0, 15, 6, 22726 }, // U+2032
    { 12, 6, 175, 0, 15, 9, 22732 }, // U+2033
    { 16, 6, 248, 0, 15, 12, 22741 }, // U+2034
    { 6, 6, 141, 1, 15, 5, 22753 }, // U+2035
    { 11, 6, 214, 1, 15, 9, 22758 }, // U+2036
    { 15, 6, 288, 1, 15, 12, 22767 }, // U+2037
    { 9, 7, 136, 0, 2, 8, 22779 }, // U+2038
    { 7, 11, 109, 0, 11, 10, 22787 }, // U+2039
    { 7, 11, 109, 0, 11, 10, 22797 }, // U+203A
    { 16, 17, 283, 1, 16, 34, 22807 }, // U+203B
    { 10, 16, 190, 1, 15, 20, 22841 }, // U+203C
    { 10, 17, 159, 0, 16, 22, 22861 }, // U+203D
    { 12, 3, 167, -1, 18, 5, 22883 }, // U+203E
    { 13, 5, 203, 0, 0, 9, 22888 }, // U+203F
    { 13, 5, 203, 0, 17, 9, 22897 }, // U+2040
    { 9, 14, 141, 0, 9, 16, 22906 }, // U+2041
    { 24, 20, 373, 0, 16, 60, 22922 }, // U+2042
    { 6, 3, 107, 1, 7, 3, 22982 }, // U+2043
    { 11, 15, 51, -4, 15, 21, 22985 }, // U+2044
    { 6, 19, 110, 1, 15, 15, 23006 }, // U+2045
    { 6, 19, 110, 0, 15, 15, 23021 }, // U+2046
    { 20, 17, 316, 0, 16, 43, 23036 }, // U+2047
    { 15, 17, 254, 0, 16, 32, 23079 }, // U+2048
    { 15, 17, 254, 1, 16, 32, 23111 }, // U+2049
    { 11, 12, 196, 0, 12, 17, 23143 }, // U+204A
    { 12, 19, 216, 1, 16, 29, 23160 }, // U+204B
    { 11, 12, 218, 1, 12, 17, 23189 }, // U+204C
    { 12, 12, 218, 1, 12, 18, 23206 }, // U+204D
    { 11, 10, 181, 0, 6, 14, 23224 }, // U+204E
    { 5, 15, 95, 1, 12, 10, 23238 }, // U+204F
    { 13, 22, 200, 0, 17, 36, 23248 }, // U+2050
    { 11, 21, 181, 0, 16, 29, 23284 }, // U+2051
    { 9, 17, 141, 0, 16, 20, 23313 }, // U+2052
    { 21, 4, 333, 0, 8, 11, 23333 }, // U+2053
    { 13, 5, 200, 0, 0, 9, 23344 }, // U+2054
    { 12, 11, 187, 0, 11, 17, 23353 }, // U+2055
    { 10, 17, 193, 1, 16, 22, 23370 }, // U+2056
    { 20, 6, 312, 0, 15, 15, 23392 }, // U+2057
    { 16, 17, 291, 1, 16, 34, 23407 }, // U+2058
    { 16, 17, 291, 1, 16, 34, 23441 }, // U+2059
    { 4, 17, 95, 1, 16, 9, 23475 }, // U+205A
    { 13, 18, 231, 1, 17, 30, 23484 }, // U+205B
    { 17, 17, 284, 0, 16, 37, 23514 }, // U+205C
    { 4, 17, 94, 1, 16, 9, 23551 }, // U+205D
    { 4, 17, 95, 1, 16, 9, 23560 }, // U+205E
    { 0, 0, 74, 0, 0, 0, 23569 }, // U+205F
    { 0, 0, 200, 0, 0, 0, 23569 }, // U+2060
    { 0, 0, 200, 0, 0, 0, 23569 }, // U+2061
    { 0, 0, 200, 0, 0, 0, 23569 }, // U+2062
    { 0, 0, 200, 0, 0, 0, 23569 }, // U+2063
    { 0, 0, 200, 0, 0, 0, 23569 }, // U+2064
    { 0, 0, 0, 0, 0, 0, 23569 }, // U+2066
    { 0, 0, 0, 0, 0, 0, 23569 }, // U+2067
    { 0, 0, 0, 0, 0, 0, 23569 }, // U+2068
    { 0, 0, 0, 0, 0, 0, 23569 }, // U+2069
    { 6, 18, 0, -3, 15, 14, 23569 }, // U+206A
    { 6, 18, 0, -3, 15, 14, 23583 }, // U+206B
    { 6, 18, 0, -3, 15, 14, 23597 }, // U+206C
    { 6, 18, 0, -3, 15, 14, 23611 }, // U+206D
    { 6, 18, 0, -3, 15, 14, 23625 }, // U+206E
    { 6, 18, 0, -3, 15, 14, 23639 }, // U+206F
    { 8, 9, 121, 0, 15, 9, 23653 }, // U+2070
    { 4, 11, 65, 0, 16, 6, 23662 }, // U+2071
    { 8, 8, 121, 0, 15, 8, 23668 }, // U+2074
    { 7, 9, 121, 0, 15, 8, 23676 }, // U+2075
    { 8, 9, 121, 0, 15, 9, 23684 }, // U+2076
    { 8, 8, 121, 0, 15, 8, 23693 }, // U+2077
    { 8, 9, 121, 0, 15, 9, 23701 }, // U+2078
    { 8, 9, 121, 0, 15, 9, 23710 }, // U+2079
    { 7, 7, 120, 0, 16, 7, 23719 }, // U+207A
    { 7, 3, 120, 0, 14, 3, 23726 }, // U+207B
    { 7, 5, 120, 0, 15, 5, 23729 }, // U+207C
    { 4, 12, 81, 1, 19, 6, 23734 }, // U+207D
    { 4, 12, 81, 0, 19, 6, 23740 }, // U+207E
    { 7, 8, 141, 1, 13, 7, 23746 }, // U+207F
    { 8, 9, 121, 0, 9, 9, 23753 }, // U+2080
    { 6, 9, 121, 0, 9, 7, 23762 }, // U+2081
    { 7, 9, 121, 0, 9, 8, 23769 }, // U+2082
    { 7, 9, 121, 0, 9, 8, 23777 }, // U+2083
    { 8, 8, 121, 0, 9, 8, 23785 }, // U+2084
    { 7, 9, 121, 0, 9, 8, 23793 }, // U+2085
    { 8, 9, 121, 0, 9, 9, 23801 }, // U+2086
    { 8, 8, 121, 0, 9, 8, 23810 }, // U+2087
    { 8, 9, 121, 0, 9, 9, 23818 }, // U+2088
    { 8, 9, 121, 0, 9, 9, 23827 }, // U+2089
    { 7, 7, 120, 0, 5, 7, 23836 }, // U+208A
    { 7, 3, 120, 0, 3, 3, 23843 }, // U+208B
    { 7, 5, 120, 0, 4, 5, 23846 }, // U+208C
    { 4, 12, 81, 1, 8, 6, 23851 }, // U+208D
    { 4, 12, 81, 0, 8, 6, 23857 }, // U+208E
    { 8, 8, 130, 0, 5, 8, 23863 }, // U+2090
    { 8, 8, 129, 0, 5, 8, 23871 }, // U+2091
    { 8, 8, 135, 0, 5, 8, 23879 }, // U+2092
    { 8, 7, 125, 0, 5, 7, 23887 }, // U+2093
    { 8, 8, 129, 0, 5, 8, 23894 }, // U+2094
    { 7, 10, 141, 1, 8, 9, 23902 }, // U+2095
    { 8, 10, 132, 1, 8, 10, 23911 }, // U+2096
    { 3, 10, 65, 1, 8, 4, 23921 }, // U+2097
    { 12, 7, 211, 1, 5, 11, 23925 }, // U+2098
    { 7, 7, 141, 1, 5, 7, 23936 }, // U+2099
    { 7, 10, 137, 1, 5, 9, 23943 }, // U+209A
    { 7, 8, 109, 0, 5, 7, 23952 }, // U+209B
    { 6, 10, 91, 0, 7, 8, 23959 }, // U+209C
    { 12, 16, 191, 0, 16, 24, 23967 }, // U+20A0
    { 13, 18, 203, 0, 16, 30, 23991 }, // U+20A1
    { 12, 17, 191, 0, 16, 26, 24021 }, // U+20A2
    { 11, 15, 191, 0, 15, 21, 24047 }, // U+20A3
    { 12, 16, 191, 0, 16, 24, 24068 }, // U+20A4
    { 18, 17, 325, 1, 14, 39, 24092 }, // U+20A5
    { 12, 15, 191, 0, 15, 23, 24131 }, // U+20A6
    { 17, 16, 297, 1, 15, 34, 24154 }, // U+20A7
    { 18, 16, 306, 1, 15, 36, 24188 }, // U+20A8
    { 16, 15, 246, 0, 15, 30, 24224 }, // U+20A9
    { 17, 15, 306, 1, 15, 32, 24254 }, // U+20AA
    { 14, 20, 215, 0, 16, 35, 24286 }, // U+20AB
    { 12, 15, 189, 0, 15, 23, 24321 }, // U+20AC
    { 12, 15, 191, 0, 15, 23, 24344 }, // U+20AD
    { 12, 15, 189, 0, 15, 23, 24367 }, // U+20AE
    { 21, 21, 337, 0, 16, 56, 24390 }, // U+20AF
    { 12, 21, 203, 0, 16, 32, 24446 }, // U+20B0
    { 12, 15, 191, 0, 15, 23, 24478 }, // U+20B1
    { 13, 18, 245, 1, 16, 30, 24501 }, // U+20B2
    { 14, 15, 217, 0, 15, 27, 24531 }, // U+20B3
    { 12, 15, 189, 0, 15, 23, 24558 }, // U+20B4
    { 12, 18, 212, 1, 16, 27, 24581 }, // U+20B5
    { 14, 15, 232, 0, 14, 27, 24608 }, // U+20B6
    { 15, 18, 244, 0, 16, 34, 24635 }, // U+20B7
    { 12, 15, 191, 0, 15, 23, 24669 }, // U+20B8
    { 13, 15, 189, 0, 15, 25, 24692 }, // U+20B9
    { 12, 16, 191, 0, 15, 24, 24717 }, // U+20BA
    { 17, 17, 271, 0, 16, 37, 24741 }, // U+20BB
    { 17, 15, 291, 1, 15, 32, 24778 }, // U+20BC
    { 13, 15, 200, 0, 15, 25, 24810 }, // U+20BD
    { 15, 17, 263, 1, 17, 32, 24835 }, // U+20BE
    { 11, 20, 191, 1, 17, 28, 24867 }, // U+20BF
    { 11, 16, 175, 0, 12, 22, 24895 }, // U+20C0
    { 12, 15, 204, 0, 15, 23, 24917 }, // U+2202
    { 15, 15, 231, 0, 15, 29, 24940 }, // U+2206
    { 13, 17, 243, 1, 15, 28, 24969 }, // U+220F
    { 11, 17, 181, 0, 15, 24, 24997 }, // U+2211
    { 10, 3, 189, 1, 8, 4, 25021 }, // U+2212
    { 11, 15, 51, -4, 15, 21, 25025 }, // U+2215
    { 5, 4, 82, 0, 9, 3, 25046 }, // U+2219
    { 14, 15, 201, 0, 15, 27, 25049 }, // U+221A
    { 13, 7, 212, 0, 10, 12, 25076 }, // U+221E
    { 9, 21, 134, 0, 16, 24, 25088 }, // U+222B
    { 12, 11, 189, 0, 12, 17, 25112 }, // U+2248
    { 10, 14, 189, 1, 14, 18, 25129 }, // U+2260
    { 10, 13, 189, 1, 13, 17, 25147 }, // U+2264
    { 10, 13, 189, 1, 13, 17, 25164 }, // U+2265
    { 17, 16, 280, 1, 16, 34, 25181 }, // U+FB00
    { 13, 16, 236, 1, 16, 26, 25215 }, // U+FB01
    { 15, 16, 245, 1, 16, 30, 25241 }, // U+FB02
    { 22, 16, 376, 1, 16, 44, 25271 }, // U+FB03
    { 23, 16, 385, 1, 16, 46, 25315 }, // U+FB04
    { 15, 17, 261, 1, 16, 32, 25361 }, // U+FB05
    { 19, 17, 310, 0, 16, 41, 25393 }, // U+FB06
    { 21, 18, 341, 0, 10, 48, 25434 }, // U+FB56
    { 26, 17, 381, 0, 9, 56, 25482 }, // U+FB57
    { 7, 18, 120, 0, 10, 16, 25538 }, // U+FB58
    { 11, 16, 136, 0, 8, 22, 25554 }, // U+FB59
    { 21, 17, 341, 0, 16, 45, 25576 }, // U+FB66
    { 26, 17, 381, 0, 16, 56, 25621 }, // U+FB67
    { 6, 19, 106, 0, 18, 15, 25677 }, // U+FB68
    { 11, 17, 136, 0, 16, 24, 25692 }, // U+FB69
    { 15, 20, 229, 0, 11, 38, 25716 }, // U+FB7A
    { 18, 20, 253, 0, 11, 45, 25754 }, // U+FB7B
    { 13, 18, 210, 0, 10, 30, 25799 }, // U+FB7C
    { 16, 18, 218, 0, 10, 36, 25829 }, // U+FB7D
    { 10, 20, 172, 0, 19, 25, 25865 }, // U+FB88
    { 14, 20, 190, 0, 19, 35, 25890 }, // U+FB89
    { 9, 21, 136, -1, 16, 24, 25925 }, // U+FB8A
    { 13, 21, 150, -1, 16, 35, 25949 }, // U+FB8B
    { 9, 22, 136, -1, 17, 25, 25984 }, // U+FB8C
    { 13, 22, 150, -1, 17, 36, 26009 }, // U+FB8D
    { 20, 16, 303, 0, 15, 40, 26045 }, // U+FB8E
    { 22, 16, 317, 0, 15, 44, 26085 }, // U+FB8F
    { 10, 16, 151, 0, 15, 20, 26129 }, // U+FB90
    { 13, 16, 169, 0, 15, 26, 26149 }, // U+FB91
    { 20, 20, 303, 0, 19, 50, 26175 }, // U+FB92
    { 22, 20, 317, 0, 19, 55, 26225 }, // U+FB93
    { 11, 20, 151, -1, 19, 28, 26280 }, // U+FB94
    { 14, 20, 169, -1, 19, 35, 26308 }, // U+FB95
    { 15, 13, 247, 0, 8, 25, 26343 }, // U+FB9E
    { 19, 13, 268, 0, 8, 31, 26368 }, // U+FB9F
    { 10, 13, 157, 0, 12, 17, 26399 }, // U+FBA6
    { 14, 10, 195, 0, 9, 18, 26416 }, // U+FBA7
    { 6, 14, 106, 0, 10, 11, 26434 }, // U+FBA8
    { 13, 11, 172, 0, 5, 18, 26445 }, // U+FBA9
    { 16, 13, 257, 0, 12, 26, 26463 }, // U+FBAA
    { 16, 15, 228, 0, 10, 30, 26489 }, // U+FBAB
    { 13, 13, 214, 0, 12, 22, 26519 }, // U+FBAC
    { 14, 15, 190, 0, 10, 27, 26541 }, // U+FBAD
    { 20, 12, 314, 0, 11, 30, 26568 }, // U+FBAE
    { 14, 10, 187, 0, 3, 18, 26598 }, // U+FBAF
    { 20, 18, 314, 0, 17, 45, 26616 }, // U+FBB0
    { 14, 16, 187, 0, 9, 28, 26661 }, // U+FBB1
    { 17, 15, 274, 0, 10, 32, 26689 }, // U+FBFC
    { 19, 11, 267, 0, 6, 27, 26721 }, // U+FBFD
    { 7, 15, 120, 0, 10, 14, 26748 }, // U+FBFE
    { 11, 13, 136, 0, 8, 18, 26762 }, // U+FBFF
    { 10, 12, 157, 0, 10, 15, 26780 }, // U+FE80
    { 9, 19, 90, -2, 19, 22, 26795 }, // U+FE81
    { 10, 21, 106, -1, 20, 27, 26817 }, // U+FE82
    { 5, 21, 90, 0, 21, 14, 26844 }, // U+FE83
    { 9, 23, 106, 0, 22, 26, 26858 }, // U+FE84
    { 10, 20, 166, 0, 15, 25, 26884 }, // U+FE85
    { 13, 21, 175, 0, 16, 35, 26909 }, // U+FE86
    { 5, 23, 91, 1, 16, 15, 26944 }, // U+FE87
    { 8, 23, 106, 1, 16, 23, 26959 }, // U+FE88
    { 17, 17, 274, 0, 12, 37, 26982 }, // U+FE89
    { 19, 17, 267, 0, 12, 41, 27019 }, // U+FE8A
    { 6, 18, 106, 0, 17, 14, 27060 }, // U+FE8B
    { 10, 16, 128, 0, 15, 20, 27074 }, // U+FE8C
    { 4, 16, 91, 1, 16, 8, 27094 }, // U+FE8D
    { 8, 17, 106, 1, 16, 17, 27102 }, // U+FE8E
    { 21, 15, 341, 0, 10, 40, 27119 }, // U+FE8F
    { 26, 14, 381, 0, 9, 46, 27159 }, // U+FE90
    { 6, 15, 106, 0, 10, 12, 27205 }, // U+FE91
    { 10, 13, 128, 0, 8, 17, 27217 }, // U+FE92
    { 10, 18, 157, 0, 17, 23, 27234 }, // U+FE93
    { 14, 19, 185, 0, 18, 34, 27257 }, // U+FE94
    { 21, 14, 341, 0, 13, 37, 27291 }, // U+FE95
    { 26, 14, 381, 0, 13, 46, 27328 }, // U+FE96
    { 8, 16, 106, -1, 15, 16, 27374 }, // U+FE97
    { 11, 14, 136, 0, 13, 20, 27390 }, // U+FE98
    { 21, 16, 341, 0, 15, 42, 27410 }, // U+FE99
    { 26, 16, 381, 0, 15, 52, 27452 }, // U+FE9A
    { 6, 18, 106, 0, 17, 14, 27504 }, // U+FE9B
    { 11, 16, 136, 0, 15, 22, 27518 }, // U+FE9C
    { 14, 20, 229, 0, 11, 35, 27540 }, // U+FE9D
    { 18, 20, 246, 0, 11, 45, 27575 }, // U+FE9E
    { 13, 15, 210, 0, 10, 25, 27620 }, // U+FE9F
    { 16, 15, 218, 0, 10, 30, 27645 }, // U+FEA0
    { 14, 20, 229, 0, 11, 35, 27675 }, // U+FEA1
    { 18, 20, 246, 0, 11, 45, 27710 }, // U+FEA2
    { 13, 11, 210, 0, 10, 18, 27755 }, // U+FEA3
    { 16, 11, 218, 0, 10, 22, 27773 }, // U+FEA4
    { 14, 25, 229, 0, 16, 44, 27795 }, // U+FEA5
    { 18, 25, 246, 0, 16, 57, 27839 }, // U+FEA6
    { 13, 16, 210, 0, 15, 26, 27896 }, // U+FEA7
    { 16, 16, 218, 0, 15, 32, 27922 }, // U+FEA8
    { 10, 12, 172, 0, 11, 15, 27954 }, // U+FEA9
    { 14, 12, 190, 0, 11, 21, 27969 }, // U+FEAA
    { 10, 17, 172, 0, 16, 22, 27990 }, // U+FEAB
    { 14, 17, 190, 0, 16, 30, 28012 }, // U+FEAC
    { 9, 13, 136, -1, 8, 15, 28042 }, // U+FEAD
    { 13, 13, 150, -1, 8, 22, 28057 }, // U+FEAE
    { 9, 19, 136, -1, 14, 22, 28079 }, // U+FEAF
    { 13, 19, 150, -1, 14, 31, 28101 }, // U+FEB0
    { 28, 15, 457, 0, 10, 53, 28132 }, // U+FEB1
    { 32, 14, 480, 0, 9, 56, 28185 }, // U+FEB2
    { 19, 11, 317, 0, 10, 27, 28241 }, // U+FEB3
    { 23, 10, 340, 0, 9, 29, 28268 }, // U+FEB4
    { 28, 21, 457, 0, 16, 74, 28297 }, // U+FEB5
    { 32, 21, 480, 0, 16, 84, 28371 }, // U+FEB6
    { 19, 17, 317, 0, 16, 41, 28455 }, // U+FEB7
    { 23, 17, 340, 0, 16, 49, 28496 }, // U+FEB8
    { 29, 15, 474, 0, 10, 55, 28545 }, // U+FEB9
    { 32, 15, 481, 0, 10, 60, 28600 }, // U+FEBA
    { 20, 11, 325, 0, 10, 28, 28660 }, // U+FEBB
    { 23, 11, 335, 0, 10, 32, 28688 }, // U+FEBC
    { 29, 20, 474, 0, 15, 73, 28720 }, // U+FEBD
    { 32, 20, 481, 0, 15, 80, 28793 }, // U+FEBE
    { 20, 16, 325, 0, 15, 40, 28873 }, // U+FEBF
    { 23, 16, 335, 0, 15, 46, 28913 }, // U+FEC0
    { 17, 17, 281, 0, 16, 37, 28959 }, // U+FEC1
    { 20, 17, 287, 0, 16, 43, 28996 }, // U+FEC2
    { 15, 17, 246, 0, 16, 32, 29039 }, // U+FEC3
    { 18, 17, 254, 0, 16, 39, 29071 }, // U+FEC4
    { 17, 17, 281, 0, 16, 37, 29110 }, // U+FEC5
    { 20, 17, 287, 0, 16, 43, 29147 }, // U+FEC6
    { 15, 17, 246, 0, 16, 32, 29190 }, // U+FEC7
    { 18, 17, 254, 0, 16, 39, 29222 }, // U+FEC8
    { 14, 21, 190, 0, 12, 37, 29261 }, // U+FEC9
    { 14, 19, 190, 0, 10, 34, 29298 }, // U+FECA
    { 11, 12, 186, 0, 11, 17, 29332 }, // U+FECB
    { 15, 11, 184, -1, 10, 21, 29349 }, // U+FECC
    { 14, 26, 190, 0, 17, 46, 29370 }, // U+FECD
    { 14, 24, 190, 0, 15, 42, 29416 }, // U+FECE
    { 11, 17, 186, 0, 16, 24, 29458 }, // U+FECF
    { 15, 16, 184, -1, 15, 30, 29482 }, // U+FED0
    { 21, 19, 341, 0, 18, 50, 29512 }, // U+FED1
    { 25, 17, 372, 0, 16, 54, 29562 }, // U+FED2
    { 10, 19, 168, 0, 18, 24, 29616 }, // U+FED3
    { 13, 17, 176, 0, 16, 28, 29640 }, // U+FED4
    { 17, 19, 277, 0, 15, 41, 29668 }, // U+FED5
    { 20, 20, 285, 0, 14, 50, 29709 }, // U+FED6
    { 10, 19, 168, 0, 18, 24, 29759 }, // U+FED7
    { 13, 17, 176, 0, 16, 28, 29783 }, // U+FED8
    { 19, 17, 310, 0, 16, 41, 29811 }, // U+FED9
    { 22, 17, 325, 0, 16, 47, 29852 }, // U+FEDA
    { 10, 16, 151, 0, 15, 20, 29899 }, // U+FEDB
    { 13, 16, 169, 0, 15, 26, 29919 }, // U+FEDC
    { 15, 21, 247, 0, 16, 40, 29945 }, // U+FEDD
    { 19, 21, 264, 0, 16, 50, 29985 }, // U+FEDE
    { 6, 17, 99, 0, 16, 13, 30035 }, // U+FEDF
    { 9, 17, 115, 0, 16, 20, 30048 }, // U+FEE0
    { 11, 19, 183, 0, 10, 27, 30068 }, // U+FEE1
    { 16, 18, 220, 0, 9, 36, 30095 }, // U+FEE2
    { 12, 10, 194, 0, 9, 15, 30131 }, // U+FEE3
    { 15, 10, 208, 0, 9, 19, 30146 }, // U+FEE4
    { 15, 17, 247, 0, 12, 32, 30165 }, // U+FEE5
    { 19, 17, 268, 0, 12, 41, 30197 }, // U+FEE6
    { 6, 16, 106, 0, 15, 12, 30238 }, // U+FEE7
    { 10, 14, 128, 0, 13, 18, 30250 }, // U+FEE8
    { 10, 13, 157, 0, 12, 17, 30268 }, // U+FEE9
    { 14, 14, 185, 0, 13, 25, 30285 }, // U+FEEA
    { 13, 13, 214, 0, 12, 22, 30310 }, // U+FEEB
    { 14, 15, 190, 0, 10, 27, 30332 }, // U+FEEC
    { 10, 14, 166, 0, 9, 18, 30359 }, // U+FEED
    { 13, 14, 175, 0, 9, 23, 30377 }, // U+FEEE
    { 17, 15, 274, 0, 10, 32, 30400 }, // U+FEEF
    { 19, 11, 267, 0, 6, 27, 30432 }, // U+FEF0
    { 17, 20, 274, 0, 10, 43, 30459 }, // U+FEF1
    { 19, 16, 267, 0, 6, 38, 30502 }, // U+FEF2
    { 7, 15, 120, 0, 10, 14, 30540 }, // U+FEF3
    { 11, 13, 136, 0, 8, 18, 30554 }, // U+FEF4
    { 15, 17, 211, -2, 17, 32, 30572 }, // U+FEF5
    { 16, 19, 227, 0, 18, 38, 30604 }, // U+FEF6
    { 13, 19, 211, 0, 19, 31, 30642 }, // U+FEF7
    { 16, 21, 227, 0, 20, 42, 30673 }, // U+FEF8
    { 13, 23, 211, 0, 16, 38, 30715 }, // U+FEF9
    { 16, 23, 227, 0, 16, 46, 30753 }, // U+FEFA
    { 13, 16, 211, 0, 16, 26, 30799 }, // U+FEFB
    { 16, 17, 227, 0, 16, 34, 30825 }, // U+FEFC
    { 20, 20, 333, 0, 16, 50, 30859 }, // U+FFFD
};

static const EpdUnicodeInterval ubuntu_10_boldIntervals[] = {
    { 0x0, 0x0, 0x0 },
    { 0x8, 0x9, 0x1 },
    { 0xD, 0xD, 0x3 },
    { 0x1D, 0x1D, 0x4 },
    { 0x20, 0x7E, 0x5 },
    { 0xA0, 0x17F, 0x64 },
    { 0x18F, 0x18F, 0x144 },
    { 0x1A0, 0x1A1, 0x145 },
    { 0x1AF, 0x1B0, 0x147 },
    { 0x1C4, 0x21F, 0x149 },
    { 0x259, 0x259, 0x1A5 },
    { 0x300, 0x36F, 0x1A6 },
    { 0x400, 0x4FF, 0x216 },
    { 0x5D0, 0x5EA, 0x316 },
    { 0x60C, 0x60C, 0x331 },
    { 0x61B, 0x61B, 0x332 },
    { 0x61F, 0x61F, 0x333 },
    { 0x621, 0x621, 0x334 },
    { 0x640, 0x640, 0x335 },
    { 0x654, 0x654, 0x336 },
    { 0x660, 0x669, 0x337 },
    { 0x6BA, 0x6BA, 0x341 },
    { 0x6D4, 0x6D5, 0x342 },
    { 0x6F0, 0x6F9, 0x344 },
    { 0x1EA0, 0x1EF9, 0x34E },
    { 0x2000, 0x2064, 0x3A8 },
    { 0x2066, 0x2071, 0x40D },
    { 0x2074, 0x208E, 0x419 },
    { 0x2090, 0x209C, 0x434 },
    { 0x20A0, 0x20C0, 0x441 },
    { 0x2202, 0x2202, 0x462 },
    { 0x2206, 0x2206, 0x463 },
    { 0x220F, 0x220F, 0x464 },
    { 0x2211, 0x2212, 0x465 },
    { 0x2215, 0x2215, 0x467 },
    { 0x2219, 0x221A, 0x468 },
    { 0x221E, 0x221E, 0x46A },
    { 0x222B, 0x222B, 0x46B },
    { 0x2248, 0x2248, 0x46C },
    { 0x2260, 0x2260, 0x46D },
    { 0x2264, 0x2265, 0x46E },
    { 0xFB00, 0xFB06, 0x470 },
    { 0xFB56, 0xFB59, 0x477 },
    { 0xFB66, 0xFB69, 0x47B },
    { 0xFB7A, 0xFB7D, 0x47F },
    { 0xFB88, 0xFB95, 0x483 },
    { 0xFB9E, 0xFB9F, 0x491 },
    { 0xFBA6, 0xFBB1, 0x493 },
    { 0xFBFC, 0xFBFF, 0x49F },
    { 0xFE80, 0xFEFC, 0x4A3 },
    { 0xFFFD, 0xFFFD, 0x520 },
};

static const uint16_t ubuntu_10_boldKernLeftCodepoints[] = {
    0x0022, 0x0026, 0x0027, 0x0028, 0x0029, 0x002A, 0x002C, 0x002D, 0x002E, 0x002F, 0x003A, 0x003B,
    0x0040, 0x0041, 0x0042, 0x0043, 0x0044, 0x0045, 0x0046, 0x0047, 0x0048, 0x0049, 0x004A, 0x004B,
    0x004C, 0x004D, 0x004E, 0x004F, 0x0050, 0x0051, 0x0052, 0x0053, 0x0054, 0x0055, 0x0056, 0x0057,
    0x0058, 0x0059, 0x005A, 0x005B, 0x005C, 0x005D, 0x0061, 0x0062, 0x0063, 0x0064, 0x0066, 0x0067,
    0x0068, 0x0069, 0x006A, 0x006B, 0x006C, 0x006D, 0x006E, 0x006F, 0x0070, 0x0071, 0x0072, 0x0073,
    0x0074, 0x0075, 0x0076, 0x0077, 0x0078, 0x0079, 0x007A, 0x007B, 0x007D, 0x00A1, 0x00AB, 0x00BB,
    0x00BF, 0x00C0, 0x00C1, 0x00C2, 0x00C3, 0x00C4, 0x00C5, 0x00C6, 0x00C7, 0x00C8, 0x00C9, 0x00CA,
    0x00CB, 0x00CC, 0x00CD, 0x00CE, 0x00CF, 0x00D0, 0x00D1, 0x00D2, 0x00D3, 0x00D4, 0x00D5, 0x00D6,
    0x00D8, 0x00D9, 0x00DA, 0x00DB, 0x00DC, 0x00DD, 0x00DE, 0x00DF, 0x00E0, 0x00E1, 0x00E2, 0x00E3,
    0x00E4, 0x00E5, 0x00E7, 0x00EC, 0x00ED, 0x00EE, 0x00EF, 0x00F0, 0x00F1, 0x00F2, 0x00F3, 0x00F4,
    0x00F5, 0x00F6, 0x00F8, 0x00F9, 0x00FA, 0x00FB, 0x00FC, 0x00FD, 0x00FE, 0x00FF, 0x0100, 0x0101,
    0x0102, 0x0103, 0x0104, 0x0105, 0x0106, 0x0107, 0x0108, 0x0109, 0x010A, 0x010B, 0x010C, 0x010D,
    0x010E, 0x010F, 0x0110, 0x0111, 0x0112, 0x0114, 0x0116, 0x0118, 0x011A, 0x011C, 0x011D, 0x011E,
    0x011F, 0x0120, 0x0121, 0x0122, 0x0123, 0x0124, 0x0125, 0x0126, 0x0127, 0x0128, 0x0129, 0x012A,
    0x012B, 0x012C, 0x012D, 0x012E, 0x012F, 0x0130, 0x0131, 0x0132, 0x0133, 0x0134, 0x0135, 0x0136,
    0x0137, 0x0138, 0x0139, 0x013A, 0x013B, 0x013C, 0x013D, 0x013E, 0x013F, 0x0140, 0x0141, 0x0142,
    0x0143, 0x0144, 0x0145, 0x0146, 0x0147, 0x0148, 0x0149, 0x014A, 0x014B, 0x014C, 0x014D, 0x014E,
    0x014F, 0x0150, 0x0151, 0x0152, 0x0154, 0x0155, 0x0156, 0x0157, 0x0158, 0x0159, 0x015A, 0x015B,
    0x015C, 0x015D, 0x015E, 0x015F, 0x0160, 0x0161, 0x0162, 0x0163, 0x0164, 0x0165, 0x0166, 0x0167,
    0x0168, 0x0169, 0x016A, 0x016B, 0x016C, 0x016D, 0x016E, 0x016F, 0x0170, 0x0171, 0x0172, 0x0173,
    0x0174, 0x0175, 0x0176, 0x0177, 0x0178, 0x0179, 0x017A, 0x017B, 0x017C, 0x017D, 0x017E, 0x017F,
    0x018F, 0x01A0, 0x01C4, 0x01C5, 0x01C6, 0x01C7, 0x01C8, 0x01C9, 0x01CA, 0x01CB, 0x01CC, 0x01CD,
    0x01CE, 0x01CF, 0x01D0, 0x01D1, 0x01D2, 0x01D3, 0x01D4, 0x01D5, 0x01D6, 0x01D7, 0x01D8, 0x01D9,
    0x01DA, 0x01DB, 0x01DC, 0x01DD, 0x01DE, 0x01DF, 0x01E0, 0x01E1, 0x01E2, 0x01E4, 0x01E5, 0x01E6,
    0x01E7, 0x01E8, 0x01E9, 0x01EA, 0x01EB, 0x01EC, 0x01ED, 0x01EE, 0x01EF, 0x01F0, 0x01F1, 0x01F2,
    0x01F3, 0x01F4, 0x01F5, 0x01F6, 0x01F7, 0x01F8, 0x01F9, 0x01FA, 0x01FB, 0x01FC, 0x01FE, 0x01FF,
    0x0200, 0x0201, 0x0202, 0x0203, 0x0204, 0x0206, 0x0208, 0x0209, 0x020A, 0x020B, 0x020C, 0x020D,
    0x020E, 0x020F, 0x0210, 0x0211, 0x0212, 0x0213, 0x0214, 0x0215, 0x0216, 0x0217, 0x0218, 0x0219,
    0x021A, 0x021B, 0x021C, 0x021E, 0x021F, 0x0400, 0x0401, 0x0402, 0x0403, 0x0404, 0x0405, 0x0406,
    0x0407, 0x0408, 0x0409, 0x040A, 0x040B, 0x040C, 0x040D, 0x040E, 0x040F, 0x0410, 0x0411, 0x0412,
    0x0413, 0x0414, 0x0415, 0x0416, 0x0417, 0x0418, 0x0419, 0x041A, 0x041C, 0x041D, 0x041E, 0x041F,
    0x0420, 0x0421, 0x0422, 0x0423, 0x0424, 0x0425, 0x0426, 0x0428, 0x0429, 0x042A, 0x042B, 0x042C,
    0x042D, 0x042E, 0x0430, 0x0431, 0x0432, 0x0433, 0x0434, 0x0435, 0x0436, 0x0437, 0x043A, 0x043B,
    0x043C, 0x043D, 0x043E, 0x043F, 0x0440, 0x0441, 0x0442, 0x0443, 0x0444, 0x0445, 0x0446, 0x0447,
    0x0448, 0x0449, 0x044A, 0x044B, 0x044C, 0x044D, 0x044E, 0x044F, 0x0450, 0x0451, 0x0452, 0x0453,
    0x0454, 0x0455, 0x0456, 0x0457, 0x0458, 0x0459, 0x045A, 0x045B, 0x045C, 0x045E, 0x045F, 0x0460,
    0x0461, 0x0462, 0x0463, 0x0464, 0x0466, 0x0467, 0x0468, 0x0469, 0x046E, 0x0471, 0x0472, 0x0473,
    0x0474, 0x0475, 0x0476, 0x0477, 0x0478, 0x0479, 0x047A, 0x047B, 0x047C, 0x047D, 0x047E, 0x047F,
    0x0480, 0x048A, 0x048B, 0x048C, 0x048D, 0x048F, 0x0490, 0x0491, 0x0492, 0x0493, 0x0494, 0x0495,
    0x0496, 0x0497, 0x0498, 0x0499, 0x049A, 0x049B, 0x049C, 0x049D, 0x049E, 0x049F, 0x04A0, 0x04A1,
    0x04A2, 0x04A3, 0x04A4, 0x04A5, 0x04A6, 0x04A7, 0x04A8, 0x04A9, 0x04AA, 0x04AB, 0x04AC, 0x04AD,
    0x04AE, 0x04AF, 0x04B0, 0x04B1, 0x04B2, 0x04B3, 0x04B4, 0x04B5, 0x04B6, 0x04B7, 0x04BA, 0x04BB,
    0x04BC, 0x04BE, 0x04C0, 0x04C1, 0x04C2, 0x04C3, 0x04C4, 0x04C6, 0x04C7, 0x04C8, 0x04C9, 0x04CA,
    0x04CC, 0x04CD, 0x04CE, 0x04CF, 0x04D0, 0x04D1, 0x04D2, 0x04D3, 0x04D4, 0x04D5, 0x04D6, 0x04D7,
    0x04D8, 0x04DA, 0x04DC, 0x04DD, 0x04DE, 0x04DF, 0x04E0, 0x04E1, 0x04E2, 0x04E4, 0x04E6, 0x04E7,
    0x04E8, 0x04E9, 0x04EA, 0x04EB, 0x04EC, 0x04ED, 0x04EE, 0x04EF, 0x04F0, 0x04F1, 0x04F2, 0x04F3,
    0x04F6, 0x04F7, 0x04F8, 0x04F9, 0x04FA, 0x04FB, 0x04FC, 0x04FD, 0x04FE, 0x04FF, 0x05D0, 0x05D1,
    0x05D2, 0x05D3, 0x05D5, 0x05D6, 0x05D8, 0x05D9, 0x05DB, 0x05DC, 0x05DE, 0x05E0, 0x05E1, 0x05E2,
    0x05E4, 0x05E6, 0x05E8, 0x05E9, 0x05EA, 0x1EA0, 0x1EA2, 0x1EA4, 0x1EA6, 0x1EA8, 0x1EAA, 0x1EAC,
    0x1EAE, 0x1EB0, 0x1EB2, 0x1EB4, 0x1EB6, 0x1EB9, 0x1EBB, 0x1EBD, 0x1EBF, 0x1EC1, 0x1EC3, 0x1EC5,
    0x1EC7, 0x1ECC, 0x1ECD, 0x1ECE, 0x1ECF, 0x1ED0, 0x1ED1, 0x1ED2, 0x1ED3, 0x1ED4, 0x1ED5, 0x1ED6,
    0x1ED7, 0x1ED8, 0x1ED9, 0x1EDA, 0x1EDB, 0x1EDC, 0x1EDD, 0x1EDE, 0x1EDF, 0x1EE0, 0x1EE1, 0x1EE2,
    0x1EE3, 0x1EE4, 0x1EE6, 0x1EE8, 0x1EE9, 0x1EEA, 0x1EEB, 0x1EEC, 0x1EED, 0x1EEE, 0x1EEF, 0x1EF0,
    0x1EF1, 0x1EF2, 0x1EF3, 0x1EF4, 0x1EF6, 0x1EF8, 0x2013, 0x2014, 0x2018, 0x2019, 0x201A, 0x201C,
    0x201D, 0x201E, 0x2026, 0x2039, 0x203A, 0xFB00, 0xFB01, 0xFB02, 0xFB03, 0xFB04, 0xFB8C, 0xFEAD,
    0xFEAE, 0xFEAF,
};

static const uint8_t ubuntu_10_boldKernLeftClassIds[] = {
      1,   2,   1,   3,   4,   5,   6,   7,   6,   8,   9,   9,  10,  11,  12,  13,
     14,  15,  16,  17,  18,  18,  19,  20,  21,  22,  18,  23,  24,  25,  26,  27,
     28,  29,  30,  31,  32,  33,  34,  35,  36,  37,  38,  39,  40,  41,  42,  43,
     44,  45,  46,  47,  48,  49,  49,  50,  39,  51,  52,  53,  54,  55,  56,  57,
     58,  59,  60,  61,  62,  63,  64,  65,  66,  11,  11,  11,  11,  11,  11,  15,
     13,  15,  15,  15,  15,  18,  18,  18,  18,  14,  18,  23,  23,  23,  23,  23,
     23,  29,  29,  29,  29,  33,  67,  68,  38,  38,  38,  38,  38,  38,  40,  45,
     45,  45,  45,  69,  49,  50,  50,  50,  50,  50,  50,  55,  55,  55,  55,  59,
     70,  59,  11,  38,  11,  38,  11,  38,  13,  40,  13,  40,  13,  40,  13,  40,
     14,  71,  14,  41,  15,  15,  15,  15,  15,  17,  43,  17,  43,  17,  43,  17,
     43,  18,  44,  18,  44,  18,  45,  18,  45,  18,  45,  18,  45,  18,  45,  19,
     46,  19,  46,  20,  47,  47,  21,  48,  21,  48,  21,  71,  21,  48,  21,  48,
     18,  49,  18,  49,  18,  49,  49,  72,  73,  23,  50,  23,  50,  23,  50,  15,
     26,  52,  26,  52,  26,  52,  27,  53,  27,  53,  27,  53,  27,  53,  28,  54,
     28,  54,  28,  54,  29,  55,  29,  55,  29,  55,  29,  55,  29,  55,  29,  55,
     31,  57,  33,  59,  33,  34,  60,  34,  60,  34,  60,  42,  23,  74,  34,  60,
     60,  19,  46,  46,  19,  46,  46,  11,  38,  18,  45,  23,  50,  29,  55,  29,
     55,  29,  55,  29,  55,  29,  55,  50,  11,  38,  11,  38,  15,  17,  43,  17,
     43,  20,  47,  23,  50,  23,  50,  75,  76,  46,  34,  60,  60,  17,  43,  55,
     77,  18,  49,  11,  38,  15,  23,  50,  11,  38,  11,  38,  15,  15,  18,  45,
     18,  45,  23,  50,  23,  50,  26,  52,  26,  52,  29,  55,  29,  55,  27,  53,
     28,  54,  78,  18,  44,  79,  79,  80,  81,  82,  83,  18,  18,  84,  85,  85,
     86,  87,  18,  88,  18,  89,  80,  90,  81,  91,  79,  92,  93,  18,  18,  87,
     94,  18,  95,  18,  96,  82,  97,  88,  98,  99,  91,  18,  91,  85,  18,  85,
    100,  95, 101, 102, 103, 104, 105, 106, 107, 108, 109, 110, 111, 112, 113, 112,
    114, 115, 116, 117, 118, 119, 105, 112, 112, 105, 120, 112, 120, 121, 122, 123,
    106, 106, 124, 104, 125, 126, 127, 127, 128, 120, 120, 129, 109, 117, 130, 131,
    132,  80, 133, 134, 135, 136, 135, 136, 137, 138,  95, 113, 139, 140, 141, 132,
    142, 142, 131, 138, 131, 138, 131, 132, 134,  91, 105,  85, 120, 114,  81, 104,
     81, 104,  80, 143,  92, 107,  93, 108,  87, 109,  87, 109,  87, 109,  87, 109,
     91, 105,  97, 104,  85, 144, 145, 146,  82, 115,  97, 116, 147, 148, 147, 148,
     99, 119,  91, 105,  91, 105, 149, 150, 151, 151,  18,  92, 107, 152, 153, 105,
     84, 154,  91, 105, 112,  91, 105,  18,  89, 101,  89, 101, 155, 156,  79, 106,
    157, 157,  92, 107,  93, 108, 158, 159,  18,  18,  95, 113,  95, 113,  95, 113,
    100, 108,  88, 117,  88, 117,  88, 117,  81, 104,  18, 112, 160, 161, 134, 162,
    163, 162, 164, 165, 166, 167, 168, 169, 170, 171, 172, 173, 174, 175, 176, 177,
    178, 179, 180, 181, 182, 183, 183, 183, 183, 183, 183, 183, 183, 183, 183, 183,
    183, 184, 184, 184, 184, 184, 184, 184, 184, 185, 184, 185, 184, 185, 184, 185,
    184, 185, 184, 185, 184, 185, 184, 186, 187, 186, 187, 186, 187, 186, 187, 186,
    187, 188, 188, 189, 187, 189, 187, 189, 187, 189, 187, 189, 187,  33,  59, 190,
    190, 190,   7,   7, 191, 192, 193, 191, 192, 193,   6,  64,  65,  42,  45,  48,
     45,  48, 194, 194, 194, 194,
};

static const uint16_t ubuntu_10_boldKernRightCodepoints[] = {
    0x0021, 0x0022, 0x0026, 0x0027, 0x0028, 0x0029, 0x002A, 0x002C, 0x002D, 0x002E, 0x002F, 0x003A,
    0x003B, 0x003F, 0x0040, 0x0041, 0x0042, 0x0043, 0x0044, 0x0045, 0x0046, 0x0047, 0x0048, 0x0049,
    0x004A, 0x004B, 0x004C, 0x004D, 0x004E, 0x004F, 0x0050, 0x0051, 0x0052, 0x0053, 0x0054, 0x0055,
    0x0056, 0x0057, 0x0058, 0x0059, 0x005A, 0x005B, 0x005C, 0x005D, 0x0061, 0x0062, 0x0063, 0x0064,
    0x0065, 0x0066, 0x0067, 0x0068, 0x0069, 0x006A, 0x006B, 0x006C, 0x006D, 0x006E, 0x006F, 0x0070,
    0x0071, 0x0072, 0x0073, 0x0074, 0x0075, 0x0076, 0x0077, 0x0078, 0x0079, 0x007A, 0x007B, 0x007D,
    0x00AB, 0x00BB, 0x00C0, 0x00C1, 0x00C2, 0x00C3, 0x00C4, 0x00C5, 0x00C6, 0x00C7, 0x00C8, 0x00C9,
    0x00CA, 0x00CB, 0x00CC, 0x00CD, 0x00CE, 0x00CF, 0x00D0, 0x00D1, 0x00D2, 0x00D3, 0x00D4, 0x00D5,
    0x00D6, 0x00D8, 0x00D9, 0x00DA, 0x00DB, 0x00DC, 0x00DD, 0x00DF, 0x00E0, 0x00E1, 0x00E2, 0x00E3,
    0x00E4, 0x00E5, 0x00E6, 0x00E7, 0x00E8, 0x00E9, 0x00EA, 0x00EB, 0x00EC, 0x00ED, 0x00EE, 0x00EF,
    0x00F0, 0x00F1, 0x00F2, 0x00F3, 0x00F4, 0x00F5, 0x00F6, 0x00F8, 0x00F9, 0x00FA, 0x00FB, 0x00FC,
    0x00FD, 0x00FF, 0x0100, 0x0101, 0x0102, 0x0103, 0x0104, 0x0105, 0x0106, 0x0107, 0x0108, 0x0109,
    0x010A, 0x010B, 0x010C, 0x010D, 0x010E, 0x010F, 0x0111, 0x0112, 0x0113, 0x0114, 0x0115, 0x0116,
    0x0117, 0x0118, 0x0119, 0x011A, 0x011B, 0x011C, 0x011D, 0x011E, 0x011F, 0x0120, 0x0121, 0x0122,
    0x0123, 0x0124, 0x0125, 0x0126, 0x0127, 0x0128, 0x0129, 0x012A, 0x012B, 0x012C, 0x012D, 0x012E,
    0x012F, 0x0130, 0x0131, 0x0132, 0x0133, 0x0134, 0x0135, 0x0136, 0x0137, 0x0139, 0x013A, 0x013B,
    0x013C, 0x013D, 0x013E, 0x013F, 0x0140, 0x0141, 0x0142, 0x0143, 0x0144, 0x0145, 0x0146, 0x0147,
    0x0148, 0x0149, 0x014A, 0x014B, 0x014C, 0x014D, 0x014E, 0x014F, 0x0150, 0x0151, 0x0152, 0x0153,
    0x0154, 0x0155, 0x0156, 0x0157, 0x0158, 0x0159, 0x015A, 0x015B, 0x015C, 0x015D, 0x015E, 0x015F,
    0x0160, 0x0161, 0x0162, 0x0163, 0x0164, 0x0165, 0x0166, 0x0167, 0x0168, 0x0169, 0x016A, 0x016B,
    0x016C, 0x016D, 0x016E, 0x016F, 0x0170, 0x0171, 0x0172, 0x0173, 0x0174, 0x0175, 0x0176, 0x0177,
    0x0178, 0x0179, 0x017A, 0x017B, 0x017C, 0x017D, 0x017E, 0x017F, 0x018F, 0x01A0, 0x01A1, 0x01AF,
    0x01B0, 0x01C4, 0x01C5, 0x01C6, 0x01C7, 0x01C8, 0x01C9, 0x01CA, 0x01CB, 0x01CC, 0x01CD, 0x01CE,
    0x01CF, 0x01D0, 0x01D1, 0x01D2, 0x01D3, 0x01D4, 0x01D5, 0x01D6, 0x01D7, 0x01D8, 0x01D9, 0x01DA,
    0x01DB, 0x01DC, 0x01DD, 0x01DE, 0x01DF, 0x01E0, 0x01E1, 0x01E2, 0x01E3, 0x01E4, 0x01E5, 0x01E6,
    0x01E7, 0x01E8, 0x01E9, 0x01EA, 0x01EB, 0x01EC, 0x01ED, 0x01EE, 0x01F0, 0x01F1, 0x01F2, 0x01F3,
    0x01F4, 0x01F5, 0x01F8, 0x01F9, 0x01FA, 0x01FB, 0x01FC, 0x01FD, 0x01FE, 0x01FF, 0x0200, 0x0201,
    0x0202, 0x0203, 0x0204, 0x0205, 0x0206, 0x0207, 0x0208, 0x0209, 0x020A, 0x020B, 0x020C, 0x020D,
    0x020E, 0x020F, 0x0210, 0x0211, 0x0212, 0x0213, 0x0214, 0x0215, 0x0216, 0x0217, 0x0218, 0x0219,
    0x021A, 0x021B, 0x021C, 0x021D, 0x021E, 0x021F, 0x0402, 0x0404, 0x0405, 0x0408, 0x0409, 0x040B,
    0x040E, 0x0410, 0x0414, 0x0416, 0x0417, 0x041B, 0x041C, 0x041E, 0x0421, 0x0422, 0x0423, 0x0424,
    0x0425, 0x0427, 0x042D, 0x042F, 0x0430, 0x0431, 0x0432, 0x0433, 0x0434, 0x0435, 0x0436, 0x0437,
    0x0438, 0x0439, 0x043A, 0x043B, 0x043C, 0x043D, 0x043E, 0x043F, 0x0440, 0x0441, 0x0442, 0x0443,
    0x0444, 0x0445, 0x0446, 0x0447, 0x0448, 0x0449, 0x044A, 0x044B, 0x044C, 0x044D, 0x044E, 0x044F,
    0x0450, 0x0451, 0x0452, 0x0453, 0x0454, 0x0455, 0x0456, 0x0457, 0x0458, 0x0459, 0x045A, 0x045B,
    0x045C, 0x045D, 0x045E, 0x045F, 0x0460, 0x0461, 0x0462, 0x0463, 0x0465, 0x0466, 0x0467, 0x0469,
    0x046D, 0x046E, 0x0470, 0x0472, 0x0473, 0x0475, 0x0476, 0x0477, 0x0478, 0x0479, 0x047A, 0x047B,
    0x047C, 0x047D, 0x047E, 0x047F, 0x0480, 0x0481, 0x048B, 0x048D, 0x048F, 0x0491, 0x0493, 0x0495,
    0x0496, 0x0497, 0x0498, 0x0499, 0x049B, 0x049D, 0x049F, 0x04A1, 0x04A3, 0x04A5, 0x04A7, 0x04A8,
    0x04A9, 0x04AA, 0x04AB, 0x04AC, 0x04AD, 0x04AE, 0x04AF, 0x04B0, 0x04B1, 0x04B2, 0x04B3, 0x04B4,
    0x04B5, 0x04B6, 0x04B7, 0x04B8, 0x04B9, 0x04BB, 0x04BC, 0x04BD, 0x04BE, 0x04BF, 0x04C1, 0x04C2,
    0x04C4, 0x04C5, 0x04C6, 0x04C8, 0x04CA, 0x04CB, 0x04CC, 0x04CE, 0x04D0, 0x04D1, 0x04D2, 0x04D3,
    0x04D4, 0x04D5, 0x04D7, 0x04D8, 0x04D9, 0x04DA, 0x04DB, 0x04DC, 0x04DD, 0x04DE, 0x04DF, 0x04E0,
    0x04E1, 0x04E3, 0x04E5, 0x04E6, 0x04E7, 0x04E8, 0x04E9, 0x04EA, 0x04EB, 0x04EC, 0x04ED, 0x04EE,
    0x04EF, 0x04F0, 0x04F1, 0x04F2, 0x04F3, 0x04F4, 0x04F5, 0x04F7, 0x04F9, 0x04FA, 0x04FC, 0x04FD,
    0x04FE, 0x04FF, 0x05D0, 0x05D1, 0x05D2, 0x05D3, 0x05D4, 0x05D6, 0x05D7, 0x05D8, 0x05D9, 0x05DA,
    0x05DB, 0x05DC, 0x05DD, 0x05DE, 0x05E1, 0x05E2, 0x05E3, 0x05E4, 0x05E5, 0x05E7, 0x05E8, 0x05E9,
    0x05EA, 0x06D5, 0x1EA0, 0x1EA1, 0x1EA2, 0x1EA3, 0x1EA4, 0x1EA5, 0x1EA6, 0x1EA7, 0x1EA8, 0x1EA9,
    0x1EAA, 0x1EAB, 0x1EAC, 0x1EAD, 0x1EAE, 0x1EAF, 0x1EB0, 0x1EB1, 0x1EB2, 0x1EB3, 0x1EB4, 0x1EB5,
    0x1EB6, 0x1EB7, 0x1EB9, 0x1EBB, 0x1EBD, 0x1EBF, 0x1EC1, 0x1EC3, 0x1EC5, 0x1EC7, 0x1ECC, 0x1ECD,
    0x1ECE, 0x1ECF, 0x1ED0, 0x1ED1, 0x1ED2, 0x1ED3, 0x1ED4, 0x1ED5, 0x1ED6, 0x1ED7, 0x1ED8, 0x1ED9,
    0x1EDA, 0x1EDB, 0x1EDC, 0x1EDD, 0x1EDE, 0x1EDF, 0x1EE0, 0x1EE1, 0x1EE2, 0x1EE3, 0x1EE5, 0x1EE7,
    0x1EE9, 0x1EEB, 0x1EED, 0x1EEF, 0x1EF1, 0x1EF2, 0x1EF3, 0x1EF4, 0x1EF5, 0x1EF6, 0x1EF7, 0x1EF8,
    0x1EF9, 0x2013, 0x2014, 0x2018, 0x2019, 0x201A, 0x201C, 0x201D, 0x201E, 0x2026, 0x2039, 0x203A,
    0xFB00, 0xFB01, 0xFB02, 0xFB03, 0xFB04, 0xFB8E, 0xFBA6, 0xFBAA, 0xFE8D, 0xFEA3, 0xFEA9, 0xFEB1,
    0xFEB3, 0xFEB9, 0xFEBB, 0xFEC1, 0xFEC3, 0xFEC9, 0xFECB, 0xFECD, 0xFEDB, 0xFEDF, 0xFEE1, 0xFEE3,
    0xFEEB,
};

static const uint8_t ubuntu_10_boldKernRightClassIds[] = {
      1,   2,   3,   2,   4,   5,   6,   7,   8,   7,   9,  10,  10,  11,  12,  13,
     14,  15,  14,  14,  14,  16,  14,  14,  17,  14,  14,  18,  14,  19,  14,  19,
     14,  20,  21,  22,  23,  24,  25,  26,  27,  28,  29,  30,  31,  32,  33,  34,
     33,  35,  33,  36,  37,  38,  36,  36,  39,  39,  34,  39,  33,  39,  40,  41,
     42,  43,  44,  45,  46,  47,  48,  49,  50,  51,  13,  13,  13,  13,  13,  13,
     52,  15,  14,  14,  14,  14,  14,  14,  14,  14,  14,  14,  19,  19,  19,  19,
     19,  19,  22,  22,  22,  22,  26,  53,  31,  31,  31,  31,  54,  31,  31,  33,
     33,  33,  33,  33,  55,  37,  56,  57,  58,  39,  34,  34,  34,  34,  34,  34,
     42,  42,  42,  42,  46,  46,  13,  31,  13,  31,  13,  31,  15,  33,  15,  33,
     15,  33,  15,  33,  14,  34,  34,  14,  33,  14,  33,  14,  33,  14,  33,  14,
     33,  16,  33,  16,  33,  16,  33,  16,  33,  14,  36,  14,  36,  14,  59,  14,
     60,  14,  61,  14,  37,  14,  37,  14,  37,  17,  38,  14,  36,  14,  36,  14,
     36,  14,  36,  14,  36,  14,  36,  14,  39,  14,  39,  14,  39,  39,  62,  63,
     19,  34,  19,  34,  19,  34,  19,  34,  14,  39,  14,  39,  14,  39,  20,  40,
     20,  40,  20,  40,  20,  40,  21,  41,  21,  41,  21,  41,  22,  42,  22,  42,
     22,  42,  22,  42,  22,  42,  22,  42,  24,  44,  26,  46,  26,  27,  47,  27,
     47,  27,  47,  35,  64,  19,  34,  22,  42,  14,  14,  34,  14,  14,  36,  14,
     14,  39,  13,  31,  14,  37,  19,  34,  22,  42,  22,  42,  22,  42,  22,  42,
     22,  42,  65,  13,  31,  13,  31,  52,  31,  16,  33,  16,  33,  14,  36,  19,
     34,  19,  34,  66,  38,  14,  14,  34,  16,  33,  14,  39,  13,  31,  52,  31,
     19,  34,  13,  31,  13,  31,  14,  33,  14,  33,  14,  37,  14,  37,  19,  34,
     19,  34,  14,  39,  14,  39,  22,  42,  22,  42,  20,  40,  21,  41,  67,  68,
     14,  36,  69,  70,  71,  72,  73,  69,  74,  75,  76,  77,  78,  73,  79,  80,
     70,  69,  74,  81,  82,  83,  84,  85,  86,  87,  88,  89,  90,  91,  92,  93,
     89,  89,  89,  94,  95,  89,  96,  89,  97,  98,  99, 100, 101, 102,  89, 103,
     89, 104, 105,  89,  89, 106, 107, 108,  91,  91, 109,  89, 110, 111, 112, 113,
    114,  94,  89, 115,  89,  89, 100, 104, 116, 117,  69, 118, 119, 120, 121, 119,
    119, 122, 123,  80,  96, 100, 124, 117, 116, 125, 116, 125, 116, 125, 116, 117,
    116, 125,  89, 126,  97,  89,  89,  89,  77,  92,  78,  93,  89,  89,  89,  89,
     89,  89,  89, 127, 128,  70,  98,  69,  99, 129, 130, 129, 130,  82, 102,  69,
     99,  83, 103,  83, 103, 131, 132, 133, 132, 133,  77,  92,  89,  73,  94,  89,
     89,  83, 103,  95,  75,  86,  75,  86, 134, 135,  91, 136, 137, 136, 137,  77,
     92,  78,  93, 138, 139,  89,  89,  80,  96,  80,  96,  80,  96,  84,  93,  74,
    100,  74, 100,  74, 100,  83, 103,  89,  89, 140, 141, 142, 141, 142, 143, 144,
    145, 146, 147, 148, 149, 150, 151, 152, 153, 154, 155, 156, 157, 158, 159, 160,
    161, 162, 163, 164, 165, 166, 167, 168, 167, 168, 167, 168, 167, 168, 167, 168,
    167, 168, 167, 168, 167, 168, 167, 168, 167, 168, 167, 168, 167, 168, 169, 169,
    169, 169, 169, 169, 169, 169, 170, 169, 170, 169, 170, 169, 170, 169, 170, 169,
    170, 169, 170, 169, 170, 169, 170, 169, 170, 169, 170, 169, 170, 169, 171, 171,
    171, 171, 171, 171, 171,  26,  46, 172, 173, 172, 173, 172, 173,   8,   8, 174,
    175, 176, 174, 175, 176,   7,  50,  51,  35,  35,  35,  35,  35, 166, 166, 166,
    177, 166, 178, 178, 178, 178, 178, 178, 178, 179, 177, 179, 166, 177, 166, 166,
    166,
};

static const uint16_t ubuntu_10_boldKernRowOffsets[] = {
        0,    29,    47,   121,   151,   198,   255,   312,   386,   411,   437,   479,   503,   541,   562,   580,
      616,   628,   629,   637,   682,   724,   733,   754,   782,   802,   836,   856,   907,   916,   962,  1003,
     1051,  1102,  1139,  1225,  1251,  1264,  1277,  1295,  1314,  1326,  1357,  1369,  1382,  1393,  1405,  1431,
     1450,  1463,  1481,  1494,  1517,  1526,  1544,  1555,  1575,  1596,  1620,  1640,  1659,  1704,  1729,  1733,
     1753,  1796,  1839,  1862,  1878,  1889,  1901,  1934,  1935,  1940,  1943,  1948,  1949,  1956,  1959,  1969,
     1992,  2049,  2091,  2115,  2121,  2149,  2167,  2221,  2275,  2322,  2341,  2373,  2426,  2444,  2457,  2479,
     2510,  2558,  2586,  2641,  2663,  2673,  2680,  2689,  2707,  2728,  2742,  2773,  2781,  2813,  2819,  2826,
     2832,  2847,  2861,  2876,  2894,  2911,  2932,  2962,  2979,  2992,  3007,  3013,  3023,  3031,  3038,  3041,
     3047,  3059,  3065,  3071,  3072,  3091,  3092,  3095,  3097,  3098,  3102,  3156,  3179,  3184,  3188,  3199,
     3217,  3234,  3246,  3304,  3320,  3337,  3349,  3360,  3376,  3389,  3393,  3400,  3410,  3428,  3441,  3450,
     3456,  3458,  3459,  3462,  3468,  3473,  3480,  3491,  3497,  3498,  3507,  3518,  3524,  3534,  3539,  3542,
     3549,  3551,  3558,  3565,  3575,  3582,  3592,  3594,  3595,  3597,  3599,  3600,  3601,  3606,  3611,  3665,
     3740,  3775,  3779,
};

static const uint8_t ubuntu_10_boldKernSparseCols[] = {
     12,  16,  22,  23,  51,  68,  71,  72,  74,  75,  80,  82,  85,  89,  90,  93,
     94,  95,  97, 100, 107, 108, 109, 110, 114, 127, 133, 134, 136,  12,  14,  15,
     16,  18,  20,  22,  23,  24,  25,  30,  32,  33,  42,  43,  44,  45,  53,   3,
      4,   5,   7,  11,  14,  15,  18,  20,  22,  23,  24,  25,  26,  30,  32,  33,
     34,  36,  37,  38,  39,  41,  42,  43,  45,  52,  53,  54,  55,  56,  57,  58,
     59,  60,  68,  69,  70,  73,  75,  76,  79,  80,  81,  85,  86,  87,  88,  89,
     90,  94,  95,  97,  99, 100, 102, 103, 106, 108, 109, 110, 111, 112, 113, 114,
    126, 127, 128, 132, 133, 134, 135, 136, 138,   3,   5,   7,  11,  12,  16,  20,
     22,  23,  24,  25,  26,  44,  51,  61,  68,  70,  71,  73,  74,  76,  77,  81,
     83,  84, 101, 108, 128, 137, 138,  11,  12,  16,  17,  24,  25,  30,  32,  33,
     37,  39,  42,  43,  44,  45,  51,  53,  57,  61,  71,  72,  73,  74,  75,  76,
     77,  78,  81,  83,  85,  89,  90,  93,  94,  95,  97, 100, 101, 107, 109, 110,
    113, 127, 133, 134, 135, 137,  12,  14,  15,  16,  18,  19,  20,  21,  22,  23,
     24,  25,  26,  30,  32,  33,  42,  43,  44,  45,  46,  51,  53,  57,  68,  69,
     70,  71,  72,  74,  75,  76,  77,  79,  80,  81,  82,  89,  92,  93,  95,  98,
     99, 101, 102, 104, 105, 117, 126, 128, 129, 131, 132, 133, 135, 137, 138,  14,
     15,  16,  18,  20,  22,  24,  25,  26,  30,  32,  33,  34,  43,  44,  51,  53,
     57,  61,  68,  69,  70,  71,  73,  76,  79,  80,  81,  83,  85,  86,  87,  88,
     90,  91,  95,  96,  97, 100, 101, 102, 103, 106, 107, 109, 111, 112, 113, 125,
    126, 127, 128, 130, 132, 135, 136, 137,  11,  12,  14,  15,  16,  18,  20,  22,
     23,  24,  25,  26,  30,  31,  32,  33,  35,  36,  37,  38,  39,  41,  46,  51,
     53,  54,  55,  56,  57,  58,  59,  60,  68,  69,  71,  72,  73,  74,  75,  76,
     79,  80,  81,  82,  84,  85,  86,  87,  88,  89,  90,  93,  94,  95,  96,  97,
    100, 103, 106, 107, 108, 109, 110, 111, 112, 113, 114, 126, 127, 128, 133, 134,
    136, 138,  12,  16,  20,  22,  24,  25,  26,  42,  43,  44,  45,  46,  51,  68,
     71,  74,  81,  93, 101, 117, 125, 128, 131, 132, 133,  12,  16,  20,  22,  23,
     24,  25,  26,  44,  51,  61,  68,  70,  71,  73,  74,  76,  77,  81,  83,  84,
    101, 108, 128, 133, 137,   1,   3,   5,   6,   8,   9,  10,  12,  14,  15,  16,
     18,  19,  20,  21,  22,  23,  24,  25,  26,  28,  29,  30,  32,  33,  39,  42,
     43,  44,  45,  46,  47,  49,  50,  51,  53,  57,  63,  66, 173, 174, 175,   4,
      5,   7,   8,   9,  10,  12,  20,  22,  23,  24,  25,  28,  29,  42,  44,  45,
     46,  48,  49,  50,  51,  66, 175,   2,   3,   4,   5,   6,   7,   8,   9,  10,
     12,  14,  15,  16,  18,  19,  20,  22,  23,  24,  25,  26,  28,  29,  30,  32,
     33,  39,  41,  44,  46,  49,  50,  51,  53,  57, 173, 174, 175,   4,   6,   7,
      8,  10,  12,  16,  20,  22,  23,  24,  25,  26,  29,  48,  49,  51,  65,  66,
    174, 175,  16,  18,  22,  24,  25,  26,  30,  32,  33,  44,  50,  51,  53,  57,
     61, 173, 174, 175,   2,   3,   4,   6,   7,   8,  10,  11,  12,  14,  15,  16,
     17,  18,  20,  22,  23,  24,  25,  28,  29,  30,  32,  33,  38,  39,  41,  44,
     46,  50,  51,  53,  57, 173, 174, 175,   5,   6,   7,   9,  20,  22,  23,  25,
     42,  45, 173, 175,   8,   8,  12,  16,  28,  50,  51, 173, 174,   2,   3,   4,
      5,   6,   7,   8,   9,  11,  12,  14,  15,  16,  18,  20,  22,  23,  24,  25,
     26,  28,  29,  30,  32,  33,  39,  40,  41,  42,  43,  44,  45,  46,  47,  49,
     51,  53,  56,  57,  58,  59,  60,  63,  64, 175,   0,   1,   2,   5,   6,   7,
      8,   9,  10,  12,  14,  15,  16,  17,  18,  19,  20,  21,  22,  23,  24,  25,
     26,  28,  29,  30,  39,  42,  43,  44,  45,  46,  47,  48,  49,  50,  51,  53,
     66, 173, 174, 175,   5,   8,  10,  20,  22,  25,  28, 173, 174,   4,   6,   7,
      8,  10,  12,  16,  20,  22,  23,  24,  25,  26,  29,  48,  49,  51,  65,  66,
    174, 175,   2,   4,   6,   8,   9,  12,  16,  20,  24,  25,  27,  29,  30,  32,
     33,  42,  43,  44,  45,  48,  49,  50,  51,  53,  57, 173, 174, 175,   4,   6,
      7,   8,  10,  12,  16,  20,  22,  23,  24,  25,  26,  29,  37,  49,  51,  65,
    174, 175,   5,   6,   7,   8,   9,  10,  11,  12,  14,  15,  16,  18,  20,  21,
     22,  24,  25,  26,  28,  29,  30,  32,  33,  40,  41,  44,  46,  49,  51,  53,
     57, 173, 174, 175,   4,   5,   6,   7,   8,  10,  20,  22,  23,  25,  30,  42,
     43,  44,  45,  49,  51,  53, 173, 175,   2,   3,   4,   6,   7,   8,   9,  10,
     11,  12,  14,  15,  16,  17,  18,  20,  22,  23,  24,  25,  26,  28,  29,  30,
     32,  33,  38,  39,  41,  42,  43,  44,  45,  46,  47,  49,  50,  51,  53,  54,
     55,  56,  57,  58,  59,  60,  62,  64, 173, 174, 175,   6,   8,   9,  12,  16,
     28,  51, 173, 174,   1,   2,   3,   4,   6,   7,   8,   9,  10,  11,  12,  14,
     15,  16,  17,  18,  20,  22,  23,  24,  25,  26,  28,  29,  30,  32,  33,  38,
     39,  41,  46,  47,  49,  51,  53,  54,  56,  57,  58,  59,  60,  62,  64, 173,
    174, 175,   1,   2,   3,   4,   6,   8,  10,  11,  12,  14,  15,  16,  18,  20,
     22,  23,  24,  25,  26,  28,  29,  30,  32,  33,  38,  39,  41,  42,  43,  44,
     45,  47,  49,  51,  53,  56,  57,  58, 173, 174, 175,   2,   3,   4,   5,   6,
      7,   8,   9,  10,  11,  12,  14,  15,  16,  18,  19,  20,  22,  23,  24,  25,
     26,  28,  29,  30,  32,  33,  39,  41,  42,  43,  44,  45,  46,  47,  49,  51,
     53,  56,  57,  58,  59,  60,  63,  64, 173, 174, 175,   0,   2,   3,   4,   5,
      6,   7,   8,   9,  10,  11,  12,  14,  15,  16,  17,  18,  19,  20,  22,  23,
     24,  25,  26,  28,  29,  30,  32,  33,  38,  39,  41,  42,  44,  45,  46,  47,
     49,  50,  51,  53,  56,  57,  58,  59,  60,  62,  64, 173, 174, 175,   2,   4,
      6,   7,   9,  10,  11,  12,  14,  15,  16,  18,  19,  20,  22,  23,  24,  25,
     26,  28,  29,  30,  32,  33,  44,  46,  49,  50,  51,  53,  55,  56,  58,  59,
    173, 174, 175,  12,  14,  15,  16,  18,  20,  22,  23,  24,  25,  26,  29,  30,
     32,  33,  36,  37,  38,  39,  41,  42,  43,  44,  45,  46,  51,  53,  54,  55,
     56,  57,  58,  59,  60,  68,  69,  70,  71,  72,  73,  74,  75,  76,  79,  80,
     81,  84,  85,  86,  87,  88,  89,  90,  91,  92,  93,  94,  95,  97,  98,  99,
    100, 101, 102, 103, 104, 105, 106, 107, 108, 109, 110, 111, 112, 113, 114, 117,
    125, 126, 127, 128, 129, 132, 134, 136, 138,  12,  13,  14,  15,  16,  17,  18,
     20,  21,  22,  23,  24,  25,  26,  30,  32,  33,  37,  40,  41,  42,  43,  45,
     51,  53,  57,  37,  69,  70,  79,  80,  83,  84, 100, 113, 126, 127, 135, 138,
      1,   4,   5,  10,  28,  29,  42,  43,  45,  48, 173, 174, 175,   1,   4,   5,
      6,   7,   8,  10,  28,  29,  42,  43,  44,  45,  46,  48,  49, 173, 174,   6,
      7,   9,  10,  11,  29,  30,  32,  33,  42,  43,  44,  45,  49,  53,  57, 173,
    174, 175,   4,   5,   7,  10,  28,  29,  42,  43,  45, 173, 174, 175,   4,   5,
      6,   8,   9,  10,  28,  29,  30,  32,  33,  36,  37,  42,  43,  44,  45,  48,
     49,  50,  53,  54,  55,  56,  57,  58,  59,  60, 173, 174, 175,   4,   5,  10,
     28,  29,  37,  42,  43,  45, 173, 174, 175,   1,   4,   5,  10,  28,  29,  42,
     43,  45,  48, 173, 174, 175,   4,   5,  10,  28,  29,  42,  43,  45, 173, 174,
    175,   4,   5,  10,  28,  29,  37,  42,  43,  45, 173, 174, 175,   2,   3,   5,
      6,   7,   8,   9,  11,  29,  30,  32,  33,  40,  41,  42,  43,  44,  45,  46,
     47,  49,  53,  57, 173, 174, 175,   4,   5,   6,   9,  10,  28,  29,  30,  42,
     43,  44,  45,  46,  49,  50,  53, 173, 174, 175,   1,   4,   5,  10,  28,  29,
     42,  43,  45,  48, 173, 174, 175,   1,   4,   5,   6,   7,   8,  10,  28,  29,
     42,  43,  44,  45,  46,  48,  49, 173, 174,   4,   5,   8,  10,  28,  29,  37,
     42,  43,  45, 173, 174, 175,   2,   5,   6,   8,   9,  10,  28,  29,  30,  32,
     33,  42,  43,  44,  45,  46,  49,  50,  53,  57, 173, 174, 175,   4,   5,   8,
     10,  28,  29,  46,  48, 175,   6,   7,   9,  10,  28,  29,  30,  32,  33,  42,
     43,  44,  45,  49,  53,  57, 173, 175,   4,   5,  10,  28,  29,  42,  43,  45,
    173, 174, 175,   2,   5,   6,   8,   9,  29,  30,  32,  33,  42,  43,  44,  45,
     46,  50,  53,  57, 173, 174, 175,   2,   5,   6,   7,   8,   9,  29,  30,  32,
     33,  42,  43,  44,  45,  46,  50,  53,  57, 173, 174, 175,   2,   3,   5,   6,
      7,   8,   9,  11,  29,  30,  32,  33,  42,  43,  44,  45,  46,  47,  49,  53,
     57, 173, 174, 175,   2,   5,   6,   8,   9,  29,  30,  32,  33,  42,  43,  44,
     45,  46,  50,  53,  57, 173, 174, 175,   6,   8,   9,  10,  29,  30,  32,  33,
     42,  43,  44,  45,  48,  49,  50,  53, 173, 174, 175,  14,  15,  18,  48,  68,
     69,  70,  72,  73,  75,  76,  79,  80,  81,  84,  85,  86,  87,  88,  89,  90,
     92,  94,  95,  97,  98,  99, 100, 102, 103, 104, 105, 106, 107, 108, 109, 110,
    113, 114, 126, 127, 128, 134, 136, 138,  16,  20,  22,  24,  25,  51,  68,  70,
     71,  72,  73,  74,  75,  76,  77,  81,  83,  84,  89,  91,  93, 128, 132, 137,
    138,  20,  22,  23,  25,  12,  16,  20,  22,  25,  26,  42,  43,  45,  46,  68,
     71,  74,  93, 117, 125, 128, 129, 131, 132,  12,  14,  15,  16,  18,  19,  20,
     22,  23,  24,  25,  26,  30,  32,  33,  44,  46,  51,  53,  57,  68,  70,  71,
     72,  73,  74,  75,  76,  77,  79,  81,  83,  84,  89,  91,  93,  95, 101, 105,
    128, 133, 137, 138,  12,  13,  14,  15,  16,  17,  18,  19,  20,  21,  22,  23,
     24,  25,  26,  30,  31,  32,  33,  34,  35,  36,  37,  38,  39,  40,  41,  42,
     43,  44,  45,  46,  51,  52,  53,  54,  55,  56,  57,  58,  59,  60,  61,   4,
      6,   7,   8,   9,  10,  12,  16,  20,  22,  23,  24,  25,  26,  28,  29,  30,
     48,  49,  51,  53,  65,  66,   1,   4,   5,   7,  10,  27,  28,  29,  42,  43,
     44,  45,  48,  67, 173, 174,   4,   6,   7,   8,  10,  28,  29,  48,  49, 173,
    174,   1,   4,   5,   8,  10,  29,  42,  44,  45,  48, 173, 174,   1,   4,   6,
      7,  10,  28,  29,  30,  31,  32,  33,  35,  36,  37,  38,  39,  40,  41,  42,
     43,  44,  45,  46,  48,  53,  54,  55,  56,  58,  59,  60, 173, 174,  37,   1,
      5,  10, 173, 174,  12,  16,  51,  42,  43,  44,  45,  67,  37,  12,  16,  24,
     25,  30,  51,  53,  22,  25,  61,  71,  76,  79,  80,  81,  95, 101, 102, 133,
    138,   1,   4,   5,   7,   8,  10,  27,  68,  70,  73,  81,  82,  83,  84,  91,
     98,  99, 101, 104, 117, 129, 131, 138,   3,   4,   6,   7,   8,   9,  10,  11,
     27,  29,  47,  49,  50,  68,  69,  71,  72,  74,  75,  78,  79,  80,  81,  84,
     85,  86,  87,  88,  89,  90,  92,  93,  94,  95,  96,  97, 100, 101, 102, 103,
    105, 106, 107, 109, 110, 112, 126, 127, 128, 132, 133, 134, 135, 136, 138, 173,
    174,   3,   4,   5,   6,   7,   8,   9,  10,  29,  47,  48,  49,  50,  68,  69,
     70,  71,  72,  74,  75,  76,  77,  79,  80,  81,  85,  89,  91,  93,  95, 101,
    108, 110, 114, 126, 128, 132, 133, 135, 138, 173, 174,   1,   3,   4,   5,   6,
      7,   8,  10,  27,  49,  68,  82,  83,  84,  85,  98,  99, 101, 104, 117, 129,
    131, 138, 173,   8,  50,  71,  74, 173, 174,   1,   4,   5,   7,   8,  10,  27,
     29,  48,  68,  70,  73,  76,  81,  82,  83,  84,  91,  98,  99, 101, 104, 117,
    128, 129, 138, 173, 174,   1,   5,   6,   7,  10,  29,  48,  68,  82,  98, 117,
    128, 129, 131, 133, 138, 173, 174,   3,   4,   5,   6,   7,   8,   9,  11,  29,
     47,  48,  49,  68,  69,  71,  72,  73,  74,  75,  76,  79,  80,  81,  85,  86,
     89,  90,  91,  93,  95,  97,  98,  99, 100, 101, 102, 104, 105, 107, 108, 109,
    110, 114, 117, 126, 127, 128, 129, 131, 132, 133, 135, 136, 138,   1,   3,   4,
      6,   7,   8,   9,  10,  11,  29,  47,  48,  49,  68,  69,  71,  72,  73,  74,
     75,  76,  78,  79,  80,  81,  84,  85,  86,  87,  88,  89,  90,  93,  94,  95,
     96,  97, 100, 103, 106, 107, 108, 109, 110, 112, 114, 126, 127, 128, 133, 134,
    136, 173, 174,   1,   3,   5,   6,   8,   9,  10,  29,  47,  49,  50,  68,  69,
     70,  71,  72,  74,  75,  76,  77,  79,  80,  81,  82,  89,  91,  93,  95,  98,
     99, 101, 102, 104, 105, 107, 110, 117, 126, 128, 129, 131, 132, 133, 135, 138,
    173, 174,   4,   5,   7,   8,   9,  10,  29,  48,  49,  50,  68,  70,  74,  76,
     81,  83,  84, 101, 128,   1,   4,   5,   6,   8,  10,  29,  47,  48,  49,  68,
     71,  72,  74,  75,  76,  77,  80,  81,  82,  89,  91,  93,  99, 101, 102, 113,
    128, 131, 133, 173, 174,   3,   4,   5,   6,   7,   8,   9,  10,  11,  29,  47,
     48,  49,  68,  69,  71,  72,  73,  74,  75,  76,  79,  80,  81,  85,  86,  89,
     90,  91,  93,  95,  97,  98,  99, 100, 101, 102, 104, 108, 109, 110, 114, 117,
    126, 127, 128, 129, 131, 132, 133, 135, 136, 138,   4,   5,   7,   8,   9,  10,
     29,  48,  49,  50,  68,  70,  74,  76,  81,  84, 101, 128,   3,   4,   5,  10,
     27,  29,  48,  68, 100, 102, 128, 173, 174,   4,   6,   7,   8,  10,  27,  29,
     48,  49,  68,  71,  73,  74,  76,  77,  81,  83,  84, 128, 133, 137, 174,   4,
      6,   8,   9,  27,  29,  48,  49,  50,  68,  71,  72,  74,  75,  76,  77,  81,
     83,  85,  89,  93,  94,  95,  99, 101, 125, 129, 131, 133, 173, 174,   1,   3,
      4,   6,   7,   8,   9,  10,  11,  29,  47,  48,  49,  50,  68,  71,  72,  73,
     74,  75,  76,  78,  79,  80,  81,  85,  89,  90,  93,  94,  95,  97, 100, 101,
    107, 108, 109, 110, 112, 114, 127, 128, 131, 133, 134, 136, 173, 174,   1,   4,
      6,   7,   8,  10,  27,  29,  48,  68,  71,  72,  73,  74,  75,  76,  77,  81,
     83,  84,  89,  93,  94, 108, 114, 128, 133, 137,   3,   4,   5,   6,   7,   8,
      9,  10,  11,  29,  47,  48,  49,  68,  69,  70,  71,  72,  73,  74,  75,  76,
     77,  79,  80,  81,  86,  89,  90,  91,  93,  95,  97,  98,  99, 100, 101, 102,
    104, 108, 109, 110, 114, 117, 126, 127, 128, 129, 132, 133, 135, 136, 138, 173,
    174,   4,   6,   7,   8,  10,  27,  29,  48,  49,  68,  71,  73,  74,  76,  77,
     81,  83,  84, 128, 133, 137, 174,   1,   4,   5,   7,  10,  29,  48, 138, 173,
    174,   5,   7,   8,  27,  91, 101, 138,   1,   4,   5,  10,  29,  48, 138, 173,
    174,   6,   8,   9,  29,  50,  89,  91,  93,  98,  99, 101, 104, 117, 125, 129,
    132, 173, 174,   1,   4,   5,   6,   8,  10,  29,  48,  49,  89,  91,  93,  98,
     99, 101, 102, 104, 105, 113, 173, 174,   1,   4,   5,   6,   7,   8,  10,  29,
     48,  49, 101, 138, 173, 174,   3,   5,   6,   7,   8,   9,  11,  29,  47,  49,
     85,  89,  90,  91,  92,  93,  95,  97,  98,  99, 100, 101, 104, 105, 107, 117,
    125, 127, 129, 173, 174,   1,   4,   6,   7,  10,  29,  48,  93,   3,   5,   6,
      7,   8,   9,  11,  29,  47,  49,  85,  89,  90,  91,  92,  93,  95,  97,  98,
     99, 100, 101, 104, 105, 107, 109, 117, 125, 127, 129, 173, 174,   4,   7,  10,
     29,  48, 138,   1,   4,   5,  10,  29,  48, 138,   4,   7,  10,  29,  48, 138,
      1,   4,   5,   6,   7,   8,  10,  29,  48,  49,  91, 101, 138, 173, 174,   1,
      4,   5,   7,   8,  10,  27,  29,  48,  91, 108, 138, 173, 174,   6,   7,   9,
     10,  11,  29,  48,  49,  91,  95, 101, 117, 129, 173, 174,   6,   8,  29,  48,
     89,  91,  93,  98,  99, 100, 101, 104, 117, 125, 129, 132, 173, 174,   6,   8,
     29,  89,  91,  93,  98,  99, 100, 101, 104, 117, 125, 129, 132, 173, 174,   1,
      4,   5,   7,   8,  10,  27,  29,  48,  91,  92,  98,  99, 101, 102, 107, 108,
    114, 138, 173, 174,   3,   5,   6,   7,   8,   9,  11,  29,  47,  49,  89,  90,
     91,  92,  93,  95,  97,  98,  99, 100, 101, 104, 105, 107, 117, 125, 127, 129,
    173, 174,   1,   4,   5,   7,  10,  27,  29,  48,  93,  98,  99, 104, 117, 129,
    138, 173, 174,   1,   4,   5,   6,   7,   8,  10,  29,  48,  49, 101, 173, 174,
      1,   4,   5,   6,   7,   8,  10,  29,  48,  49,  91, 101, 138, 173, 174,   4,
      7,  10,  29,  48, 138,   1,   3,   5,   7,  10, 108, 113, 138, 173, 174,   6,
     10,  29,  48,  49,  91, 100, 101,   4,   5,   8,  10,  29,  48, 138,   4,   7,
    138,   3,   4,   7,  29, 113, 138,   1,   3,   4,   5,   7,  10,  29,  48, 113,
    138, 173, 174,   4,   7,  10,  29,  48, 138, 119, 120, 121, 123, 140, 141, 120,
      1,   4,   5,  10,  27,  29,  48,  98,  99, 102, 104, 107, 108, 114, 117, 129,
    138, 173, 174, 115, 122, 123, 139, 116, 124, 123, 119, 120, 140, 141,   0,   1,
      3,   4,   6,   7,   8,  10,  11,  29,  48,  49,  68,  69,  71,  72,  73,  74,
     75,  76,  77,  79,  80,  81,  82,  83,  85,  87,  88,  89,  90,  93,  94,  95,
     96,  97, 100, 103, 107, 108, 109, 110, 114, 126, 127, 128, 131, 132, 133, 134,
    136, 137, 173, 174,   1,   5,   6,   8,   9,  29,  50,  89,  91,  92,  93,  98,
     99, 101, 102, 104, 105, 117, 125, 129, 132, 173, 174, 115, 119, 120, 124, 141,
    119, 120, 124, 140,   1,   3,   5,   6,  10,  91,  93, 101, 102, 113, 173,   1,
      3,   5,   6,  10,  27,  91,  93,  98, 101, 102, 104, 113, 117, 129, 132, 173,
    174,   1,   5,   7,  10,  27,  68,  70,  73,  76,  81,  83,  84,  91, 113, 128,
    173, 174,   1,   5,   7,   8,  10,  98, 104, 113, 117, 129, 173, 174,   3,   4,
      6,   7,   8,   9,  10,  11,  29,  47,  48,  49,  50,  68,  69,  70,  71,  72,
     73,  74,  75,  76,  78,  79,  80,  81,  82,  84,  85,  86,  87,  88,  89,  90,
     92,  93,  94,  95,  96,  97, 100, 102, 103, 105, 106, 107, 108, 109, 110, 114,
    126, 127, 128, 132, 133, 134, 136, 174,   6,   8,  29,  50,  89,  91,  93,  98,
     99, 101, 104, 117, 125, 129, 132, 174,   1,   3,   4,   5,   6,   7,  10,  27,
     29,  48,  68,  82, 128, 131, 133, 173, 174,   1,   3,   4,   5,   7,  10,  29,
     48, 113, 138, 173, 174,   4,   7,   8,  10,  27,  29,  48,  73,  83,  84, 128,
      3,   5,  27,  69,  79,  80,  98, 102, 104, 113, 117, 126, 129, 131, 132, 135,
      3,   6,  49,  91,  93,  98,  99, 101, 104, 113, 117, 129, 174,   7,  10, 113,
    138,   6,  71,  74,  76,  80,  81, 133,   1,   4,   5,   7,  10,  29,  48, 138,
    173, 174,   4,   6,   7,   8,  10,  29,  48,  71,  73,  74,  76,  77,  81,  83,
     84, 128, 133, 137,   5,   7,   8,  70,  84,  91,  98,  99, 101, 104, 117, 129,
    138,   3,   6,  10,  47,  49,  91, 100, 101, 113, 115, 118, 119, 120, 124, 141,
    120, 124, 124, 115, 122, 124, 150, 152, 153, 159, 161, 163, 145, 151, 156, 159,
    162, 143, 149, 150, 152, 153, 155, 159, 143, 146, 149, 151, 152, 154, 155, 156,
    158, 159, 162, 143, 149, 154, 156, 159, 162, 143, 145, 149, 151, 152, 158, 159,
    160, 161, 162, 143, 146, 148, 149, 152, 154, 155, 156, 159, 162, 164, 149, 152,
    155, 156, 158, 159, 143, 144, 149, 151, 152, 156, 158, 159, 163, 164, 152, 154,
    155, 156, 159, 149, 150, 152, 149, 151, 153, 156, 158, 159, 162, 149, 156, 151,
    152, 153, 156, 158, 159, 163, 142, 143, 145, 150, 154, 156, 159, 143, 149, 151,
    152, 155, 156, 158, 159, 162, 164, 143, 149, 152, 154, 156, 159, 162, 145, 147,
    150, 152, 153, 155, 156, 157, 159, 163, 169, 171, 172, 166, 171, 166, 171, 172,
    166, 166, 167, 168, 169, 171, 166, 167, 168, 169, 170,  12,  14,  15,  16,  17,
     18,  19,  20,  21,  22,  23,  24,  25,  26,  30,  32,  33,  39,  42,  43,  45,
     51,  53,  57,  68,  70,  71,  72,  74,  75,  76,  78,  79,  80,  81,  82,  85,
     89,  90,  93,  94,  95,  97, 100, 107, 108, 109, 110, 114, 127, 128, 133, 134,
    136,  12,  14,  15,  16,  18,  19,  20,  21,  22,  23,  24,  25,  26,  30,  31,
     32,  33,  34,  35,  36,  38,  39,  41,  42,  43,  45,  46,  51,  52,  53,  54,
     55,  56,  57,  58,  59,  60,  68,  69,  70,  71,  72,  74,  75,  79,  80,  81,
     84,  85,  87,  88,  89,  90,  92,  93,  94,  95,  96,  97, 100, 103, 105, 106,
    107, 109, 110, 126, 127, 128, 132, 133, 134, 135, 136, 138,  12,  14,  15,  16,
     18,  19,  20,  21,  22,  23,  24,  25,  26,  30,  31,  34,  35,  36,  37,  38,
     39,  41,  42,  43,  44,  45,  46,  51,  53,  54,  55,  56,  58,  59,  60, 165,
    176, 177, 178,
};

static const int8_t ubuntu_10_boldKernSparseValues[] = {
     -17,  -29,    6,    6,  -36,    6,  -32,  -21,  -19,  -19,   -5,    4,   -5,  -14,  -10,  -15,
      -5,  -10,  -11,  -16,   -6,    4,   -8,   -5,    4,  -10,  -33,   -5,   -4,   10,   -7,   -7,
       7,   -7,  -27,  -23,  -13,    3,  -33,   -7,   -7,   -7,  -12,  -10,    3,  -12,   -7,  -10,
      27,   -7,   -3,  -10,   -7,   -7,   -7,    8,   10,    9,    9,   11,    3,   -8,  -10,  -10,
      -4,    4,   28,   -7,   -6,   -8,   -3,   -3,   10,   -5,   -8,    4,    4,    4,  -10,    4,
       4,    4,    8,   -7,   -4,    6,    7,    7,   -7,  -10,    9,   -8,   -4,   -5,   -5,    7,
      -8,   -3,  -10,   -8,   10,  -12,   -7,   -5,   -5,    6,   -6,   -6,    4,    4,   28,    6,
     -11,  -10,    8,   -5,    4,   -6,   -4,   -6,    4,   -8,   -6,    7,   -4,   -7,   -4,   -6,
     -11,   -4,   -7,  -13,   -4,   -5,   -7,   -7,   -6,   -5,   -4,   -7,   -7,   -5,   -5,   -7,
      -7,   -7,   -5,   -6,  -11,   -6,   -6,   -6,  -27,  -35,   -3,   -7,   -3,   -6,  -10,  -10,
      -3,   -3,    5,    5,    4,    5,  -46,   -6,  -16,   -4,  -35,  -25,   -4,  -27,  -24,   -6,
      -5,   -3,   -7,   -5,   -6,  -15,   -5,  -15,   -5,  -10,   -5,   -6,    4,   -4,   -3,   -3,
      -3,   -5,  -24,   -4,   -4,   -4,   10,  -13,  -13,   13,  -13,    4,  -27,  -10,  -27,  -14,
       8,  -32,    7,  -10,  -10,  -10,  -19,  -18,    7,  -19,    6,    8,  -10,   -7,  -27,   -5,
       4,   13,    8,   10,    9,    4,    5,  -13,  -13,    8,  -25,    9,    5,    9,  -10,  -12,
     -10,    7,  -15,   -6,    5,   -5,   -6,  -21,  -11,  -28,  -16,   10,   -3,    4,  -14,    7,
       7,   -5,    7,  -18,  -10,  -11,  -22,   -3,    5,    4,    4,    7,    3,   -7,  -15,    5,
       4,    6,  -18,    7,   -3,   -5,   -8,  -10,    7,    6,  -11,   -5,    5,    8,    4,    4,
       8,   -8,    4,    4,    8,    8,   -7,    7,    4,    4,    4,   10,    4,    4,    4,    5,
       7,    8,  -15,    4,    9,    7,    8,   -5,  -12,  -22,   -8,   -8,  -24,   -8,   14,   16,
      14,   11,   17,    6,  -13,    6,  -19,  -19,    6,    5,    5,  -11,  -10,   -6,   -3,  -40,
     -13,    5,    5,    5,  -16,    5,    5,    5,   14,   -6,  -24,  -18,    7,  -22,  -17,    9,
      -8,   -6,   11,    4,   -6,  -13,   -4,   -5,   -5,  -15,  -11,  -15,   -9,  -19,   -5,  -11,
     -12,   -5,   -4,   -9,    8,   -9,  -10,    5,    5,    5,    8,   -6,  -11,   10,  -18,   -7,
      -6,   -3,    6,    8,  -21,   -4,    5,  -13,    4,    5,    5,    4,    5,    3,    5,  -21,
       8,    6,    5,    5,    4,    5,    5,   -7,    5,    5,    7,   -7,   -6,  -12,  -10,   -4,
      -8,  -14,   -4,   -3,  -18,   -5,  -12,   -4,   -6,   -8,   -7,  -11,   -6,   -8,   -9,   -6,
      -3,   -5,  -12,   -6,   -6,  -17,   -6,  -27,   10,    8,    6,  -11,   12,   -8,   -8,   11,
      -8,    6,  -27,   -7,  -22,  -13,   12,  -33,    8,  -27,   -9,   -4,   -4,   -4,    3,  -12,
      -9,    8,  -12,    5,   -3,   -5,    4,    7,   -4,   -5,   -6,  -15,  -25,  -22,   14,   -4,
      -4,    4,  -10,    4,   -7,   -3,   -6,  -10,   -3,   -7,  -11,   -7,   -8,   -3,   -3,   -3,
      -3,   -3,    3,    4,   -9,   -5,    4,    3,   -4,    5,   -3,    8,   -4,    4,    6,    5,
       9,   -8,   -8,   10,   -8,    6,    7,    7,    6,    9,    8,    6,    7,    9,    3,   -4,
      -4,    2,   -4,    8,    5,   -8,    5,    9,    3,   -3,    7,   12,   13,   -7,  -13,    7,
     -17,   -6,   -8,   -8,   -8,   -8,   -3,  -13,  -15,   -3,   -7,   -5,    3,  -20,   -5,   -7,
       3,   -4,    8,   -6,    4,    7,    3,    4,   -4,   -4,   -4,    7,    4,    6,   -4,   -3,
       3,    4,    6,   13,   -7,   -5,    7,  -21,    5,  -26,    7,   -3,  -16,   -3,   -3,  -25,
      -3,   -3,    7,    9,    7,    4,    9,   10,    9,   -8,   -3,   -3,   -7,   -4,   -7,   -3,
      -7,   -4,  -39,   -8,   -3,   13,   12,  -21,   -9,    7,    6,    3,   -3,   -7,   -7,   -7,
      -4,   -4,   -3,    8,   -3,  -10,   -6,   -4,    3,    3,  -13,    5,    5,   -7,   -6,    8,
     -13,   10,  -17,    8,    3,   -5,    8,  -18,  -18,    7,  -18,    8,    6,    4,   12,    6,
       8,    7,    9,   -3,  -13,  -13,    3,   -3,  -11,  -15,  -15,   11,  -15,    7,   -4,  -17,
       9,   -3,   14,  -11,   12,   10,    3,   -6,   -6,   10,    3,  -32,    3,  -34,   13,   -7,
       6,    8,  -12,   10,   -7,   -7,   10,    3,   -7,    6,  -26,   -3,  -28,  -17,   10,  -33,
       6,  -27,  -11,    4,    3,  -16,  -10,   10,  -16,    5,   -5,   -4,   -6,    7,   10,    4,
     -17,  -21,  -18,   16,   -3,   -3,   -5,   -3,   -3,   -5,   -7,   -7,   -5,   -7,  -13,    7,
     -17,   -6,   -8,   -8,   -8,   -8,   -3,  -13,  -15,   -3,   -7,   -4,    3,  -20,   -4,   -7,
       3,   -4,   -7,   -3,  -35,  -26,    4,  -23,  -30,    4,   -7,   -3,   -5,   -4,   -7,   -5,
      -5,    7,    7,    4,    7,   -3,   -3,    4,  -42,   -7,   -8,   10,   10,  -31,   -7,  -13,
       7,  -17,   -6,   -8,   -8,   -8,   -8,   -3,  -13,  -15,   -3,   -7,    5,    3,  -20,   -4,
       3,   -4,   -3,    8,   -7,    6,    4,   -5,   -3,   10,   -6,   -6,    9,   -6,   -3,   -3,
      -5,    7,  -11,    6,   -3,   -8,   -8,   -8,   -8,   -3,   -3,    6,    3,   -7,    7,   -8,
      -9,    4,    4,   11,   -3,  -12,    3,    9,   -5,   -3,   -7,   -3,   -3,   -3,    4,   -5,
      -4,   -4,   -5,    5,   -7,    4,   -7,    6,   -7,   -6,    8,  -27,  -18,  -33,  -20,    9,
     -12,  -27,   -8,   -8,  -28,   -3,   -8,    9,   10,    9,    9,   11,    3,   13,   10,  -25,
     -25,  -25,  -23,  -24,  -23,  -25,  -25,  -25,  -25,  -24,   -6,  -25,  -22,  -38,  -25,   -3,
       9,   15,  -31,   15,   11,   10,  -18,  -20,    9,    7,  -18,  -10,  -18,    3,   -7,   -6,
       3,  -18,    2,    8,    6,  -10,  -10,   11,  -27,  -10,  -31,   -4,    9,  -10,  -22,   -8,
      -8,  -29,   -3,   -8,   11,   12,   11,   11,   13,    5,   13,   12,  -14,  -18,  -18,   -8,
     -13,   -7,   -4,   -6,  -13,  -49,  -14,    7,   17,  -20,   15,   12,   11,   -6,   -7,    9,
      12,  -21,    6,   -7,   -4,    9,  -15,  -21,    8,   -4,  -13,   -3,   -3,  -16,   -3,    9,
      11,    9,    9,   12,    4,   13,   11,   -9,  -11,  -11,   -5,   -5,   -5,    4,    4,    3,
       4,   -3,   -5,  -18,   -9,   15,  -12,   14,    9,   13,   -8,   -7,   -6,    9,   -9,    8,
     -11,    8,    6,    7,   -5,   12,  -13,  -13,    8,  -13,    6,    9,   10,    9,   12,   11,
       8,   10,   10,  -10,  -10,  -10,    3,   -8,   -8,   -8,    8,   -8,    5,   -4,  -12,   12,
     -10,   13,   -7,   13,    7,    3,   -4,   -5,    3,    5,   11,    4,  -17,  -13,   11,   -3,
     -32,  -22,  -33,  -13,   10,  -20,  -33,  -15,  -15,  -28,   -5,  -15,   -3,   11,   13,   11,
      11,   14,    6,   13,   13,  -24,  -29,  -29,  -12,  -23,  -11,   -3,   -7,   -3,  -12,   -5,
     -26,   -9,  -48,  -42,   18,  -30,   15,   13,    6,  -10,  -11,    8,   10,  -22,   -3,    5,
       9,   -7,    5,    5,   -3,    9,   -4,   -4,    9,   -4,    4,    5,    7,    5,    9,    8,
       4,    7,    7,    4,   -3,   -3,    8,    4,  -10,    5,    9,    4,    3,   12,   11,    3,
       7,   10,   14,   -9,   -7,   -7,   -9,   -7,   10,   12,   10,   10,   13,    5,   30,  -12,
     -12,  -12,    3,   31,  -11,  -11,  -12,  -10,  -10,  -10,   10,  -10,   -9,  -12,    3,    3,
       3,  -13,    3,    3,    3,   10,  -10,   -5,   -9,   -9,    6,   -9,    6,    8,   -7,  -13,
      10,  -11,  -12,   -7,   -9,   -7,    6,  -11,   -7,   -8,   -7,   -9,  -12,  -11,   -8,   10,
     -13,  -10,  -12,   -4,   -8,   -8,   -7,   -9,    7,   -9,  -11,    3,    3,   31,    7,   -6,
      -5,  -12,  -12,    9,   -7,   -7,   -9,   -9,    4,    7,  -10,  -13,  -13,    3,  -10,  -13,
     -30,  -13,  -37,  -23,    7,  -37,    3,   -8,   -8,   -8,   47,   -3,   -7,  -10,   -7,   20,
       7,   -8,   -7,   11,   -3,   -3,   -3,   -5,   -4,   -4,   -5,   11,   -6,   -5,   -3,   -4,
      -5,   -7,  -10,  -11,  -13,  -11,   -4,   -3,   -4,   -6,   -7,   -7,    4,   -6,   -8,  -10,
     -10,    4,   -9,   -9,  -17,  -12,   -5,   -4,   -6,   -5,   -3,   -6,    4,   -9,   -8,    6,
      -3,    3,   -4,   -3,  -12,   -8,   -8,   -8,    3,    3,    4,    3,   -5,   -8,  -10,    4,
       8,    8,   -7,   -8,    7,  -12,  -20,  -11,   -5,   -3,   -5,    4,    5,    3,   18,    8,
     -20,  -21,    6,    9,   27,   17,   -3,   -3,   -3,    4,    4,    9,    9,    7,    9,   10,
      -3,    6,   -3,   11,    4,   21,   -7,   19,   17,   19,   13,   18,  -19,   -4,   -8,   -8,
     -10,  -11,    9,   -5,   -3,   -5,   -8,   -5,    3,   -7,   -7,   -8,  -12,  -20,  -11,   -5,
      -3,   -5,   -6,   -8,   -5,    4,    4,   -8,  -12,  -20,  -11,   -5,   -3,   -5,   -8,   -5,
       3,    4,   -8,  -12,  -20,    3,   10,   -5,   -3,   -5,   -8,   -5,    3,   -7,   -4,    4,
       4,  -15,    7,    3,   -7,   -9,   -3,  -12,  -12,   -3,   -3,    7,    7,    7,    7,    5,
      -5,  -12,   -3,  -11,    4,    8,    7,   -7,   -8,    8,    7,   -5,  -20,  -11,    5,   -4,
      -4,    7,   -4,    5,   -5,    7,    5,   -8,   -9,   10,   -6,   -7,   -8,  -12,  -20,  -11,
      -5,   -3,   -5,   -6,   -8,   -5,    4,   -6,   -8,  -10,  -10,    4,   -9,   -9,  -17,  -12,
      -5,   -4,   -6,   -5,   -3,   -8,    4,   -9,   -8,   -7,   -8,    7,   -8,  -10,  -11,   14,
      -5,   -3,   -5,   -8,   -5,    3,   -7,    6,  -20,  -19,    6,    3,    3,   -3,   -3,   -3,
      -3,   10,   10,    7,   10,    3,   -5,    7,   -3,   -5,    9,   16,  -19,   -4,   -3,   -4,
     -12,  -10,  -11,   -3,   -6,    5,    6,   -3,    3,   -5,   -7,  -11,   -7,   -7,   -7,    3,
       3,    6,    3,   -6,   -7,   -3,    5,    8,   -7,   -8,   -8,  -20,  -10,   -5,   -3,   -5,
      -8,   -5,    3,   -3,    5,  -19,  -13,    5,  -10,   -3,   -5,   -5,    7,    7,    8,    7,
       4,    6,   -3,   -6,    7,   13,  -14,   -3,    6,  -18,    3,  -11,    5,   -9,   -3,   -4,
      -4,    7,    7,    7,    7,    5,    6,   -3,   -5,    8,   13,   -9,   -7,   -4,    4,    6,
      -7,    7,    5,   -3,  -10,   -8,   -8,   -8,    8,    7,   11,    8,    6,   -4,   -9,   -8,
      -8,    5,    9,    7,   -3,    5,  -19,  -13,    5,  -10,   -3,   -5,   -5,    7,    7,    8,
       7,    4,    6,   -3,   -6,    7,   11,  -14,    8,    3,    3,   -4,   -9,   -5,   -5,   -5,
       6,    6,    7,    6,   -4,   -5,    3,   -5,    5,    9,    9,   -4,   -5,   -5,   30,    6,
      -8,   -5,   -5,    6,    6,    8,   -8,   -9,    6,   -7,   -6,   -5,   -5,   -5,    6,   -7,
      -5,   -6,   -7,   -7,   -5,    9,   -9,   -8,   -4,   -5,   -6,   -5,   -6,    7,   -6,   -5,
      21,    7,  -10,   -9,    9,   -6,   -6,    4,   -4,   -6,   -6,   -4,   -5,   -4,   -6,   -5,
      -4,   -6,   -7,   -3,   -5,   -4,   -6,   -4,   -7,   -5,   -4,   -4,   -4,   -5,    4,   -7,
      -5,  -21,  -11,   -3,  -16,    4,    6,  -22,   -3,   -9,    4,    6,    6,    6,    3,  -22,
       6,    4,    5,    5,    5,   -6,    4,    5,    4,   -5,    3,    3,  -10,    3,   -7,  -25,
     -14,   -6,  -13,  -27,   -8,    3,    3,    3,   -9,   -6,  -15,    3,    3,  -25,   -7,  -10,
      -6,  -11,   -5,   -5,  -15,   -8,    3,  -13,  -10,   -8,   -6,   -9,   -5,    3,   -9,   -4,
     -21,   -8,  -10,   -8,  -14,  -10,  -13,  -13,  -18,   -7,  -13,  -11,  -35,  -11,  -21,  -14,
     -21,  -26,  -17,  -13,  -11,  -13,  -13,  -11,  -11,  -11,   23,  -11,  -12,  -11,  -13,   -8,
      -8,  -10,    5,  -11,  -24,  -11,  -13,  -11,  -11,  -11,  -14,  -11,  -11,  -11,  -10,   -8,
     -19,    5,  -20,    4,   -9,   -9,  -14,   -7,   -7,   -3,  -12,  -13,   -8,   -7,  -12,   -3,
      -7,    5,  -18,   -3,   -7,   -7,  -12,   -8,  -25,    2,  -15,   -4,  -17,   -7,  -12,  -10,
      -3,  -12,   -7,   -9,  -21,  -19,    5,  -10,    4,   -9,    6,    7,    7,    3,    4,    4,
       7,   -8,   -7,   -5,   -7,   -8,  -10,   -3,   -4,   -3,   -6,   -7,   -5,    8,   20,   -8,
      -7,   12,   30,   23,   -6,    6,  -13,  -13,    9,    6,    6,   -6,  -10,    3,   -5,   11,
      11,   10,   13,    8,   23,   -4,   22,   30,   45,   40,   35,   37,    7,    8,    6,   -9,
      -5,   -6,   -7,   -6,   -6,   -6,  -12,   -7,   -6,   -6,   -7,   -8,   11,  -11,  -15,   -8,
      -4,   -5,  -19,   -5,   -6,   -7,   -4,    8,    4,   -6,   -6,    7,   -4,    7,   -4,    9,
      -8,   -5,   -4,   -9,    7,   -6,   -5,   -3,   -5,   -5,   -3,   -5,   -5,   -4,   -7,   -6,
      -5,   -5,   -5,   -5,   -5,   -5,   -4,  -12,   -6,    8,  -27,  -18,  -33,  -20,    9,  -12,
      -4,   10,   -9,  -25,  -22,    9,   -6,  -28,  -26,  -27,  -24,   -3,   -8,   -8,    9,   -5,
     -25,   -3,  -17,  -17,  -21,  -20,   -3,  -21,  -22,  -25,  -17,  -21,  -24,  -25,  -17,  -17,
     -22,  -17,  -17,  -19,  -24,   13,   -6,  -21,    4,  -28,  -36,  -25,   -5,  -20,  -16,    9,
       7,   -4,    5,   -3,    8,   -4,    4,    6,    5,    9,   -5,    5,   -8,    5,    7,   -6,
       6,   10,    4,    9,    5,    5,    4,   -8,   -9,    9,    3,    5,    4,    5,   -4,    8,
       3,    2,    3,   -6,    4,   -7,    9,   -3,   -5,    7,   12,   -4,   -4,   -3,  -12,    3,
       9,   -5,   -3,   -5,    5,   -7,   -4,   -4,   -7,    4,   -9,   -7,   -4,   -8,   -6,   -8,
      -6,  -14,   -7,  -10,    3,   -4,   -6,    5,    5,  -20,  -11,   -8,    7,   -6,  -11,   -5,
     -13,   -9,  -21,   -5,   -4,   -6,   -5,   -4,   -4,   -9,   -6,   -4,   -4,   -5,   -4,   -5,
     -24,   -4,  -10,  -20,  -17,  -14,   -9,    7,    7,   -6,  -10,   -7,  -15,   -4,   -5,   -5,
     -12,   -4,   -4,    8,  -10,  -11,  -11,   -6,    8,  -13,   10,  -17,    8,    3,   -5,    9,
      -5,    6,  -17,    8,  -12,    7,    4,    4,    8,    6,    8,  -18,  -18,   12,   -3,   -7,
       6,   -7,    8,    6,  -13,   -7,  -13,  -12,   -9,   11,  -17,   -8,    5,    5,    4,   -6,
       3,    4,   -6,  -13,   -7,    6,  -13,   -8,  -18,   13,   -6,   -5,  -19,    4,  -10,   11,
     -27,  -10,  -31,   -4,    9,  -10,   12,   -6,    8,  -13,   11,   -7,  -29,  -22,    6,  -22,
     -20,    8,   -3,   -8,   -7,   11,   -7,  -14,   -5,   -6,   -6,  -19,  -12,  -19,  -10,  -18,
      -6,  -13,  -13,   -6,   -5,  -10,    7,  -11,  -13,   18,    7,   -7,  -12,    9,  -26,   -8,
      -7,    9,   12,  -19,   -6,  -27,   10,    8,    6,  -11,   -9,   -3,   -5,    4,  -27,   -6,
       6,   11,    4,   12,    6,    8,    4,   -8,   -9,   12,  -14,    6,    8,    6,   -4,   -9,
      -7,    8,   -8,   -7,    5,    5,    3,   -6,   -7,  -23,   -8,  -12,   -6,   13,   -6,  -14,
     -25,  -22,   -4,   -4,    4,  -10,    4,   -7,   -8,   -6,    3,    4,   -6,   -3,   -3,   -4,
      -7,   -4,   -6,   -3,   -7,   -6,    7,  -12,    9,   12,   -4,    6,   -5,    6,   -5,   -9,
       6,    5,    6,    5,    6,    4,  -10,    6,  -10,    5,    6,    6,    7,    6,   -7,   20,
      -7,   -7,   11,   -4,   -4,   -6,    8,  -13,   10,  -17,    8,    3,    4,   -5,    9,   -4,
       7,  -17,    8,  -11,    7,    4,    6,    8,    6,    8,  -18,  -15,   12,   -3,   -6,    6,
      -6,    8,    6,  -13,   -6,   -9,   -7,   -8,   11,  -12,   -8,    6,   -5,    3,    6,   -6,
     -11,   -6,    8,   -9,   -4,  -14,   13,   -3,   -5,  -15,   -4,   -4,    4,  -10,    4,   -7,
      -8,   -6,    3,    4,   -6,   -4,   -3,   -3,   -7,   -5,   -3,   -6,   -4,   -5,   -3,   -5,
      -3,   -4,   -4,   -3,   -4,   -4,   -4,   -7,   -5,   -7,  -13,    7,  -17,   -6,   -3,   -7,
      -8,    3,   -8,   -8,   -8,   -8,  -12,   -7,  -13,   -9,   -5,  -10,   -7,   -8,    3,   -3,
     -35,  -26,    4,   -5,   -4,   -3,   -3,    4,    4,  -30,  -20,  -23,  -19,   -5,   -4,   -7,
      -3,   -7,  -14,  -14,   -4,   -5,    4,    4,    4,    4,    4,  -20,   10,   10,    6,   -6,
       8,  -27,  -18,  -33,  -20,    9,  -12,   10,   -6,    6,  -25,  -22,    9,  -28,  -22,    5,
     -27,  -21,    6,   -3,   -8,   -4,    9,  -25,  -15,  -16,  -16,   -7,  -25,  -16,  -19,  -25,
     -12,    5,  -14,  -24,   16,    5,  -16,    7,    6,  -17,   -4,   -5,    9,    7,   -4,  -11,
     -13,    6,  -13,   -8,   -5,  -12,   -9,   -3,  -12,  -11,  -11,   -9,  -10,  -14,   -9,  -13,
     -11,   -4,   -8,   -9,   -3,   -3,   -3,  -11,  -12,  -11,   -6,    9,   -9,    8,  -11,    8,
       6,    7,   -5,   10,   -5,    6,  -12,    9,   -9,    6,    8,    4,    5,   12,    6,    8,
       3,  -13,  -13,   12,   -6,    6,   -6,    8,    6,  -10,   -6,   -7,   -6,   -7,    8,  -11,
      -7,    5,   -5,    3,    5,   -4,  -10,   -6,    7,   -6,  -12,   13,   -4,   -4,  -13,    3,
       5,   -7,  -13,    7,  -17,   -6,   -3,   -7,   -8,    3,   -8,   -8,   -8,   -8,  -11,   -7,
     -13,   -8,   -5,  -10,   -7,   -8,    3,   -8,   -7,  -10,    5,  -11,  -11,   -6,   -5,   -7,
      -7,   -6,    8,   -6,   -4,   -5,   -4,   -5,   -7,   -6,   -5,   -6,   -9,   -6,   -4,   -5,
      -4,  -19,  -13,    5,   -7,    5,  -10,    6,  -11,    6,    8,    7,    6,    8,    8,    8,
       8,    6,    7,   -7,    7,   -7,    9,   11,   -4,    6,    6,   -3,    5,    6,    6,   -4,
       7,    6,   -4,   -3,    3,   20,   -6,   -4,   -8,   -7,  -10,   -7,    4,   -4,   -8,  -11,
      -6,    4,   -5,   -3,   -3,   -6,   -4,    4,    4,  -15,    7,    3,   -7,   -9,   -4,  -12,
      -3,    6,   -5,    8,    4,    6,  -12,   -5,    5,    6,   -6,    7,    5,    5,    5,    6,
       3,   -5,    6,    4,    8,   -4,   -4,    3,    5,   -4,   -8,   -4,    4,   -4,    4,    4,
     -15,    7,    3,   -7,   -9,   -4,  -12,   -3,    6,   -6,    8,    4,    6,  -12,   -6,    6,
       8,   -7,    7,    6,    5,    5,   -4,    8,    4,   -6,    7,    4,    8,   -5,    4,   -5,
      -7,   -4,   -5,   -4,   -4,   -5,   -5,   -9,   -6,   -7,   -5,    4,   -5,   -8,   -5,   -5,
     -10,   -8,  -10,  -10,    4,   -9,   -9,  -12,   -7,    4,   -5,   -6,   -5,   -9,   -8,  -10,
     -10,   -5,    8,   -6,   -6,   -5,  -12,   -9,   -5,   -4,   -4,   -7,   -8,    6,   -3,    3,
      -4,   -3,  -12,   -6,   -5,    5,   -8,    4,    3,    3,    4,    8,  -12,  -14,   -9,   -5,
     -10,    5,   -9,    5,    6,   -3,    6,    5,    6,    6,    6,    6,    4,    6,  -10,  -11,
      -7,   -8,    6,   -7,    6,    8,   -4,    7,    6,    8,    7,    8,    4,    4,    7,  -15,
     -12,   -6,    8,   -7,  -10,   -5,  -13,   -9,   -7,   -3,   -3,   -4,   -5,   -2,   -3,   -4,
      -4,   -6,  -15,  -12,   -4,    4,    6,   -7,    7,    5,   -3,  -10,   -3,   -9,    6,   -4,
       8,    4,    6,   -8,   -4,    5,    7,   -5,   11,    5,    5,    5,    7,    4,   -4,    6,
       5,    9,  -24,   -7,  -18,    4,   -7,   -4,  -11,   -7,    4,  -12,   -7,   -9,   -8,   -7,
     -13,  -21,  -24,   -8,   -8,  -10,  -10,    4,   -9,   -9,  -12,   -6,    4,   -6,   -9,   -8,
     -10,   -8,  -10,  -10,    4,   -9,   -9,  -12,   -7,    4,   -5,   -6,   -4,   -9,   -8,   -5,
       4,   -5,   -9,   -6,   -5,  -12,   -5,   -7,    5,   -7,   -5,    9,   -4,  -12,   -9,    5,
      -3,   -8,   -6,   -4,    5,   -3,    5,   -4,   -3,   -4,  -12,  -11,   -6,   -3,    4,    4,
      -5,   -4,    4,    4,    3,   10,   -5,  -12,   -4,   -5,   -7,    5,   -7,  -11,   -9,   -3,
      -6,  -11,   -9,   -5,    4,   -5,   -4,   -4,   -5,   -7,   -3,   -3,   -3,   -7,   -5,   -7,
     -17,   -9,  -15,   -9,   -5,  -13,   -9,  -11,   -8,   -3,   -7,   -3,   -4,   -4,  -11,   -8,
     -15,  -15,  -12,   -7,  -20,  -13,   -7,   -7,   -7,   -3,   -3,   -3,   -7,   -7,    4,    7,
      -4,    9,  -33,  -17,  -21,   11,   -9,   13,   13,  -20,   11,   -4,  -27,  -17,   10,  -21,
     -16,   10,    7,   -4,   -5,    9,    8,    7,   -6,   -4,   -4,  -17,  -17,  -18,   -8,  -17,
      -5,  -18,  -20,   -4,  -14,   12,  -15,  -11,   12,   -4,  -17,   12,    4,   -4,  -31,   -6,
      -6,    4,   10,   10,    5,    6,  -18,  -14,    6,   -4,    7,   -7,    9,    6,   -8,   10,
      11,   10,    6,   10,    6,   11,   11,   11,    8,    7,   11,   -3,  -40,  -31,  -17,  -10,
      -7,  -17,   -3,   -3,   -6,   -4,   -6,    7,   -6,    4,    4,    4,   -5,   12,   -5,  -31,
      -4,  -24,    7,   -6,   -4,    4,    4,  -14,    4,   -7,  -11,   12,  -10,  -12,   -7,  -27,
     -30,  -11,   -3,   10,   -7,   -4,  -15,   -6,   -5,   -8,   -7,   -5,   -6,   -4,   11,  -18,
     -11,   -8,  -17,  -11,    8,    5,   -8,   -7,   -5,   14,   -5,   -4,  -15,  -15,  -11,    8,
     -21,  -15,  -25,   -7,    6,  -15,    9,   -5,    9,  -21,   -7,    7,  -11,   -4,  -24,  -21,
       7,  -23,  -20,    9,   -4,  -11,  -12,    7,    4,   -9,  -11,   -7,   -9,   -9,  -22,  -19,
      -6,  -23,  -14,  -19,  -10,  -20,  -21,   -6,   -9,   -6,   -8,  -16,    7,  -18,  -14,    7,
     -11,  -19,   10,   -6,  -20,  -11,  -11,    4,  -11,   -9,   -7,    3,   -8,    6,   -8,    6,
       8,    7,    6,    8,    7,    8,    4,    7,  -20,   -5,   -4,   -9,    4,    5,  -10,   -5,
     -14,  -10,  -21,   -6,  -23,   -4,    5,  -20,  -17,  -11,   -4,   -5,   -7,    5,   -7,  -11,
      -9,   -3,   -6,   -9,   -6,   -7,    4,   -6,   -5,   -3,   -9,   -6,   -6,   -5,   -5,   -9,
      -6,  -12,   -6,   -5,   -6,   -8,  -12,   -7,  -10,    5,   -9,   -6,  -12,  -11,   -5,   -5,
      -4,    6,   -3,    4,    4,    3,    5,    4,    3,   12,    5,    4,    4,    4,   -5,    8,
      -5,    8,    4,    4,    4,   -6,    4,    9,   -8,   -6,   -4,    8,   -6,   -9,   -6,   -3,
      -6,   -6,   -7,   -5,    7,  -11,   -5,   -9,   -7,   -6,   -7,   -6,  -10,   -6,   -9,   -8,
      -5,  -10,   -6,   -7,   -5,    6,   -5,   -4,   -6,   -5,   -6,   -5,   -4,   -6,   -3,   -6,
     -12,   -4,    6,   -5,   -4,   -5,    4,   -4,    4,   13,   -7,  -10,  -20,  -17,  -13,   -7,
     -10,   -7,   -3,   -7,   -3,   -3,   -7,   -4,   -1,   -7,   -3,   -7,   -2,   -2,   -8,   -8,
      -3,    3,   -2,   -8,   -2,   -4,   -5,   -3,  -13,   -7,   -2,  -17,  -11,   -3,   -2,   -8,
     -17,  -11,  -11,   -4,   -4,   -3,   -5,   -7,   -7,   -2,   -2,   -7,  -12,   -1,   -7,   -5,
      -2,   -2,   -2,  -20,   -7,   -5,   -5,   -5,  -10,   -5,   -5,   -7,   -7,   -7,   -2,   -2,
      -4,   -4,   -7,   -7,  -13,   -2,   -2,  -10,   -7,   -2,  -15,   -4,    3,   -1,   -7,   -2,
      -7,   -8,   -9,   -4,   -6,   -3,   -2,  -10,   -2,   -2,   -4,   -2,   -7,   -5,   -3,   -5,
      -7,   -5,   -5,  -12,   -2,   -5,   -2,   -3,   -2,   -7,   -3,   -8,   -7,  -13,   -7,  -10,
      -2,   -5,   -7,  -10,   -7,   -7,   -8,   -9,   -2,   -9,   -5,   -7,   -5,   -5,  -16,  -17,
      -6,   -2,   -2,  -12,  -13,  -13,   -3,   -7,   -7,  -20,   -7,   -7,   -3,   -7,   20,   17,
      -3,  -10,  -10,   -7,   -3,   20,  -20,  -17,  -17,   -7,  -10,  -27,  -10,  -10,  -32,   -7,
     -10,    5,    6,    6,    9,   11,    5,    9,    7,   -9,  -11,  -14,   -7,    4,    4,    4,
     -65,   -9,  -23,    6,    5,  -32,  -20,  -27,  -18,    4,   -7,  -10,   -4,    5,    5,   -9,
     -14,  -11,  -15,   -5,  -14,  -10,  -18,   -7,    5,   -8,   -7,    5,   -9,    5,  -34,   -5,
      -3,  -33,  -12,  -12,  -35,  -12,   -7,    6,    4,    9,   10,    5,    7,    6,  -21,   -3,
     -24,  -24,   -6,   -3,   -3,  -14,  -26,  -11,   -3,   -3,   -3,  -11,  -43,   -7,  -21,   -3,
      -3,   -3,  -24,   -3,   -3,   -3,    6,   -6,   -7,  -35,  -22,  -33,  -21,  -12,   -8,    5,
      -4,  -21,   -7,   -7,  -19,  -16,   -5,  -21,  -10,  -24,   -8,  -16,  -23,   -7,   -5,   -6,
     -13,  -15,  -26,   -6,  -16,    4,   -4,  -36,  -10,   -4,   -9,   -6,    7,  -11,  -11,    7,
     -11,    3,  -25,   -7,  -42,  -25,    8,  -36,    7,    3,    3,    3,    3,    3,   10,    3,
       4,    3,  -14,  -10,    7,  -14,    8,    8,    3,    3,    3,    3,    3,    3,    3,  -13,
      -8,  -10,   17,
};

static const EpdLigaturePair ubuntu_10_boldLigaturePairs[] = {
    { 0x00660066, 0xFB00 }, // f f -> U+FB00
    { 0x00660069, 0xFB01 }, // f i -> U+FB01
    { 0x0066006C, 0xFB02 }, // f l -> U+FB02
    { 0xFB000069, 0xFB03 }, // U+FB00 i -> U+FB03
    { 0xFB00006C, 0xFB04 }, // U+FB00 l -> U+FB04
};

static const EpdFontData ubuntu_10_bold = {
    ubuntu_10_boldBitmaps,
    ubuntu_10_boldGlyphs,
    ubuntu_10_boldIntervals,
    51,
    24,
    20,
    -4,
    false,
    nullptr,
    0,
    nullptr,
    nullptr,  // kernLeftClasses: built-in fonts use the split arrays below
    nullptr,  // kernRightClasses
    ubuntu_10_boldKernLeftCodepoints,
    ubuntu_10_boldKernLeftClassIds,
    ubuntu_10_boldKernRightCodepoints,
    ubuntu_10_boldKernRightClassIds,
    nullptr,  // kernMatrix: built-in fonts use the sparse form below
    ubuntu_10_boldKernRowOffsets,
    ubuntu_10_boldKernSparseCols,
    ubuntu_10_boldKernSparseValues,
    662,
    673,
    194,
    179,
    ubuntu_10_boldLigaturePairs,
    5,
};
