/**
 * generated by fontconvert.py
 * name: ubuntu_12_regular
 * size: 12
 * mode: 1-bit
 * Command used: fontconvert.py ubuntu_12_regular 12 ../builtinFonts/source/Ubuntu/Ubuntu-Regular.ttf ../builtinFonts/source/NotoSans/NotoSans-Regular.ttf ../builtinFonts/source/NotoSansHebrew/NotoSansHebrew-Regular.ttf ../builtinFonts/source/NotoSansArabic/NotoSansArabic-Regular.ttf ../builtinFonts/source/Ubuntu/Ubuntu-Vietnamese-Regular.ttf --additional-intervals 0x05D0,0x05EA --additional-intervals 0x060C,0x060C --additional-intervals 0x061B,0x061B --additional-intervals 0x061F,0x061F --additional-intervals 0x0621,0x0621 --additional-intervals 0x0640,0x0640 --additional-intervals 0x0654,0x0654 --additional-intervals 0x0660,0x0669 --additional-intervals 0x06BA,0x06BA --additional-intervals 0x06D4,0x06D4 --additional-intervals 0x06D5,0x06D5 --additional-intervals 0x06F0,0x06F9 --additional-intervals 0xFB56,0xFB59 --additional-intervals 0xFB66,0xFB69 --additional-intervals 0xFB7A,0xFB7D --additional-intervals 0xFB88,0xFB95 --additional-intervals 0xFB9E,0xFB9F --additional-intervals 0xFBA6,0xFBB1 --additional-intervals 0xFBFC,0xFBFF --additional-intervals 0xFE80,0xFEFC
 */
#pragma once
#include "EpdFontData.h"

static const uint8_t ubuntu_12_regularBitmaps[37879] = {
    0x73, 0x9C, 0xE7, 0x39, 0xCE, 0x73, 0x9C, 0xE0, 0x01, 0xDE, 0x70, 0xF7, 0xF7, 0xF7, 0x67, 0x67,
    0x67, 0x0E, 0x18, 0x1C, 0x70, 0x38, 0xE0, 0x71, 0xC0, 0xC3, 0x9F, 0xFF, 0xFF, 0xFF, 0x8E, 0x38,
    0x1C, 0x70, 0x30, 0xE3, 0xFF, 0xFF, 0xFF, 0xF3, 0x8E, 0x07, 0x1C, 0x0E, 0x38, 0x38, 0x60, 0x71,
    0xC0, 0x06, 0x00, 0x60, 0x06, 0x01, 0xFE, 0x7F, 0xE7, 0x8E, 0x70, 0x07, 0x00, 0x70, 0x07, 0x80,
    0x3E, 0x01, 0xF8, 0x03, 0xC0, 0x1E, 0x00, 0xF0, 0x07, 0x00, 0xF7, 0x1F, 0xFF, 0xE7, 0xFC, 0x06,
    0x00, 0x60, 0x06, 0x00, 0x3E, 0x07, 0x07, 0xF0, 0xE0, 0xF7, 0x0E, 0x0E, 0x31, 0xC0, 0xE3, 0xBC,
    0x0E, 0x3B, 0x80, 0xE3, 0x70, 0x0F, 0x77, 0x7C, 0x7F, 0xEF, 0xE3, 0xEF, 0xEE, 0x01, 0xDC, 0x60,
    0x3D, 0xC7, 0x03, 0x9C, 0x70, 0x71, 0xC6, 0x07, 0x1E, 0xE0, 0xE0, 0xFE, 0x0E, 0x07, 0xC0, 0x0F,
    0x80, 0x3F, 0xC0, 0x3D, 0xE0, 0x38, 0xE0, 0x38, 0xE0, 0x38, 0xE0, 0x3B, 0xC0, 0x1F, 0x80, 0x3F,
    0x00, 0x7F, 0x0C, 0xF3, 0x9C, 0xE1, 0xDC, 0xE0, 0xF8, 0xE0, 0x78, 0xF9, 0xF8, 0x7F, 0xFE, 0x3F,
    0x8E, 0xFF, 0xF6, 0x66, 0x06, 0x1C, 0x70, 0xE3, 0x87, 0x1E, 0x38, 0x70, 0xE1, 0xC3, 0x87, 0x0E,
    0x1C, 0x38, 0x70, 0xE1, 0xE1, 0xC3, 0x83, 0x87, 0x07, 0x06, 0xE1, 0xC1, 0xC3, 0x83, 0x87, 0x07,
    0x0E, 0x1C, 0x38, 0x70, 0xE1, 0xE3, 0x87, 0x0E, 0x1C, 0x38, 0x71, 0xC3, 0x8E, 0x1C, 0x70, 0xE0,
    0x06, 0x00, 0x60, 0x66, 0x67, 0xFE, 0x7F, 0xE0, 0xF0, 0x1F, 0x81, 0xF8, 0x39, 0xC1, 0x98, 0x06,
    0x00, 0x60, 0x06, 0x00, 0x60, 0x06, 0x0F, 0xFF, 0xFF, 0xF0, 0x60, 0x06, 0x00, 0x60, 0x06, 0x00,
    0x60, 0x39, 0xDE, 0xE7, 0x39, 0x80, 0xFF, 0xFC, 0xFF, 0xF0, 0x00, 0xE0, 0x0E, 0x00, 0xE0, 0x1C,
    0x01, 0xC0, 0x1C, 0x03, 0x80, 0x38, 0x03, 0x80, 0x70, 0x07, 0x00, 0x70, 0x0E, 0x00, 0xE0, 0x0E,
    0x01, 0xC0, 0x1C, 0x01, 0xC0, 0x38, 0x03, 0x80, 0x38, 0x07, 0x00, 0x70, 0x07, 0x00, 0xE0, 0x00,
    0x1F, 0x83, 0xFC, 0x79, 0xE7, 0x0E, 0xF0, 0x7E, 0x07, 0xE0, 0x7E, 0x07, 0xE0, 0x7E, 0x07, 0xE0,
    0x7E, 0x07, 0xF0, 0x77, 0x0E, 0x79, 0xE3, 0xFC, 0x1F, 0x80, 0x0F, 0x1F, 0x7F, 0xFF, 0xE7, 0x07,
    0x07, 0x07, 0x07, 0x07, 0x07, 0x07, 0x07, 0x07, 0x07, 0x07, 0x07, 0x3F, 0x87, 0xFC, 0xF3, 0xE4,
    0x0E, 0x00, 0xE0, 0x0E, 0x01, 0xE0, 0x3C, 0x07, 0x80, 0xF0, 0x1E, 0x01, 0xC0, 0x38, 0x07, 0x00,
    0x70, 0x0F, 0xFF, 0xFF, 0xF0, 0x3F, 0x87, 0xFC, 0x73, 0xC0, 0x1E, 0x00, 0xE0, 0x1E, 0x03, 0xC1,
    0xF8, 0x1F, 0xC0, 0x7E, 0x00, 0xE0, 0x0F, 0x00, 0xF0, 0x0E, 0xE3, 0xEF, 0xFC, 0xFF, 0x80, 0x01,
    0xC0, 0x1E, 0x01, 0xF0, 0x1F, 0x80, 0xFC, 0x0E, 0xE0, 0xE7, 0x07, 0x38, 0x71, 0xC3, 0x0E, 0x38,
    0x71, 0xFF, 0xEF, 0xFF, 0x00, 0xE0, 0x07, 0x00, 0x38, 0x01, 0xC0, 0x3F, 0xE3, 0xFE, 0x38, 0x03,
    0x80, 0x30, 0x03, 0x00, 0x7F, 0x07, 0xFC, 0x0F, 0xE0, 0x1E, 0x00, 0xF0, 0x0F, 0x00, 0xF0, 0x0E,
    0x63, 0xEF, 0xFC, 0x7F, 0x80, 0x03, 0xE0, 0xFE, 0x1F, 0xC3, 0xC0, 0x78, 0x07, 0x00, 0x7F, 0xCF,
    0xFE, 0xF9, 0xFE, 0x07, 0xE0, 0x7F, 0x07, 0xF0, 0x77, 0x0F, 0x7D, 0xE3, 0xFE, 0x1F, 0x80, 0xFF,
    0xFF, 0xFF, 0x00, 0xF0, 0x1E, 0x01, 0xC0, 0x3C, 0x03, 0x80, 0x70, 0x07, 0x00, 0x70, 0x0E, 0x00,
    0xE0, 0x0E, 0x01, 0xC0, 0x1C, 0x01, 0xC0, 0x1C, 0x00, 0x1F, 0x83, 0xFE, 0x79, 0xE7, 0x0F, 0xF0,
    0x77, 0x0E, 0x78, 0xE7, 0xFC, 0x3F, 0xC7, 0xFE, 0x71, 0xFE, 0x07, 0xE0, 0x7E, 0x07, 0xF9, 0xF7,
    0xFE, 0x3F, 0xC0, 0x1F, 0x87, 0xFC, 0x79, 0xEF, 0x0E, 0xE0, 0xFE, 0x07, 0xE0, 0x7F, 0x9F, 0x7F,
    0xF3, 0xFF, 0x00, 0xE0, 0x0E, 0x01, 0xE0, 0x3C, 0x1F, 0x87, 0xF0, 0x7C, 0x00, 0xFF, 0xF0, 0x00,
    0x00, 0x00, 0xFF, 0xF0, 0x7B, 0xDE, 0x00, 0x00, 0x00, 0x00, 0x0E, 0x77, 0xB9, 0xCE, 0x60, 0x00,
    0x70, 0x1F, 0x0F, 0xE3, 0xF8, 0xFC, 0x0F, 0x00, 0xFC, 0x03, 0xF8, 0x0F, 0xE0, 0x1F, 0x00, 0x70,
    0xFF, 0xFF, 0xFF, 0x00, 0x00, 0x00, 0x00, 0x0F, 0xFF, 0xFF, 0xF0, 0xE0, 0x0F, 0x80, 0x7F, 0x00,
    0xFC, 0x03, 0xF0, 0x0F, 0x03, 0xF0, 0xFC, 0x7F, 0x0F, 0x80, 0xE0, 0x00, 0x7F, 0x3F, 0xE6, 0x7C,
    0x0F, 0x01, 0xC0, 0xE0, 0x78, 0x3C, 0x0E, 0x07, 0x01, 0xC0, 0x60, 0x00, 0x00, 0x01, 0xC0, 0xF0,
    0x1C, 0x00, 0x01, 0xFE, 0x00, 0x1F, 0xFE, 0x00, 0xFC, 0xFC, 0x07, 0x80, 0x78, 0x3C, 0x00, 0x71,
    0xE3, 0xFD, 0xE7, 0x1F, 0xF3, 0x9C, 0xF9, 0xCE, 0xE3, 0x87, 0x3B, 0x8E, 0x1C, 0x6E, 0x78, 0x71,
    0xB9, 0xE1, 0xCE, 0xE3, 0x87, 0x3B, 0x8E, 0x1C, 0xE7, 0x3C, 0xF7, 0x9C, 0x7F, 0xFC, 0x78, 0xFF,
    0xE0, 0xF0, 0x00, 0x01, 0xE0, 0x00, 0x07, 0xF0, 0x80, 0x07, 0xFF, 0x00, 0x07, 0xFC, 0x00, 0x01,
    0xC0, 0x01, 0xF0, 0x00, 0xF8, 0x00, 0xFC, 0x00, 0x77, 0x00, 0x73, 0x80, 0x39, 0xE0, 0x3C, 0x70,
    0x1C, 0x3C, 0x0E, 0x0E, 0x0F, 0x07, 0x07, 0xFF, 0xC3, 0xFF, 0xE3, 0x80, 0x71, 0xC0, 0x3D, 0xE0,
    0x0E, 0xE0, 0x07, 0x80, 0xFF, 0xC7, 0xFF, 0x38, 0xFD, 0xC0, 0xEE, 0x07, 0x70, 0x3B, 0x87, 0xDF,
    0xFC, 0xFF, 0xF7, 0x0F, 0xB8, 0x1F, 0xC0, 0x7E, 0x03, 0xF0, 0x3F, 0x87, 0xDF, 0xFE, 0xFF, 0xC0,
    0x07, 0xF8, 0x7F, 0xF3, 0xF3, 0xDE, 0x00, 0x78, 0x01, 0xC0, 0x0F, 0x00, 0x38, 0x00, 0xE0, 0x03,
    0x80, 0x0F, 0x00, 0x3C, 0x00, 0x70, 0x01, 0xE0, 0x03, 0xF1, 0xC7, 0xFF, 0x07, 0xF8, 0xFF, 0xC1,
    0xFF, 0xC3, 0x87, 0xE7, 0x03, 0xCE, 0x03, 0xDC, 0x03, 0xB8, 0x07, 0xF0, 0x0F, 0xE0, 0x1F, 0xC0,
    0x3F, 0x80, 0x7F, 0x00, 0xEE, 0x03, 0xDC, 0x0F, 0x38, 0x7E, 0x7F, 0xF0, 0xFF, 0xC0, 0xFF, 0xEF,
    0xFE, 0xE0, 0x0E, 0x00, 0xE0, 0x0E, 0x00, 0xE0, 0x0F, 0xFC, 0xFF, 0xCE, 0x00, 0xE0, 0x0E, 0x00,
    0xE0, 0x0E, 0x00, 0xE0, 0x0F, 0xFF, 0xFF, 0xF0, 0xFF, 0xFF, 0xFF, 0x80, 0x70, 0x0E, 0x01, 0xC0,
    0x38, 0x07, 0xFE, 0xFF, 0xDC, 0x03, 0x80, 0x70, 0x0E, 0x01, 0xC0, 0x38, 0x07, 0x00, 0xE0, 0x00,
    0x07, 0xF8, 0x3F, 0xF8, 0xFC, 0xF3, 0xC0, 0x07, 0x80, 0x0E, 0x00, 0x3C, 0x00, 0x70, 0x00, 0xE0,
    0x01, 0xC0, 0x3F, 0xC0, 0x7F, 0x80, 0xF7, 0x01, 0xEF, 0x03, 0xCF, 0xC7, 0x8F, 0xFF, 0x07, 0xFC,
    0xE0, 0x1F, 0x80, 0x7E, 0x01, 0xF8, 0x07, 0xE0, 0x1F, 0x80, 0x7E, 0x01, 0xFF, 0xFF, 0xFF, 0xFF,
    0x80, 0x7E, 0x01, 0xF8, 0x07, 0xE0, 0x1F, 0x80, 0x7E, 0x01, 0xF8, 0x07, 0xE0, 0x1C, 0xFF, 0xFF,
    0xFF, 0xFF, 0xFF, 0xFF, 0xE0, 0x00, 0xE0, 0x1C, 0x03, 0x80, 0x70, 0x0E, 0x01, 0xC0, 0x38, 0x07,
    0x00, 0xE0, 0x1C, 0x03, 0x80, 0x70, 0x0E, 0x03, 0xF9, 0xF7, 0xFE, 0x7F, 0x00, 0xE0, 0x7B, 0x83,
    0xCE, 0x1E, 0x38, 0xF0, 0xE7, 0x83, 0xBC, 0x0F, 0xE0, 0x3F, 0x00, 0xFE, 0x03, 0xFC, 0x0E, 0xF8,
    0x39, 0xF0, 0xE3, 0xE3, 0x87, 0xCE, 0x0F, 0x38, 0x1E, 0xE0, 0x3C, 0xE0, 0x1C, 0x03, 0x80, 0x70,
    0x0E, 0x01, 0xC0, 0x38, 0x07, 0x00, 0xE0, 0x1C, 0x03, 0x80, 0x70, 0x0E, 0x01, 0xC0, 0x38, 0x07,
    0xFF, 0xFF, 0xE0, 0x38, 0x01, 0xC7, 0x80, 0x1C, 0x7C, 0x03, 0xC7, 0xC0, 0x3E, 0x7E, 0x06, 0xE7,
    0x60, 0x6E, 0x77, 0x0C, 0xE7, 0x30, 0xCE, 0x73, 0x1C, 0xE7, 0x39, 0x8E, 0x71, 0x98, 0xE7, 0x1F,
    0x8E, 0x70, 0xF0, 0xEF, 0x0F, 0x0E, 0xF0, 0xE0, 0xEE, 0x00, 0x0E, 0xE0, 0x00, 0xE0, 0xE0, 0x1D,
    0xE0, 0x3B, 0xE0, 0x77, 0xE0, 0xEF, 0xC1, 0xDD, 0xC3, 0xBB, 0xC7, 0x73, 0xCE, 0xE3, 0x9D, 0xC3,
    0xBB, 0x87, 0xF7, 0x07, 0xEE, 0x07, 0xDC, 0x0F, 0xB8, 0x0F, 0x70, 0x0E, 0xE0, 0x1C, 0x07, 0xF8,
    0x0F, 0xFE, 0x0F, 0xCF, 0x8F, 0x01, 0xE7, 0x00, 0x7B, 0x80, 0x3F, 0xC0, 0x0F, 0xC0, 0x07, 0xE0,
    0x03, 0xF0, 0x01, 0xFC, 0x00, 0xEE, 0x00, 0xF7, 0x00, 0x7B, 0xC0, 0x78, 0xFC, 0xF8, 0x3F, 0xF8,
    0x07, 0xF8, 0x00, 0xFF, 0x87, 0xFF, 0x38, 0xFD, 0xC0, 0xEE, 0x07, 0xF0, 0x3F, 0x81, 0xFC, 0x0E,
    0xE3, 0xF7, 0xFF, 0x3F, 0xF1, 0xC0, 0x0E, 0x00, 0x70, 0x03, 0x80, 0x1C, 0x00, 0xE0, 0x00, 0x07,
    0xF8, 0x0F, 0xFE, 0x0F, 0xCF, 0x8F, 0x01, 0xE7, 0x00, 0x7B, 0x80, 0x3F, 0xC0, 0x0F, 0xC0, 0x07,
    0xE0, 0x03, 0xF0, 0x01, 0xFC, 0x00, 0xEE, 0x00, 0xF7, 0x00, 0x7B, 0xC0, 0x78, 0xFC, 0xF8, 0x3F,
    0xF8, 0x07, 0xF8, 0x00, 0x70, 0x00, 0x3C, 0x00, 0x0F, 0xC0, 0x03, 0xF0, 0x00, 0x78, 0xFF, 0xC3,
    0xFF, 0x8E, 0x3F, 0x38, 0x1C, 0xE0, 0x7B, 0x81, 0xEE, 0x07, 0x38, 0x7C, 0xFF, 0xE3, 0xFF, 0x0E,
    0x3C, 0x38, 0x70, 0xE0, 0xE3, 0x83, 0xCE, 0x07, 0x38, 0x1E, 0xE0, 0x38, 0x1F, 0xE1, 0xFF, 0x9F,
    0x1C, 0xE0, 0x07, 0x00, 0x3C, 0x00, 0xF8, 0x03, 0xE0, 0x07, 0xC0, 0x0F, 0x80, 0x3C, 0x00, 0xF0,
    0x03, 0x80, 0x3D, 0xE7, 0xCF, 0xFE, 0x3F, 0xC0, 0xFF, 0xFF, 0xFF, 0xF0, 0x78, 0x01, 0xE0, 0x07,
    0x80, 0x1E, 0x00, 0x78, 0x01, 0xE0, 0x07, 0x80, 0x1E, 0x00, 0x78, 0x01, 0xE0, 0x07, 0x80, 0x1E,
    0x00, 0x78, 0x01, 0xE0, 0x07, 0x80, 0xE0, 0x3F, 0x80, 0xFE, 0x03, 0xF8, 0x0F, 0xE0, 0x3F, 0x80,
    0xFE, 0x03, 0xF8, 0x0F, 0xE0, 0x3F, 0x80, 0xFE, 0x03, 0xF8, 0x0E, 0xE0, 0x3B, 0xC1, 0xE7, 0xCF,
    0x0F, 0xFC, 0x1F, 0xC0, 0xE0, 0x07, 0x78, 0x03, 0x9C, 0x03, 0xCF, 0x01, 0xC7, 0x80, 0xE1, 0xC0,
    0xF0, 0xF0, 0x70, 0x38, 0x78, 0x1C, 0x38, 0x0F, 0x1C, 0x03, 0x9E, 0x01, 0xEE, 0x00, 0x7F, 0x00,
    0x3F, 0x00, 0x0F, 0x80, 0x07, 0x80, 0x03, 0xC0, 0x00, 0xF0, 0x00, 0x0E, 0xE0, 0x00, 0x3D, 0xC0,
    0xE0, 0x73, 0x81, 0xE0, 0xE7, 0x07, 0xC1, 0xCF, 0x0F, 0x83, 0x8E, 0x1F, 0x8F, 0x1C, 0x77, 0x1C,
    0x38, 0xEE, 0x38, 0x79, 0xCE, 0x70, 0x77, 0x1C, 0xE0, 0xEE, 0x3B, 0x81, 0xDC, 0x3F, 0x03, 0xF0,
    0x7E, 0x03, 0xE0, 0x78, 0x07, 0x80, 0xF0, 0x0F, 0x01, 0xE0, 0x70, 0x1E, 0x78, 0x1C, 0x3C, 0x3C,
    0x1C, 0x78, 0x1E, 0x70, 0x0F, 0xF0, 0x07, 0xE0, 0x03, 0xC0, 0x03, 0xC0, 0x07, 0xE0, 0x0F, 0xE0,
    0x0E, 0xF0, 0x1E, 0x78, 0x3C, 0x3C, 0x38, 0x1C, 0x78, 0x1E, 0xF0, 0x0E, 0xF0, 0x1E, 0xE0, 0x39,
    0xE0, 0xF1, 0xC1, 0xC3, 0xC7, 0x83, 0xDE, 0x03, 0xB8, 0x07, 0xF0, 0x07, 0xC0, 0x07, 0x00, 0x0E,
    0x00, 0x1C, 0x00, 0x38, 0x00, 0x70, 0x00, 0xE0, 0x01, 0xC0, 0x03, 0x80, 0x7F, 0xFD, 0xFF, 0xF0,
    0x07, 0x80, 0x3C, 0x00, 0xE0, 0x07, 0x80, 0x3C, 0x01, 0xE0, 0x07, 0x00, 0x3C, 0x01, 0xE0, 0x07,
    0x00, 0x3C, 0x01, 0xE0, 0x07, 0x00, 0x3F, 0xFF, 0xFF, 0xFC, 0xFD, 0xFB, 0x87, 0x0E, 0x1C, 0x38,
    0x70, 0xE1, 0xC3, 0x87, 0x0E, 0x1C, 0x38, 0x70, 0xE1, 0xC3, 0x87, 0x0E, 0x1C, 0x38, 0x7E, 0xFC,
    0xE0, 0x07, 0x00, 0x70, 0x07, 0x00, 0x38, 0x03, 0x80, 0x38, 0x01, 0xC0, 0x1C, 0x01, 0xC0, 0x0E,
    0x00, 0xE0, 0x0E, 0x00, 0x70, 0x07, 0x00, 0x70, 0x03, 0x80, 0x38, 0x03, 0x80, 0x1C, 0x01, 0xC0,
    0x1C, 0x00, 0xE0, 0x0E, 0x00, 0xE0, 0xFF, 0xF1, 0xC7, 0x1C, 0x71, 0xC7, 0x1C, 0x71, 0xC7, 0x1C,
    0x71, 0xC7, 0x1C, 0x71, 0xC7, 0x1C, 0x71, 0xFF, 0xFC, 0x0F, 0x00, 0xF0, 0x1F, 0x81, 0xDC, 0x39,
    0xC7, 0x0E, 0x70, 0xEE, 0x07, 0xE0, 0x70, 0x7F, 0xFD, 0xFF, 0xF0, 0x63, 0xC7, 0x0E, 0x18, 0x7F,
    0x8F, 0xF9, 0x8F, 0x00, 0xE0, 0x0E, 0x7F, 0xDF, 0xFF, 0xCF, 0xE0, 0xFC, 0x1F, 0xC7, 0xFF, 0xF3,
    0xFC, 0xE0, 0x0E, 0x00, 0xE0, 0x0E, 0x00, 0xE0, 0x0E, 0x00, 0xFF, 0x8F, 0xFC, 0xF3, 0xEE, 0x0E,
    0xE0, 0xFE, 0x07, 0xE0, 0x7E, 0x07, 0xE0, 0xFE, 0x0E, 0xE3, 0xEF, 0xFC, 0xFF, 0x80, 0x1F, 0xC7,
    0xF9, 0xF3, 0x38, 0x0E, 0x01, 0xC0, 0x38, 0x07, 0x00, 0xE0, 0x1E, 0x01, 0xF3, 0x1F, 0xE1, 0xFC,
    0x00, 0x70, 0x07, 0x00, 0x70, 0x07, 0x00, 0x70, 0x07, 0x1F, 0xF3, 0xFF, 0x79, 0xFF, 0x07, 0xE0,
    0x7E, 0x07, 0xE0, 0x7E, 0x07, 0xE0, 0x7F, 0x07, 0x7C, 0x73, 0xFF, 0x1F, 0xF0, 0x1F, 0x83, 0xFE,
    0x79, 0xEF, 0x0F, 0xE0, 0x7F, 0xFF, 0xFF, 0xFE, 0x00, 0xE0, 0x0F, 0x00, 0x7C, 0x63, 0xFE, 0x1F,
    0xE0, 0x3F, 0x7F, 0xF3, 0xE0, 0xE0, 0xE0, 0xFF, 0xFF, 0xE0, 0xE0, 0xE0, 0xE0, 0xE0, 0xE0, 0xE0,
    0xE0, 0xE0, 0xE0, 0xE0, 0x1F, 0xF3, 0xFF, 0x7C, 0xF7, 0x07, 0xE0, 0x7E, 0x07, 0xE0, 0x7E, 0x07,
    0xE0, 0x7F, 0x07, 0x7D, 0xF3, 0xFF, 0x1F, 0xF0, 0x07, 0x00, 0xF7, 0x1E, 0x7F, 0xE7, 0xF8, 0xE0,
    0x1C, 0x03, 0x80, 0x70, 0x0E, 0x01, 0xC0, 0x3F, 0xE7, 0xFE, 0xF3, 0xDC, 0x3F, 0x83, 0xF0, 0x7E,
    0x0F, 0xC1, 0xF8, 0x3F, 0x07, 0xE0, 0xFC, 0x1F, 0x83, 0x80, 0xFF, 0x00, 0x07, 0x77, 0x77, 0x77,
    0x77, 0x77, 0x77, 0x1E, 0x3C, 0x00, 0x00, 0x01, 0xC3, 0x87, 0x0E, 0x1C, 0x38, 0x70, 0xE1, 0xC3,
    0x87, 0x0E, 0x1C, 0x38, 0xF3, 0xDF, 0xBE, 0x00, 0xE0, 0x1C, 0x03, 0x80, 0x70, 0x0E, 0x01, 0xC0,
    0x38, 0x77, 0x1C, 0xEF, 0x1F, 0xC3, 0xF0, 0x7C, 0x0F, 0xC1, 0xFC, 0x3B, 0xC7, 0x3C, 0xE3, 0xDC,
    0x3B, 0x87, 0x80, 0x71, 0xC7, 0x1C, 0x71, 0xC7, 0x1C, 0x71, 0xC7, 0x1C, 0x71, 0xC7, 0x1C, 0x79,
    0xF3, 0x80, 0xFF, 0x7F, 0x3F, 0xFF, 0xEE, 0x3E, 0x7F, 0x87, 0x07, 0xE1, 0xC1, 0xF8, 0x70, 0x7E,
    0x1C, 0x1F, 0x87, 0x07, 0xE1, 0xC1, 0xF8, 0x70, 0x7E, 0x1C, 0x1F, 0x87, 0x07, 0xE1, 0xC1, 0xC0,
    0xFF, 0x9F, 0xFB, 0x8F, 0x70, 0xFE, 0x0F, 0xC1, 0xF8, 0x3F, 0x07, 0xE0, 0xFC, 0x1F, 0x83, 0xF0,
    0x7E, 0x0E, 0x1F, 0xC1, 0xFF, 0x1E, 0x7C, 0xE0, 0xEE, 0x07, 0xF0, 0x1F, 0x80, 0xFC, 0x07, 0xE0,
    0x7B, 0x83, 0x9E, 0x7C, 0x7F, 0xC1, 0xFC, 0x00, 0xFF, 0x8F, 0xFC, 0xE3, 0xEE, 0x0E, 0xE0, 0xFE,
    0x07, 0xE0, 0x7E, 0x07, 0xE0, 0xFE, 0x0E, 0xF3, 0xEF, 0xFC, 0xFF, 0x8E, 0x00, 0xE0, 0x0E, 0x00,
    0xE0, 0x0E, 0x00, 0x1F, 0xF3, 0xFF, 0x7C, 0x7F, 0x07, 0xE0, 0x7E, 0x07, 0xE0, 0x7E, 0x07, 0xE0,
    0x7F, 0x07, 0x79, 0xF3, 0xFF, 0x1F, 0xF0, 0x07, 0x00, 0x70, 0x07, 0x00, 0x70, 0x07, 0xFF, 0xFF,
    0xE2, 0xE0, 0xE0, 0xE0, 0xE0, 0xE0, 0xE0, 0xE0, 0xE0, 0xE0, 0xE0, 0x3F, 0xBF, 0xEF, 0x33, 0x80,
    0xF0, 0x3F, 0x03, 0xF0, 0x3E, 0x03, 0x80, 0xFE, 0x7B, 0xFE, 0xFF, 0x00, 0x70, 0x78, 0x3C, 0x1E,
    0x0F, 0xF7, 0xFB, 0xC1, 0xE0, 0xF0, 0x78, 0x3C, 0x1E, 0x0F, 0x03, 0x81, 0xE4, 0xFF, 0x3F, 0x80,
    0xF0, 0x7F, 0x07, 0xF0, 0x7F, 0x07, 0xF0, 0x7F, 0x07, 0xF0, 0x7F, 0x07, 0x70, 0x77, 0x07, 0x78,
    0xF3, 0xFF, 0x1F, 0xF0, 0xE0, 0x77, 0x83, 0x9C, 0x1C, 0xE1, 0xC7, 0x8E, 0x1C, 0x70, 0xE7, 0x03,
    0xB8, 0x1F, 0xC0, 0xFC, 0x03, 0xE0, 0x1E, 0x00, 0x70, 0x00, 0xE0, 0xE0, 0xFE, 0x1C, 0x1D, 0xC3,
    0xC3, 0xB8, 0x78, 0xE7, 0x1F, 0x1C, 0x73, 0xF3, 0x8E, 0x6E, 0xE1, 0xDD, 0xDC, 0x1F, 0x9B, 0x83,
    0xE3, 0xE0, 0x7C, 0x7C, 0x07, 0x87, 0x80, 0xE0, 0xE0, 0x70, 0x73, 0xC7, 0x0E, 0x78, 0x3B, 0x81,
    0xF8, 0x07, 0x80, 0x3C, 0x01, 0xF0, 0x1F, 0xC1, 0xEF, 0x0E, 0x38, 0xE1, 0xEF, 0x07, 0x00, 0xE0,
    0x7F, 0x07, 0x70, 0x77, 0x0E, 0x78, 0xE3, 0x8E, 0x38, 0xC1, 0xDC, 0x1D, 0xC1, 0xF8, 0x0F, 0x80,
    0xF8, 0x07, 0x00, 0x70, 0x07, 0x09, 0xE0, 0xFC, 0x0F, 0x80, 0x7F, 0xEF, 0xFC, 0x07, 0x81, 0xE0,
    0x78, 0x1E, 0x03, 0x80, 0xF0, 0x3C, 0x0F, 0x01, 0xC0, 0x3F, 0xF7, 0xFE, 0x0E, 0x1F, 0x3C, 0x38,
    0x38, 0x38, 0x38, 0x38, 0x38, 0x38, 0x38, 0x70, 0xE0, 0xF0, 0x78, 0x38, 0x38, 0x38, 0x38, 0x38,
    0x38, 0x38, 0x3C, 0x1F, 0x1F, 0xFF, 0xFF, 0xFF, 0xFF, 0xFF, 0xFF, 0xFF, 0xFF, 0xFF, 0xE0, 0xF0,
    0xF8, 0x78, 0x38, 0x38, 0x38, 0x38, 0x38, 0x38, 0x18, 0x1C, 0x1E, 0x0F, 0x1F, 0x1E, 0x1C, 0x38,
    0x38, 0x38, 0x38, 0x38, 0x38, 0x78, 0xF8, 0xF0, 0x7C, 0x3F, 0xF7, 0xEF, 0xFC, 0x3E, 0x77, 0x9C,
    0x00, 0x39, 0xCE, 0x73, 0x9C, 0xE7, 0x39, 0xCE, 0x73, 0x80, 0x06, 0x01, 0x80, 0x60, 0x7F, 0x3F,
    0xDF, 0x3F, 0x03, 0x80, 0xE0, 0x38, 0x0E, 0x03, 0x80, 0xF0, 0x1F, 0x33, 0xFC, 0x7F, 0x06, 0x01,
    0x80, 0x60, 0x07, 0xF0, 0xFF, 0x1E, 0x61, 0xC0, 0x1C, 0x03, 0xC0, 0x3C, 0x03, 0xC0, 0xFF, 0xCF,
    0xFC, 0x3C, 0x03, 0x80, 0x38, 0x03, 0x80, 0x38, 0x03, 0xFF, 0x3F, 0xF0, 0x60, 0x7F, 0xFF, 0x7F,
    0xE7, 0x9E, 0x70, 0xE7, 0x06, 0x70, 0x67, 0x0E, 0x79, 0xE7, 0xFE, 0xFF, 0xF6, 0x07, 0xF0, 0x3D,
    0xC0, 0xE7, 0x87, 0x8E, 0x1C, 0x1C, 0xE0, 0x7B, 0x80, 0xFC, 0x01, 0xF0, 0x7F, 0xF9, 0xFF, 0xE0,
    0x38, 0x00, 0xE0, 0x7F, 0xF9, 0xFF, 0xE0, 0x38, 0x00, 0xE0, 0x03, 0x80, 0xFF, 0xFF, 0xFF, 0xFC,
    0x00, 0x07, 0xFF, 0xFF, 0xFF, 0xE0, 0x3F, 0xCF, 0xF9, 0xE7, 0x38, 0x07, 0x00, 0xF8, 0x1F, 0xC7,
    0xFE, 0xE3, 0xDC, 0x1F, 0x83, 0xF8, 0xE7, 0xFC, 0x7F, 0x01, 0xF0, 0x0E, 0x01, 0xDC, 0x7B, 0xFE,
    0x7F, 0x80, 0x73, 0xBB, 0xDC, 0xE0, 0x07, 0xF8, 0x03, 0xFF, 0x81, 0xF3, 0xF0, 0xE0, 0x1E, 0x73,
    0xFB, 0x9D, 0xFE, 0x7E, 0x7B, 0x1F, 0xB8, 0x07, 0xEE, 0x00, 0xFB, 0x80, 0x7E, 0x79, 0x9D, 0xDF,
    0xE7, 0x73, 0xFB, 0x8E, 0x01, 0xE1, 0xF1, 0xF0, 0x3F, 0xF8, 0x07, 0xF8, 0x00, 0x3F, 0x1F, 0x88,
    0xE7, 0xF7, 0xFB, 0x9D, 0xCE, 0xFF, 0x3F, 0x80, 0x0C, 0x61, 0xCF, 0x3C, 0xE3, 0x9C, 0x7B, 0xC7,
    0x38, 0x7B, 0xC3, 0x9C, 0x3C, 0xE1, 0xCF, 0x0C, 0x60, 0xFF, 0xFF, 0xFF, 0x00, 0x70, 0x07, 0x00,
    0x70, 0x07, 0x00, 0x70, 0x07, 0x00, 0x70, 0xFF, 0xFC, 0x07, 0xF8, 0x03, 0xFF, 0x81, 0xF3, 0xF0,
    0xE0, 0x1E, 0x77, 0xF3, 0x9D, 0xFE, 0x7E, 0x73, 0x9F, 0x9C, 0xE7, 0xE7, 0xF8, 0xF9, 0xFC, 0x7E,
    0x77, 0x1D, 0xDC, 0xE7, 0x77, 0x1F, 0x8E, 0x01, 0xE1, 0xF1, 0xF0, 0x3F, 0xF8, 0x07, 0xF8, 0x00,
    0xFF, 0xFF, 0x3E, 0x7E, 0xF7, 0xE3, 0xF7, 0x7E, 0x3E, 0x06, 0x00, 0x60, 0x06, 0x00, 0x60, 0x06,
    0x0F, 0xFF, 0xFF, 0xF0, 0x60, 0x06, 0x00, 0x60, 0x06, 0x00, 0x60, 0x00, 0x0F, 0xFF, 0xFF, 0xF0,
    0x7E, 0x7F, 0x67, 0x07, 0x0E, 0x1C, 0x38, 0x70, 0x7F, 0x7F, 0x7E, 0x7E, 0x6F, 0x3E, 0x3E, 0x0F,
    0x07, 0x67, 0x7F, 0x7E, 0x19, 0xDD, 0xCC, 0x00, 0xE0, 0xFC, 0x1F, 0x83, 0xF0, 0x7E, 0x0F, 0xC1,
    0xF8, 0x3F, 0x07, 0xE0, 0xFC, 0x1F, 0xE7, 0xFF, 0xFF, 0xFF, 0xC0, 0x38, 0x07, 0x00, 0xE0, 0x1C,
    0x00, 0x1F, 0xF9, 0xFF, 0xDF, 0xCF, 0xFE, 0x7F, 0xF3, 0xFF, 0x9F, 0xFC, 0xFF, 0xE7, 0xFF, 0x3B,
    0xF9, 0xC7, 0xCE, 0x06, 0x70, 0x33, 0x81, 0x9C, 0x0C, 0xE0, 0x67, 0x03, 0x38, 0x19, 0xC0, 0xCE,
    0x06, 0x70, 0x33, 0x81, 0x9C, 0xFF, 0xF0, 0x38, 0xE3, 0x87, 0x7F, 0xE0, 0x3B, 0xFF, 0xF1, 0x8C,
    0x63, 0x18, 0xC0, 0x3E, 0x1F, 0xCF, 0x7B, 0x86, 0xC1, 0xB8, 0x6F, 0x79, 0xFC, 0x3E, 0x00, 0xC7,
    0x1C, 0xE1, 0xCE, 0x3D, 0xE3, 0x9C, 0x7B, 0xCE, 0x73, 0xDE, 0x73, 0x9C, 0xE3, 0x1C, 0x00, 0x38,
    0x00, 0x03, 0xC0, 0x38, 0x3E, 0x03, 0x81, 0xF0, 0x1C, 0x01, 0x81, 0xC0, 0x0C, 0x0E, 0x00, 0x60,
    0xE0, 0x03, 0x07, 0x00, 0x18, 0x70, 0xE0, 0xC7, 0x0F, 0x00, 0x38, 0x78, 0x03, 0x87, 0xC0, 0x1C,
    0x76, 0x01, 0xC3, 0x30, 0x0E, 0x3F, 0xE0, 0xE1, 0xFF, 0x0E, 0x00, 0x60, 0x70, 0x03, 0x00, 0x38,
    0x00, 0x07, 0x80, 0xE0, 0xF8, 0x0E, 0x0F, 0x81, 0xC0, 0x18, 0x1C, 0x01, 0x83, 0x80, 0x18, 0x38,
    0x01, 0x87, 0x00, 0x18, 0xE7, 0xE1, 0x8E, 0xFE, 0x01, 0xC6, 0x70, 0x1C, 0x06, 0x03, 0x80, 0xE0,
    0x38, 0x1C, 0x07, 0x03, 0x80, 0xE0, 0x70, 0x0E, 0x07, 0xF1, 0xC0, 0x7F, 0x7E, 0x00, 0x01, 0xF8,
    0x0E, 0x06, 0xF0, 0x38, 0x0F, 0x81, 0xC0, 0x3E, 0x07, 0x00, 0x3C, 0x38, 0x00, 0x71, 0xC0, 0x19,
    0xC7, 0x00, 0x7F, 0x38, 0x71, 0xF8, 0xE3, 0xC0, 0x07, 0x0F, 0x00, 0x1C, 0x7C, 0x00, 0xE3, 0xB0,
    0x07, 0x0C, 0xC0, 0x1C, 0x7F, 0xC0, 0xE1, 0xFF, 0x03, 0x80, 0x30, 0x1C, 0x00, 0xC0, 0x0E, 0x03,
    0xC0, 0xE0, 0x00, 0x00, 0x01, 0x80, 0xE0, 0x38, 0x1E, 0x0F, 0x03, 0x81, 0xC0, 0x70, 0x3C, 0x0F,
    0x01, 0xE6, 0x7F, 0xCF, 0xE0, 0x07, 0x00, 0x03, 0x80, 0x00, 0xE0, 0x00, 0x38, 0x00, 0x0C, 0x00,
    0x00, 0x00, 0x00, 0x00, 0x03, 0x80, 0x03, 0xE0, 0x01, 0xF0, 0x01, 0xF8, 0x00, 0xEE, 0x00, 0xE7,
    0x00, 0x73, 0xC0, 0x78, 0xE0, 0x38, 0x78, 0x1C, 0x1C, 0x1E, 0x0E, 0x0F, 0xFF, 0x87, 0xFF, 0xC7,
    0x00, 0xE3, 0x80, 0x7B, 0xC0, 0x1D, 0xC0, 0x0F, 0x00, 0x60, 0x00, 0x70, 0x00, 0x78, 0x00, 0x38,
    0x00, 0x18, 0x00, 0x00, 0x00, 0x00, 0x00, 0x03, 0x80, 0x03, 0xE0, 0x01, 0xF0, 0x01, 0xF8, 0x00,
    0xEE, 0x00, 0xE7, 0x00, 0x73, 0xC0, 0x78, 0xE0, 0x38, 0x78, 0x1C, 0x1C, 0x1E, 0x0E, 0x0F, 0xFF,
    0x87, 0xFF, 0xC7, 0x00, 0xE3, 0x80, 0x7B, 0xC0, 0x1D, 0xC0, 0x0F, 0x01, 0x80, 0x01, 0xE0, 0x00,
    0xF8, 0x00, 0xEE, 0x00, 0x63, 0x00, 0x00, 0x00, 0x00, 0x00, 0x03, 0x80, 0x03, 0xE0, 0x01, 0xF0,
    0x01, 0xF8, 0x00, 0xEE, 0x00, 0xE7, 0x00, 0x73, 0xC0, 0x78, 0xE0, 0x38, 0x78, 0x1C, 0x1C, 0x1E,
    0x0E, 0x0F, 0xFF, 0x87, 0xFF, 0xC7, 0x00, 0xE3, 0x80, 0x7B, 0xC0, 0x1D, 0xC0, 0x0F, 0x07, 0xB8,
    0x07, 0xF8, 0x03, 0x7C, 0x00, 0x00, 0x00, 0x00, 0x00, 0x00, 0x00, 0x07, 0x00, 0x07, 0xC0, 0x03,
    0xE0, 0x03, 0xF0, 0x01, 0xDC, 0x01, 0xCE, 0x00, 0xE7, 0x80, 0xF1, 0xC0, 0x70, 0xF0, 0x38, 0x38,
    0x3C, 0x1C, 0x1F, 0xFF, 0x0F, 0xFF, 0x8E, 0x01, 0xC7, 0x00, 0xF7, 0x80, 0x3B, 0x80, 0x1E, 0x0E,
    0x70, 0x07, 0xB8, 0x03, 0x9C, 0x00, 0x00, 0x00, 0x00, 0x00, 0x0E, 0x00, 0x0F, 0x80, 0x07, 0xC0,
    0x07, 0xE0, 0x03, 0xB8, 0x03, 0x9C, 0x01, 0xCF, 0x01, 0xE3, 0x80, 0xE1, 0xE0, 0x70, 0x70, 0x78,
    0x38, 0x3F, 0xFE, 0x1F, 0xFF, 0x1C, 0x03, 0x8E, 0x01, 0xEF, 0x00, 0x77, 0x00, 0x3C, 0x03, 0xC0,
    0x01, 0xB0, 0x01, 0x98, 0x00, 0xEC, 0x00, 0x3E, 0x00, 0x1E, 0x00, 0x0F, 0x80, 0x0F, 0xC0, 0x07,
    0x70, 0x07, 0x38, 0x03, 0x9E, 0x03, 0xC7, 0x01, 0xC3, 0xC0, 0xE0, 0xE0, 0xF0, 0x70, 0x7F, 0xFC,
    0x7F, 0xFE, 0x38, 0x07, 0x1C, 0x03, 0xDE, 0x00, 0xEE, 0x00, 0x78, 0x00, 0x3F, 0xFC, 0x00, 0xFF,
    0xF8, 0x03, 0xF8, 0x00, 0x07, 0x70, 0x00, 0x1E, 0xE0, 0x00, 0x39, 0xC0, 0x00, 0xE3, 0x80, 0x03,
    0xC7, 0xFC, 0x07, 0x0F, 0xF8, 0x1C, 0x1C, 0x00, 0x78, 0x38, 0x00, 0xFF, 0xF0, 0x03, 0xFF, 0xE0,
    0x07, 0x01, 0xC0, 0x1E, 0x03, 0x80, 0x38, 0x07, 0xFF, 0xE0, 0x0F, 0xFE, 0x07, 0xF8, 0x7F, 0xF3,
    0xF3, 0xDE, 0x00, 0x78, 0x01, 0xC0, 0x0F, 0x00, 0x38, 0x00, 0xE0, 0x03, 0x80, 0x0F, 0x00, 0x3C,
    0x00, 0x70, 0x01, 0xE0, 0x03, 0xF1, 0xC7, 0xFF, 0x07, 0xF8, 0x06, 0x00, 0x3C, 0x00, 0x70, 0x01,
    0xC0, 0x1F, 0x00, 0x7C, 0x00, 0x18, 0x01, 0xC0, 0x0E, 0x00, 0x70, 0x03, 0x00, 0x00, 0x00, 0x0F,
    0xFE, 0xFF, 0xEE, 0x00, 0xE0, 0x0E, 0x00, 0xE0, 0x0E, 0x00, 0xFF, 0xCF, 0xFC, 0xE0, 0x0E, 0x00,
    0xE0, 0x0E, 0x00, 0xE0, 0x0E, 0x00, 0xFF, 0xFF, 0xFF, 0x01, 0x80, 0x38, 0x07, 0x00, 0xE0, 0x0C,
    0x00, 0x00, 0x00, 0x0F, 0xFE, 0xFF, 0xEE, 0x00, 0xE0, 0x0E, 0x00, 0xE0, 0x0E, 0x00, 0xFF, 0xCF,
    0xFC, 0xE0, 0x0E, 0x00, 0xE0, 0x0E, 0x00, 0xE0, 0x0E, 0x00, 0xFF, 0xFF, 0xFF, 0x0C, 0x00, 0xE0,
    0x1F, 0x03, 0xB8, 0x31, 0x80, 0x00, 0x00, 0x0F, 0xFE, 0xFF, 0xEE, 0x00, 0xE0, 0x0E, 0x00, 0xE0,
    0x0E, 0x00, 0xFF, 0xCF, 0xFC, 0xE0, 0x0E, 0x00, 0xE0, 0x0E, 0x00, 0xE0, 0x0E, 0x00, 0xFF, 0xFF,
    0xFF, 0x3B, 0x87, 0xBC, 0x3B, 0x80, 0x00, 0x00, 0x0F, 0xFE, 0xFF, 0xEE, 0x00, 0xE0, 0x0E, 0x00,
    0xE0, 0x0E, 0x00, 0xFF, 0xCF, 0xFC, 0xE0, 0x0E, 0x00, 0xE0, 0x0E, 0x00, 0xE0, 0x0E, 0x00, 0xFF,
    0xFF, 0xFF, 0xE3, 0xC7, 0x0E, 0x18, 0x00, 0x0E, 0x38, 0xE3, 0x8E, 0x38, 0xE3, 0x8E, 0x38, 0xE3,
    0x8E, 0x38, 0xE3, 0x8E, 0x18, 0xE7, 0x9C, 0x60, 0x00, 0x1C, 0x71, 0xC7, 0x1C, 0x71, 0xC7, 0x1C,
    0x71, 0xC7, 0x1C, 0x71, 0xC7, 0x1C, 0x18, 0x1C, 0x3E, 0x77, 0x63, 0x00, 0x00, 0x1C, 0x1C, 0x1C,
    0x1C, 0x1C, 0x1C, 0x1C, 0x1C, 0x1C, 0x1C, 0x1C, 0x1C, 0x1C, 0x1C, 0x1C, 0x1C, 0x1C, 0x67, 0x7B,
    0xD9, 0xC0, 0x00, 0x00, 0xE0, 0x70, 0x38, 0x1C, 0x0E, 0x07, 0x03, 0x81, 0xC0, 0xE0, 0x70, 0x38,
    0x1C, 0x0E, 0x07, 0x03, 0x81, 0xC0, 0xE0, 0x3F, 0xF0, 0x1F, 0xFE, 0x0E, 0x1F, 0x87, 0x01, 0xE3,
    0x80, 0x71, 0xC0, 0x3C, 0xE0, 0x0F, 0xFF, 0x07, 0xFF, 0x83, 0x9C, 0x01, 0xCE, 0x00, 0xE7, 0x00,
    0xF3, 0x80, 0x71, 0xC0, 0x78, 0xE1, 0xF8, 0x7F, 0xF8, 0x3F, 0xF0, 0x00, 0x0F, 0x60, 0x3F, 0xC0,
    0x6F, 0x00, 0x00, 0x00, 0x00, 0x00, 0x00, 0x38, 0x07, 0x78, 0x0E, 0xF8, 0x1D, 0xF8, 0x3B, 0xF0,
    0x77, 0x70, 0xEE, 0xF1, 0xDC, 0xF3, 0xB8, 0xE7, 0x70, 0xEE, 0xE1, 0xFD, 0xC1, 0xFB, 0x81, 0xF7,
    0x03, 0xEE, 0x03, 0xDC, 0x03, 0xB8, 0x07, 0x00, 0x03, 0x00, 0x01, 0xC0, 0x00, 0x70, 0x00, 0x38,
    0x00, 0x0C, 0x00, 0x00, 0x00, 0x00, 0x00, 0x0F, 0xF0, 0x1F, 0xFC, 0x1F, 0x9F, 0x1E, 0x03, 0xCE,
    0x00, 0xF7, 0x00, 0x7F, 0x80, 0x1F, 0x80, 0x0F, 0xC0, 0x07, 0xE0, 0x03, 0xF8, 0x01, 0xDC, 0x01,
    0xEE, 0x00, 0xF7, 0x80, 0xF1, 0xF9, 0xF0, 0x7F, 0xF0, 0x0F, 0xF0, 0x00, 0x70, 0x00, 0x38, 0x00,
    0x38, 0x00, 0x38, 0x00, 0x18, 0x00, 0x00, 0x00, 0x00, 0x00, 0x0F, 0xF0, 0x1F, 0xFC, 0x1F, 0x9F,
    0x1E, 0x03, 0xCE, 0x00, 0xF7, 0x00, 0x7F, 0x80, 0x1F, 0x80, 0x0F, 0xC0, 0x07, 0xE0, 0x03, 0xF8,
    0x01, 0xDC, 0x01, 0xEE, 0x00, 0xF7, 0x80, 0xF1, 0xF9, 0xF0, 0x7F, 0xF0, 0x0F, 0xF0, 0x00, 0xC0,
    0x00, 0xF0, 0x00, 0xF8, 0x00, 0xEE, 0x00, 0x63, 0x00, 0x00, 0x00, 0x00, 0x00, 0x0F, 0xF0, 0x1F,
    0xFC, 0x1F, 0x9F, 0x1E, 0x03, 0xCE, 0x00, 0xF7, 0x00, 0x7F, 0x80, 0x1F, 0x80, 0x0F, 0xC0, 0x07,
    0xE0, 0x03, 0xF8, 0x01, 0xDC, 0x01, 0xEE, 0x00, 0xF7, 0x80, 0xF1, 0xF9, 0xF0, 0x7F, 0xF0, 0x0F,
    0xF0, 0x07, 0xD8, 0x03, 0xFC, 0x03, 0xBC, 0x00, 0x00, 0x00, 0x00, 0x00, 0x00, 0x00, 0x1F, 0xE0,
    0x3F, 0xF8, 0x3F, 0x3E, 0x3C, 0x07, 0x9C, 0x01, 0xEE, 0x00, 0xFF, 0x00, 0x3F, 0x00, 0x1F, 0x80,
    0x0F, 0xC0, 0x07, 0xF0, 0x03, 0xB8, 0x03, 0xDC, 0x01, 0xEF, 0x01, 0xE3, 0xF3, 0xE0, 0xFF, 0xE0,
    0x1F, 0xE0, 0x07, 0x38, 0x03, 0xBC, 0x01, 0xCE, 0x00, 0x00, 0x00, 0x00, 0x00, 0x3F, 0xC0, 0x7F,
    0xF0, 0x7E, 0x7C, 0x78, 0x0F, 0x38, 0x03, 0xDC, 0x01, 0xFE, 0x00, 0x7E, 0x00, 0x3F, 0x00, 0x1F,
    0x80, 0x0F, 0xE0, 0x07, 0x70, 0x07, 0xB8, 0x03, 0xDE, 0x03, 0xC7, 0xE7, 0xC1, 0xFF, 0xC0, 0x3F,
    0xC0, 0x40, 0x9C, 0x3B, 0xCF, 0x3F, 0xC3, 0xF0, 0x3C, 0x0F, 0xC3, 0xFC, 0xF3, 0xDC, 0x39, 0x02,
    0x00, 0x00, 0x03, 0x03, 0xFD, 0xC7, 0xFF, 0xC7, 0xE7, 0xC7, 0x81, 0xF3, 0x81, 0xF9, 0xC0, 0xFF,
    0xE0, 0xE7, 0xE0, 0xE3, 0xF0, 0xE1, 0xF8, 0xF0, 0xFE, 0xF0, 0x77, 0x70, 0x3B, 0xF0, 0x3D, 0xF0,
    0x3C, 0x7E, 0x7C, 0x7F, 0xFC, 0x3B, 0xFC, 0x18, 0x00, 0x00, 0x0C, 0x00, 0x38, 0x00, 0xF0, 0x01,
    0xC0, 0x03, 0x00, 0x00, 0x00, 0x00, 0x38, 0x0F, 0xE0, 0x3F, 0x80, 0xFE, 0x03, 0xF8, 0x0F, 0xE0,
    0x3F, 0x80, 0xFE, 0x03, 0xF8, 0x0F, 0xE0, 0x3F, 0x80, 0xFE, 0x03, 0xB8, 0x0E, 0xF0, 0x79, 0xF3,
    0xC3, 0xFF, 0x07, 0xF0, 0x01, 0xC0, 0x0F, 0x00, 0x38, 0x01, 0xC0, 0x06, 0x00, 0x00, 0x00, 0x00,
    0x38, 0x0F, 0xE0, 0x3F, 0x80, 0xFE, 0x03, 0xF8, 0x0F, 0xE0, 0x3F, 0x80, 0xFE, 0x03, 0xF8, 0x0F,
    0xE0, 0x3F, 0x80, 0xFE, 0x03, 0xB8, 0x0E, 0xF0, 0x79, 0xF3, 0xC3, 0xFF, 0x07, 0xF0, 0x03, 0x00,
    0x1C, 0x00, 0xF8, 0x07, 0x70, 0x18, 0xC0, 0x00, 0x00, 0x00, 0x38, 0x0F, 0xE0, 0x3F, 0x80, 0xFE,
    0x03, 0xF8, 0x0F, 0xE0, 0x3F, 0x80, 0xFE, 0x03, 0xF8, 0x0F, 0xE0, 0x3F, 0x80, 0xFE, 0x03, 0xB8,
    0x0E, 0xF0, 0x79, 0xF3, 0xC3, 0xFF, 0x07, 0xF0, 0x1D, 0xC0, 0xF7, 0x81, 0xDC, 0x00, 0x00, 0x00,
    0x03, 0x80, 0xFE, 0x03, 0xF8, 0x0F, 0xE0, 0x3F, 0x80, 0xFE, 0x03, 0xF8, 0x0F, 0xE0, 0x3F, 0x80,
    0xFE, 0x03, 0xF8, 0x0F, 0xE0, 0x3B, 0x80, 0xEF, 0x07, 0x9F, 0x3C, 0x3F, 0xF0, 0x7F, 0x00, 0x00,
    0xC0, 0x03, 0xC0, 0x07, 0x00, 0x1C, 0x00, 0x30, 0x00, 0x00, 0x00, 0x00, 0x78, 0x0F, 0x70, 0x1C,
    0xF0, 0x78, 0xE0, 0xE1, 0xE3, 0xC1, 0xEF, 0x01, 0xDC, 0x03, 0xF8, 0x03, 0xE0, 0x03, 0x80, 0x07,
    0x00, 0x0E, 0x00, 0x1C, 0x00, 0x38, 0x00, 0x70, 0x00, 0xE0, 0x01, 0xC0, 0xE0, 0x07, 0x00, 0x38,
    0x01, 0xFF, 0x0F, 0xFE, 0x71, 0xFB, 0x81, 0xDC, 0x0F, 0xE0, 0x7F, 0x03, 0xF8, 0x1D, 0xC7, 0xEF,
    0xFE, 0x7F, 0xE3, 0x80, 0x1C, 0x00, 0xE0, 0x00, 0x3F, 0x83, 0xFE, 0x3E, 0xF9, 0xC1, 0xCE, 0x0E,
    0x70, 0xE3, 0x87, 0x1C, 0x70, 0xE7, 0x07, 0x38, 0x39, 0xE1, 0xCF, 0xCE, 0x3F, 0x70, 0x7F, 0x80,
    0xFC, 0x07, 0xEE, 0x7F, 0x7F, 0xBB, 0xF8, 0x18, 0x03, 0x80, 0x78, 0x07, 0x00, 0x60, 0x00, 0x00,
    0x03, 0xFC, 0x7F, 0xCC, 0x78, 0x07, 0x00, 0x73, 0xFE, 0xFF, 0xFE, 0x7F, 0x07, 0xE0, 0xFE, 0x3F,
    0xFF, 0x9F, 0xE0, 0x03, 0x00, 0xF0, 0x1C, 0x07, 0x00, 0xC0, 0x00, 0x00, 0x03, 0xFC, 0x7F, 0xCC,
    0x78, 0x07, 0x00, 0x73, 0xFE, 0xFF, 0xFE, 0x7F, 0x07, 0xE0, 0xFE, 0x3F, 0xFF, 0x9F, 0xE0, 0x04,
    0x01, 0xC0, 0x7C, 0x1D, 0xC3, 0x18, 0x00, 0x00, 0x03, 0xFC, 0x7F, 0xCC, 0x78, 0x07, 0x00, 0x73,
    0xFE, 0xFF, 0xFE, 0x7F, 0x07, 0xE0, 0xFE, 0x3F, 0xFF, 0x9F, 0xE0, 0x3E, 0xC7, 0xF9, 0xDE, 0x00,
    0x00, 0x00, 0x00, 0x1F, 0xE3, 0xFE, 0x63, 0xC0, 0x38, 0x03, 0x9F, 0xF7, 0xFF, 0xF3, 0xF8, 0x3F,
    0x07, 0xF1, 0xFF, 0xFC, 0xFF, 0x00, 0x3B, 0x8F, 0x78, 0xEE, 0x00, 0x00, 0x00, 0xFF, 0x1F, 0xF3,
    0x1E, 0x01, 0xC0, 0x1C, 0xFF, 0xBF, 0xFF, 0x9F, 0xC1, 0xF8, 0x3F, 0x8F, 0xFF, 0xE7, 0xF8, 0x1F,
    0x03, 0x60, 0x6C, 0x0D, 0x81, 0xF0, 0x00, 0x00, 0x03, 0xFC, 0x7F, 0xCC, 0x78, 0x07, 0x00, 0x73,
    0xFE, 0xFF, 0xFE, 0x7F, 0x07, 0xE0, 0xFE, 0x3F, 0xFF, 0x9F, 0xE0, 0x7F, 0x1F, 0x87, 0xFB, 0xFC,
    0x63, 0xFB, 0xE0, 0x1E, 0x0E, 0x00, 0xE0, 0xE3, 0xFF, 0xFE, 0x7F, 0xFF, 0xEF, 0x9E, 0x00, 0xE0,
    0xE0, 0x0E, 0x0F, 0x00, 0xF1, 0xF8, 0xCF, 0xFF, 0xFC, 0x3F, 0x9F, 0xC0, 0x1F, 0xC7, 0xF9, 0xF3,
    0x38, 0x0E, 0x01, 0xC0, 0x38, 0x07, 0x00, 0xE0, 0x1E, 0x01, 0xF3, 0x1F, 0xE1, 0xFC, 0x0C, 0x01,
    0xC0, 0x38, 0x07, 0x03, 0xE0, 0x7C, 0x00, 0x1C, 0x01, 0xC0, 0x0E, 0x00, 0x70, 0x03, 0x00, 0x00,
    0x00, 0x01, 0xF8, 0x3F, 0xE7, 0x9E, 0xF0, 0xFE, 0x07, 0xFF, 0xFF, 0xFF, 0xE0, 0x0E, 0x00, 0xF0,
    0x07, 0xC6, 0x3F, 0xE1, 0xFE, 0x01, 0x80, 0x38, 0x07, 0x00, 0xE0, 0x06, 0x00, 0x00, 0x00, 0x01,
    0xF8, 0x3F, 0xE7, 0x9E, 0xF0, 0xFE, 0x07, 0xFF, 0xFF, 0xFF, 0xE0, 0x0E, 0x00, 0xF0, 0x07, 0xC6,
    0x3F, 0xE1, 0xFE, 0x06, 0x00, 0xF0, 0x1F, 0x81, 0x9C, 0x18, 0x80, 0x00, 0x00, 0x01, 0xF8, 0x3F,
    0xE7, 0x9E, 0xF0, 0xFE, 0x07, 0xFF, 0xFF, 0xFF, 0xE0, 0x0E, 0x00, 0xF0, 0x07, 0xC6, 0x3F, 0xE1,
    0xFE, 0x39, 0xC3, 0xDC, 0x39, 0xC0, 0x00, 0x00, 0x01, 0xF8, 0x3F, 0xE7, 0x9E, 0xF0, 0xFE, 0x07,
    0xFF, 0xFF, 0xFF, 0xE0, 0x0E, 0x00, 0xF0, 0x07, 0xC6, 0x3F, 0xE1, 0xFE, 0xE7, 0x1C, 0x71, 0x80,
    0x07, 0x39, 0xCE, 0x73, 0x9C, 0xE7, 0x39, 0xCE, 0x70, 0x18, 0xE7, 0x38, 0x60, 0x00, 0x1C, 0x71,
    0xC7, 0x1C, 0x71, 0xC7, 0x1C, 0x71, 0xC7, 0x1C, 0x18, 0x3C, 0x7E, 0x67, 0x62, 0x00, 0x00, 0x1C,
    0x1C, 0x1C, 0x1C, 0x1C, 0x1C, 0x1C, 0x1C, 0x1C, 0x1C, 0x1C, 0x1C, 0x1C, 0xE7, 0xF7, 0xE7, 0x00,
    0x00, 0x1C, 0x1C, 0x1C, 0x1C, 0x1C, 0x1C, 0x1C, 0x1C, 0x1C, 0x1C, 0x1C, 0x1C, 0x1C, 0x03, 0x00,
    0x1E, 0xE0, 0x3F, 0x81, 0xF8, 0x07, 0xE0, 0x01, 0xC0, 0x07, 0x07, 0xFC, 0x7F, 0xF9, 0xE7, 0xEF,
    0x03, 0xB8, 0x0E, 0xE0, 0x7B, 0x81, 0xCE, 0x07, 0x3C, 0x1C, 0x79, 0xE0, 0xFF, 0x81, 0xF8, 0x00,
    0x3D, 0xCF, 0xF1, 0xBE, 0x00, 0x00, 0x00, 0x00, 0x3F, 0xE7, 0xFE, 0xE3, 0xDC, 0x3F, 0x83, 0xF0,
    0x7E, 0x0F, 0xC1, 0xF8, 0x3F, 0x07, 0xE0, 0xFC, 0x1F, 0x83, 0x80, 0x1C, 0x00, 0xF0, 0x03, 0x80,
    0x0E, 0x00, 0x30, 0x00, 0x00, 0x00, 0x03, 0xF8, 0x3F, 0xE3, 0xCF, 0x9C, 0x1D, 0xC0, 0xFE, 0x03,
    0xF0, 0x1F, 0x80, 0xFC, 0x0F, 0x70, 0x73, 0xCF, 0x8F, 0xF8, 0x3F, 0x80, 0x01, 0x80, 0x1C, 0x01,
    0xE0, 0x0E, 0x00, 0x60, 0x00, 0x00, 0x00, 0x03, 0xF8, 0x3F, 0xE3, 0xCF, 0x9C, 0x1D, 0xC0, 0xFE,
    0x03, 0xF0, 0x1F, 0x80, 0xFC, 0x0F, 0x70, 0x73, 0xCF, 0x8F, 0xF8, 0x3F, 0x80, 0x06, 0x00, 0x38,
    0x03, 0xE0, 0x3B, 0x81, 0x8C, 0x00, 0x00, 0x00, 0x03, 0xF8, 0x3F, 0xE3, 0xCF, 0x9C, 0x1D, 0xC0,
    0xFE, 0x03, 0xF0, 0x1F, 0x80, 0xFC, 0x0F, 0x70, 0x73, 0xCF, 0x8F, 0xF8, 0x3F, 0x80, 0x1E, 0xE1,
    0xFE, 0x0D, 0xF0, 0x00, 0x00, 0x00, 0x00, 0x00, 0x7F, 0x07, 0xFC, 0x79, 0xF3, 0x83, 0xB8, 0x1F,
    0xC0, 0x7E, 0x03, 0xF0, 0x1F, 0x81, 0xEE, 0x0E, 0x79, 0xF1, 0xFF, 0x07, 0xF0, 0x19, 0xC1, 0xEF,
    0x06, 0x70, 0x00, 0x00, 0x00, 0x0F, 0xE0, 0xFF, 0x8F, 0x3E, 0x70, 0x77, 0x03, 0xF8, 0x0F, 0xC0,
    0x7E, 0x03, 0xF0, 0x3D, 0xC1, 0xCF, 0x3E, 0x3F, 0xE0, 0xFE, 0x00, 0x0F, 0x00, 0xF0, 0x0F, 0x00,
    0x00, 0x00, 0x0F, 0xFF, 0xFF, 0xF0, 0x00, 0x00, 0x00, 0xF0, 0x0F, 0x00, 0xF0, 0x00, 0x30, 0xFF,
    0x8F, 0xFC, 0xF3, 0xEF, 0x1F, 0x70, 0xFF, 0x8E, 0xFC, 0xE7, 0xEE, 0x3F, 0xE3, 0xDE, 0x1C, 0xFB,
    0xE7, 0xFE, 0x7F, 0xE3, 0x00, 0x00, 0x18, 0x01, 0xC0, 0x0E, 0x00, 0x70, 0x03, 0x00, 0x00, 0x00,
    0x0F, 0x07, 0xF0, 0x7F, 0x07, 0xF0, 0x7F, 0x07, 0xF0, 0x7F, 0x07, 0xF0, 0x77, 0x07, 0x70, 0x77,
    0x8F, 0x3F, 0xF1, 0xFF, 0x01, 0x80, 0x38, 0x07, 0x00, 0xE0, 0x0E, 0x00, 0x00, 0x00, 0x0F, 0x07,
    0xF0, 0x7F, 0x07, 0xF0, 0x7F, 0x07, 0xF0, 0x7F, 0x07, 0xF0, 0x77, 0x07, 0x70, 0x77, 0x8F, 0x3F,
    0xF1, 0xFF, 0x06, 0x00, 0xF0, 0x1F, 0x81, 0x9C, 0x18, 0x80, 0x00, 0x00, 0x0F, 0x07, 0xF0, 0x7F,
    0x07, 0xF0, 0x7F, 0x07, 0xF0, 0x7F, 0x07, 0xF0, 0x77, 0x07, 0x70, 0x77, 0x8F, 0x3F, 0xF1, 0xFF,
    0x39, 0xC3, 0xDC, 0x39, 0xC0, 0x00, 0x00, 0x0F, 0x07, 0xF0, 0x7F, 0x07, 0xF0, 0x7F, 0x07, 0xF0,
    0x7F, 0x07, 0xF0, 0x77, 0x07, 0x70, 0x77, 0x8F, 0x3F, 0xF1, 0xFF, 0x01, 0x80, 0x3C, 0x03, 0x80,
    0x70, 0x06, 0x00, 0x00, 0x00, 0x0E, 0x07, 0xF0, 0x77, 0x07, 0x70, 0xE7, 0x8E, 0x38, 0xE3, 0x8C,
    0x1D, 0xC1, 0xDC, 0x1F, 0x80, 0xF8, 0x0F, 0x80, 0x70, 0x07, 0x00, 0x70, 0x9E, 0x0F, 0xC0, 0xF8,
    0x00, 0xE0, 0x0E, 0x00, 0xE0, 0x0E, 0x00, 0xE0, 0x0E, 0x00, 0xFF, 0x8F, 0xFC, 0xF3, 0xEE, 0x0E,
    0xE0, 0xFE, 0x07, 0xE0, 0x7E, 0x07, 0xE0, 0xFE, 0x0E, 0xF3, 0xEF, 0xFC, 0xFF, 0x8E, 0x00, 0xE0,
    0x0E, 0x00, 0xE0, 0x0E, 0x00, 0x1D, 0xC3, 0xDE, 0x1D, 0xC0, 0x00, 0x00, 0x0E, 0x07, 0xF0, 0x77,
    0x07, 0x70, 0xE7, 0x8E, 0x38, 0xE3, 0x8C, 0x1D, 0xC1, 0xDC, 0x1F, 0x80, 0xF8, 0x0F, 0x80, 0x70,
    0x07, 0x00, 0x70, 0x9E, 0x0F, 0xC0, 0xF8, 0x00, 0x0F, 0xF0, 0x07, 0xF8, 0x00, 0x00, 0x00, 0x00,
    0x00, 0x00, 0x00, 0x0E, 0x00, 0x0F, 0x80, 0x07, 0xC0, 0x07, 0xE0, 0x03, 0xB8, 0x03, 0x9C, 0x01,
    0xCF, 0x01, 0xE3, 0x80, 0xE1, 0xE0, 0x70, 0x70, 0x78, 0x38, 0x3F, 0xFE, 0x1F, 0xFF, 0x1C, 0x03,
    0x8E, 0x01, 0xEF, 0x00, 0x77, 0x00, 0x3C, 0x3F, 0xC7, 0xF8, 0x00, 0x00, 0x00, 0x00, 0xFF, 0x1F,
    0xF3, 0x1E, 0x01, 0xC0, 0x1C, 0xFF, 0xBF, 0xFF, 0x9F, 0xC1, 0xF8, 0x3F, 0x8F, 0xFF, 0xE7, 0xF8,
    0x06, 0x30, 0x03, 0xB8, 0x01, 0xF8, 0x00, 0x7C, 0x00, 0x00, 0x00, 0x00, 0x00, 0x07, 0x00, 0x07,
    0xC0, 0x03, 0xE0, 0x03, 0xF0, 0x01, 0xDC, 0x01, 0xCE, 0x00, 0xE7, 0x80, 0xF1, 0xC0, 0x70, 0xF0,
    0x38, 0x38, 0x3C, 0x1C, 0x1F, 0xFF, 0x0F, 0xFF, 0x8E, 0x01, 0xC7, 0x00, 0xF7, 0x80, 0x3B, 0x80,
    0x1E, 0x31, 0x87, 0x70, 0x7E, 0x0F, 0x80, 0x00, 0x00, 0x1F, 0xE3, 0xFE, 0x63, 0xC0, 0x38, 0x03,
    0x9F, 0xF7, 0xFF, 0xF3, 0xF8, 0x3F, 0x07, 0xF1, 0xFF, 0xFC, 0xFF, 0x00, 0x01, 0xC0, 0x01, 0xF0,
    0x00, 0xF8, 0x00, 0xFC, 0x00, 0x77, 0x00, 0x73, 0x80, 0x39, 0xE0, 0x3C, 0x70, 0x1C, 0x3C, 0x0E,
    0x0E, 0x0F, 0x07, 0x07, 0xFF, 0xC3, 0xFF, 0xE3, 0x80, 0x71, 0xC0, 0x3D, 0xE0, 0x0E, 0xE0, 0x07,
    0x80, 0x03, 0x80, 0x03, 0x80, 0x01, 0xC0, 0x00, 0xF8, 0x00, 0x7C, 0x7F, 0x8F, 0xF9, 0x8F, 0x00,
    0xE0, 0x0E, 0x7F, 0xDF, 0xFF, 0xCF, 0xE0, 0xFC, 0x1F, 0xC7, 0xFF, 0xF3, 0xFC, 0x07, 0x80, 0xE0,
    0x3C, 0x03, 0xC0, 0x7C, 0x00, 0x60, 0x03, 0x80, 0x1C, 0x00, 0xE0, 0x01, 0x80, 0x00, 0x00, 0x00,
    0x01, 0xFE, 0x1F, 0xFC, 0xFC, 0xF7, 0x80, 0x1E, 0x00, 0x70, 0x03, 0xC0, 0x0E, 0x00, 0x38, 0x00,
    0xE0, 0x03, 0xC0, 0x0F, 0x00, 0x1C, 0x00, 0x78, 0x00, 0xFC, 0x71, 0xFF, 0xC1, 0xFE, 0x01, 0x80,
    0x70, 0x1C, 0x07, 0x00, 0x60, 0x00, 0x00, 0x00, 0xFE, 0x3F, 0xCF, 0x99, 0xC0, 0x70, 0x0E, 0x01,
    0xC0, 0x38, 0x07, 0x00, 0xF0, 0x0F, 0x98, 0xFF, 0x0F, 0xE0, 0x01, 0x80, 0x0F, 0x00, 0x7E, 0x01,
    0x9C, 0x06, 0x20, 0x00, 0x00, 0x00, 0x01, 0xFE, 0x1F, 0xFC, 0xFC, 0xF7, 0x80, 0x1E, 0x00, 0x70,
    0x03, 0xC0, 0x0E, 0x00, 0x38, 0x00, 0xE0, 0x03, 0xC0, 0x0F, 0x00, 0x1C, 0x00, 0x78, 0x00, 0xFC,
    0x71, 0xFF, 0xC1, 0xFE, 0x06, 0x01, 0xE0, 0x7E, 0x0C, 0xE1, 0x88, 0x00, 0x00, 0x00, 0xFE, 0x3F,
    0xCF, 0x99, 0xC0, 0x70, 0x0E, 0x01, 0xC0, 0x38, 0x07, 0x00, 0xF0, 0x0F, 0x98, 0xFF, 0x0F, 0xE0,
    0x01, 0xC0, 0x0F, 0x00, 0x1C, 0x00, 0x00, 0x00, 0x00, 0x1F, 0xE1, 0xFF, 0xCF, 0xCF, 0x78, 0x01,
    0xE0, 0x07, 0x00, 0x3C, 0x00, 0xE0, 0x03, 0x80, 0x0E, 0x00, 0x3C, 0x00, 0xF0, 0x01, 0xC0, 0x07,
    0x80, 0x0F, 0xC7, 0x1F, 0xFC, 0x1F, 0xE0, 0x07, 0x01, 0xE0, 0x1C, 0x00, 0x00, 0x00, 0x3F, 0x8F,
    0xF3, 0xE6, 0x70, 0x1C, 0x03, 0x80, 0x70, 0x0E, 0x01, 0xC0, 0x3C, 0x03, 0xE6, 0x3F, 0xC3, 0xF8,
    0x06, 0x20, 0x19, 0xC0, 0x7E, 0x00, 0xF0, 0x01, 0x80, 0x00, 0x00, 0x00, 0x01, 0xFE, 0x1F, 0xFC,
    0xFC, 0xF7, 0x80, 0x1E, 0x00, 0x70, 0x03, 0xC0, 0x0E, 0x00, 0x38, 0x00, 0xE0, 0x03, 0xC0, 0x0F,
    0x00, 0x1C, 0x00, 0x78, 0x00, 0xFC, 0x71, 0xFF, 0xC1, 0xFE, 0x18, 0x83, 0x38, 0x7E, 0x07, 0x80,
    0x60, 0x00, 0x00, 0x00, 0xFE, 0x3F, 0xCF, 0x99, 0xC0, 0x70, 0x0E, 0x01, 0xC0, 0x38, 0x07, 0x00,
    0xF0, 0x0F, 0x98, 0xFF, 0x0F, 0xE0, 0x18, 0xC0, 0x3B, 0x80, 0x3E, 0x00, 0x78, 0x00, 0x60, 0x00,
    0x00, 0x00, 0x00, 0x7F, 0xE0, 0xFF, 0xE1, 0xC3, 0xF3, 0x81, 0xE7, 0x01, 0xEE, 0x01, 0xDC, 0x03,
    0xF8, 0x07, 0xF0, 0x0F, 0xE0, 0x1F, 0xC0, 0x3F, 0x80, 0x77, 0x01, 0xEE, 0x07, 0x9C, 0x3F, 0x3F,
    0xF8, 0x7F, 0xE0, 0x00, 0x77, 0x00, 0x77, 0x00, 0x77, 0x00, 0x77, 0x00, 0x77, 0x00, 0x76, 0x1F,
    0xF0, 0x3F, 0xF0, 0x79, 0xF0, 0xF0, 0x70, 0xE0, 0x70, 0xE0, 0x70, 0xE0, 0x70, 0xE0, 0x70, 0xE0,
    0x70, 0xF0, 0x70, 0x7C, 0x70, 0x3F, 0xF0, 0x1F, 0xF0, 0x3F, 0xF0, 0x1F, 0xFE, 0x0E, 0x1F, 0x87,
    0x01, 0xE3, 0x80, 0x71, 0xC0, 0x3C, 0xE0, 0x0F, 0xFF, 0x07, 0xFF, 0x83, 0x9C, 0x01, 0xCE, 0x00,
    0xE7, 0x00, 0xF3, 0x80, 0x71, 0xC0, 0x78, 0xE1, 0xF8, 0x7F, 0xF8, 0x3F, 0xF0, 0x00, 0x00, 0x70,
    0x01, 0xC0, 0x7F, 0xC1, 0xFF, 0x00, 0x70, 0x01, 0xC1, 0xFF, 0x0F, 0xFC, 0x79, 0xF3, 0xC1, 0xCE,
    0x07, 0x38, 0x1C, 0xE0, 0x73, 0x81, 0xCE, 0x07, 0x3C, 0x1C, 0x7C, 0x70, 0xFF, 0xC1, 0xFF, 0x00,
    0x7F, 0x87, 0xF8, 0x00, 0x00, 0x00, 0x00, 0x0F, 0xFE, 0xFF, 0xEE, 0x00, 0xE0, 0x0E, 0x00, 0xE0,
    0x0E, 0x00, 0xFF, 0xCF, 0xFC, 0xE0, 0x0E, 0x00, 0xE0, 0x0E, 0x00, 0xE0, 0x0E, 0x00, 0xFF, 0xFF,
    0xFF, 0x3F, 0xC3, 0xFC, 0x00, 0x00, 0x00, 0x00, 0x01, 0xF8, 0x3F, 0xE7, 0x9E, 0xF0, 0xFE, 0x07,
    0xFF, 0xFF, 0xFF, 0xE0, 0x0E, 0x00, 0xF0, 0x07, 0xC6, 0x3F, 0xE1, 0xFE, 0x31, 0x83, 0xB8, 0x3F,
    0x01, 0xE0, 0x00, 0x00, 0x00, 0xFF, 0xEF, 0xFE, 0xE0, 0x0E, 0x00, 0xE0, 0x0E, 0x00, 0xE0, 0x0F,
    0xFC, 0xFF, 0xCE, 0x00, 0xE0, 0x0E, 0x00, 0xE0, 0x0E, 0x00, 0xE0, 0x0F, 0xFF, 0xFF, 0xF0, 0x39,
    0xC1, 0xDC, 0x1F, 0x80, 0xF0, 0x00, 0x00, 0x00, 0x1F, 0x83, 0xFE, 0x79, 0xEF, 0x0F, 0xE0, 0x7F,
    0xFF, 0xFF, 0xFE, 0x00, 0xE0, 0x0F, 0x00, 0x7C, 0x63, 0xFE, 0x1F, 0xE0, 0x0E, 0x00, 0xE0, 0x0E,
    0x00, 0x00, 0x00, 0x0F, 0xFE, 0xFF, 0xEE, 0x00, 0xE0, 0x0E, 0x00, 0xE0, 0x0E, 0x00, 0xFF, 0xCF,
    0xFC, 0xE0, 0x0E, 0x00, 0xE0, 0x0E, 0x00, 0xE0, 0x0E, 0x00, 0xFF, 0xFF, 0xFF, 0x07, 0x00, 0xF0,
    0x07, 0x00, 0x00, 0x00, 0x01, 0xF8, 0x3F, 0xE7, 0x9E, 0xF0, 0xFE, 0x07, 0xFF, 0xFF, 0xFF, 0xE0,
    0x0E, 0x00, 0xF0, 0x07, 0xC6, 0x3F, 0xE1, 0xFE, 0xFF, 0xEF, 0xFE, 0xE0, 0x0E, 0x00, 0xE0, 0x0E,
    0x00, 0xE0, 0x0F, 0xFC, 0xFF, 0xCE, 0x00, 0xE0, 0x0E, 0x00, 0xE0, 0x0E, 0x00, 0xE0, 0x0F, 0xFF,
    0xFF, 0xF0, 0x0E, 0x01, 0xC0, 0x1C, 0x01, 0xF0, 0x1F, 0x1F, 0x83, 0xFE, 0x79, 0xEF, 0x0F, 0xE0,
    0x7F, 0xFF, 0xFF, 0xFE, 0x00, 0xE0, 0x0F, 0x00, 0x7C, 0x63, 0xFE, 0x1F, 0xE0, 0x1C, 0x03, 0x80,
    0x38, 0x03, 0xE0, 0x3E, 0x31, 0x03, 0x38, 0x1F, 0x01, 0xE0, 0x0C, 0x00, 0x00, 0x00, 0x0F, 0xFE,
    0xFF, 0xEE, 0x00, 0xE0, 0x0E, 0x00, 0xE0, 0x0E, 0x00, 0xFF, 0xCF, 0xFC, 0xE0, 0x0E, 0x00, 0xE0,
    0x0E, 0x00, 0xE0, 0x0E, 0x00, 0xFF, 0xFF, 0xFF, 0x18, 0x81, 0x9C, 0x1F, 0x80, 0xF0, 0x06, 0x00,
    0x00, 0x00, 0x00, 0x00, 0x1F, 0x83, 0xFE, 0x79, 0xEF, 0x0F, 0xE0, 0x7F, 0xFF, 0xFF, 0xFE, 0x00,
    0xE0, 0x0F, 0x00, 0x7C, 0x63, 0xFE, 0x1F, 0xE0, 0x01, 0x80, 0x03, 0x80, 0x0F, 0x80, 0x3B, 0x80,
    0x63, 0x00, 0x00, 0x00, 0x00, 0x03, 0xFC, 0x1F, 0xFC, 0x7E, 0x79, 0xE0, 0x03, 0xC0, 0x07, 0x00,
    0x1E, 0x00, 0x38, 0x00, 0x70, 0x00, 0xE0, 0x1F, 0xE0, 0x3F, 0xC0, 0x7B, 0x80, 0xF7, 0x81, 0xE7,
    0xE3, 0xC7, 0xFF, 0x83, 0xFE, 0x02, 0x00, 0x70, 0x0F, 0x81, 0xDC, 0x18, 0xC0, 0x00, 0x00, 0x01,
    0xFF, 0x3F, 0xF7, 0xCF, 0x70, 0x7E, 0x07, 0xE0, 0x7E, 0x07, 0xE0, 0x7E, 0x07, 0xF0, 0x77, 0xDF,
    0x3F, 0xF1, 0xFF, 0x00, 0x70, 0x0F, 0x71, 0xE7, 0xFE, 0x7F, 0x80, 0x06, 0x30, 0x0E, 0xE0, 0x1F,
    0x80, 0x1F, 0x00, 0x00, 0x00, 0x00, 0x01, 0xFE, 0x0F, 0xFE, 0x3F, 0x3C, 0xF0, 0x01, 0xE0, 0x03,
    0x80, 0x0F, 0x00, 0x1C, 0x00, 0x38, 0x00, 0x70, 0x0F, 0xF0, 0x1F, 0xE0, 0x3D, 0xC0, 0x7B, 0xC0,
    0xF3, 0xF1, 0xE3, 0xFF, 0xC1, 0xFF, 0x00, 0x18, 0xC1, 0xDC, 0x0F, 0xC0, 0xF8, 0x00, 0x00, 0x00,
    0x1F, 0xF3, 0xFF, 0x7C, 0xF7, 0x07, 0xE0, 0x7E, 0x07, 0xE0, 0x7E, 0x07, 0xE0, 0x7F, 0x07, 0x7D,
    0xF3, 0xFF, 0x1F, 0xF0, 0x07, 0x00, 0xF7, 0x1E, 0x7F, 0xE7, 0xF8, 0x01, 0xC0, 0x03, 0x80, 0x07,
    0x00, 0x00, 0x00, 0x00, 0x00, 0xFF, 0x07, 0xFF, 0x1F, 0x9E, 0x78, 0x00, 0xF0, 0x01, 0xC0, 0x07,
    0x80, 0x0E, 0x00, 0x1C, 0x00, 0x38, 0x07, 0xF8, 0x0F, 0xF0, 0x1E, 0xE0, 0x3D, 0xE0, 0x79, 0xF8,
    0xF1, 0xFF, 0xE0, 0xFF, 0x80, 0x07, 0x00, 0x70, 0x07, 0x00, 0x00, 0x00, 0x01, 0xFF, 0x3F, 0xF7,
    0xCF, 0x70, 0x7E, 0x07, 0xE0, 0x7E, 0x07, 0xE0, 0x7E, 0x07, 0xF0, 0x77, 0xDF, 0x3F, 0xF1, 0xFF,
    0x00, 0x70, 0x0F, 0x71, 0xE7, 0xFE, 0x7F, 0x80, 0x07, 0xF8, 0x3F, 0xF8, 0xFC, 0xF3, 0xC0, 0x07,
    0x80, 0x0E, 0x00, 0x3C, 0x00, 0x70, 0x00, 0xE0, 0x01, 0xC0, 0x3F, 0xC0, 0x7F, 0x80, 0xF7, 0x01,
    0xEF, 0x03, 0xCF, 0xC7, 0x8F, 0xFF, 0x07, 0xFC, 0x00, 0x00, 0x07, 0x00, 0x3E, 0x00, 0x78, 0x00,
    0x03, 0x80, 0x38, 0x07, 0x00, 0x70, 0x00, 0x00, 0x00, 0x1F, 0xF3, 0xFF, 0x7C, 0xF7, 0x07, 0xE0,
    0x7E, 0x07, 0xE0, 0x7E, 0x07, 0xE0, 0x7F, 0x07, 0x7D, 0xF3, 0xFF, 0x1F, 0xF0, 0x07, 0x00, 0xF7,
    0x1E, 0x7F, 0xE7, 0xF8, 0x03, 0x00, 0x1E, 0x00, 0xF8, 0x07, 0x30, 0x18, 0xC0, 0x00, 0x00, 0x00,
    0x38, 0x07, 0xE0, 0x1F, 0x80, 0x7E, 0x01, 0xF8, 0x07, 0xE0, 0x1F, 0x80, 0x7F, 0xFF, 0xFF, 0xFF,
    0xE0, 0x1F, 0x80, 0x7E, 0x01, 0xF8, 0x07, 0xE0, 0x1F, 0x80, 0x7E, 0x01, 0xF8, 0x07, 0x30, 0x07,
    0xC0, 0xFE, 0x0C, 0xC0, 0x00, 0x00, 0x00, 0x70, 0x07, 0x00, 0x70, 0x07, 0x00, 0x70, 0x07, 0x00,
    0x7F, 0xC7, 0xFE, 0x79, 0xE7, 0x0F, 0x70, 0x77, 0x07, 0x70, 0x77, 0x07, 0x70, 0x77, 0x07, 0x70,
    0x77, 0x07, 0x70, 0x70, 0x38, 0x07, 0x0E, 0x01, 0xCF, 0xFF, 0xFF, 0xFF, 0xFF, 0x38, 0x07, 0x0E,
    0x01, 0xC3, 0x80, 0x70, 0xFF, 0xFC, 0x3F, 0xFF, 0x0E, 0x01, 0xC3, 0x80, 0x70, 0xE0, 0x1C, 0x38,
    0x07, 0x0E, 0x01, 0xC3, 0x80, 0x70, 0xE0, 0x1C, 0x38, 0x07, 0x00, 0x38, 0x01, 0xC0, 0x3F, 0xE1,
    0xFF, 0x03, 0x80, 0x1C, 0x00, 0xFF, 0x87, 0xFE, 0x3C, 0xF1, 0xC3, 0xCE, 0x0E, 0x70, 0x73, 0x83,
    0x9C, 0x1C, 0xE0, 0xE7, 0x07, 0x38, 0x39, 0xC1, 0xCE, 0x0E, 0x7B, 0xFF, 0xB7, 0xC0, 0x00, 0x00,
    0x00, 0x70, 0x38, 0x1C, 0x0E, 0x07, 0x03, 0x81, 0xC0, 0xE0, 0x70, 0x38, 0x1C, 0x0E, 0x07, 0x03,
    0x81, 0xC0, 0xE0, 0x70, 0x7B, 0x7F, 0xB7, 0xC0, 0x00, 0x00, 0x00, 0x70, 0x38, 0x1C, 0x0E, 0x07,
    0x03, 0x81, 0xC0, 0xE0, 0x70, 0x38, 0x1C, 0x0E, 0x07, 0x00, 0xFF, 0xFF, 0x00, 0x00, 0x00, 0x1C,
    0x1C, 0x1C, 0x1C, 0x1C, 0x1C, 0x1C, 0x1C, 0x1C, 0x1C, 0x1C, 0x1C, 0x1C, 0x1C, 0x1C, 0x1C, 0x1C,
    0xFF, 0xFF, 0x00, 0x00, 0x00, 0x1C, 0x1C, 0x1C, 0x1C, 0x1C, 0x1C, 0x1C, 0x1C, 0x1C, 0x1C, 0x1C,
    0x1C, 0x1C, 0xC7, 0xDF, 0xF3, 0xE0, 0x00, 0x0E, 0x1C, 0x38, 0x70, 0xE1, 0xC3, 0x87, 0x0E, 0x1C,
    0x38, 0x70, 0xE1, 0xC3, 0x87, 0x0E, 0x00, 0x63, 0x77, 0x7E, 0x3C, 0x00, 0x00, 0x1C, 0x1C, 0x1C,
    0x1C, 0x1C, 0x1C, 0x1C, 0x1C, 0x1C, 0x1C, 0x1C, 0x1C, 0x1C, 0x39, 0xCE, 0x73, 0x9C, 0xE7, 0x39,
    0xCE, 0x73, 0x9C, 0xE7, 0x3B, 0x99, 0xCF, 0xBC, 0x7B, 0xC0, 0x00, 0x1C, 0xE7, 0x39, 0xCE, 0x73,
    0x9C, 0xE7, 0x39, 0xDD, 0xCE, 0x7F, 0xE0, 0x77, 0x70, 0x07, 0x77, 0x77, 0x77, 0x77, 0x77, 0x77,
    0x77, 0x77, 0xFF, 0xFF, 0xFF, 0xFF, 0xFE, 0xE0, 0x0F, 0xE0, 0x0F, 0xE0, 0x0F, 0xE0, 0x0F, 0xE0,
    0x0F, 0xE0, 0x0F, 0xE0, 0x0F, 0xE0, 0x0F, 0xE0, 0x0F, 0xE0, 0x0F, 0xE0, 0x0F, 0xE0, 0x0F, 0xE0,
    0x0F, 0xE0, 0x0E, 0xE7, 0x3E, 0xE7, 0xFC, 0xE3, 0xF8, 0xF1, 0xDE, 0x38, 0x00, 0x00, 0x00, 0x00,
    0xE3, 0x9C, 0x73, 0x8E, 0x71, 0xCE, 0x39, 0xC7, 0x38, 0xE7, 0x1C, 0xE3, 0x9C, 0x73, 0x8E, 0x71,
    0xCE, 0x38, 0x07, 0x00, 0xE0, 0x3C, 0x1F, 0x07, 0xC0, 0x00, 0xC0, 0x0F, 0x00, 0x7C, 0x06, 0x70,
    0x31, 0x80, 0x00, 0x00, 0x00, 0x1C, 0x00, 0xE0, 0x07, 0x00, 0x38, 0x01, 0xC0, 0x0E, 0x00, 0x70,
    0x03, 0x80, 0x1C, 0x00, 0xE0, 0x07, 0x00, 0x38, 0x01, 0xC0, 0x1E, 0x73, 0xE3, 0xFF, 0x0F, 0xE0,
    0x0C, 0x0F, 0x0F, 0xC6, 0x73, 0x10, 0x00, 0x00, 0x1C, 0x0E, 0x07, 0x03, 0x81, 0xC0, 0xE0, 0x70,
    0x38, 0x1C, 0x0E, 0x07, 0x03, 0x81, 0xC0, 0xE0, 0xF0, 0xF1, 0xF8, 0xF8, 0x00, 0xE0, 0x7B, 0x83,
    0xCE, 0x1E, 0x38, 0xF0, 0xE7, 0x83, 0xBC, 0x0F, 0xE0, 0x3F, 0x00, 0xFE, 0x03, 0xFC, 0x0E, 0xF8,
    0x39, 0xF0, 0xE3, 0xE3, 0x87, 0xCE, 0x0F, 0x38, 0x1E, 0xE0, 0x3C, 0x00, 0x00, 0x70, 0x07, 0xC0,
    0x1E, 0x00, 0xE0, 0x1C, 0x03, 0x80, 0x70, 0x0E, 0x01, 0xC0, 0x38, 0x77, 0x1C, 0xEF, 0x1F, 0xC3,
    0xF0, 0x7C, 0x0F, 0xC1, 0xFC, 0x3B, 0xC7, 0x3C, 0xE3, 0xDC, 0x3B, 0x87, 0x80, 0x01, 0xC0, 0x78,
    0x0F, 0x00, 0xE1, 0xEE, 0x3C, 0xE7, 0x8E, 0xF0, 0xFE, 0x0F, 0xC0, 0xFC, 0x0F, 0xE0, 0xEF, 0x0E,
    0x78, 0xE3, 0xCE, 0x1C, 0xE0, 0xE0, 0x18, 0x07, 0x01, 0xC0, 0x70, 0x0C, 0x00, 0x00, 0x00, 0x07,
    0x00, 0xE0, 0x1C, 0x03, 0x80, 0x70, 0x0E, 0x01, 0xC0, 0x38, 0x07, 0x00, 0xE0, 0x1C, 0x03, 0x80,
    0x70, 0x0E, 0x01, 0xC0, 0x3F, 0xFF, 0xFF, 0x19, 0xEF, 0x80, 0x71, 0xC7, 0x1C, 0x71, 0xC7, 0x1C,
    0x71, 0xC7, 0x1C, 0x71, 0xC7, 0x1C, 0x79, 0xF3, 0x80, 0xE0, 0x1C, 0x03, 0x80, 0x70, 0x0E, 0x01,
    0xC0, 0x38, 0x07, 0x00, 0xE0, 0x1C, 0x03, 0x80, 0x70, 0x0E, 0x01, 0xC0, 0x38, 0x07, 0xFF, 0xFF,
    0xE0, 0x00, 0x38, 0x1F, 0x03, 0xC0, 0x38, 0x70, 0xE1, 0xC3, 0x87, 0x0E, 0x1C, 0x38, 0x70, 0xE1,
    0xC3, 0x87, 0x0E, 0x1C, 0x3C, 0x7C, 0x70, 0x03, 0x8F, 0x1C, 0x00, 0xEE, 0x1D, 0xC3, 0xB8, 0x77,
    0x0E, 0xE1, 0xDC, 0x38, 0x07, 0x00, 0xE0, 0x1C, 0x03, 0x80, 0x70, 0x0E, 0x01, 0xC0, 0x38, 0x07,
    0xFF, 0xFF, 0xE0, 0x77, 0x76, 0x76, 0x76, 0x76, 0x76, 0x70, 0x70, 0x70, 0x70, 0x70, 0x70, 0x70,
    0x70, 0x70, 0x70, 0x78, 0x7C, 0x38, 0xE0, 0x1C, 0x03, 0x80, 0x70, 0x0E, 0x01, 0xC0, 0x38, 0x07,
    0x1C, 0xE3, 0xDC, 0x73, 0x80, 0x70, 0x0E, 0x01, 0xC0, 0x38, 0x07, 0xFF, 0xFF, 0xE0, 0x70, 0x38,
    0x1C, 0x0E, 0x07, 0x03, 0x81, 0xC0, 0xE0, 0x70, 0x3B, 0x9D, 0xEE, 0xE7, 0x03, 0x81, 0xC0, 0xE0,
    0x78, 0x3E, 0x0E, 0x00, 0x1C, 0x00, 0x38, 0x00, 0x70, 0x00, 0xE0, 0x01, 0xC0, 0x03, 0x90, 0x07,
    0xF0, 0x0F, 0xC0, 0x3E, 0x00, 0xF8, 0x01, 0xF0, 0x00, 0xE0, 0x01, 0xC0, 0x03, 0x80, 0x07, 0x00,
    0x0F, 0xFE, 0x1F, 0xFC, 0x38, 0x38, 0x38, 0x38, 0x38, 0x38, 0x3A, 0x3E, 0x3E, 0xF8, 0xF8, 0x38,
    0x38, 0x38, 0x38, 0x38, 0x3C, 0x3E, 0x1E, 0x00, 0xC0, 0x03, 0x80, 0x0E, 0x00, 0x38, 0x00, 0x70,
    0x00, 0x00, 0x00, 0x00, 0x70, 0x0E, 0xF0, 0x1D, 0xF0, 0x3B, 0xF0, 0x77, 0xE0, 0xEE, 0xE1, 0xDD,
    0xE3, 0xB9, 0xE7, 0x71, 0xCE, 0xE1, 0xDD, 0xC3, 0xFB, 0x83, 0xF7, 0x03, 0xEE, 0x07, 0xDC, 0x07,
    0xB8, 0x07, 0x70, 0x0E, 0x03, 0x00, 0xE0, 0x38, 0x07, 0x00, 0xC0, 0x00, 0x00, 0x07, 0xFC, 0xFF,
    0xDC, 0x7B, 0x87, 0xF0, 0x7E, 0x0F, 0xC1, 0xF8, 0x3F, 0x07, 0xE0, 0xFC, 0x1F, 0x83, 0xF0, 0x70,
    0xE0, 0x1D, 0xE0, 0x3B, 0xE0, 0x77, 0xE0, 0xEF, 0xC1, 0xDD, 0xC3, 0xBB, 0xC7, 0x73, 0xCE, 0xE3,
    0x9D, 0xC3, 0xBB, 0x87, 0xF7, 0x07, 0xEE, 0x07, 0xDC, 0x0F, 0xB8, 0x0F, 0x70, 0x0E, 0xE0, 0x1C,
    0x00, 0x00, 0x1E, 0x00, 0x78, 0x00, 0xF0, 0x00, 0xFF, 0x9F, 0xFB, 0x8F, 0x70, 0xFE, 0x0F, 0xC1,
    0xF8, 0x3F, 0x07, 0xE0, 0xFC, 0x1F, 0x83, 0xF0, 0x7E, 0x0E, 0x00, 0x03, 0x81, 0xF0, 0x3C, 0x00,
    0x0C, 0x40, 0x19, 0xC0, 0x3F, 0x00, 0x3C, 0x00, 0x30, 0x00, 0x00, 0x00, 0x00, 0x70, 0x0E, 0xF0,
    0x1D, 0xF0, 0x3B, 0xF0, 0x77, 0xE0, 0xEE, 0xE1, 0xDD, 0xE3, 0xB9, 0xE7, 0x71, 0xCE, 0xE1, 0xDD,
    0xC3, 0xFB, 0x83, 0xF7, 0x03, 0xEE, 0x07, 0xDC, 0x07, 0xB8, 0x07, 0x70, 0x0E, 0x31, 0x86, 0x70,
    0x7C, 0x0F, 0x00, 0xC0, 0x00, 0x00, 0x07, 0xFC, 0xFF, 0xDC, 0x7B, 0x87, 0xF0, 0x7E, 0x0F, 0xC1,
    0xF8, 0x3F, 0x07, 0xE0, 0xFC, 0x1F, 0x83, 0xF0, 0x70, 0x70, 0x03, 0x80, 0x38, 0x01, 0xC0, 0x0E,
    0x00, 0x00, 0x00, 0xFF, 0x87, 0xFE, 0x38, 0xF1, 0xC3, 0xCE, 0x0E, 0x70, 0x73, 0x83, 0x9C, 0x1C,
    0xE0, 0xE7, 0x07, 0x38, 0x39, 0xC1, 0xCE, 0x0E, 0xE0, 0x1D, 0xE0, 0x3B, 0xE0, 0x77, 0xE0, 0xEF,
    0xC1, 0xDD, 0xC3, 0xBB, 0xC7, 0x73, 0xCE, 0xE3, 0x9D, 0xC3, 0xBB, 0x83, 0xF7, 0x07, 0xEE, 0x07,
    0xDC, 0x07, 0xB8, 0x07, 0x70, 0x0E, 0xE0, 0x1C, 0x00, 0x38, 0x00, 0x70, 0x00, 0xE0, 0x07, 0xC0,
    0x0F, 0x00, 0xFF, 0x9F, 0xFB, 0x8F, 0x70, 0xFE, 0x0F, 0xC1, 0xF8, 0x3F, 0x07, 0xE0, 0xFC, 0x1F,
    0x83, 0xF0, 0x7E, 0x0E, 0x01, 0xC0, 0x38, 0x0F, 0x07, 0xC0, 0xF8, 0x07, 0xF8, 0x03, 0xFC, 0x00,
    0x00, 0x00, 0x00, 0x00, 0x00, 0x00, 0x3F, 0xC0, 0x7F, 0xF0, 0x7E, 0x7C, 0x78, 0x0F, 0x38, 0x03,
    0xDC, 0x01, 0xFE, 0x00, 0x7E, 0x00, 0x3F, 0x00, 0x1F, 0x80, 0x0F, 0xE0, 0x07, 0x70, 0x07, 0xB8,
    0x03, 0xDE, 0x03, 0xC7, 0xE7, 0xC1, 0xFF, 0xC0, 0x3F, 0xC0, 0x3F, 0xC1, 0xFE, 0x00, 0x00, 0x00,
    0x00, 0x00, 0x0F, 0xE0, 0xFF, 0x8F, 0x3E, 0x70, 0x77, 0x03, 0xF8, 0x0F, 0xC0, 0x7E, 0x03, 0xF0,
    0x3D, 0xC1, 0xCF, 0x3E, 0x3F, 0xE0, 0xFE, 0x00, 0x06, 0x30, 0x03, 0xB8, 0x00, 0xFC, 0x00, 0x7C,
    0x00, 0x00, 0x00, 0x00, 0x00, 0x1F, 0xE0, 0x3F, 0xF8, 0x3F, 0x3E, 0x3C, 0x07, 0x9C, 0x01, 0xEE,
    0x00, 0xFF, 0x00, 0x3F, 0x00, 0x1F, 0x80, 0x0F, 0xC0, 0x07, 0xF0, 0x03, 0xB8, 0x03, 0xDC, 0x01,
    0xEF, 0x01, 0xE3, 0xF3, 0xE0, 0xFF, 0xE0, 0x1F, 0xE0, 0x18, 0xC0, 0xEE, 0x07, 0xE0, 0x1F, 0x00,
    0x00, 0x00, 0x00, 0x7F, 0x07, 0xFC, 0x79, 0xF3, 0x83, 0xB8, 0x1F, 0xC0, 0x7E, 0x03, 0xF0, 0x1F,
    0x81, 0xEE, 0x0E, 0x79, 0xF1, 0xFF, 0x07, 0xF0, 0x00, 0xCC, 0x00, 0xEE, 0x00, 0xEE, 0x00, 0x66,
    0x00, 0x33, 0x00, 0x00, 0x00, 0x00, 0x00, 0x0F, 0xF0, 0x1F, 0xFC, 0x1F, 0x9F, 0x1E, 0x03, 0xCE,
    0x00, 0xF7, 0x00, 0x7F, 0x80, 0x1F, 0x80, 0x0F, 0xC0, 0x07, 0xE0, 0x03, 0xF8, 0x01, 0xDC, 0x01,
    0xEE, 0x00, 0xF7, 0x80, 0xF1, 0xF9, 0xF0, 0x7F, 0xF0, 0x0F, 0xF0, 0x06, 0x70, 0x3B, 0x83, 0xB8,
    0x3B, 0x81, 0x98, 0x00, 0x00, 0x00, 0x03, 0xF8, 0x3F, 0xE3, 0xCF, 0x9C, 0x1D, 0xC0, 0xFE, 0x03,
    0xF0, 0x1F, 0x80, 0xFC, 0x0F, 0x70, 0x73, 0xCF, 0x8F, 0xF8, 0x3F, 0x80, 0x07, 0xFF, 0xFE, 0x3F,
    0xFF, 0xFC, 0xFC, 0x38, 0x01, 0xE0, 0x70, 0x07, 0x80, 0xE0, 0x0E, 0x01, 0xC0, 0x3C, 0x03, 0x80,
    0x70, 0x07, 0xFE, 0xE0, 0x0F, 0xFD, 0xC0, 0x1C, 0x03, 0xC0, 0x38, 0x03, 0x80, 0x70, 0x07, 0x80,
    0xE0, 0x0F, 0x81, 0xC0, 0x0F, 0xC3, 0x80, 0x0F, 0xFF, 0xFF, 0x07, 0xFF, 0xFE, 0x1F, 0x87, 0xE0,
    0xFF, 0xBF, 0xC7, 0x9F, 0xE7, 0x9C, 0x1E, 0x0E, 0xE0, 0x78, 0x3F, 0x80, 0xFF, 0xFE, 0x03, 0xFF,
    0xF8, 0x0E, 0x00, 0xE0, 0x78, 0x01, 0xC1, 0xF0, 0x07, 0x9F, 0xF3, 0x0F, 0xFB, 0xFE, 0x1F, 0x87,
    0xF8, 0x03, 0x00, 0x1C, 0x00, 0xF0, 0x03, 0x80, 0x0C, 0x00, 0x00, 0x00, 0x00, 0x3F, 0xF0, 0xFF,
    0xE3, 0x8F, 0xCE, 0x07, 0x38, 0x1E, 0xE0, 0x7B, 0x81, 0xCE, 0x1F, 0x3F, 0xF8, 0xFF, 0xC3, 0x8F,
    0x0E, 0x1C, 0x38, 0x38, 0xE0, 0xF3, 0x81, 0xCE, 0x07, 0xB8, 0x0E, 0x0E, 0x0E, 0x1C, 0x38, 0x30,
    0x00, 0x00, 0xFF, 0xFF, 0xE2, 0xE0, 0xE0, 0xE0, 0xE0, 0xE0, 0xE0, 0xE0, 0xE0, 0xE0, 0xE0, 0xFF,
    0xC3, 0xFF, 0x8E, 0x3F, 0x38, 0x1C, 0xE0, 0x7B, 0x81, 0xEE, 0x07, 0x38, 0x7C, 0xFF, 0xE3, 0xFF,
    0x0E, 0x3C, 0x38, 0x70, 0xE0, 0xE3, 0x83, 0xCE, 0x07, 0x38, 0x1E, 0xE0, 0x38, 0x00, 0x00, 0x70,
    0x07, 0xC0, 0x1E, 0x00, 0x3F, 0xCF, 0xF3, 0x88, 0xE0, 0x38, 0x0E, 0x03, 0x80, 0xE0, 0x38, 0x0E,
    0x03, 0x80, 0xE0, 0x38, 0x00, 0x07, 0x83, 0xC0, 0xF0, 0x00, 0x31, 0x80, 0xEE, 0x01, 0xF0, 0x03,
    0x80, 0x0C, 0x00, 0x00, 0x00, 0x00, 0x3F, 0xF0, 0xFF, 0xE3, 0x8F, 0xCE, 0x07, 0x38, 0x1E, 0xE0,
    0x7B, 0x81, 0xCE, 0x1F, 0x3F, 0xF8, 0xFF, 0xC3, 0x8F, 0x0E, 0x1C, 0x38, 0x38, 0xE0, 0xF3, 0x81,
    0xCE, 0x07, 0xB8, 0x0E, 0xC6, 0xEE, 0x7C, 0x3C, 0x18, 0x00, 0x00, 0xFF, 0xFF, 0xE2, 0xE0, 0xE0,
    0xE0, 0xE0, 0xE0, 0xE0, 0xE0, 0xE0, 0xE0, 0xE0, 0x00, 0xC0, 0x0E, 0x00, 0xE0, 0x0E, 0x00, 0x60,
    0x00, 0x00, 0x00, 0x03, 0xFC, 0x3F, 0xF3, 0xE3, 0x9C, 0x00, 0xE0, 0x07, 0x80, 0x1F, 0x00, 0x7C,
    0x00, 0xF8, 0x01, 0xF0, 0x07, 0x80, 0x1E, 0x00, 0x70, 0x07, 0xBC, 0xF9, 0xFF, 0xC7, 0xF8, 0x07,
    0x01, 0xC0, 0xE0, 0x70, 0x18, 0x00, 0x00, 0x00, 0xFE, 0xFF, 0xBC, 0xCE, 0x03, 0xC0, 0xFC, 0x0F,
    0xC0, 0xF8, 0x0E, 0x03, 0xF9, 0xEF, 0xFB, 0xFC, 0x03, 0x00, 0x3C, 0x03, 0xF0, 0x39, 0x80, 0x8C,
    0x00, 0x00, 0x00, 0x03, 0xFC, 0x3F, 0xF3, 0xE3, 0x9C, 0x00, 0xE0, 0x07, 0x80, 0x1F, 0x00, 0x7C,
    0x00, 0xF8, 0x01, 0xF0, 0x07, 0x80, 0x1E, 0x00, 0x70, 0x07, 0xBC, 0xF9, 0xFF, 0xC7, 0xF8, 0x0C,
    0x07, 0x03, 0xE1, 0xDC, 0x63, 0x00, 0x00, 0x00, 0xFE, 0xFF, 0xBC, 0xCE, 0x03, 0xC0, 0xFC, 0x0F,
    0xC0, 0xF8, 0x0E, 0x03, 0xF9, 0xEF, 0xFB, 0xFC, 0x1F, 0xE1, 0xFF, 0x9F, 0x1C, 0xE0, 0x07, 0x00,
    0x3C, 0x00, 0xF8, 0x03, 0xE0, 0x07, 0xC0, 0x0F, 0x80, 0x3C, 0x00, 0xF0, 0x03, 0x80, 0x3D, 0xE7,
    0xCF, 0xFE, 0x3F, 0xC0, 0x38, 0x01, 0xC0, 0x07, 0x00, 0xF8, 0x07, 0x80, 0x3F, 0xBF, 0xEF, 0x33,
    0x80, 0xF0, 0x3F, 0x03, 0xF0, 0x3E, 0x03, 0x80, 0xFE, 0x7B, 0xFE, 0xFF, 0x07, 0x01, 0xC0, 0x38,
    0x3E, 0x1F, 0x00, 0x08, 0xC0, 0xE6, 0x03, 0xF0, 0x0F, 0x00, 0x30, 0x00, 0x00, 0x00, 0x03, 0xFC,
    0x3F, 0xF3, 0xE3, 0x9C, 0x00, 0xE0, 0x07, 0x80, 0x1F, 0x00, 0x7C, 0x00, 0xF8, 0x01, 0xF0, 0x07,
    0x80, 0x1E, 0x00, 0x70, 0x07, 0xBC, 0xF9, 0xFF, 0xC7, 0xF8, 0x63, 0x1D, 0xC3, 0xE0, 0x70, 0x08,
    0x00, 0x00, 0x00, 0xFE, 0xFF, 0xBC, 0xCE, 0x03, 0xC0, 0xFC, 0x0F, 0xC0, 0xF8, 0x0E, 0x03, 0xF9,
    0xEF, 0xFB, 0xFC, 0xFF, 0xFF, 0xFF, 0xF0, 0x78, 0x01, 0xE0, 0x07, 0x80, 0x1E, 0x00, 0x78, 0x01,
    0xE0, 0x07, 0x80, 0x1E, 0x00, 0x78, 0x01, 0xE0, 0x07, 0x80, 0x1E, 0x00, 0x78, 0x01, 0xE0, 0x07,
    0x80, 0x0C, 0x00, 0x70, 0x00, 0xE0, 0x03, 0x80, 0x3E, 0x00, 0xF0, 0x00, 0x70, 0x78, 0x3C, 0x1E,
    0x0F, 0xF7, 0xFB, 0xC1, 0xE0, 0xF0, 0x78, 0x3C, 0x1E, 0x07, 0x03, 0x81, 0xE4, 0xFF, 0x3F, 0x86,
    0x03, 0x81, 0xC3, 0xE1, 0xF0, 0x08, 0x40, 0x33, 0x80, 0xFC, 0x01, 0xE0, 0x03, 0x00, 0x00, 0x00,
    0x00, 0x3F, 0xFF, 0xFF, 0xFC, 0x1E, 0x00, 0x78, 0x01, 0xE0, 0x07, 0x80, 0x1E, 0x00, 0x78, 0x01,
    0xE0, 0x07, 0x80, 0x1E, 0x00, 0x78, 0x01, 0xE0, 0x07, 0x80, 0x1E, 0x00, 0x78, 0x01, 0xE0, 0x06,
    0x03, 0x01, 0x8E, 0xCF, 0x67, 0x83, 0xC1, 0xFE, 0xFF, 0x78, 0x3C, 0x1E, 0x0F, 0x07, 0x83, 0xC1,
    0xE0, 0x70, 0x3C, 0x9F, 0xE7, 0xF0, 0xFF, 0xFF, 0xFF, 0xF0, 0x78, 0x01, 0xE0, 0x07, 0x80, 0x1E,
    0x00, 0x78, 0x0F, 0xFC, 0x3F, 0xF0, 0x1E, 0x00, 0x78, 0x01, 0xE0, 0x07, 0x80, 0x1E, 0x00, 0x78,
    0x01, 0xE0, 0x07, 0x80, 0x70, 0x78, 0x3C, 0x1E, 0x0F, 0xF7, 0xFB, 0xC1, 0xE0, 0xF0, 0x7F, 0xBF,
    0xDE, 0x0F, 0x03, 0x81, 0xE4, 0xFF, 0x3F, 0x80, 0x1F, 0x60, 0x7F, 0x83, 0xBC, 0x00, 0x00, 0x00,
    0x00, 0x00, 0x0E, 0x03, 0xF8, 0x0F, 0xE0, 0x3F, 0x80, 0xFE, 0x03, 0xF8, 0x0F, 0xE0, 0x3F, 0x80,
    0xFE, 0x03, 0xF8, 0x0F, 0xE0, 0x3F, 0x80, 0xEE, 0x03, 0xBC, 0x1E, 0x7C, 0xF0, 0xFF, 0xC1, 0xFC,
    0x00, 0x1E, 0xC3, 0xFC, 0x37, 0x80, 0x00, 0x00, 0x00, 0x00, 0xF0, 0x7F, 0x07, 0xF0, 0x7F, 0x07,
    0xF0, 0x7F, 0x07, 0xF0, 0x7F, 0x07, 0x70, 0x77, 0x07, 0x78, 0xF3, 0xFF, 0x1F, 0xF0, 0x1F, 0xE0,
    0x7F, 0x80, 0x00, 0x00, 0x00, 0x00, 0x03, 0x80, 0xFE, 0x03, 0xF8, 0x0F, 0xE0, 0x3F, 0x80, 0xFE,
    0x03, 0xF8, 0x0F, 0xE0, 0x3F, 0x80, 0xFE, 0x03, 0xF8, 0x0F, 0xE0, 0x3B, 0x80, 0xEF, 0x07, 0x9F,
    0x3C, 0x3F, 0xF0, 0x7F, 0x00, 0x3F, 0xC3, 0xFC, 0x00, 0x00, 0x00, 0x00, 0x0F, 0x07, 0xF0, 0x7F,
    0x07, 0xF0, 0x7F, 0x07, 0xF0, 0x7F, 0x07, 0xF0, 0x77, 0x07, 0x70, 0x77, 0x8F, 0x3F, 0xF1, 0xFF,
    0x18, 0xC0, 0x77, 0x00, 0xFC, 0x03, 0xE0, 0x00, 0x00, 0x00, 0x0E, 0x03, 0xF8, 0x0F, 0xE0, 0x3F,
    0x80, 0xFE, 0x03, 0xF8, 0x0F, 0xE0, 0x3F, 0x80, 0xFE, 0x03, 0xF8, 0x0F, 0xE0, 0x3F, 0x80, 0xEE,
    0x03, 0xBC, 0x1E, 0x7C, 0xF0, 0xFF, 0xC1, 0xFC, 0x00, 0x39, 0xC1, 0xDC, 0x1F, 0x80, 0xF0, 0x00,
    0x00, 0x00, 0xF0, 0x7F, 0x07, 0xF0, 0x7F, 0x07, 0xF0, 0x7F, 0x07, 0xF0, 0x7F, 0x07, 0x70, 0x77,
    0x07, 0x78, 0xF3, 0xFF, 0x1F, 0xF0, 0x07, 0x80, 0x36, 0x00, 0xCC, 0x03, 0x60, 0x07, 0x80, 0x00,
    0x00, 0x00, 0x38, 0x0F, 0xE0, 0x3F, 0x80, 0xFE, 0x03, 0xF8, 0x0F, 0xE0, 0x3F, 0x80, 0xFE, 0x03,
    0xF8, 0x0F, 0xE0, 0x3F, 0x80, 0xFE, 0x03, 0xB8, 0x0E, 0xF0, 0x79, 0xF3, 0xC3, 0xFF, 0x07, 0xF0,
    0x0F, 0x01, 0xD8, 0x19, 0x81, 0xD8, 0x0F, 0x00, 0x00, 0x00, 0x0F, 0x07, 0xF0, 0x7F, 0x07, 0xF0,
    0x7F, 0x07, 0xF0, 0x7F, 0x07, 0xF0, 0x77, 0x07, 0x70, 0x77, 0x8F, 0x3F, 0xF1, 0xFF, 0x03, 0x30,
    0x1D, 0xC0, 0xEE, 0x07, 0x30, 0x18, 0xC0, 0x00, 0x00, 0x00, 0x38, 0x0F, 0xE0, 0x3F, 0x80, 0xFE,
    0x03, 0xF8, 0x0F, 0xE0, 0x3F, 0x80, 0xFE, 0x03, 0xF8, 0x0F, 0xE0, 0x3F, 0x80, 0xFE, 0x03, 0xB8,
    0x0E, 0xF0, 0x79, 0xF3, 0xC3, 0xFF, 0x07, 0xF0, 0x06, 0x60, 0xEE, 0x0E, 0xE1, 0xDC, 0x19, 0x80,
    0x00, 0x00, 0x0F, 0x07, 0xF0, 0x7F, 0x07, 0xF0, 0x7F, 0x07, 0xF0, 0x7F, 0x07, 0xF0, 0x77, 0x07,
    0x70, 0x77, 0x8F, 0x3F, 0xF1, 0xFF, 0xE0, 0x3F, 0x80, 0xFE, 0x03, 0xF8, 0x0F, 0xE0, 0x3F, 0x80,
    0xFE, 0x03, 0xF8, 0x0F, 0xE0, 0x3F, 0x80, 0xFE, 0x03, 0xF8, 0x0E, 0xE0, 0x3B, 0xC1, 0xE7, 0xCF,
    0x8F, 0xFC, 0x1F, 0xE0, 0x0E, 0x00, 0x70, 0x01, 0xC0, 0x07, 0xC0, 0x0F, 0x00, 0xF0, 0x7F, 0x07,
    0xF0, 0x7F, 0x07, 0xF0, 0x7F, 0x07, 0xF0, 0x7F, 0x07, 0x70, 0x77, 0x07, 0x78, 0xF3, 0xFF, 0x1F,
    0xF0, 0x0E, 0x01, 0xC0, 0x1C, 0x01, 0xF0, 0x1F, 0x00, 0x18, 0x00, 0x00, 0x70, 0x00, 0x01, 0xF0,
    0x00, 0x07, 0x70, 0x00, 0x0C, 0x60, 0x00, 0x00, 0x00, 0x00, 0x00, 0x00, 0x78, 0x00, 0x07, 0x70,
    0x00, 0x1E, 0xE0, 0x70, 0x39, 0xC0, 0xF0, 0x73, 0x83, 0xE0, 0xE7, 0x87, 0xC1, 0xC7, 0x0F, 0xC7,
    0x8E, 0x3B, 0x8E, 0x1C, 0x77, 0x1C, 0x3C, 0xE7, 0x38, 0x3B, 0x8E, 0x70, 0x77, 0x1D, 0xC0, 0xEE,
    0x1F, 0x81, 0xF8, 0x3F, 0x01, 0xF0, 0x3C, 0x03, 0xC0, 0x78, 0x07, 0x80, 0xF0, 0x00, 0x60, 0x00,
    0x1C, 0x00, 0x07, 0xC0, 0x01, 0xDC, 0x00, 0x31, 0x80, 0x00, 0x00, 0x00, 0x00, 0x07, 0x07, 0x07,
    0xF0, 0xE0, 0xEE, 0x1E, 0x1D, 0xC3, 0xC7, 0x38, 0xF8, 0xE3, 0x9F, 0x9C, 0x73, 0x77, 0x0E, 0xEE,
    0xE0, 0xFC, 0xDC, 0x1F, 0x1F, 0x03, 0xE3, 0xE0, 0x3C, 0x3C, 0x07, 0x07, 0x00, 0x01, 0x00, 0x07,
    0x00, 0x1F, 0x00, 0x77, 0x00, 0xC6, 0x00, 0x00, 0x00, 0x00, 0x78, 0x0F, 0x70, 0x1C, 0xF0, 0x78,
    0xE0, 0xE1, 0xE3, 0xC1, 0xEF, 0x01, 0xDC, 0x03, 0xF8, 0x03, 0xE0, 0x03, 0x80, 0x07, 0x00, 0x0E,
    0x00, 0x1C, 0x00, 0x38, 0x00, 0x70, 0x00, 0xE0, 0x01, 0xC0, 0x02, 0x00, 0x70, 0x0F, 0x81, 0xDC,
    0x18, 0xC0, 0x00, 0x00, 0x0E, 0x07, 0xF0, 0x77, 0x07, 0x70, 0xE7, 0x8E, 0x38, 0xE3, 0x8C, 0x1D,
    0xC1, 0xDC, 0x1F, 0x80, 0xF8, 0x0F, 0x80, 0x70, 0x07, 0x00, 0x70, 0x9E, 0x0F, 0xC0, 0xF8, 0x00,
    0x0E, 0xE0, 0x3D, 0xE0, 0x3B, 0x80, 0x00, 0x00, 0x00, 0x1E, 0x03, 0xDC, 0x07, 0x3C, 0x1E, 0x38,
    0x38, 0x78, 0xF0, 0x7B, 0xC0, 0x77, 0x00, 0xFE, 0x00, 0xF8, 0x00, 0xE0, 0x01, 0xC0, 0x03, 0x80,
    0x07, 0x00, 0x0E, 0x00, 0x1C, 0x00, 0x38, 0x00, 0x70, 0x00, 0x00, 0xC0, 0x07, 0x00, 0x38, 0x00,
    0xE0, 0x03, 0x00, 0x00, 0x00, 0x00, 0x1F, 0xFF, 0x7F, 0xFC, 0x01, 0xE0, 0x0F, 0x00, 0x38, 0x01,
    0xE0, 0x0F, 0x00, 0x78, 0x01, 0xC0, 0x0F, 0x00, 0x78, 0x01, 0xC0, 0x0F, 0x00, 0x78, 0x01, 0xC0,
    0x0F, 0xFF, 0xFF, 0xFF, 0x03, 0x80, 0x70, 0x1C, 0x07, 0x00, 0xC0, 0x00, 0x00, 0x03, 0xFF, 0x7F,
    0xE0, 0x3C, 0x0F, 0x03, 0xC0, 0xF0, 0x1C, 0x07, 0x81, 0xE0, 0x78, 0x0E, 0x01, 0xFF, 0xBF, 0xF0,
    0x03, 0x80, 0x1E, 0x00, 0x38, 0x00, 0x00, 0x00, 0x01, 0xFF, 0xF7, 0xFF, 0xC0, 0x1E, 0x00, 0xF0,
    0x03, 0x80, 0x1E, 0x00, 0xF0, 0x07, 0x80, 0x1C, 0x00, 0xF0, 0x07, 0x80, 0x1C, 0x00, 0xF0, 0x07,
    0x80, 0x1C, 0x00, 0xFF, 0xFF, 0xFF, 0xF0, 0x0E, 0x01, 0xE0, 0x38, 0x00, 0x00, 0x00, 0xFF, 0xDF,
    0xF8, 0x0F, 0x03, 0xC0, 0xF0, 0x3C, 0x07, 0x01, 0xE0, 0x78, 0x1E, 0x03, 0x80, 0x7F, 0xEF, 0xFC,
    0x0C, 0x60, 0x3B, 0x80, 0x7C, 0x01, 0xE0, 0x03, 0x00, 0x00, 0x00, 0x00, 0x1F, 0xFF, 0x7F, 0xFC,
    0x01, 0xE0, 0x0F, 0x00, 0x38, 0x01, 0xE0, 0x0F, 0x00, 0x78, 0x01, 0xC0, 0x0F, 0x00, 0x78, 0x01,
    0xC0, 0x0F, 0x00, 0x78, 0x01, 0xC0, 0x0F, 0xFF, 0xFF, 0xFF, 0x31, 0x87, 0x30, 0x7C, 0x07, 0x80,
    0x60, 0x00, 0x00, 0x03, 0xFF, 0x7F, 0xE0, 0x3C, 0x0F, 0x03, 0xC0, 0xF0, 0x1C, 0x07, 0x81, 0xE0,
    0x78, 0x0E, 0x01, 0xFF, 0xBF, 0xF0, 0x3F, 0x7F, 0xF0, 0xE0, 0xE0, 0xE0, 0xE0, 0xE0, 0xE0, 0xE0,
    0xE0, 0xE0, 0xE0, 0xE0, 0xE0, 0xE0, 0xE0, 0xE0, 0xE0, 0x3F, 0xE0, 0x7F, 0xF8, 0x38, 0xFC, 0x00,
    0x3C, 0x00, 0x1E, 0x00, 0x0E, 0x00, 0x0E, 0x00, 0x0E, 0xFF, 0xFF, 0xFF, 0xFE, 0xE0, 0x0E, 0xF0,
    0x0E, 0x70, 0x1E, 0x78, 0x1C, 0x7C, 0x7C, 0x3F, 0xF8, 0x0F, 0xE0, 0x00, 0x03, 0x80, 0x00, 0xE0,
    0x7F, 0xB8, 0x7F, 0xFE, 0x3F, 0x3F, 0x1E, 0x03, 0xC7, 0x00, 0x71, 0xC0, 0x1E, 0xF0, 0x03, 0xB8,
    0x00, 0xEE, 0x00, 0x3B, 0x80, 0x0E, 0xF0, 0x03, 0x9C, 0x01, 0xE7, 0x00, 0x79, 0xE0, 0x3C, 0x3F,
    0x3E, 0x07, 0xFF, 0x00, 0x7F, 0x80, 0x00, 0x1C, 0x00, 0x71, 0xFD, 0xCF, 0xFE, 0x79, 0xF1, 0xC1,
    0xCE, 0x07, 0xB8, 0x0E, 0xE0, 0x3B, 0x80, 0xEE, 0x07, 0x9C, 0x1C, 0x79, 0xF0, 0xFF, 0x81, 0xFC,
    0x00, 0x00, 0x03, 0x80, 0x01, 0xC0, 0x01, 0xDC, 0x07, 0xEE, 0x03, 0xE7, 0x01, 0xE3, 0x80, 0xF1,
    0xC0, 0x78, 0xE0, 0x3C, 0x70, 0x1E, 0x38, 0x0F, 0x1C, 0x07, 0x8E, 0x03, 0xC7, 0x01, 0xE3, 0x80,
    0xE1, 0xC0, 0x70, 0xF0, 0x78, 0x3E, 0x7C, 0x0F, 0xFC, 0x03, 0xF8, 0x00, 0x00, 0x0E, 0x00, 0x1C,
    0x00, 0x7F, 0x83, 0xEF, 0x07, 0x9E, 0x0E, 0x3C, 0x1C, 0x78, 0x38, 0xF0, 0x71, 0xE0, 0xE3, 0xC1,
    0xC3, 0x83, 0x87, 0x07, 0x0F, 0x1E, 0x0F, 0xFC, 0x0F, 0xF8, 0x00, 0x00, 0x0C, 0x60, 0x00, 0x00,
    0x33, 0x80, 0x00, 0x00, 0x7C, 0x00, 0x00, 0x01, 0xE0, 0x00, 0x00, 0x03, 0x00, 0x00, 0x00, 0x00,
    0x00, 0x00, 0x00, 0x00, 0x3F, 0xF0, 0x1F, 0xFE, 0xFF, 0xE0, 0x7F, 0xFB, 0x87, 0xE0, 0x01, 0xEE,
    0x07, 0x80, 0x0F, 0x38, 0x0F, 0x00, 0x38, 0xE0, 0x1C, 0x01, 0xC3, 0x80, 0x78, 0x0F, 0x0E, 0x01,
    0xE0, 0x78, 0x38, 0x07, 0x81, 0xC0, 0xE0, 0x1E, 0x0F, 0x03, 0x80, 0x78, 0x78, 0x0E, 0x01, 0xC1,
    0xC0, 0x38, 0x0F, 0x0E, 0x00, 0xE0, 0x78, 0x78, 0x03, 0x87, 0xE1, 0xC0, 0x0F, 0xFE, 0x0F, 0xFF,
    0xFF, 0xF0, 0x3F, 0xFF, 0x00, 0x00, 0x31, 0x80, 0x00, 0x07, 0x70, 0x00, 0x00, 0x7C, 0x7F, 0xE0,
    0x07, 0x8F, 0xFE, 0x00, 0x61, 0xC3, 0xF0, 0x00, 0x38, 0x1E, 0x00, 0x07, 0x01, 0xE3, 0xFF, 0xE0,
    0x1C, 0x7F, 0xFC, 0x03, 0xC0, 0x3F, 0x80, 0x78, 0x0F, 0x70, 0x0F, 0x03, 0xCE, 0x01, 0xE0, 0xF1,
    0xC0, 0x3C, 0x3C, 0x38, 0x07, 0x07, 0x07, 0x01, 0xE1, 0xE0, 0xE0, 0x78, 0x78, 0x1C, 0x3F, 0x0E,
    0x03, 0xFF, 0x83, 0xFF, 0xFF, 0xE0, 0x7F, 0xF0, 0x00, 0x00, 0xC6, 0x00, 0x38, 0x77, 0x00, 0x1C,
    0x1F, 0x00, 0x0E, 0x07, 0x00, 0x07, 0x01, 0x80, 0x03, 0x80, 0x00, 0x01, 0xC0, 0x00, 0x3F, 0xE3,
    0xFF, 0x3F, 0xF1, 0xFF, 0xBC, 0xF8, 0x03, 0xBC, 0x1C, 0x03, 0xDC, 0x0E, 0x03, 0xCE, 0x07, 0x03,
    0xC7, 0x03, 0x83, 0xC3, 0x81, 0xC1, 0xC1, 0xC0, 0xE1, 0xE0, 0xF0, 0x71, 0xE0, 0x3E, 0x38, 0xE0,
    0x0F, 0xFC, 0xFF, 0xE3, 0xFE, 0x7F, 0xF0, 0xE0, 0x00, 0x1F, 0x80, 0x00, 0x7E, 0x00, 0x01, 0xF8,
    0x00, 0x07, 0xE0, 0x00, 0x1F, 0x80, 0x00, 0x7E, 0x00, 0x01, 0xF8, 0x00, 0x07, 0xE0, 0x00, 0x1F,
    0x80, 0x00, 0x7E, 0x00, 0x01, 0xF8, 0x00, 0x07, 0xE0, 0x00, 0x1F, 0x80, 0x00, 0xFE, 0x01, 0xE7,
    0xBF, 0xFF, 0xFE, 0xFF, 0xEF, 0xE0, 0x00, 0x07, 0xE0, 0x07, 0xE0, 0x00, 0xE0, 0x00, 0xE0, 0x00,
    0xE0, 0x07, 0xE0, 0x07, 0xE0, 0x07, 0xE0, 0x07, 0xE0, 0x07, 0xE0, 0x07, 0xE0, 0x07, 0xE0, 0x07,
    0xE0, 0x07, 0xE0, 0x07, 0xE0, 0x07, 0xFF, 0xE7, 0xFF, 0xE7, 0x00, 0x07, 0x00, 0x0F, 0x00, 0x0E,
    0x00, 0x7E, 0x00, 0x7C, 0x70, 0x0E, 0x3D, 0xC7, 0xB8, 0x07, 0x00, 0xE0, 0x1C, 0x3B, 0x87, 0x70,
    0xEE, 0x1D, 0xC3, 0xB8, 0x77, 0x0E, 0xE1, 0xDC, 0x3B, 0x87, 0x78, 0xEF, 0x9C, 0xE3, 0x80, 0x70,
    0x1C, 0x07, 0x83, 0xF0, 0x7C, 0xE0, 0x1C, 0x00, 0xFE, 0x03, 0x80, 0x1F, 0xE0, 0x70, 0x03, 0xFE,
    0x0E, 0x00, 0x7F, 0xC1, 0xC0, 0x0F, 0xDC, 0x38, 0x01, 0xFB, 0xC7, 0x00, 0x3F, 0x3C, 0xE0, 0x07,
    0xE3, 0x9C, 0x00, 0xFC, 0x3B, 0x80, 0x1F, 0x87, 0xF0, 0x03, 0xF0, 0x7E, 0x00, 0x7E, 0x07, 0xC0,
    0x0F, 0xC0, 0xF8, 0x01, 0xF8, 0x0F, 0x1C, 0xF7, 0x00, 0xE7, 0xFE, 0xE0, 0x1C, 0x7F, 0x80, 0x00,
    0x00, 0x3F, 0x00, 0xE1, 0xFC, 0x07, 0x01, 0xF0, 0x38, 0x0F, 0xC1, 0xC0, 0x7E, 0x0E, 0x1F, 0xB8,
    0x70, 0xFD, 0xE3, 0x87, 0xE7, 0x9C, 0x3F, 0x1C, 0xE1, 0xF8, 0x77, 0x0F, 0xC3, 0xF8, 0x7E, 0x0F,
    0xC3, 0xF0, 0x3E, 0x1F, 0x81, 0xF0, 0xFC, 0x07, 0x87, 0xE0, 0x1C, 0x3F, 0x00, 0xE1, 0xC0, 0x00,
    0x0E, 0x00, 0x00, 0x70, 0x00, 0x07, 0x80, 0x01, 0xF8, 0x00, 0x0F, 0x80, 0x00, 0x03, 0x80, 0x00,
    0xE0, 0x00, 0x00, 0x00, 0x00, 0x00, 0x00, 0x3F, 0xE0, 0xEF, 0xFC, 0x3B, 0x8F, 0x0E, 0xE1, 0xE3,
    0xB8, 0x38, 0xEE, 0x0E, 0x3B, 0x83, 0x8E, 0xE0, 0xE3, 0xB8, 0x38, 0xEE, 0x0E, 0x3B, 0x83, 0x8E,
    0xE0, 0xE3, 0xB8, 0x38, 0xE0, 0x00, 0x38, 0x00, 0x0E, 0x00, 0x07, 0x80, 0x07, 0xC0, 0x03, 0xE0,
    0x06, 0x30, 0x03, 0xB8, 0x00, 0xF8, 0x00, 0x78, 0x00, 0x18, 0x00, 0x00, 0x00, 0x00, 0x00, 0x03,
    0x80, 0x03, 0xE0, 0x01, 0xF0, 0x01, 0xF8, 0x00, 0xEE, 0x00, 0xE7, 0x00, 0x73, 0xC0, 0x78, 0xE0,
    0x38, 0x78, 0x1C, 0x1C, 0x1E, 0x0E, 0x0F, 0xFF, 0x87, 0xFF, 0xC7, 0x00, 0xE3, 0x80, 0x7B, 0xC0,
    0x1D, 0xC0, 0x0F, 0x31, 0x87, 0x70, 0x7C, 0x07, 0x00, 0x40, 0x00, 0x00, 0x03, 0xFC, 0x7F, 0xCC,
    0x78, 0x07, 0x00, 0x73, 0xFE, 0xFF, 0xFE, 0x7F, 0x07, 0xE0, 0xFE, 0x3F, 0xFF, 0x9F, 0xE0, 0xC7,
    0xDD, 0xF1, 0xC3, 0x00, 0x00, 0x1C, 0x38, 0x70, 0xE1, 0xC3, 0x87, 0x0E, 0x1C, 0x38, 0x70, 0xE1,
    0xC3, 0x87, 0x0E, 0x1C, 0x63, 0x67, 0x3E, 0x3C, 0x18, 0x00, 0x00, 0x1C, 0x1C, 0x1C, 0x1C, 0x1C,
    0x1C, 0x1C, 0x1C, 0x1C, 0x1C, 0x1C, 0x1C, 0x1C, 0x06, 0x30, 0x03, 0xB8, 0x00, 0xF8, 0x00, 0x3C,
    0x00, 0x0C, 0x00, 0x00, 0x00, 0x00, 0x00, 0x0F, 0xF0, 0x1F, 0xFC, 0x1F, 0x9F, 0x1E, 0x03, 0xCE,
    0x00, 0xF7, 0x00, 0x7F, 0x80, 0x1F, 0x80, 0x0F, 0xC0, 0x07, 0xE0, 0x03, 0xF8, 0x01, 0xDC, 0x01,
    0xEE, 0x00, 0xF7, 0x80, 0xF1, 0xF9, 0xF0, 0x7F, 0xF0, 0x0F, 0xF0, 0x18, 0xC0, 0xEE, 0x03, 0xE0,
    0x0E, 0x00, 0x60, 0x00, 0x00, 0x00, 0x03, 0xF8, 0x3F, 0xE3, 0xCF, 0x9C, 0x1D, 0xC0, 0xFE, 0x03,
    0xF0, 0x1F, 0x80, 0xFC, 0x0F, 0x70, 0x73, 0xCF, 0x8F, 0xF8, 0x3F, 0x80, 0x18, 0xC0, 0x77, 0x00,
    0xF8, 0x01, 0xC0, 0x03, 0x00, 0x00, 0x00, 0x00, 0x38, 0x0F, 0xE0, 0x3F, 0x80, 0xFE, 0x03, 0xF8,
    0x0F, 0xE0, 0x3F, 0x80, 0xFE, 0x03, 0xF8, 0x0F, 0xE0, 0x3F, 0x80, 0xFE, 0x03, 0xB8, 0x0E, 0xF0,
    0x79, 0xF3, 0xC3, 0xFF, 0x07, 0xF0, 0x18, 0x81, 0x9C, 0x1F, 0x80, 0xF0, 0x06, 0x00, 0x00, 0x00,
    0x0F, 0x07, 0xF0, 0x7F, 0x07, 0xF0, 0x7F, 0x07, 0xF0, 0x7F, 0x07, 0xF0, 0x77, 0x07, 0x70, 0x77,
    0x8F, 0x3F, 0xF1, 0xFF, 0x1F, 0xC0, 0x7F, 0x00, 0x00, 0x07, 0x38, 0x3D, 0xE0, 0x73, 0x80, 0x00,
    0x00, 0x00, 0xE0, 0x3F, 0x80, 0xFE, 0x03, 0xF8, 0x0F, 0xE0, 0x3F, 0x80, 0xFE, 0x03, 0xF8, 0x0F,
    0xE0, 0x3F, 0x80, 0xFE, 0x03, 0xF8, 0x0E, 0xE0, 0x3B, 0xC1, 0xE7, 0xCF, 0x0F, 0xFC, 0x1F, 0xC0,
    0x1F, 0xC1, 0xFC, 0x00, 0x03, 0x9C, 0x39, 0xC3, 0x9C, 0x00, 0x00, 0x00, 0xF0, 0x7F, 0x07, 0xF0,
    0x7F, 0x07, 0xF0, 0x7F, 0x07, 0xF0, 0x7F, 0x07, 0x70, 0x77, 0x07, 0x78, 0xF3, 0xFF, 0x1F, 0xF0,
    0x01, 0x80, 0x0E, 0x03, 0xF6, 0x0F, 0xBC, 0x38, 0x60, 0x00, 0x00, 0x00, 0x38, 0x0F, 0xE0, 0x3F,
    0x80, 0xFE, 0x03, 0xF8, 0x0F, 0xE0, 0x3F, 0x80, 0xFE, 0x03, 0xF8, 0x0F, 0xE0, 0x3F, 0x80, 0xFE,
    0x03, 0xB8, 0x0E, 0xF0, 0x79, 0xF3, 0xC3, 0xFF, 0x07, 0xF0, 0x01, 0x80, 0x38, 0x07, 0x03, 0xFC,
    0x39, 0xC3, 0x9C, 0x00, 0x00, 0x00, 0xF0, 0x7F, 0x07, 0xF0, 0x7F, 0x07, 0xF0, 0x7F, 0x07, 0xF0,
    0x7F, 0x07, 0x70, 0x77, 0x07, 0x78, 0xF3, 0xFF, 0x1F, 0xF0, 0x18, 0xC0, 0x3F, 0x00, 0x78, 0x0E,
    0xD8, 0x38, 0xF0, 0xE1, 0x80, 0x00, 0x00, 0x00, 0xE0, 0x3F, 0x80, 0xFE, 0x03, 0xF8, 0x0F, 0xE0,
    0x3F, 0x80, 0xFE, 0x03, 0xF8, 0x0F, 0xE0, 0x3F, 0x80, 0xFE, 0x03, 0xF8, 0x0E, 0xE0, 0x3B, 0xC1,
    0xE7, 0xCF, 0x0F, 0xFC, 0x1F, 0xC0, 0x19, 0x81, 0xF8, 0x0F, 0x00, 0x60, 0x39, 0xC3, 0x9C, 0x39,
    0xC0, 0x00, 0x00, 0x0F, 0x07, 0xF0, 0x7F, 0x07, 0xF0, 0x7F, 0x07, 0xF0, 0x7F, 0x07, 0xF0, 0x77,
    0x07, 0x70, 0x77, 0x8F, 0x3F, 0xF1, 0xFF, 0x0C, 0x00, 0x38, 0x03, 0xF6, 0x0E, 0xFC, 0x38, 0x60,
    0x00, 0x00, 0x00, 0x38, 0x0F, 0xE0, 0x3F, 0x80, 0xFE, 0x03, 0xF8, 0x0F, 0xE0, 0x3F, 0x80, 0xFE,
    0x03, 0xF8, 0x0F, 0xE0, 0x3F, 0x80, 0xFE, 0x03, 0xB8, 0x0E, 0xF0, 0x79, 0xF3, 0xC3, 0xFF, 0x07,
    0xF0, 0x0C, 0x01, 0xC0, 0x0E, 0x03, 0xFC, 0x39, 0xC3, 0x9C, 0x00, 0x00, 0x00, 0xF0, 0x7F, 0x07,
    0xF0, 0x7F, 0x07, 0xF0, 0x7F, 0x07, 0xF0, 0x7F, 0x07, 0x70, 0x77, 0x07, 0x78, 0xF3, 0xFF, 0x1F,
    0xF0, 0x7F, 0x87, 0xFC, 0x63, 0xE0, 0x0E, 0x00, 0xF0, 0x07, 0xFF, 0xFF, 0xFF, 0xE0, 0x7E, 0x0E,
    0x7B, 0xE7, 0xFC, 0x3F, 0x80, 0x07, 0xF0, 0x03, 0xF8, 0x00, 0x00, 0x01, 0xCE, 0x00, 0xE7, 0x00,
    0x73, 0x80, 0x00, 0x00, 0x00, 0x00, 0x01, 0xC0, 0x01, 0xF0, 0x00, 0xF8, 0x00, 0xFC, 0x00, 0x77,
    0x00, 0x73, 0x80, 0x39, 0xE0, 0x3C, 0x70, 0x1C, 0x3C, 0x0E, 0x0E, 0x0F, 0x07, 0x07, 0xFF, 0xC3,
    0xFF, 0xE3, 0x80, 0x71, 0xC0, 0x3D, 0xE0, 0x0E, 0xE0, 0x07, 0x80, 0x3F, 0x87, 0xF0, 0x00, 0x18,
    0xE7, 0xBC, 0x63, 0x80, 0x00, 0x00, 0x7F, 0x8F, 0xF9, 0x8F, 0x00, 0xE0, 0x0E, 0x7F, 0xDF, 0xFF,
    0xCF, 0xE0, 0xFC, 0x1F, 0xC7, 0xFF, 0xF3, 0xFC, 0x07, 0xF0, 0x03, 0xF8, 0x00, 0x00, 0x00, 0x38,
    0x00, 0x1C, 0x00, 0x0E, 0x00, 0x00, 0x00, 0x00, 0x00, 0x01, 0xC0, 0x01, 0xF0, 0x00, 0xF8, 0x00,
    0xFC, 0x00, 0x77, 0x00, 0x73, 0x80, 0x39, 0xE0, 0x3C, 0x70, 0x1C, 0x3C, 0x0E, 0x0E, 0x0F, 0x07,
    0x07, 0xFF, 0xC3, 0xFF, 0xE3, 0x80, 0x71, 0xC0, 0x3D, 0xE0, 0x0E, 0xE0, 0x07, 0x80, 0x3F, 0x87,
    0xF0, 0x00, 0x07, 0x00, 0xE0, 0x1C, 0x00, 0x00, 0x00, 0x7F, 0x8F, 0xF9, 0x8F, 0x00, 0xE0, 0x0E,
    0x7F, 0xDF, 0xFF, 0xCF, 0xE0, 0xFC, 0x1F, 0xC7, 0xFF, 0xF3, 0xFC, 0x00, 0x1F, 0xC0, 0x00, 0x3F,
    0x80, 0x00, 0x00, 0x00, 0x00, 0x00, 0x00, 0x00, 0x00, 0x00, 0x07, 0xFF, 0x80, 0x1F, 0xFF, 0x00,
    0x7F, 0x00, 0x00, 0xEE, 0x00, 0x03, 0xDC, 0x00, 0x07, 0x38, 0x00, 0x1C, 0x70, 0x00, 0x78, 0xFF,
    0x80, 0xE1, 0xFF, 0x03, 0x83, 0x80, 0x0F, 0x07, 0x00, 0x1F, 0xFE, 0x00, 0x7F, 0xFC, 0x00, 0xE0,
    0x38, 0x03, 0xC0, 0x70, 0x07, 0x00, 0xFF, 0xFC, 0x01, 0xFF, 0xC0, 0x03, 0xFC, 0x00, 0x3F, 0xC0,
    0x00, 0x00, 0x00, 0x00, 0x00, 0x00, 0x00, 0x07, 0xF1, 0xF8, 0x7F, 0xBF, 0xC6, 0x3F, 0xBE, 0x01,
    0xE0, 0xE0, 0x0E, 0x0E, 0x3F, 0xFF, 0xE7, 0xFF, 0xFE, 0xF9, 0xE0, 0x0E, 0x0E, 0x00, 0xE0, 0xF0,
    0x0F, 0x1F, 0x8C, 0xFF, 0xFF, 0xC3, 0xF9, 0xFC, 0x07, 0xF8, 0x0F, 0xFE, 0x0F, 0xCF, 0x0F, 0x00,
    0x07, 0x00, 0x03, 0x80, 0x03, 0xC0, 0x01, 0xC0, 0x00, 0xE0, 0x1E, 0x70, 0x0F, 0x3C, 0x1F, 0xFE,
    0x0F, 0xF7, 0x01, 0xE3, 0xC0, 0xF0, 0xFC, 0x78, 0x3F, 0xFC, 0x07, 0xFC, 0x00, 0x1F, 0xF0, 0xFF,
    0xC7, 0xCF, 0x1C, 0x1C, 0xE0, 0x73, 0x8F, 0xFE, 0x3F, 0xF8, 0x1C, 0xE0, 0x73, 0xC1, 0xC7, 0xDF,
    0x0F, 0xFC, 0x1F, 0xF0, 0x01, 0xC0, 0x0F, 0x1C, 0x78, 0x7F, 0xC1, 0xFE, 0x00, 0x06, 0x30, 0x0E,
    0xE0, 0x0F, 0x80, 0x0E, 0x00, 0x18, 0x00, 0x00, 0x00, 0x00, 0x03, 0xFC, 0x1F, 0xFC, 0x7E, 0x79,
    0xE0, 0x03, 0xC0, 0x07, 0x00, 0x1E, 0x00, 0x38, 0x00, 0x70, 0x00, 0xE0, 0x1F, 0xE0, 0x3F, 0xC0,
    0x7B, 0x80, 0xF7, 0x81, 0xE7, 0xE3, 0xC7, 0xFF, 0x83, 0xFE, 0x18, 0xC1, 0x9C, 0x0F, 0x80, 0xF0,
    0x06, 0x00, 0x00, 0x00, 0x01, 0xFF, 0x3F, 0xF7, 0xCF, 0x70, 0x7E, 0x07, 0xE0, 0x7E, 0x07, 0xE0,
    0x7E, 0x07, 0xF0, 0x77, 0xDF, 0x3F, 0xF1, 0xFF, 0x00, 0x70, 0x0F, 0x71, 0xE7, 0xFE, 0x7F, 0x80,
    0x10, 0x80, 0xE7, 0x01, 0xF8, 0x03, 0xC0, 0x06, 0x00, 0x00, 0x00, 0x00, 0x38, 0x1E, 0xE0, 0xF3,
    0x87, 0x8E, 0x3C, 0x39, 0xE0, 0xEF, 0x03, 0xF8, 0x0F, 0xC0, 0x3F, 0x80, 0xFF, 0x03, 0xBE, 0x0E,
    0x7C, 0x38, 0xF8, 0xE1, 0xF3, 0x83, 0xCE, 0x07, 0xB8, 0x0F, 0xCC, 0x0F, 0xE0, 0x7C, 0x03, 0x80,
    0x00, 0x00, 0x00, 0x70, 0x07, 0x00, 0x70, 0x07, 0x00, 0x70, 0x07, 0x00, 0x70, 0xE7, 0x1C, 0x77,
    0x87, 0xF0, 0x7E, 0x07, 0xC0, 0x7E, 0x07, 0xF0, 0x77, 0x87, 0x3C, 0x71, 0xE7, 0x0E, 0x70, 0xF0,
    0x07, 0xF8, 0x0F, 0xFE, 0x0F, 0xCF, 0x8F, 0x01, 0xE7, 0x00, 0x7B, 0x80, 0x3F, 0xC0, 0x0F, 0xC0,
    0x07, 0xE0, 0x03, 0xF0, 0x01, 0xFC, 0x00, 0xEE, 0x00, 0xF7, 0x00, 0x7B, 0xC0, 0x78, 0xFC, 0xF8,
    0x3F, 0xF8, 0x07, 0xF8, 0x00, 0x70, 0x00, 0x70, 0x00, 0x38, 0x00, 0x1F, 0x00, 0x07, 0x80, 0x1F,
    0xC1, 0xFF, 0x1E, 0x7C, 0xE0, 0xEE, 0x07, 0xF0, 0x1F, 0x80, 0xFC, 0x07, 0xE0, 0x7B, 0x83, 0x9E,
    0x7C, 0x7F, 0xC1, 0xFC, 0x03, 0x80, 0x38, 0x01, 0xC0, 0x0F, 0x80, 0x3C, 0x00, 0x07, 0xF8, 0x03,
    0xFC, 0x00, 0x00, 0x00, 0x00, 0x00, 0x00, 0x00, 0x3F, 0xC0, 0x7F, 0xF0, 0x7E, 0x7C, 0x78, 0x0F,
    0x38, 0x03, 0xDC, 0x01, 0xFE, 0x00, 0x7E, 0x00, 0x3F, 0x00, 0x1F, 0x80, 0x0F, 0xE0, 0x07, 0x70,
    0x07, 0xB8, 0x03, 0xDE, 0x03, 0xC7, 0xE7, 0xC1, 0xFF, 0xC0, 0x3F, 0xC0, 0x03, 0x80, 0x03, 0x80,
    0x01, 0xC0, 0x00, 0xF8, 0x00, 0x3C, 0x00, 0x3F, 0xC1, 0xFE, 0x00, 0x00, 0x00, 0x00, 0x00, 0x0F,
    0xE0, 0xFF, 0x8F, 0x3E, 0x70, 0x77, 0x03, 0xF8, 0x0F, 0xC0, 0x7E, 0x03, 0xF0, 0x3D, 0xC1, 0xCF,
    0x3E, 0x3F, 0xE0, 0xFE, 0x01, 0xC0, 0x1C, 0x00, 0xE0, 0x07, 0xC0, 0x1E, 0x00, 0x08, 0x40, 0xE7,
    0x03, 0xF0, 0x0F, 0x00, 0x30, 0x00, 0x00, 0x00, 0x0F, 0xFF, 0x7F, 0xF8, 0x03, 0x80, 0x38, 0x03,
    0x80, 0x38, 0x03, 0x80, 0x3F, 0x81, 0xFE, 0x01, 0xF8, 0x03, 0xC0, 0x0E, 0x00, 0x70, 0x03, 0xBC,
    0xFF, 0xFF, 0xCF, 0xF8, 0x10, 0x81, 0x9C, 0x1F, 0x80, 0xF0, 0x06, 0x00, 0x00, 0x00, 0x07, 0xFF,
    0x7F, 0xE0, 0x0E, 0x01, 0xC0, 0x38, 0x07, 0x00, 0xF0, 0x0F, 0x80, 0xFE, 0x03, 0xF0, 0x0F, 0x00,
    0x70, 0x07, 0x00, 0x70, 0x0F, 0x73, 0xE7, 0xFE, 0x7F, 0x80, 0x31, 0x99, 0xC7, 0xC3, 0xC0, 0xC0,
    0x00, 0x00, 0x1C, 0x0E, 0x07, 0x03, 0x81, 0xC0, 0xE0, 0x70, 0x38, 0x1C, 0x0E, 0x07, 0x03, 0x81,
    0xC0, 0xE0, 0xF0, 0xF1, 0xF8, 0xF8, 0x00, 0xFF, 0xC0, 0x7F, 0xFB, 0xFF, 0x81, 0xFF, 0xEE, 0x1F,
    0x80, 0x07, 0xB8, 0x1E, 0x00, 0x3C, 0xE0, 0x3C, 0x00, 0xE3, 0x80, 0x70, 0x07, 0x0E, 0x01, 0xE0,
    0x3C, 0x38, 0x07, 0x81, 0xE0, 0xE0, 0x1E, 0x07, 0x03, 0x80, 0x78, 0x3C, 0x0E, 0x01, 0xE1, 0xE0,
    0x38, 0x07, 0x07, 0x00, 0xE0, 0x3C, 0x38, 0x03, 0x81, 0xE1, 0xE0, 0x0E, 0x1F, 0x87, 0x00, 0x3F,
    0xF8, 0x3F, 0xFF, 0xFF, 0xC0, 0xFF, 0xFC, 0xFF, 0xC0, 0x00, 0x1F, 0xFC, 0x00, 0x03, 0x87, 0xE0,
    0x00, 0x70, 0x3C, 0x00, 0x0E, 0x03, 0xC7, 0xFF, 0xC0, 0x38, 0xFF, 0xF8, 0x07, 0x80, 0x7F, 0x00,
    0xF0, 0x1E, 0xE0, 0x1E, 0x07, 0x9C, 0x03, 0xC1, 0xE3, 0x80, 0x78, 0x78, 0x70, 0x0E, 0x0E, 0x0E,
    0x03, 0xC3, 0xC1, 0xC0, 0xF0, 0xF0, 0x38, 0x7E, 0x1C, 0x07, 0xFF, 0x07, 0xFF, 0xFF, 0xC0, 0xFF,
    0xE0, 0x00, 0x70, 0x00, 0x00, 0x38, 0x00, 0x00, 0x1C, 0x00, 0x00, 0x0E, 0x00, 0x00, 0x07, 0x00,
    0x00, 0x03, 0x80, 0x00, 0x7F, 0xC7, 0xFE, 0x7F, 0xE3, 0xFF, 0x79, 0xF0, 0x07, 0x78, 0x38, 0x07,
    0xB8, 0x1C, 0x07, 0x9C, 0x0E, 0x07, 0x8E, 0x07, 0x07, 0x87, 0x03, 0x83, 0x83, 0x81, 0xC3, 0xC1,
    0xE0, 0xE3, 0xC0, 0x7C, 0x71, 0xC0, 0x1F, 0xF9, 0xFF, 0xC7, 0xFC, 0xFF, 0xE0, 0x00, 0x60, 0x01,
    0xE0, 0x03, 0x80, 0x0E, 0x00, 0x18, 0x00, 0x00, 0x00, 0x00, 0x03, 0xFC, 0x1F, 0xFC, 0x7E, 0x79,
    0xE0, 0x03, 0xC0, 0x07, 0x00, 0x1E, 0x00, 0x38, 0x00, 0x70, 0x00, 0xE0, 0x1F, 0xE0, 0x3F, 0xC0,
    0x7B, 0x80, 0xF7, 0x81, 0xE7, 0xE3, 0xC7, 0xFF, 0x83, 0xFE, 0x01, 0x80, 0x38, 0x07, 0x80, 0x70,
    0x06, 0x00, 0x00, 0x00, 0x01, 0xFF, 0x3F, 0xF7, 0xCF, 0x70, 0x7E, 0x07, 0xE0, 0x7E, 0x07, 0xE0,
    0x7E, 0x07, 0xF0, 0x77, 0xDF, 0x3F, 0xF1, 0xFF, 0x00, 0x70, 0x0F, 0x71, 0xE7, 0xFE, 0x7F, 0x80,
    0xE0, 0x1C, 0x01, 0xC0, 0x38, 0x03, 0x80, 0x70, 0x07, 0x00, 0xE0, 0x0E, 0x01, 0xC0, 0xFC, 0x03,
    0x81, 0xF8, 0x07, 0x03, 0xFF, 0xFE, 0x07, 0xFF, 0xFC, 0x0F, 0xC0, 0x38, 0x1F, 0x80, 0x70, 0x3F,
    0x00, 0xE0, 0x7E, 0x01, 0xC0, 0xFC, 0x03, 0x83, 0xF8, 0x07, 0xCF, 0x70, 0x07, 0xFE, 0xE0, 0x07,
    0xF0, 0x7F, 0xC7, 0xFF, 0x3C, 0x7D, 0xC0, 0xFE, 0x03, 0xF0, 0x1F, 0x80, 0xFC, 0x07, 0xE0, 0x3F,
    0x03, 0xF8, 0x1D, 0xC1, 0xEE, 0x1E, 0x73, 0xE3, 0xFC, 0x1F, 0xC0, 0xF8, 0x07, 0x00, 0x38, 0x01,
    0xC0, 0x0E, 0x00, 0x70, 0x00, 0x0C, 0x00, 0x1C, 0x00, 0x1C, 0x00, 0x1C, 0x00, 0x18, 0x00, 0x00,
    0x00, 0x00, 0x70, 0x0E, 0xF0, 0x1D, 0xF0, 0x3B, 0xF0, 0x77, 0xE0, 0xEE, 0xE1, 0xDD, 0xE3, 0xB9,
    0xE7, 0x71, 0xCE, 0xE1, 0xDD, 0xC3, 0xFB, 0x83, 0xF7, 0x03, 0xEE, 0x07, 0xDC, 0x07, 0xB8, 0x07,
    0x70, 0x0E, 0x38, 0x07, 0x00, 0x70, 0x07, 0x00, 0x60, 0x00, 0x00, 0x07, 0xFC, 0xFF, 0xDC, 0x7B,
    0x87, 0xF0, 0x7E, 0x0F, 0xC1, 0xF8, 0x3F, 0x07, 0xE0, 0xFC, 0x1F, 0x83, 0xF0, 0x70, 0x00, 0xC0,
    0x01, 0xF0, 0x00, 0xF0, 0x00, 0x78, 0x00, 0x36, 0x00, 0x1B, 0x00, 0x0F, 0x80, 0x07, 0x80, 0x03,
    0xE0, 0x03, 0xF0, 0x01, 0xDC, 0x01, 0xCE, 0x00, 0xE7, 0x80, 0xF1, 0xC0, 0x70, 0xF0, 0x38, 0x38,
    0x3C, 0x1C, 0x1F, 0xFF, 0x1F, 0xFF, 0x8E, 0x01, 0xC7, 0x00, 0xF7, 0x80, 0x3B, 0x80, 0x1E, 0x07,
    0x03, 0xE0, 0x78, 0x07, 0x81, 0xB0, 0x36, 0x03, 0xC0, 0x00, 0x7F, 0x8F, 0xF9, 0x8F, 0x00, 0xE0,
    0x0E, 0x7F, 0xDF, 0xFF, 0xCF, 0xE0, 0xFC, 0x1F, 0xC7, 0xFF, 0xF3, 0xFC, 0x00, 0x01, 0x80, 0x00,
    0x07, 0x00, 0x00, 0x1C, 0x00, 0x00, 0x78, 0x00, 0x00, 0x60, 0x00, 0x00, 0x00, 0x00, 0x00, 0x00,
    0x00, 0x1F, 0xFE, 0x00, 0x7F, 0xFC, 0x01, 0xFC, 0x00, 0x03, 0xB8, 0x00, 0x0F, 0x70, 0x00, 0x1C,
    0xE0, 0x00, 0x71, 0xC0, 0x01, 0xE3, 0xFE, 0x03, 0x87, 0xFC, 0x0E, 0x0E, 0x00, 0x3C, 0x1C, 0x00,
    0x7F, 0xF8, 0x01, 0xFF, 0xF0, 0x03, 0x80, 0xE0, 0x0F, 0x01, 0xC0, 0x1C, 0x03, 0xFF, 0xF0, 0x07,
    0xFF, 0x00, 0x30, 0x00, 0x07, 0x80, 0x00, 0x70, 0x00, 0x0E, 0x00, 0x00, 0xC0, 0x00, 0x00, 0x00,
    0x00, 0x00, 0x07, 0xF1, 0xF8, 0x7F, 0xBF, 0xC6, 0x3F, 0xBE, 0x01, 0xE0, 0xE0, 0x0E, 0x0E, 0x3F,
    0xFF, 0xE7, 0xFF, 0xFE, 0xF9, 0xE0, 0x0E, 0x0E, 0x00, 0xE0, 0xF0, 0x0F, 0x1F, 0x8C, 0xFF, 0xFF,
    0xC3, 0xF9, 0xFC, 0x00, 0x70, 0x00, 0x38, 0x00, 0x38, 0x00, 0x38, 0x00, 0x18, 0x00, 0x00, 0x00,
    0x00, 0x0C, 0x0F, 0xF7, 0x1F, 0xFF, 0x1F, 0x9F, 0x1E, 0x07, 0xCE, 0x07, 0xE7, 0x03, 0xFF, 0x83,
    0x9F, 0x83, 0x8F, 0xC3, 0x87, 0xE3, 0xC3, 0xFB, 0xC1, 0xDD, 0xC0, 0xEF, 0xC0, 0xF7, 0xC0, 0xF1,
    0xF9, 0xF1, 0xFF, 0xF0, 0xEF, 0xF0, 0x60, 0x00, 0x00, 0x01, 0x80, 0x1C, 0x01, 0xE0, 0x0E, 0x00,
    0x60, 0x00, 0x00, 0x00, 0xC3, 0xFE, 0x3F, 0xF3, 0xCF, 0xBC, 0x7D, 0xC3, 0xFE, 0x3B, 0xF3, 0x9F,
    0xB8, 0xFF, 0x8F, 0x78, 0x73, 0xEF, 0x9F, 0xF9, 0xFF, 0x8C, 0x00, 0x00, 0x19, 0x80, 0x0E, 0xE0,
    0x03, 0xB8, 0x00, 0xEE, 0x00, 0x63, 0x00, 0x00, 0x00, 0x00, 0x00, 0x03, 0x80, 0x03, 0xE0, 0x01,
    0xF0, 0x01, 0xF8, 0x00, 0xEE, 0x00, 0xE7, 0x00, 0x73, 0xC0, 0x78, 0xE0, 0x38, 0x78, 0x1C, 0x1C,
    0x1E, 0x0E, 0x0F, 0xFF, 0x87, 0xFF, 0xC7, 0x00, 0xE3, 0x80, 0x7B, 0xC0, 0x1D, 0xC0, 0x0F, 0xE6,
    0x1D, 0xC1, 0xDC, 0x1D, 0xC1, 0x98, 0x00, 0x00, 0x03, 0xFC, 0x7F, 0xCC, 0x78, 0x07, 0x00, 0x73,
    0xFE, 0xFF, 0xFE, 0x7F, 0x07, 0xE0, 0xFE, 0x3F, 0xFF, 0x9F, 0xE0, 0x03, 0xC0, 0x03, 0xF0, 0x01,
    0xDC, 0x01, 0xC6, 0x00, 0x00, 0x00, 0x00, 0x00, 0x07, 0x00, 0x07, 0xC0, 0x03, 0xE0, 0x03, 0xF0,
    0x01, 0xDC, 0x01, 0xCE, 0x00, 0xE7, 0x80, 0xF1, 0xC0, 0x70, 0xF0, 0x38, 0x38, 0x3C, 0x1C, 0x1F,
    0xFF, 0x0F, 0xFF, 0x8E, 0x01, 0xC7, 0x00, 0xF7, 0x80, 0x3B, 0x80, 0x1E, 0x1F, 0x07, 0xF0, 0xEE,
    0x18, 0xC0, 0x00, 0x00, 0x1F, 0xE3, 0xFE, 0x63, 0xC0, 0x38, 0x03, 0x9F, 0xF7, 0xFF, 0xF3, 0xF8,
    0x3F, 0x07, 0xF1, 0xFF, 0xFC, 0xFF, 0x00, 0x66, 0x07, 0x70, 0x73, 0x83, 0xB8, 0x19, 0x80, 0x00,
    0x00, 0x0F, 0xFE, 0xFF, 0xEE, 0x00, 0xE0, 0x0E, 0x00, 0xE0, 0x0E, 0x00, 0xFF, 0xCF, 0xFC, 0xE0,
    0x0E, 0x00, 0xE0, 0x0E, 0x00, 0xE0, 0x0E, 0x00, 0xFF, 0xFF, 0xFF, 0x66, 0x07, 0x70, 0x3B, 0x83,
    0x98, 0x19, 0x80, 0x00, 0x00, 0x01, 0xF8, 0x3F, 0xE7, 0x9E, 0xF0, 0xFE, 0x07, 0xFF, 0xFF, 0xFF,
    0xE0, 0x0E, 0x00, 0xF0, 0x07, 0xC6, 0x3F, 0xE1, 0xFE, 0x1F, 0x03, 0xF0, 0x3B, 0x83, 0x18, 0x00,
    0x00, 0x00, 0xFF, 0xEF, 0xFE, 0xE0, 0x0E, 0x00, 0xE0, 0x0E, 0x00, 0xE0, 0x0F, 0xFC, 0xFF, 0xCE,
    0x00, 0xE0, 0x0E, 0x00, 0xE0, 0x0E, 0x00, 0xE0, 0x0F, 0xFF, 0xFF, 0xF0, 0x0F, 0x01, 0xF8, 0x1D,
    0xC3, 0x8C, 0x00, 0x00, 0x00, 0x1F, 0x83, 0xFE, 0x79, 0xEF, 0x0F, 0xE0, 0x7F, 0xFF, 0xFF, 0xFE,
    0x00, 0xE0, 0x0F, 0x00, 0x7C, 0x63, 0xFE, 0x1F, 0xE0, 0xCC, 0x77, 0x1D, 0xC7, 0x73, 0x18, 0x00,
    0x00, 0x1C, 0x0E, 0x07, 0x03, 0x81, 0xC0, 0xE0, 0x70, 0x38, 0x1C, 0x0E, 0x07, 0x03, 0x81, 0xC0,
    0xE0, 0x70, 0x38, 0x1C, 0x66, 0x1D, 0xC3, 0xB8, 0xE6, 0x19, 0x80, 0x00, 0x00, 0x1C, 0x07, 0x01,
    0xC0, 0x70, 0x1C, 0x07, 0x01, 0xC0, 0x70, 0x1C, 0x07, 0x01, 0xC0, 0x70, 0x1C, 0x7D, 0xFB, 0xBE,
    0x30, 0x00, 0x0E, 0x1C, 0x38, 0x70, 0xE1, 0xC3, 0x87, 0x0E, 0x1C, 0x38, 0x70, 0xE1, 0xC3, 0x87,
    0x0E, 0x00, 0x3C, 0x7E, 0x77, 0x63, 0x00, 0x00, 0x1C, 0x1C, 0x1C, 0x1C, 0x1C, 0x1C, 0x1C, 0x1C,
    0x1C, 0x1C, 0x1C, 0x1C, 0x1C, 0x0C, 0xC0, 0x0E, 0x70, 0x03, 0xB8, 0x00, 0xEE, 0x00, 0x33, 0x00,
    0x00, 0x00, 0x00, 0x00, 0x0F, 0xF0, 0x1F, 0xFC, 0x1F, 0x9F, 0x1E, 0x03, 0xCE, 0x00, 0xF7, 0x00,
    0x7F, 0x80, 0x1F, 0x80, 0x0F, 0xC0, 0x07, 0xE0, 0x03, 0xF8, 0x01, 0xDC, 0x01, 0xEE, 0x00, 0xF7,
    0x80, 0xF1, 0xF9, 0xF0, 0x7F, 0xF0, 0x0F, 0xF0, 0x66, 0x03, 0xB8, 0x0E, 0xE0, 0x33, 0x81, 0x98,
    0x00, 0x00, 0x00, 0x03, 0xF8, 0x3F, 0xE3, 0xCF, 0x9C, 0x1D, 0xC0, 0xFE, 0x03, 0xF0, 0x1F, 0x80,
    0xFC, 0x0F, 0x70, 0x73, 0xCF, 0x8F, 0xF8, 0x3F, 0x80, 0x01, 0xE0, 0x01, 0xF8, 0x01, 0xDC, 0x00,
    0xC6, 0x00, 0x00, 0x00, 0x00, 0x00, 0x1F, 0xE0, 0x3F, 0xF8, 0x3F, 0x3E, 0x3C, 0x07, 0x9C, 0x01,
    0xEE, 0x00, 0xFF, 0x00, 0x3F, 0x00, 0x1F, 0x80, 0x0F, 0xC0, 0x07, 0xF0, 0x03, 0xB8, 0x03, 0xDC,
    0x01, 0xEF, 0x01, 0xE3, 0xF3, 0xE0, 0xFF, 0xE0, 0x1F, 0xE0, 0x0F, 0x80, 0xFC, 0x07, 0x70, 0x31,
    0x80, 0x00, 0x00, 0x00, 0x7F, 0x07, 0xFC, 0x79, 0xF3, 0x83, 0xB8, 0x1F, 0xC0, 0x7E, 0x03, 0xF0,
    0x1F, 0x81, 0xEE, 0x0E, 0x79, 0xF1, 0xFF, 0x07, 0xF0, 0xCC, 0x03, 0xB8, 0x07, 0x70, 0x0C, 0xE0,
    0x33, 0x00, 0x00, 0x00, 0x00, 0x3F, 0xF0, 0xFF, 0xE3, 0x8F, 0xCE, 0x07, 0x38, 0x1E, 0xE0, 0x7B,
    0x81, 0xCE, 0x1F, 0x3F, 0xF8, 0xFF, 0xC3, 0x8F, 0x0E, 0x1C, 0x38, 0x38, 0xE0, 0xF3, 0x81, 0xCE,
    0x07, 0xB8, 0x0E, 0x66, 0x39, 0xC7, 0x70, 0xEE, 0x19, 0x80, 0x00, 0x00, 0xFF, 0x3F, 0xCE, 0x23,
    0x80, 0xE0, 0x38, 0x0E, 0x03, 0x80, 0xE0, 0x38, 0x0E, 0x03, 0x80, 0xE0, 0x1F, 0x00, 0xFC, 0x03,
    0xB8, 0x0C, 0x60, 0x00, 0x00, 0x00, 0x0F, 0xFC, 0x3F, 0xF8, 0xE3, 0xF3, 0x81, 0xCE, 0x07, 0xB8,
    0x1E, 0xE0, 0x73, 0x87, 0xCF, 0xFE, 0x3F, 0xF0, 0xE3, 0xC3, 0x87, 0x0E, 0x0E, 0x38, 0x3C, 0xE0,
    0x73, 0x81, 0xEE, 0x03, 0x80, 0x3C, 0x7E, 0xEE, 0xC6, 0x00, 0x00, 0xFF, 0xFF, 0xE2, 0xE0, 0xE0,
    0xE0, 0xE0, 0xE0, 0xE0, 0xE0, 0xE0, 0xE0, 0xE0, 0x73, 0x01, 0xDC, 0x03, 0xB8, 0x07, 0x70, 0x0C,
    0xC0, 0x00, 0x00, 0x00, 0x38, 0x0F, 0xE0, 0x3F, 0x80, 0xFE, 0x03, 0xF8, 0x0F, 0xE0, 0x3F, 0x80,
    0xFE, 0x03, 0xF8, 0x0F, 0xE0, 0x3F, 0x80, 0xFE, 0x03, 0xB8, 0x0E, 0xF0, 0x79, 0xF3, 0xC3, 0xFF,
    0x07, 0xF0, 0x66, 0x07, 0x70, 0x33, 0x83, 0xB8, 0x19, 0x80, 0x00, 0x00, 0x0F, 0x07, 0xF0, 0x7F,
    0x07, 0xF0, 0x7F, 0x07, 0xF0, 0x7F, 0x07, 0xF0, 0x77, 0x07, 0x70, 0x77, 0x8F, 0x3F, 0xF1, 0xFF,
    0x0F, 0x80, 0x3F, 0x01, 0xDC, 0x06, 0x30, 0x00, 0x00, 0x00, 0x0E, 0x03, 0xF8, 0x0F, 0xE0, 0x3F,
    0x80, 0xFE, 0x03, 0xF8, 0x0F, 0xE0, 0x3F, 0x80, 0xFE, 0x03, 0xF8, 0x0F, 0xE0, 0x3F, 0x80, 0xEE,
    0x03, 0xBC, 0x1E, 0x7C, 0xF0, 0xFF, 0xC1, 0xFC, 0x00, 0x0F, 0x01, 0xF8, 0x1D, 0xC3, 0x9C, 0x00,
    0x00, 0x00, 0xF0, 0x7F, 0x07, 0xF0, 0x7F, 0x07, 0xF0, 0x7F, 0x07, 0xF0, 0x7F, 0x07, 0x70, 0x77,
    0x07, 0x78, 0xF3, 0xFF, 0x1F, 0xF0, 0x1F, 0xE1, 0xFF, 0x9F, 0x1C, 0xE0, 0x07, 0x00, 0x3C, 0x00,
    0xF8, 0x03, 0xE0, 0x07, 0xC0, 0x0F, 0x80, 0x3C, 0x00, 0xF0, 0x03, 0x80, 0x3D, 0xE7, 0xCF, 0xFE,
    0x3F, 0xC0, 0x00, 0x01, 0xC0, 0x1E, 0x00, 0xE0, 0x00, 0x3F, 0xBF, 0xEF, 0x33, 0x80, 0xF0, 0x3F,
    0x03, 0xF0, 0x3E, 0x03, 0x80, 0xFE, 0x7B, 0xFE, 0xFF, 0x00, 0x01, 0xC1, 0xF0, 0x78, 0x00, 0xFF,
    0xFF, 0xFF, 0xF0, 0x78, 0x01, 0xE0, 0x07, 0x80, 0x1E, 0x00, 0x78, 0x01, 0xE0, 0x07, 0x80, 0x1E,
    0x00, 0x78, 0x01, 0xE0, 0x07, 0x80, 0x1E, 0x00, 0x78, 0x01, 0xE0, 0x07, 0x80, 0x00, 0x00, 0x78,
    0x03, 0xC0, 0x0F, 0x00, 0x70, 0x78, 0x3C, 0x1E, 0x0F, 0xF7, 0xFB, 0xC1, 0xE0, 0xF0, 0x78, 0x3C,
    0x1E, 0x0F, 0x03, 0x81, 0xE4, 0xFF, 0x3F, 0x80, 0x07, 0x07, 0x83, 0x80, 0x7F, 0x87, 0xFE, 0x1C,
    0xF8, 0x01, 0xC0, 0x0F, 0x00, 0x78, 0x03, 0x80, 0x3C, 0x07, 0xC0, 0xFC, 0x07, 0xF0, 0x0F, 0xC0,
    0x0F, 0x00, 0x38, 0x01, 0xC0, 0x0E, 0x00, 0x70, 0x07, 0x80, 0x78, 0x1F, 0xCF, 0xFC, 0x7F, 0x80,
    0xFF, 0x3F, 0xEE, 0x78, 0x0F, 0x03, 0xC0, 0xE0, 0xF8, 0xFC, 0x3F, 0x83, 0xE0, 0x1C, 0x07, 0x01,
    0xC0, 0x70, 0x7C, 0xFE, 0xFF, 0x3F, 0x00, 0x18, 0xC0, 0x73, 0x00, 0xF8, 0x01, 0xE0, 0x03, 0x00,
    0x00, 0x00, 0x00, 0x38, 0x07, 0xE0, 0x1F, 0x80, 0x7E, 0x01, 0xF8, 0x07, 0xE0, 0x1F, 0x80, 0x7F,
    0xFF, 0xFF, 0xFF, 0xE0, 0x1F, 0x80, 0x7E, 0x01, 0xF8, 0x07, 0xE0, 0x1F, 0x80, 0x7E, 0x01, 0xF8,
    0x07, 0xCC, 0x0F, 0xE0, 0x7C, 0x03, 0x80, 0x00, 0x00, 0x00, 0x70, 0x07, 0x00, 0x70, 0x07, 0x00,
    0x70, 0x07, 0x00, 0x7F, 0xC7, 0xFE, 0x79, 0xE7, 0x0F, 0x70, 0x77, 0x07, 0x70, 0x77, 0x07, 0x70,
    0x77, 0x07, 0x70, 0x77, 0x07, 0x70, 0x70, 0x3F, 0x07, 0xFC, 0xFF, 0xE0, 0x0E, 0x00, 0x70, 0x07,
    0x7F, 0xFF, 0xFF, 0xFF, 0xFE, 0x07, 0xE0, 0x77, 0x0E, 0x7F, 0xC3, 0xF8, 0x06, 0x00, 0x61, 0xC7,
    0x8E, 0x1C, 0x1C, 0xF3, 0x9C, 0x60, 0x0C, 0x07, 0x83, 0xF1, 0xFE, 0x61, 0x80, 0x38, 0xDF, 0xB7,
    0xFF, 0x1E, 0xFF, 0xFF, 0x00, 0x0F, 0xFF, 0xFF, 0xF0, 0xC3, 0xE7, 0xFF, 0x7E, 0x6F, 0xF6, 0x42,
    0xE7, 0xE7, 0x42, 0xF3, 0xE1, 0xCE, 0x79, 0x82, 0x00, 0x33, 0xFC, 0xF3, 0xFD, 0xE0, 0x18, 0xCF,
    0x73, 0xB9, 0xCC, 0x66, 0x00, 0x40, 0x9C, 0xE3, 0xF0, 0xFC, 0x1E, 0x00, 0xFF, 0x00, 0xCF, 0x3C,
    0xF3, 0x00, 0xC6, 0x3B, 0xC7, 0x71, 0xCE, 0x39, 0x80, 0x00, 0x18, 0x3C, 0xDB, 0xC7, 0xFF, 0x7E,
    0x7C, 0x7E, 0xEE, 0xC6, 0x37, 0x7E, 0xEE, 0xE0, 0x77, 0x7E, 0xEC, 0xC0, 0xEE, 0xE7, 0x77, 0x30,
    0x77, 0x7E, 0xEC, 0xC0, 0x63, 0xC7, 0x8E, 0x1C, 0x18, 0xF7, 0x9C, 0xE0, 0x18, 0x7F, 0xFF, 0x1C,
    0x60, 0x63, 0x8F, 0xFF, 0xE1, 0x80, 0xFF, 0xFC, 0x18, 0x30, 0x60, 0xC0, 0x1C, 0x73, 0xBE, 0xF0,
    0x00, 0x37, 0xCC, 0x73, 0x30, 0xCF, 0xFF, 0xFC, 0xFF, 0xF3, 0x0C, 0x30, 0x30, 0xCF, 0xFF, 0x30,
    0xC0, 0xFF, 0xFF, 0xC0, 0x00, 0xC6, 0x31, 0x9F, 0xFE, 0x06, 0x31, 0x8C, 0x73, 0xEF, 0x5F, 0xA0,
    0x42, 0xE7, 0xE7, 0x42, 0x33, 0xFC, 0xF3, 0xFD, 0xE0, 0x77, 0x6E, 0xC0, 0x31, 0xE3, 0xC7, 0xFF,
    0xE0, 0x10, 0xC7, 0x18, 0x61, 0xE3, 0x80, 0xFF, 0x00, 0xFF, 0xFF, 0xFE, 0x1F, 0x87, 0xC0, 0xC0,
    0xCC, 0xF3, 0x3F, 0xFC, 0xCC, 0x40, 0x9C, 0xE3, 0xF0, 0xFC, 0x1E, 0x00, 0x0C, 0x07, 0x83, 0xF1,
    0xFE, 0x61, 0x80, 0xC3, 0xC7, 0xFF, 0x7E, 0x3C, 0x7E, 0xFF, 0xC3, 0x30, 0xDF, 0x3F, 0xFB, 0x1E,
    0xFF, 0xFF, 0xFF, 0xFF, 0xFF, 0x7F, 0xEF, 0xFF, 0x7F, 0xE0, 0x00, 0xFF, 0xF7, 0xFE, 0x30, 0xDF,
    0x3F, 0xFF, 0x1E, 0x00, 0x0F, 0xFF, 0xFF, 0xF0, 0xFF, 0xFF, 0xFF, 0xFF, 0xF0, 0x06, 0x0F, 0x3E,
    0xF8, 0xF0, 0x40, 0x01, 0xC0, 0x70, 0x18, 0x0E, 0x03, 0x80, 0xC0, 0x70, 0x18, 0x0E, 0x03, 0x80,
    0xC0, 0x70, 0x18, 0x0E, 0x03, 0x80, 0xC0, 0x70, 0x18, 0x0E, 0x03, 0x80, 0xC0, 0x00, 0xEE, 0x33,
    0xEC, 0xE1, 0xF8, 0x7E, 0x1F, 0xFF, 0xFF, 0xC0, 0xFF, 0xFF, 0xFC, 0x0F, 0x03, 0xFF, 0xFF, 0xF0,
    0x33, 0xBF, 0xFC, 0xCF, 0x33, 0x4B, 0xF7, 0x9E, 0xFD, 0x20, 0x7F, 0xEE, 0x77, 0xFE, 0x7F, 0xEF,
    0xFF, 0x7F, 0xE0, 0x00, 0xFF, 0xF7, 0xFE, 0xC3, 0x87, 0x0E, 0x18, 0x18, 0xE7, 0x38, 0xC0, 0x30,
    0xDF, 0x3F, 0xFB, 0x1E, 0xEF, 0x77, 0x60, 0x0E, 0x2F, 0xBF, 0xFF, 0xF5, 0x90, 0xCC, 0xFF, 0x00,
    0x0F, 0xFF, 0xFF, 0xFE, 0x07, 0xE0, 0x74, 0x02, 0x7F, 0xEF, 0xFF, 0x7F, 0xE0, 0x00, 0xFF, 0xF7,
    0xFE, 0xCF, 0x3C, 0xF3, 0x00, 0xFF, 0xF1, 0xC7, 0x1C, 0x00, 0x0D, 0xB7, 0xEF, 0xFE, 0xDF, 0x86,
    0x00, 0x00, 0x03, 0x00, 0xC0, 0xF3, 0x7C, 0xFF, 0xEC, 0x78, 0x30, 0x1E, 0x03, 0x00, 0x38, 0x9F,
    0xE7, 0xF9, 0x0C, 0x7D, 0x9F, 0xE6, 0x78, 0x00, 0x0C, 0xC7, 0xF9, 0xFE, 0x33, 0x04, 0x80, 0x00,
    0xC7, 0x8C, 0x30, 0xC0, 0xF1, 0xE3, 0xFC, 0x78, 0xFC, 0x00, 0x0F, 0x0F, 0xC3, 0x0F, 0xFC, 0x03,
    0x03, 0x01, 0x80, 0x63, 0x60, 0x1B, 0xD0, 0x02, 0xF4, 0x00, 0xBD, 0x80, 0x6C, 0x60, 0x18, 0x0C,
    0x0C, 0x03, 0xCF, 0x0C, 0x3F, 0x0F, 0x00, 0x03, 0xF1, 0xE3, 0xFC, 0x78, 0xF0, 0x43, 0xCE, 0xF7,
    0x00, 0x37, 0x66, 0x73, 0x7E, 0xFF, 0xC3, 0xDB, 0x3C, 0x18, 0x01, 0xE7, 0x9E, 0x7D, 0x20, 0x1B,
    0xDC, 0xF1, 0x80, 0x63, 0xCE, 0xF6, 0x00, 0xE3, 0xBE, 0xE3, 0xFB, 0xFF, 0xE6, 0xC0, 0x67, 0x33,
    0x76, 0x5F, 0xA0, 0x00, 0xCF, 0xFF, 0x79, 0xE0, 0x33, 0x3F, 0xFC, 0xCF, 0x33, 0xFF, 0xDF, 0xE0,
    0x61, 0x87, 0xFE, 0x18, 0x00, 0xE0, 0x00, 0x77, 0x00, 0x0E, 0x3F, 0x0F, 0xC1, 0xFF, 0xF8, 0x07,
    0xFE, 0x00, 0xE0, 0x00, 0x77, 0x00, 0x0E, 0x3F, 0x0F, 0xC1, 0xFF, 0xF8, 0x07, 0xFE, 0x00, 0xFF,
    0xFF, 0xFF, 0xFF, 0xFF, 0xFF, 0xFF, 0xFF, 0x1F, 0x00, 0x37, 0xFF, 0x07, 0xFF, 0xFF, 0xEC, 0x03,
    0xFC, 0x00, 0x60, 0x00, 0xFF, 0xF0, 0x3F, 0xFF, 0xC7, 0xC0, 0x3E, 0x70, 0x00, 0xEE, 0x00, 0x07,
    0x00, 0x00, 0x00, 0x00, 0x02, 0x1F, 0xFF, 0xFC, 0xFF, 0xFF, 0xE0, 0x00, 0x06, 0x00, 0x00, 0x20,
    0x78, 0x37, 0xF3, 0xFD, 0xF0, 0x79, 0x3F, 0xF0, 0x7C, 0xF0, 0xDF, 0xFF, 0x79, 0x9B, 0x16, 0x27,
    0xC7, 0x00, 0xCF, 0x3C, 0xF3, 0xFD, 0xF0, 0x7E, 0x31, 0x8F, 0xBC, 0x00, 0x30, 0xDF, 0xCF, 0x3C,
    0xFF, 0x7C, 0x03, 0x0C, 0x3F, 0xCF, 0x3C, 0xF3, 0xC4, 0x7F, 0xDB, 0x34, 0xCD, 0x33, 0x4C, 0xD1,
    0x30, 0x7F, 0x31, 0x8C, 0x20, 0x03, 0x3C, 0xC6, 0x31, 0xC6, 0xC4, 0x99, 0xB3, 0xC3, 0x86, 0x00,
    0x4C, 0xF0, 0xC1, 0xC6, 0xD9, 0x80, 0x18, 0x01, 0xC0, 0x0E, 0x00, 0x70, 0x03, 0x00, 0x00, 0x00,
    0x0F, 0xFE, 0xFF, 0xEE, 0x00, 0xE0, 0x0E, 0x00, 0xE0, 0x0E, 0x00, 0xFF, 0xCF, 0xFC, 0xE0, 0x0E,
    0x00, 0xE0, 0x0E, 0x00, 0xE0, 0x0E, 0x00, 0xFF, 0xFF, 0xFF, 0x3B, 0x87, 0xBC, 0x3B, 0x80, 0x00,
    0x00, 0x0F, 0xFE, 0xFF, 0xEE, 0x00, 0xE0, 0x0E, 0x00, 0xE0, 0x0E, 0x00, 0xFF, 0xCF, 0xFC, 0xE0,
    0x0E, 0x00, 0xE0, 0x0E, 0x00, 0xE0, 0x0E, 0x00, 0xFF, 0xFF, 0xFF, 0xFF, 0xFC, 0x3F, 0xFF, 0x00,
    0x70, 0x00, 0x1C, 0x00, 0x07, 0x00, 0x01, 0xC0, 0x00, 0x7F, 0xE0, 0x1F, 0xFE, 0x07, 0x8F, 0x81,
    0xC0, 0xF0, 0x70, 0x1C, 0x1C, 0x07, 0x07, 0x01, 0xC1, 0xC0, 0xF0, 0x70, 0x7C, 0x1C, 0x7E, 0x07,
    0x1F, 0x00, 0x03, 0x00, 0xE0, 0x38, 0x0F, 0x00, 0xC0, 0x00, 0x00, 0x07, 0xFF, 0xFF, 0xFC, 0x03,
    0x80, 0x70, 0x0E, 0x01, 0xC0, 0x38, 0x07, 0x00, 0xE0, 0x1C, 0x03, 0x80, 0x70, 0x0E, 0x01, 0xC0,
    0x38, 0x07, 0x00, 0x07, 0xF8, 0x7F, 0xF3, 0xF1, 0xDE, 0x00, 0x70, 0x01, 0xC0, 0x0F, 0x00, 0x3F,
    0xF8, 0xFF, 0xE3, 0x80, 0x0F, 0x00, 0x1C, 0x00, 0x70, 0x01, 0xE0, 0x03, 0xF1, 0xC7, 0xFF, 0x07,
    0xF8, 0x1F, 0xE1, 0xFF, 0x9F, 0x1C, 0xE0, 0x07, 0x00, 0x3C, 0x00, 0xF8, 0x03, 0xE0, 0x07, 0xC0,
    0x0F, 0x80, 0x3C, 0x00, 0xF0, 0x03, 0x80, 0x3D, 0xE7, 0xCF, 0xFE, 0x3F, 0xC0, 0xFF, 0xFF, 0xFF,
    0xFF, 0xFF, 0xFF, 0xE0, 0x67, 0x7B, 0xD9, 0xC0, 0x00, 0x00, 0xE0, 0x70, 0x38, 0x1C, 0x0E, 0x07,
    0x03, 0x81, 0xC0, 0xE0, 0x70, 0x38, 0x1C, 0x0E, 0x07, 0x03, 0x81, 0xC0, 0xE0, 0x00, 0xE0, 0x1C,
    0x03, 0x80, 0x70, 0x0E, 0x01, 0xC0, 0x38, 0x07, 0x00, 0xE0, 0x1C, 0x03, 0x80, 0x70, 0x0E, 0x03,
    0xF9, 0xF7, 0xFE, 0x7F, 0x00, 0x07, 0xFF, 0x00, 0x01, 0xFF, 0xC0, 0x00, 0x70, 0x70, 0x00, 0x1C,
    0x1C, 0x00, 0x07, 0x07, 0x00, 0x01, 0xC1, 0xC0, 0x00, 0x70, 0x7F, 0xC0, 0x1C, 0x1F, 0xFC, 0x07,
    0x07, 0x1F, 0x81, 0xC1, 0xC0, 0xE0, 0xF0, 0x70, 0x38, 0x38, 0x1C, 0x0F, 0x0E, 0x07, 0x03, 0x87,
    0x81, 0xC0, 0xE7, 0xC0, 0x71, 0xFB, 0xE0, 0x1F, 0xFC, 0xF0, 0x07, 0xFC, 0x00, 0x00, 0x00, 0x00,
    0xE0, 0x38, 0x01, 0xC0, 0x70, 0x03, 0x80, 0xE0, 0x07, 0x01, 0xC0, 0x0E, 0x03, 0x80, 0x1C, 0x07,
    0x00, 0x3F, 0xFF, 0xFC, 0x7F, 0xFF, 0xFE, 0xE0, 0x3C, 0x7D, 0xC0, 0x70, 0x3F, 0x80, 0xE0, 0x3F,
    0x01, 0xC0, 0x7E, 0x03, 0x80, 0xFC, 0x07, 0x03, 0xF8, 0x0F, 0x1F, 0x70, 0x1F, 0xFC, 0xE0, 0x3F,
    0xF0, 0xFF, 0xFC, 0x3F, 0xFF, 0x00, 0x70, 0x00, 0x1C, 0x00, 0x07, 0x00, 0x01, 0xC0, 0x00, 0x7F,
    0xE0, 0x1F, 0xFC, 0x07, 0x8F, 0x81, 0xC0, 0xE0, 0x70, 0x38, 0x1C, 0x0E, 0x07, 0x03, 0x81, 0xC0,
    0xE0, 0x70, 0x38, 0x1C, 0x0E, 0x07, 0x03, 0x80, 0x01, 0x80, 0x0E, 0x00, 0x70, 0x03, 0x80, 0x0E,
    0x00, 0x00, 0x00, 0x00, 0x38, 0x1E, 0xE0, 0xF3, 0x87, 0x8E, 0x3C, 0x39, 0xE0, 0xEF, 0x03, 0xF8,
    0x0F, 0xC0, 0x3F, 0x80, 0xFF, 0x03, 0xBE, 0x0E, 0x7C, 0x38, 0xF8, 0xE1, 0xF3, 0x83, 0xCE, 0x07,
    0xB8, 0x0F, 0x0C, 0x00, 0x1C, 0x00, 0x1C, 0x00, 0x1C, 0x00, 0x18, 0x00, 0x00, 0x00, 0x00, 0x70,
    0x0E, 0xE0, 0x3D, 0xC0, 0xFB, 0x81, 0xF7, 0x07, 0xEE, 0x1F, 0xDC, 0x7B, 0xB8, 0xE7, 0x73, 0x8E,
    0xEF, 0x1D, 0xFC, 0x3B, 0xF0, 0x77, 0xE0, 0xEF, 0x81, 0xDE, 0x03, 0xBC, 0x07, 0x70, 0x0E, 0x0C,
    0x70, 0x1D, 0xC0, 0x3F, 0x80, 0x3E, 0x00, 0x00, 0x00, 0x00, 0x3C, 0x07, 0xB8, 0x0E, 0x78, 0x1C,
    0x70, 0x78, 0xF0, 0xE0, 0xE1, 0xC1, 0xE7, 0x01, 0xCE, 0x03, 0xFC, 0x03, 0xF0, 0x03, 0xE0, 0x07,
    0x80, 0x07, 0x00, 0x1C, 0x04, 0xF8, 0x0F, 0xE0, 0x1F, 0x80, 0x00, 0xE0, 0x1F, 0x80, 0x7E, 0x01,
    0xF8, 0x07, 0xE0, 0x1F, 0x80, 0x7E, 0x01, 0xF8, 0x07, 0xE0, 0x1F, 0x80, 0x7E, 0x01, 0xF8, 0x07,
    0xE0, 0x1F, 0x80, 0x7E, 0x01, 0xFF, 0xFF, 0xFF, 0xFC, 0x1C, 0x00, 0x70, 0x01, 0xC0, 0x07, 0x00,
    0x1C, 0x00, 0x01, 0xC0, 0x01, 0xF0, 0x00, 0xF8, 0x00, 0xFC, 0x00, 0x77, 0x00, 0x73, 0x80, 0x39,
    0xE0, 0x3C, 0x70, 0x1C, 0x3C, 0x0E, 0x0E, 0x0F, 0x07, 0x07, 0xFF, 0xC3, 0xFF, 0xE3, 0x80, 0x71,
    0xC0, 0x3D, 0xE0, 0x0E, 0xE0, 0x07, 0x80, 0xFF, 0xE7, 0xFF, 0x38, 0x01, 0xC0, 0x0E, 0x00, 0x70,
    0x03, 0xFF, 0x1F, 0xFC, 0xE3, 0xF7, 0x03, 0xF8, 0x1F, 0xC0, 0x7E, 0x07, 0xF0, 0x3B, 0x87, 0xDF,
    0xFC, 0xFF, 0xC0, 0xFF, 0xC7, 0xFF, 0x38, 0xFD, 0xC0, 0xEE, 0x07, 0x70, 0x3B, 0x87, 0xDF, 0xFC,
    0xFF, 0xF7, 0x0F, 0xB8, 0x1F, 0xC0, 0x7E, 0x03, 0xF0, 0x3F, 0x87, 0xDF, 0xFE, 0xFF, 0xC0, 0xFF,
    0xFF, 0xFF, 0x80, 0x70, 0x0E, 0x01, 0xC0, 0x38, 0x07, 0x00, 0xE0, 0x1C, 0x03, 0x80, 0x70, 0x0E,
    0x01, 0xC0, 0x38, 0x07, 0x00, 0xE0, 0x00, 0x07, 0xFF, 0x01, 0xFF, 0xC0, 0x70, 0x70, 0x1C, 0x1C,
    0x07, 0x07, 0x01, 0xC1, 0xC0, 0x70, 0x70, 0x1C, 0x1C, 0x07, 0x07, 0x01, 0xC1, 0xC0, 0xE0, 0x70,
    0x38, 0x1C, 0x1E, 0x07, 0x07, 0x01, 0xC3, 0xC0, 0x73, 0xFF, 0xFF, 0xFF, 0xFF, 0xF8, 0x00, 0x7E,
    0x00, 0x1F, 0x80, 0x07, 0xE0, 0x01, 0xF8, 0x00, 0x70, 0xFF, 0xEF, 0xFE, 0xE0, 0x0E, 0x00, 0xE0,
    0x0E, 0x00, 0xE0, 0x0F, 0xFC, 0xFF, 0xCE, 0x00, 0xE0, 0x0E, 0x00, 0xE0, 0x0E, 0x00, 0xE0, 0x0F,
    0xFF, 0xFF, 0xF0, 0x78, 0x38, 0x3C, 0x78, 0x70, 0xF0, 0x70, 0xE3, 0xC0, 0x71, 0xCF, 0x00, 0xF3,
    0xBC, 0x00, 0xF7, 0xF0, 0x00, 0xFF, 0xC0, 0x00, 0xFF, 0x80, 0x03, 0xFF, 0x00, 0x0F, 0x77, 0x00,
    0x1C, 0xE7, 0x00, 0x71, 0xCF, 0x01, 0xC3, 0x8F, 0x07, 0x87, 0x0E, 0x0E, 0x0E, 0x1E, 0x3C, 0x1C,
    0x1E, 0xF0, 0x38, 0x1C, 0x3F, 0xC1, 0xFF, 0xC3, 0x9F, 0x00, 0x1E, 0x00, 0x78, 0x01, 0xC0, 0x1F,
    0x07, 0xF8, 0x1F, 0xF0, 0x07, 0xE0, 0x03, 0x80, 0x0E, 0x00, 0x38, 0x00, 0xE7, 0x9F, 0x9F, 0xFC,
    0x3F, 0xE0, 0xE0, 0x1D, 0xC0, 0x7B, 0x81, 0xF7, 0x03, 0xEE, 0x0F, 0xDC, 0x3F, 0xB8, 0xF7, 0x71,
    0xCE, 0xE7, 0x1D, 0xDE, 0x3B, 0xF8, 0x77, 0xE0, 0xEF, 0xC1, 0xDF, 0x03, 0xBC, 0x07, 0x78, 0x0E,
    0xE0, 0x1C, 0x1C, 0x60, 0x3D, 0xC0, 0x3F, 0x00, 0x3E, 0x00, 0x00, 0x00, 0x00, 0x38, 0x07, 0x70,
    0x1E, 0xE0, 0x7D, 0xC0, 0xFB, 0x83, 0xF7, 0x0F, 0xEE, 0x3D, 0xDC, 0x73, 0xB9, 0xC7, 0x77, 0x8E,
    0xFE, 0x1D, 0xF8, 0x3B, 0xF0, 0x77, 0xC0, 0xEF, 0x01, 0xDE, 0x03, 0xB8, 0x07, 0x00, 0xE0, 0x7B,
    0x83, 0xCE, 0x1E, 0x38, 0xF0, 0xE7, 0x83, 0xBC, 0x0F, 0xE0, 0x3F, 0x00, 0xFE, 0x03, 0xFC, 0x0E,
    0xF8, 0x39, 0xF0, 0xE3, 0xE3, 0x87, 0xCE, 0x0F, 0x38, 0x1E, 0xE0, 0x3C, 0x07, 0xFF, 0x07, 0xFF,
    0x07, 0x07, 0x07, 0x07, 0x07, 0x07, 0x07, 0x07, 0x07, 0x07, 0x07, 0x07, 0x07, 0x07, 0x07, 0x07,
    0x0F, 0x07, 0x0E, 0x07, 0x0E, 0x07, 0x1E, 0x07, 0x7C, 0x07, 0xF8, 0x07, 0xF0, 0x07, 0x38, 0x01,
    0xC7, 0x80, 0x1C, 0x7C, 0x03, 0xC7, 0xC0, 0x3E, 0x7E, 0x06, 0xE7, 0x60, 0x6E, 0x77, 0x0C, 0xE7,
    0x30, 0xCE, 0x73, 0x1C, 0xE7, 0x39, 0x8E, 0x71, 0x98, 0xE7, 0x1F, 0x8E, 0x70, 0xF0, 0xEF, 0x0F,
    0x0E, 0xF0, 0xE0, 0xEE, 0x00, 0x0E, 0xE0, 0x00, 0xE0, 0xE0, 0x1F, 0x80, 0x7E, 0x01, 0xF8, 0x07,
    0xE0, 0x1F, 0x80, 0x7E, 0x01, 0xFF, 0xFF, 0xFF, 0xFF, 0x80, 0x7E, 0x01, 0xF8, 0x07, 0xE0, 0x1F,
    0x80, 0x7E, 0x01, 0xF8, 0x07, 0xE0, 0x1C, 0x07, 0xF8, 0x0F, 0xFE, 0x0F, 0xCF, 0x8F, 0x01, 0xE7,
    0x00, 0x7B, 0x80, 0x3F, 0xC0, 0x0F, 0xC0, 0x07, 0xE0, 0x03, 0xF0, 0x01, 0xFC, 0x00, 0xEE, 0x00,
    0xF7, 0x00, 0x7B, 0xC0, 0x78, 0xFC, 0xF8, 0x3F, 0xF8, 0x07, 0xF8, 0x00, 0xFF, 0xFF, 0xFF, 0xFE,
    0x01, 0xF8, 0x07, 0xE0, 0x1F, 0x80, 0x7E, 0x01, 0xF8, 0x07, 0xE0, 0x1F, 0x80, 0x7E, 0x01, 0xF8,
    0x07, 0xE0, 0x1F, 0x80, 0x7E, 0x01, 0xF8, 0x07, 0xE0, 0x1C, 0xFF, 0x87, 0xFF, 0x38, 0xFD, 0xC0,
    0xEE, 0x07, 0xF0, 0x3F, 0x81, 0xFC, 0x0E, 0xE3, 0xF7, 0xFF, 0x3F, 0xF1, 0xC0, 0x0E, 0x00, 0x70,
    0x03, 0x80, 0x1C, 0x00, 0xE0, 0x00, 0x07, 0xF8, 0x7F, 0xF3, 0xF3, 0xDE, 0x00, 0x78, 0x01, 0xC0,
    0x0F, 0x00, 0x38, 0x00, 0xE0, 0x03, 0x80, 0x0F, 0x00, 0x3C, 0x00, 0x70, 0x01, 0xE0, 0x03, 0xF1,
    0xC7, 0xFF, 0x07, 0xF8, 0xFF, 0xFF, 0xFF, 0xF0, 0x78, 0x01, 0xE0, 0x07, 0x80, 0x1E, 0x00, 0x78,
    0x01, 0xE0, 0x07, 0x80, 0x1E, 0x00, 0x78, 0x01, 0xE0, 0x07, 0x80, 0x1E, 0x00, 0x78, 0x01, 0xE0,
    0x07, 0x80, 0xF0, 0x1E, 0xE0, 0x39, 0xE0, 0x71, 0xC1, 0xE3, 0xC3, 0x83, 0x87, 0x07, 0x9C, 0x07,
    0x38, 0x0F, 0xF0, 0x0F, 0xC0, 0x0F, 0x80, 0x1E, 0x00, 0x1C, 0x00, 0x70, 0x13, 0xE0, 0x3F, 0x80,
    0x7E, 0x00, 0x00, 0xE0, 0x00, 0x0E, 0x00, 0x07, 0xFE, 0x01, 0xFF, 0xF8, 0x3E, 0xEF, 0xC7, 0x8E,
    0x1E, 0x70, 0xE0, 0xEF, 0x0E, 0x0E, 0xE0, 0xE0, 0xFE, 0x0E, 0x0F, 0xF0, 0xE0, 0xE7, 0x0E, 0x0E,
    0x78, 0xE1, 0xE3, 0xEE, 0xFC, 0x1F, 0xFF, 0x80, 0xFF, 0xE0, 0x00, 0xE0, 0x00, 0x0E, 0x00, 0x70,
    0x1E, 0x78, 0x1C, 0x3C, 0x3C, 0x1C, 0x78, 0x1E, 0x70, 0x0F, 0xF0, 0x07, 0xE0, 0x03, 0xC0, 0x03,
    0xC0, 0x07, 0xE0, 0x0F, 0xE0, 0x0E, 0xF0, 0x1E, 0x78, 0x3C, 0x3C, 0x38, 0x1C, 0x78, 0x1E, 0xF0,
    0x0E, 0xE0, 0x1C, 0xE0, 0x1C, 0xE0, 0x1C, 0xE0, 0x1C, 0xE0, 0x1C, 0xE0, 0x1C, 0xE0, 0x1C, 0xE0,
    0x1C, 0xE0, 0x1C, 0xE0, 0x1C, 0xE0, 0x1C, 0xE0, 0x1C, 0xE0, 0x1C, 0xE0, 0x1C, 0xE0, 0x1C, 0xFF,
    0xFF, 0xFF, 0xFF, 0x00, 0x07, 0x00, 0x07, 0x00, 0x07, 0x00, 0x07, 0x00, 0x07, 0xE0, 0x3F, 0x01,
    0xF8, 0x0F, 0xC0, 0x7E, 0x03, 0xF0, 0x1F, 0x80, 0xFE, 0x07, 0x78, 0x7B, 0xFF, 0xC7, 0xFE, 0x00,
    0x70, 0x03, 0x80, 0x1C, 0x00, 0xE0, 0x07, 0x00, 0x38, 0xE0, 0x70, 0x3F, 0x03, 0x81, 0xF8, 0x1C,
    0x0F, 0xC0, 0xE0, 0x7E, 0x07, 0x03, 0xF0, 0x38, 0x1F, 0x81, 0xC0, 0xFC, 0x0E, 0x07, 0xE0, 0x70,
    0x3F, 0x03, 0x81, 0xF8, 0x1C, 0x0F, 0xC0, 0xE0, 0x7E, 0x07, 0x03, 0xF0, 0x38, 0x1F, 0x81, 0xC0,
    0xFF, 0xFF, 0xFF, 0xFF, 0xFF, 0xF8, 0xE0, 0x70, 0x39, 0xC0, 0xE0, 0x73, 0x81, 0xC0, 0xE7, 0x03,
    0x81, 0xCE, 0x07, 0x03, 0x9C, 0x0E, 0x07, 0x38, 0x1C, 0x0E, 0x70, 0x38, 0x1C, 0xE0, 0x70, 0x39,
    0xC0, 0xE0, 0x73, 0x81, 0xC0, 0xE7, 0x03, 0x81, 0xCE, 0x07, 0x03, 0x9C, 0x0E, 0x07, 0x38, 0x1C,
    0x0E, 0x7F, 0xFF, 0xFF, 0xFF, 0xFF, 0xFE, 0x00, 0x00, 0x1C, 0x00, 0x00, 0x38, 0x00, 0x00, 0x70,
    0x00, 0x00, 0xE0, 0x00, 0x01, 0xC0, 0xFF, 0x00, 0x3F, 0xC0, 0x00, 0x70, 0x00, 0x1C, 0x00, 0x07,
    0x00, 0x01, 0xC0, 0x00, 0x7F, 0xC0, 0x1F, 0xFC, 0x07, 0x1F, 0x81, 0xC0, 0xE0, 0x70, 0x38, 0x1C,
    0x0F, 0x07, 0x03, 0x81, 0xC0, 0xE0, 0x71, 0xF8, 0x1F, 0xFC, 0x07, 0xFC, 0x00, 0xE0, 0x03, 0xF8,
    0x00, 0xFE, 0x00, 0x3F, 0x80, 0x0F, 0xE0, 0x03, 0xF8, 0x00, 0xFF, 0xF8, 0x3F, 0xFF, 0x8F, 0xE3,
    0xF3, 0xF8, 0x1C, 0xFE, 0x07, 0x3F, 0x81, 0xEF, 0xE0, 0x73, 0xF8, 0x1C, 0xFE, 0x3F, 0x3F, 0xFF,
    0x8F, 0xFF, 0x83, 0xC0, 0xE0, 0x07, 0x00, 0x38, 0x01, 0xC0, 0x0E, 0x00, 0x70, 0x03, 0xFF, 0x1F,
    0xFC, 0xE3, 0xF7, 0x03, 0xB8, 0x1F, 0xC0, 0x7E, 0x07, 0xF0, 0x3B, 0x87, 0xDF, 0xFC, 0xFF, 0xC0,
    0x7F, 0xC1, 0xFF, 0xC1, 0xC7, 0xC0, 0x03, 0xC0, 0x03, 0xC0, 0x03, 0x80, 0x07, 0x0F, 0xFE, 0x1F,
    0xFC, 0x00, 0x38, 0x00, 0x70, 0x00, 0xE0, 0x03, 0xC0, 0x0F, 0x1C, 0x7C, 0x7F, 0xF0, 0x7F, 0xC0,
    0xE0, 0x1F, 0xC1, 0xC0, 0xFF, 0xE3, 0x83, 0xE7, 0xE7, 0x0F, 0x01, 0xCE, 0x1C, 0x03, 0xDC, 0x78,
    0x03, 0xB8, 0xF0, 0x07, 0x7F, 0xC0, 0x0F, 0xFF, 0x80, 0x1F, 0xC7, 0x00, 0x3F, 0x8F, 0x00, 0x77,
    0x0E, 0x00, 0xEE, 0x1C, 0x03, 0xDC, 0x3C, 0x07, 0x38, 0x3E, 0x7E, 0x70, 0x3F, 0xF8, 0xE0, 0x1F,
    0xC0, 0x0F, 0xFC, 0x7F, 0xF3, 0xE1, 0xDE, 0x07, 0x70, 0x1D, 0xC0, 0x77, 0x81, 0xCF, 0x87, 0x3F,
    0xFC, 0x3F, 0xF0, 0xE1, 0xC7, 0x87, 0x1C, 0x1C, 0xF0, 0x73, 0x81, 0xDE, 0x07, 0x70, 0x1C, 0x7F,
    0x8F, 0xF9, 0x8F, 0x00, 0xE0, 0x0E, 0x7F, 0xDF, 0xFF, 0xCF, 0xE0, 0xFC, 0x1F, 0xC7, 0xFF, 0xF3,
    0xFC, 0x03, 0xF0, 0x7F, 0x87, 0xF8, 0x78, 0x07, 0x80, 0x38, 0x01, 0xFF, 0x1F, 0xFC, 0xFD, 0xF7,
    0x83, 0xF8, 0x0F, 0xC0, 0x7E, 0x03, 0xF8, 0x1D, 0xC1, 0xEE, 0x0E, 0x7C, 0xF1, 0xFF, 0x07, 0xF0,
    0xFF, 0x9F, 0xFB, 0x8F, 0x70, 0xEE, 0x3D, 0xFF, 0x3F, 0xF7, 0x1F, 0xE0, 0xFC, 0x1F, 0x8F, 0xFF,
    0xEF, 0xF8, 0xFF, 0x7F, 0xB8, 0x1C, 0x0E, 0x07, 0x03, 0x81, 0xC0, 0xE0, 0x70, 0x38, 0x1C, 0x0E,
    0x00, 0x0F, 0xF8, 0x1F, 0xF0, 0x38, 0xE0, 0x71, 0xC0, 0xE3, 0x81, 0x87, 0x07, 0x0E, 0x0E, 0x1C,
    0x1C, 0x38, 0x70, 0x70, 0xE0, 0xE7, 0xFF, 0xFF, 0xFF, 0xFC, 0x01, 0xF8, 0x03, 0xF0, 0x07, 0xE0,
    0x0E, 0x1F, 0x83, 0xFE, 0x79, 0xEF, 0x0F, 0xE0, 0x7F, 0xFF, 0xFF, 0xFE, 0x00, 0xE0, 0x0F, 0x00,
    0x7C, 0x63, 0xFE, 0x1F, 0xE0, 0x78, 0xE1, 0xC7, 0x1C, 0x70, 0x73, 0x9C, 0x07, 0x77, 0x00, 0x7F,
    0xC0, 0x07, 0xF8, 0x01, 0xFF, 0x00, 0x77, 0x70, 0x1C, 0xE7, 0x07, 0x9C, 0xF0, 0xE3, 0x8F, 0x38,
    0x70, 0xEF, 0x0E, 0x1E, 0xFF, 0x3F, 0xEE, 0x7C, 0x07, 0x03, 0xCF, 0xE3, 0xF8, 0x0F, 0x01, 0xC0,
    0x7E, 0x3F, 0xFF, 0xFF, 0x00, 0xE0, 0xFC, 0x3F, 0x8F, 0xF1, 0xFE, 0x7F, 0xDD, 0xFB, 0xBF, 0xE7,
    0xF8, 0xFF, 0x1F, 0xC3, 0xF0, 0x7E, 0x0E, 0x71, 0x87, 0x70, 0xFE, 0x0F, 0x80, 0x00, 0x00, 0x38,
    0x3F, 0x0F, 0xE3, 0xFC, 0x7F, 0x9F, 0xF7, 0x7E, 0xEF, 0xF9, 0xFE, 0x3F, 0xC7, 0xF0, 0xFC, 0x1F,
    0x83, 0x80, 0xE1, 0xEE, 0x3C, 0xE7, 0x8E, 0xF0, 0xFE, 0x0F, 0xC0, 0xFC, 0x0F, 0xE0, 0xEF, 0x0E,
    0x78, 0xE3, 0xCE, 0x1C, 0xE0, 0xE0, 0x0F, 0xF8, 0x7F, 0xC3, 0x8E, 0x1C, 0x70, 0xE3, 0x87, 0x1C,
    0x38, 0xE3, 0x87, 0x1C, 0x39, 0xE1, 0xDE, 0x0F, 0xF0, 0x7E, 0x03, 0x80, 0x70, 0x0E, 0x78, 0x1E,
    0x78, 0x1E, 0x7C, 0x3E, 0x7C, 0x36, 0x76, 0x77, 0x76, 0x67, 0x67, 0xE7, 0x63, 0xC7, 0xE3, 0xC7,
    0xE1, 0xC7, 0xE0, 0x07, 0xE0, 0x07, 0xE0, 0xFC, 0x1F, 0x83, 0xF0, 0x7E, 0x0F, 0xFF, 0xFF, 0xFF,
    0x07, 0xE0, 0xFC, 0x1F, 0x83, 0xF0, 0x7E, 0x0E, 0x1F, 0xC1, 0xFF, 0x1E, 0x7C, 0xE0, 0xEE, 0x07,
    0xF0, 0x1F, 0x80, 0xFC, 0x07, 0xE0, 0x7B, 0x83, 0x9E, 0x7C, 0x7F, 0xC1, 0xFC, 0x00, 0xFF, 0xFF,
    0xFF, 0x83, 0xF0, 0x7E, 0x0F, 0xC1, 0xF8, 0x3F, 0x07, 0xE0, 0xFC, 0x1F, 0x83, 0xF0, 0x7E, 0x0E,
    0xFF, 0x8F, 0xFC, 0xE3, 0xEE, 0x0E, 0xE0, 0xFE, 0x07, 0xE0, 0x7E, 0x07, 0xE0, 0xFE, 0x0E, 0xF3,
    0xEF, 0xFC, 0xFF, 0x8E, 0x00, 0xE0, 0x0E, 0x00, 0xE0, 0x0E, 0x00, 0x1F, 0xC7, 0xF9, 0xF3, 0x38,
    0x0E, 0x01, 0xC0, 0x38, 0x07, 0x00, 0xE0, 0x1E, 0x01, 0xF3, 0x1F, 0xE1, 0xFC, 0xFF, 0xFF, 0xFF,
    0x0E, 0x00, 0xE0, 0x0E, 0x00, 0xE0, 0x0E, 0x00, 0xE0, 0x0E, 0x00, 0xE0, 0x0E, 0x00, 0xE0, 0x0E,
    0x00, 0xE0, 0x7F, 0x07, 0x70, 0x77, 0x0E, 0x78, 0xE3, 0x8E, 0x38, 0xC1, 0xDC, 0x1D, 0xC1, 0xF8,
    0x0F, 0x80, 0xF8, 0x07, 0x00, 0x70, 0x07, 0x09, 0xE0, 0xFC, 0x0F, 0x80, 0x01, 0xC0, 0x00, 0xE0,
    0x00, 0x70, 0x00, 0x38, 0x00, 0x1C, 0x00, 0x0E, 0x00, 0x3F, 0xE0, 0x7F, 0xFC, 0x7D, 0xDF, 0x38,
    0xE3, 0xF8, 0x70, 0xFC, 0x38, 0x7E, 0x1C, 0x3F, 0x0E, 0x1F, 0x87, 0x0E, 0xE3, 0x8F, 0x7D, 0xDF,
    0x1F, 0xFF, 0x03, 0xFE, 0x00, 0x38, 0x00, 0x1C, 0x00, 0x0E, 0x00, 0x07, 0x00, 0x03, 0x80, 0x70,
    0x73, 0xC7, 0x0E, 0x78, 0x3B, 0x81, 0xF8, 0x07, 0x80, 0x3C, 0x01, 0xF0, 0x1F, 0xC1, 0xEF, 0x0E,
    0x38, 0xE1, 0xEF, 0x07, 0x00, 0xE0, 0xE7, 0x07, 0x38, 0x39, 0xC1, 0xCE, 0x0E, 0x70, 0x73, 0x83,
    0x9C, 0x1C, 0xE0, 0xE7, 0x07, 0x38, 0x39, 0xFF, 0xFF, 0xFF, 0x80, 0x1C, 0x00, 0xE0, 0x07, 0x00,
    0x38, 0xE0, 0xFC, 0x1F, 0x83, 0xF0, 0x7E, 0x0F, 0xE3, 0xDF, 0xF9, 0xFF, 0x00, 0xE0, 0x1C, 0x03,
    0x80, 0x70, 0x0E, 0xE1, 0xC3, 0xF0, 0xE1, 0xF8, 0x70, 0xFC, 0x38, 0x7E, 0x1C, 0x3F, 0x0E, 0x1F,
    0x87, 0x0F, 0xC3, 0x87, 0xE1, 0xC3, 0xF0, 0xE1, 0xF8, 0x70, 0xFF, 0xFF, 0xFF, 0xFF, 0xF8, 0xE1,
    0xC3, 0x9C, 0x38, 0x73, 0x87, 0x0E, 0x70, 0xE1, 0xCE, 0x1C, 0x39, 0xC3, 0x87, 0x38, 0x70, 0xE7,
    0x0E, 0x1C, 0xE1, 0xC3, 0x9C, 0x38, 0x73, 0x87, 0x0E, 0x7F, 0xFF, 0xFF, 0xFF, 0xFE, 0x00, 0x01,
    0xC0, 0x00, 0x38, 0x00, 0x07, 0x00, 0x00, 0xE0, 0xFC, 0x01, 0xF8, 0x00, 0x70, 0x00, 0xE0, 0x01,
    0xFF, 0x03, 0xFF, 0x87, 0x8F, 0x0E, 0x0E, 0x1C, 0x1E, 0x38, 0x38, 0x78, 0xF0, 0xFF, 0xE0, 0xFF,
    0x00, 0xE0, 0x0F, 0xC0, 0x1F, 0x80, 0x3F, 0x00, 0x7E, 0x00, 0xFF, 0xF1, 0xFF, 0xF3, 0xF1, 0xE7,
    0xE1, 0xEF, 0xC3, 0xDF, 0x8F, 0x3F, 0xFE, 0x7F, 0xF8, 0xE0, 0xE0, 0x1C, 0x03, 0x80, 0x70, 0x0F,
    0xF9, 0xFF, 0xB8, 0xF7, 0x0F, 0xE0, 0xFC, 0x3F, 0x8F, 0x7F, 0xEF, 0xF8, 0x7F, 0x07, 0xFC, 0x63,
    0xC0, 0x0E, 0x00, 0xE1, 0xFE, 0x1F, 0xF0, 0x0E, 0x00, 0xE0, 0x1E, 0x63, 0xE7, 0xFC, 0x7F, 0x00,
    0xE0, 0xFC, 0x71, 0xFF, 0x38, 0xF3, 0xDC, 0xF0, 0xFE, 0x70, 0x3F, 0xF8, 0x1F, 0xFC, 0x0F, 0xCE,
    0x07, 0xE7, 0x03, 0xF3, 0xC3, 0xF8, 0xF3, 0xDC, 0x3F, 0xCE, 0x0F, 0xC0, 0x1F, 0xF3, 0xFF, 0x3C,
    0x77, 0x07, 0x70, 0x77, 0xC7, 0x3F, 0xF1, 0xFF, 0x1C, 0x73, 0x87, 0x38, 0x77, 0x07, 0x70, 0x70,
    0x1C, 0x01, 0xC0, 0x0E, 0x00, 0x70, 0x03, 0x00, 0x00, 0x00, 0x01, 0xF8, 0x3F, 0xE7, 0x9E, 0xF0,
    0xFE, 0x07, 0xFF, 0xFF, 0xFF, 0xE0, 0x0E, 0x00, 0xF0, 0x07, 0xC6, 0x3F, 0xE1, 0xFE, 0x39, 0xC3,
    0xDC, 0x39, 0xC0, 0x00, 0x00, 0x01, 0xF8, 0x3F, 0xE7, 0x9E, 0xF0, 0xFE, 0x07, 0xFF, 0xFF, 0xFF,
    0xE0, 0x0E, 0x00, 0xF0, 0x07, 0xC6, 0x3F, 0xE1, 0xFE, 0x38, 0x01, 0xC0, 0x3F, 0xE1, 0xFF, 0x03,
    0x80, 0x1C, 0x00, 0xFF, 0x87, 0xFE, 0x3C, 0xF1, 0xC3, 0xCE, 0x0E, 0x70, 0x73, 0x83, 0x9C, 0x1C,
    0xE0, 0xE7, 0x07, 0x38, 0x39, 0xC1, 0xCE, 0x0E, 0x00, 0x70, 0x03, 0x80, 0x3C, 0x07, 0xC0, 0x3E,
    0x07, 0x03, 0x83, 0x83, 0x81, 0x80, 0x00, 0x01, 0xFE, 0xFF, 0x70, 0x38, 0x1C, 0x0E, 0x07, 0x03,
    0x81, 0xC0, 0xE0, 0x70, 0x38, 0x1C, 0x00, 0x1F, 0xC7, 0xF9, 0xF3, 0x38, 0x0E, 0x01, 0xFE, 0x3F,
    0xC7, 0x00, 0xE0, 0x1E, 0x01, 0xF3, 0x9F, 0xF1, 0xFE, 0x3F, 0xBF, 0xEF, 0x33, 0x80, 0xF0, 0x3F,
    0x03, 0xF0, 0x3E, 0x03, 0x80, 0xFE, 0x7B, 0xFE, 0xFF, 0x00, 0xFF, 0x00, 0x07, 0x77, 0x77, 0x77,
    0x77, 0x77, 0x77, 0xE7, 0x7B, 0xB9, 0xC0, 0x00, 0x00, 0xE0, 0x70, 0x38, 0x1C, 0x0E, 0x07, 0x03,
    0x81, 0xC0, 0xE0, 0x70, 0x38, 0x1C, 0x0E, 0x00, 0x1E, 0x3C, 0x00, 0x00, 0x01, 0xC3, 0x87, 0x0E,
    0x1C, 0x38, 0x70, 0xE1, 0xC3, 0x87, 0x0E, 0x1C, 0x38, 0xF3, 0xDF, 0xBE, 0x00, 0x0F, 0xF8, 0x00,
    0x7F, 0xC0, 0x03, 0x8E, 0x00, 0x1C, 0x70, 0x00, 0xE3, 0x80, 0x07, 0x1F, 0xF0, 0x38, 0xFF, 0xC3,
    0x87, 0x9F, 0x1C, 0x38, 0x39, 0xE1, 0xC1, 0xDE, 0x0E, 0x1F, 0xF0, 0x7F, 0xEE, 0x03, 0xFE, 0x00,
    0xE0, 0xE0, 0x1C, 0x1C, 0x03, 0x83, 0x80, 0x70, 0x70, 0x0E, 0x0E, 0x01, 0xC1, 0xFF, 0x3F, 0xFF,
    0xF7, 0xFF, 0x1F, 0xE0, 0xE0, 0xFC, 0x1C, 0x1F, 0x83, 0x8F, 0xF0, 0x7F, 0xEE, 0x0F, 0xF8, 0x38,
    0x01, 0xC0, 0x3F, 0xE1, 0xFF, 0x03, 0x80, 0x1C, 0x00, 0xFF, 0x87, 0xFE, 0x3C, 0xF1, 0xC3, 0xCE,
    0x0E, 0x70, 0x73, 0x83, 0x9C, 0x1C, 0xE0, 0xE7, 0x07, 0x38, 0x39, 0xC1, 0xCE, 0x0E, 0x03, 0x00,
    0x70, 0x0E, 0x01, 0xC0, 0x1C, 0x00, 0x00, 0x00, 0x0E, 0x1E, 0xE3, 0xCE, 0x78, 0xEF, 0x0F, 0xE0,
    0xFC, 0x0F, 0xC0, 0xFE, 0x0E, 0xF0, 0xE7, 0x8E, 0x3C, 0xE1, 0xCE, 0x0E, 0x18, 0x07, 0x80, 0x70,
    0x07, 0x00, 0x60, 0x00, 0x00, 0x07, 0x07, 0xE1, 0xFC, 0x7F, 0x8F, 0xF3, 0xFE, 0xEF, 0xDD, 0xFF,
    0x3F, 0xC7, 0xF8, 0xFE, 0x1F, 0x83, 0xF0, 0x70, 0x18, 0xE1, 0xDC, 0x1F, 0xC0, 0xF8, 0x00, 0x00,
    0x00, 0xE0, 0x7F, 0x07, 0x70, 0x77, 0x0E, 0x78, 0xE3, 0x8E, 0x38, 0xC1, 0xDC, 0x1D, 0xC1, 0xF8,
    0x0F, 0x80, 0xF8, 0x07, 0x00, 0x70, 0x07, 0x09, 0xE0, 0xFC, 0x0F, 0x80, 0xE0, 0xFC, 0x1F, 0x83,
    0xF0, 0x7E, 0x0F, 0xC1, 0xF8, 0x3F, 0x07, 0xE0, 0xFC, 0x1F, 0x83, 0xFF, 0xFF, 0xFE, 0x1C, 0x03,
    0x80, 0x70, 0x0E, 0x00, 0xE0, 0x38, 0x0F, 0xC0, 0x70, 0x1F, 0xC0, 0xE0, 0x3B, 0x81, 0xC0, 0xF7,
    0x03, 0x81, 0xCE, 0x07, 0x03, 0x9C, 0x0F, 0x07, 0x38, 0x3E, 0x0E, 0x38, 0x7C, 0x1C, 0x70, 0xF8,
    0x78, 0xE3, 0xB8, 0xE0, 0xE7, 0x71, 0xC1, 0xCC, 0xF3, 0x83, 0xB8, 0xEE, 0x03, 0xF1, 0xDC, 0x07,
    0xC1, 0xF0, 0x07, 0x83, 0xE0, 0x0F, 0x03, 0x80, 0x0C, 0x02, 0x00, 0xE0, 0xE0, 0x6E, 0x0E, 0x06,
    0xE0, 0xE0, 0xEE, 0x0E, 0x0E, 0x70, 0xE0, 0xE7, 0x07, 0x0E, 0x70, 0xF0, 0xE7, 0x0F, 0x1C, 0x39,
    0xF1, 0xC3, 0x9B, 0x98, 0x1B, 0xBB, 0x81, 0xF1, 0xF0, 0x0F, 0x1F, 0x00, 0xE0, 0xE0, 0x07, 0x00,
    0x01, 0xC0, 0x0F, 0xFF, 0x83, 0xFF, 0xE0, 0x07, 0x00, 0x01, 0xC0, 0x00, 0x70, 0x00, 0x1F, 0xF0,
    0x07, 0xFF, 0x01, 0xC7, 0xE0, 0x70, 0x38, 0x1C, 0x0E, 0x07, 0x03, 0xC1, 0xC0, 0xE0, 0x70, 0x38,
    0x1C, 0x7E, 0x07, 0xFF, 0x01, 0xFF, 0x00, 0x1C, 0x00, 0x38, 0x00, 0x70, 0x00, 0xE0, 0x01, 0xC0,
    0x03, 0x80, 0x3F, 0xF8, 0x7F, 0xF0, 0x1C, 0x00, 0x38, 0x00, 0x7F, 0xC0, 0xFF, 0xE1, 0xE3, 0xC3,
    0x83, 0x87, 0x07, 0x8E, 0x0E, 0x1E, 0x3C, 0x3F, 0xF8, 0x3F, 0xC0, 0x00, 0x00, 0x07, 0x00, 0xFF,
    0xB8, 0x1F, 0xFF, 0xC1, 0xF0, 0xEE, 0x0F, 0x00, 0x70, 0xF0, 0x03, 0x87, 0x00, 0x1C, 0x38, 0x00,
    0xFF, 0xFF, 0xC7, 0xFF, 0xFE, 0x3F, 0xFF, 0xF1, 0xC7, 0x80, 0x0E, 0x1C, 0x00, 0x70, 0xE0, 0x03,
    0x87, 0x80, 0x1C, 0x1C, 0x00, 0xE0, 0xF8, 0x37, 0x03, 0xFF, 0xB8, 0x0F, 0xFC, 0x00, 0x0F, 0x00,
    0xE0, 0x7E, 0xE0, 0xFF, 0xE1, 0xFF, 0xE3, 0x80, 0xE3, 0x80, 0xE3, 0x80, 0xFF, 0xFE, 0xFF, 0xFE,
    0xE7, 0x00, 0xE3, 0x80, 0xE3, 0x80, 0xE3, 0xC1, 0xE1, 0xFF, 0xE0, 0xFF, 0x00, 0x1C, 0x01, 0xC0,
    0x00, 0x78, 0x00, 0x3E, 0x00, 0x0F, 0x80, 0x07, 0x70, 0x01, 0xDC, 0x00, 0xE3, 0x80, 0x3F, 0xE0,
    0x0F, 0xF8, 0x07, 0xFF, 0x01, 0xDD, 0xC0, 0xE7, 0x38, 0x39, 0xCE, 0x1E, 0x73, 0xC7, 0x1C, 0x71,
    0xC7, 0x1C, 0xE1, 0xC3, 0xB8, 0x70, 0xE0, 0x07, 0x80, 0x0F, 0x00, 0x1F, 0x00, 0x7E, 0x00, 0xEE,
    0x03, 0x9C, 0x07, 0xF8, 0x1F, 0xF8, 0x3F, 0xF0, 0x77, 0x71, 0xCE, 0xE3, 0x9D, 0xEE, 0x39, 0xDC,
    0x73, 0x80, 0xE0, 0x1C, 0x03, 0x80, 0x78, 0x0E, 0x03, 0xE0, 0x38, 0x0F, 0xC0, 0xE0, 0x77, 0x03,
    0x81, 0xDC, 0x0E, 0x07, 0x38, 0x3F, 0xFF, 0xE0, 0xFF, 0xFF, 0xC3, 0xFF, 0xFF, 0x0E, 0x1D, 0xDC,
    0x38, 0xF7, 0x38, 0xE3, 0x9C, 0xE3, 0x8E, 0x71, 0xCE, 0x71, 0xC7, 0x39, 0xC7, 0x1E, 0xEF, 0x1C,
    0x3B, 0xB8, 0x70, 0xE0, 0xC0, 0x70, 0x38, 0x3C, 0x0E, 0x0F, 0x83, 0x87, 0xE0, 0xE1, 0xDC, 0x38,
    0x67, 0x0F, 0xFF, 0xE3, 0xFF, 0xF8, 0xE7, 0x7E, 0x39, 0xDD, 0xCE, 0xE7, 0x73, 0xB9, 0xCE, 0xEE,
    0x73, 0xBF, 0x1C, 0x70, 0x3F, 0xFF, 0x8F, 0xFF, 0xE3, 0xFF, 0xF0, 0x70, 0x38, 0x0E, 0x1C, 0x01,
    0xCF, 0x00, 0x7B, 0x80, 0x0F, 0xC0, 0x0F, 0xFC, 0x07, 0xFF, 0x83, 0xCE, 0x70, 0xE3, 0x9C, 0x38,
    0xE3, 0x9C, 0x38, 0xE7, 0x0E, 0x39, 0xC3, 0x8F, 0xE0, 0xE1, 0xF8, 0x38, 0x70, 0x3F, 0xFC, 0x7F,
    0xFE, 0x3F, 0xFC, 0x1C, 0x38, 0x0E, 0x70, 0x07, 0xE0, 0x0F, 0xF0, 0x1F, 0xF8, 0x39, 0x9C, 0x39,
    0x9C, 0x71, 0x8E, 0x71, 0x8E, 0xE1, 0x87, 0xE1, 0x87, 0xE3, 0xFF, 0xF9, 0xC7, 0xFF, 0xF3, 0x87,
    0xFF, 0xE7, 0x0F, 0x03, 0x8E, 0x0F, 0x0E, 0x1C, 0x0E, 0x38, 0x38, 0x0E, 0xE0, 0x7F, 0xFF, 0xC0,
    0xFF, 0xFF, 0xE1, 0xFF, 0xFF, 0xE3, 0x87, 0x39, 0xC7, 0x1E, 0x71, 0xCE, 0x38, 0xE3, 0x9C, 0x71,
    0xC7, 0x38, 0xE3, 0x87, 0x73, 0x87, 0x0E, 0xE7, 0x0E, 0x1D, 0xCE, 0x1C, 0x1C, 0xC7, 0xFF, 0xCE,
    0x7F, 0xFC, 0xE7, 0xFF, 0x8E, 0x38, 0x70, 0xE1, 0xCF, 0x0E, 0x0F, 0xE0, 0xFF, 0xFF, 0x0F, 0xFF,
    0xF8, 0xE7, 0xBB, 0x8E, 0x73, 0x9C, 0xEE, 0x39, 0xCE, 0xE3, 0x8C, 0xEE, 0x38, 0xEF, 0xC3, 0x8E,
    0x10, 0x70, 0x73, 0xC0, 0xFF, 0x03, 0xE0, 0x3F, 0xE1, 0xFF, 0xC7, 0x07, 0x80, 0x0E, 0x00, 0x38,
    0x00, 0xE0, 0x07, 0x87, 0xFC, 0x1F, 0xC0, 0x7F, 0xC0, 0x07, 0x80, 0x0E, 0x00, 0x1C, 0x00, 0x70,
    0x03, 0x80, 0x1E, 0x1F, 0xF1, 0xFF, 0x87, 0xE0, 0x38, 0x00, 0xF9, 0xF1, 0xFF, 0xE3, 0xFF, 0x80,
    0x00, 0x70, 0xE3, 0x9E, 0x1F, 0x83, 0xF8, 0x7F, 0xC7, 0xFE, 0x00, 0xE0, 0x0E, 0x01, 0xE1, 0xFC,
    0x1F, 0xC0, 0x1E, 0x00, 0xE0, 0x06, 0x00, 0xE3, 0xFE, 0x7F, 0xCF, 0xC0, 0xE0, 0x0F, 0xFE, 0x7F,
    0xE3, 0xFE, 0xE1, 0xC3, 0xF0, 0xE1, 0xF8, 0x70, 0xFC, 0x38, 0x7E, 0x1C, 0x3F, 0x0E, 0x1F, 0x87,
    0x0F, 0xC3, 0x8F, 0xE1, 0xC7, 0x78, 0xE3, 0x9E, 0x73, 0xC7, 0xFF, 0xC1, 0xFF, 0xC0, 0x3F, 0x00,
    0x07, 0x00, 0x03, 0x80, 0x01, 0xC0, 0x00, 0xE0, 0x00, 0x01, 0xC0, 0x01, 0xC0, 0x01, 0xC0, 0x01,
    0xC0, 0x01, 0xC0, 0x61, 0xC6, 0x71, 0xC7, 0x71, 0xC7, 0x71, 0xC7, 0x71, 0xC7, 0x71, 0xC7, 0x71,
    0xC7, 0x71, 0xC7, 0x71, 0xC7, 0x71, 0xC7, 0x71, 0xC7, 0x79, 0xDE, 0x3F, 0xFE, 0x1F, 0xF8, 0x03,
    0xC0, 0x01, 0xC0, 0x01, 0xC0, 0x01, 0xC0, 0x01, 0xC0, 0x01, 0xC0, 0x07, 0xF8, 0x0F, 0xFE, 0x0F,
    0xCF, 0x8F, 0x01, 0xE7, 0x80, 0x7B, 0x80, 0x3F, 0xC0, 0x0F, 0xFF, 0x07, 0xFF, 0xE7, 0xFC, 0xFF,
    0xFC, 0x1F, 0xEE, 0x00, 0x77, 0x00, 0x7B, 0xC0, 0x78, 0xF8, 0xF8, 0x3F, 0xF8, 0x07, 0xF8, 0x00,
    0x1F, 0xC1, 0xFF, 0x1E, 0x7C, 0xE0, 0xEF, 0xE7, 0xFF, 0xBF, 0xDF, 0xFC, 0x7F, 0xE0, 0x7B, 0x83,
    0x9E, 0x7C, 0x7F, 0xC1, 0xFC, 0x00, 0xE0, 0x03, 0xEF, 0x00, 0x7E, 0x70, 0x0F, 0x67, 0x80, 0xE0,
    0x78, 0x0E, 0x03, 0x81, 0xC0, 0x3C, 0x1C, 0x01, 0xC3, 0xC0, 0x1C, 0x38, 0x01, 0xE3, 0x80, 0x0E,
    0x70, 0x00, 0xF7, 0x00, 0x07, 0xF0, 0x00, 0x7E, 0x00, 0x03, 0xE0, 0x00, 0x3C, 0x00, 0x03, 0xC0,
    0x00, 0xE0, 0x3D, 0xE0, 0xF9, 0xC1, 0xC3, 0x87, 0x07, 0x8E, 0x07, 0x1C, 0x0E, 0x70, 0x0E, 0xE0,
    0x1F, 0x80, 0x3F, 0x00, 0x3E, 0x00, 0x78, 0x00, 0x70, 0x00, 0x31, 0x80, 0x1D, 0xE0, 0x07, 0x70,
    0x01, 0x9C, 0x00, 0x66, 0x00, 0x00, 0x03, 0x80, 0x1F, 0xC0, 0x1F, 0xF0, 0x1E, 0x38, 0x0E, 0x1C,
    0x07, 0x07, 0x07, 0x03, 0x83, 0x81, 0xC1, 0xC0, 0x71, 0xC0, 0x38, 0xE0, 0x1C, 0x70, 0x07, 0x70,
    0x03, 0xB8, 0x01, 0xDC, 0x00, 0x7C, 0x00, 0x3E, 0x00, 0x0F, 0x00, 0x07, 0x80, 0x62, 0x01, 0xDC,
    0x07, 0xB8, 0x0E, 0x70, 0x1C, 0xC0, 0x00, 0x0E, 0x01, 0xF8, 0x0F, 0xE0, 0x79, 0xC1, 0xC7, 0x0E,
    0x1C, 0x38, 0x38, 0xE0, 0xE7, 0x01, 0xDC, 0x07, 0x70, 0x1D, 0x80, 0x3E, 0x00, 0xF8, 0x03, 0xC0,
    0x00, 0x00, 0x00, 0x00, 0x3F, 0xC0, 0x00, 0x01, 0xFF, 0x80, 0x00, 0x0F, 0x0F, 0x00, 0x00, 0x78,
    0x1E, 0x00, 0x01, 0xC0, 0x39, 0x80, 0x67, 0x00, 0x77, 0x03, 0xB8, 0x01, 0xDC, 0x0E, 0xE0, 0x07,
    0x78, 0x3B, 0x80, 0x1C, 0xE1, 0xCE, 0x00, 0x73, 0x87, 0x38, 0x01, 0xC7, 0x1C, 0xE0, 0x07, 0x1C,
    0xE1, 0xC0, 0x1C, 0x73, 0x87, 0x00, 0xE0, 0xEC, 0x1E, 0x03, 0x83, 0xF0, 0x3C, 0x3C, 0x07, 0xC0,
    0x7F, 0xF0, 0x1E, 0x00, 0xFF, 0x00, 0x78, 0x00, 0x70, 0x00, 0xE0, 0x00, 0x00, 0x07, 0x00, 0x00,
    0x00, 0x1C, 0x00, 0x00, 0x00, 0xE0, 0x00, 0x00, 0x1F, 0x80, 0x00, 0x00, 0x7C, 0x00, 0x0F, 0x83,
    0x00, 0xC7, 0xFC, 0x70, 0x39, 0xFF, 0xCE, 0x07, 0x38, 0x39, 0xC0, 0xEE, 0x03, 0x9C, 0x39, 0xC0,
    0x73, 0x87, 0x38, 0x0E, 0x38, 0xE7, 0x01, 0xC7, 0x38, 0xE0, 0x38, 0xE7, 0x1C, 0x07, 0x0F, 0xC1,
    0xC1, 0xE1, 0xF8, 0x3C, 0x38, 0x1F, 0x03, 0xFE, 0x03, 0xC0, 0x3F, 0x80, 0x78, 0x01, 0xC0, 0x0E,
    0x00, 0x00, 0x01, 0xC0, 0x00, 0x00, 0x38, 0x00, 0x00, 0x0E, 0x00, 0x00, 0x0F, 0xC0, 0x00, 0x01,
    0xF0, 0x00, 0x00, 0xC0, 0x00, 0x78, 0x00, 0x7F, 0xC0, 0x7F, 0xF8, 0x3F, 0xFF, 0x0E, 0x01, 0xE7,
    0x00, 0x39, 0xC0, 0x07, 0xF0, 0x01, 0xF8, 0x00, 0x7E, 0x00, 0x1F, 0x80, 0x07, 0xE0, 0x01, 0xFC,
    0x00, 0x77, 0x00, 0x1D, 0xC0, 0x0F, 0x78, 0x07, 0x8F, 0xFB, 0xC1, 0xFF, 0xE0, 0x1F, 0xF0, 0x01,
    0xE0, 0x00, 0x38, 0x00, 0x03, 0x80, 0x1F, 0x80, 0xFF, 0xC3, 0xFF, 0xC7, 0x33, 0xDE, 0x03, 0xB8,
    0x07, 0x70, 0x0E, 0xE0, 0x1D, 0xC0, 0x3B, 0x80, 0x73, 0x80, 0xE7, 0xBB, 0x87, 0xFF, 0x07, 0xF8,
    0x03, 0xC0, 0x03, 0x00, 0x00, 0xF8, 0x00, 0x01, 0xFF, 0x80, 0x01, 0xDF, 0x80, 0x01, 0xB9, 0x00,
    0x00, 0x38, 0x00, 0x00, 0x18, 0x00, 0x00, 0x30, 0x00, 0x00, 0x00, 0x00, 0x0F, 0xC7, 0xF0, 0x3F,
    0xE7, 0xF8, 0x3C, 0x46, 0x3C, 0x78, 0x00, 0x1C, 0x70, 0x00, 0x0E, 0x70, 0x00, 0x0E, 0xE0, 0x00,
    0x0E, 0xE0, 0x00, 0x0E, 0xE0, 0x00, 0x0E, 0xE0, 0x18, 0x0E, 0xE0, 0x38, 0x0E, 0xE0, 0x38, 0x0E,
    0x70, 0x38, 0x0E, 0x70, 0x38, 0x0E, 0x78, 0x38, 0x1C, 0x3C, 0x7C, 0x3C, 0x3F, 0xFF, 0xF8, 0x0F,
    0xEF, 0xF0, 0x03, 0x81, 0xC0, 0x00, 0x00, 0x00, 0x1F, 0x80, 0x00, 0xFF, 0x80, 0x06, 0xFC, 0x00,
    0x0F, 0x00, 0x00, 0x38, 0x00, 0x01, 0xC0, 0x00, 0x1C, 0x00, 0x00, 0x00, 0x00, 0xF8, 0x7C, 0x0F,
    0xE3, 0xF8, 0xFE, 0x1F, 0xC7, 0x00, 0x07, 0x70, 0x00, 0x3B, 0x80, 0x01, 0xDC, 0x00, 0x0E, 0xE0,
    0x70, 0x7F, 0x03, 0x83, 0xB8, 0x1C, 0x1C, 0xE0, 0xE0, 0xE7, 0x8F, 0x0F, 0x1F, 0xFF, 0xF0, 0x7F,
    0x7F, 0x00, 0xC0, 0xE0, 0x00, 0x00, 0x00, 0x07, 0xFF, 0x00, 0x07, 0xFE, 0x00, 0x08, 0x88, 0x00,
    0x00, 0x00, 0x1C, 0x07, 0x01, 0xF8, 0x0E, 0x03, 0xF8, 0x1C, 0x07, 0x70, 0x38, 0x1E, 0xE0, 0x70,
    0x39, 0xC0, 0xE0, 0x73, 0x81, 0xE0, 0xE7, 0x07, 0xC1, 0xC7, 0x0F, 0x83, 0x8E, 0x1F, 0x0F, 0x1C,
    0x77, 0x1C, 0x1C, 0xEE, 0x38, 0x39, 0x9E, 0x70, 0x77, 0x1D, 0xC0, 0x7E, 0x3B, 0x80, 0xF8, 0x3E,
    0x00, 0xF0, 0x7C, 0x01, 0xE0, 0x70, 0x01, 0x80, 0x40, 0x0F, 0xFE, 0x00, 0x7F, 0xE0, 0x06, 0x44,
    0x00, 0x00, 0x00, 0xE0, 0xE0, 0x6E, 0x0E, 0x06, 0xE0, 0xE0, 0xEE, 0x0E, 0x0E, 0x70, 0xE0, 0xE7,
    0x07, 0x0E, 0x70, 0xF0, 0xE7, 0x0F, 0x1C, 0x39, 0xF1, 0xC3, 0x9B, 0x98, 0x1B, 0xBB, 0x81, 0xF1,
    0xF0, 0x0F, 0x1F, 0x00, 0xE0, 0xE0, 0x00, 0x00, 0x0F, 0xF8, 0x7F, 0xF1, 0xF0, 0xE3, 0x80, 0x0F,
    0x00, 0x1C, 0x00, 0x78, 0x00, 0xE0, 0x01, 0xC0, 0x03, 0x80, 0x07, 0x00, 0x0F, 0x00, 0x0E, 0x00,
    0x1C, 0x00, 0x3C, 0x00, 0x3E, 0x00, 0x3F, 0xE0, 0x3F, 0xC0, 0x0F, 0x80, 0x07, 0x00, 0x0E, 0x00,
    0x1C, 0x00, 0x38, 0x00, 0x70, 0x0F, 0xC7, 0xFD, 0xFF, 0x38, 0x0E, 0x01, 0xC0, 0x38, 0x07, 0x00,
    0xE0, 0x1C, 0x03, 0xC0, 0x3C, 0x03, 0xF8, 0x3F, 0x01, 0xE0, 0x0C, 0x01, 0x80, 0x30, 0x06, 0x00,
    0xC0, 0x00, 0x20, 0x03, 0x83, 0x38, 0x3D, 0xC0, 0xFC, 0x01, 0xF0, 0x0F, 0xE0, 0x67, 0xE7, 0x17,
    0xF0, 0x0F, 0x80, 0x3E, 0x01, 0xFC, 0x1C, 0xE0, 0xC0, 0x0E, 0x00, 0x00, 0x00, 0x01, 0xFF, 0xFF,
    0xFF, 0x80, 0x03, 0x0F, 0xFF, 0xFF, 0xC3, 0x6E, 0xEE, 0x70, 0x6F, 0x76, 0xC0, 0x00, 0x1F, 0x8F,
    0xFF, 0x1F, 0x00, 0x07, 0x80, 0x00, 0x00, 0x3F, 0x00, 0x00, 0x00, 0xCC, 0x00, 0x00, 0x02, 0x10,
    0x00, 0x07, 0x00, 0x03, 0x80, 0x3E, 0x00, 0x1F, 0x01, 0xFC, 0x00, 0xFE, 0x06, 0x30, 0x03, 0x18,
    0x00, 0x00, 0x00, 0x00, 0x00, 0x00, 0x00, 0x00, 0x00, 0x00, 0x00, 0x06, 0x00, 0x00, 0x18, 0x7C,
    0x00, 0x01, 0xF9, 0xF8, 0x00, 0x07, 0xE4, 0x60, 0x00, 0x18, 0x80, 0x00, 0x00, 0x00, 0x00, 0x00,
    0x00, 0x00, 0x00, 0x00, 0x00, 0x00, 0x00, 0x00, 0x00, 0x03, 0xE0, 0x01, 0xF0, 0x1F, 0xC0, 0x0F,
    0xC0, 0x63, 0x00, 0x31, 0x80, 0x00, 0x00, 0x00, 0x00, 0x01, 0xE0, 0x00, 0x00, 0x0F, 0xC0, 0x00,
    0x00, 0x63, 0x00, 0x00, 0x00, 0x00, 0x00, 0x00, 0x00, 0x03, 0x00, 0x00, 0x00, 0x70, 0x00, 0x00,
    0x07, 0x00, 0x00, 0x00, 0x60, 0x00, 0x0C, 0x0E, 0x00, 0x00, 0xE0, 0xE0, 0x38, 0x07, 0x00, 0x0F,
    0x80, 0x70, 0x01, 0xE0, 0x03, 0x00, 0x0C, 0x00, 0x20, 0x00, 0x00, 0x00, 0x00, 0x00, 0x00, 0x00,
    0x00, 0x00, 0x80, 0x00, 0x01, 0x0F, 0xC0, 0x00, 0x3C, 0xFC, 0x00, 0x03, 0xF1, 0xC0, 0x00, 0x0F,
    0x00, 0x00, 0x00, 0x00, 0x00, 0x00, 0x00, 0x00, 0x00, 0x00, 0x00, 0x00, 0x00, 0x40, 0x01, 0x00,
    0x0C, 0x00, 0x78, 0x00, 0xE0, 0x0F, 0x82, 0x0E, 0x01, 0xE0, 0x70, 0x70, 0x00, 0x07, 0x03, 0x00,
    0x00, 0x60, 0x20, 0x00, 0x0E, 0x00, 0x00, 0x00, 0xC0, 0x00, 0x1C, 0x60, 0x0F, 0x70, 0x03, 0xF0,
    0x00, 0xF8, 0x00, 0x00, 0x00, 0x00, 0x03, 0x80, 0x71, 0xC0, 0x78, 0xE0, 0x7C, 0x70, 0x3E, 0x38,
    0x3F, 0x1C, 0x3F, 0x8E, 0x3D, 0xC7, 0x1C, 0xE3, 0x9C, 0x71, 0xDE, 0x38, 0xFE, 0x1C, 0x7E, 0x0E,
    0x3F, 0x07, 0x1F, 0x03, 0x8F, 0x01, 0xC7, 0x80, 0xFF, 0x80, 0x7E, 0x00, 0x0E, 0x00, 0x07, 0x00,
    0x07, 0x00, 0x03, 0x80, 0x01, 0x80, 0x71, 0x80, 0xEE, 0x03, 0xF8, 0x07, 0xC0, 0x00, 0x00, 0x00,
    0x0E, 0x0E, 0x38, 0x78, 0xE3, 0xE3, 0x8F, 0x8E, 0x7E, 0x3B, 0xB8, 0xEE, 0xE3, 0xF3, 0x8F, 0x8E,
    0x3E, 0x38, 0xF0, 0xE3, 0x83, 0xEE, 0x0F, 0x80, 0x0E, 0x00, 0x38, 0x01, 0xE0, 0x07, 0x00, 0x18,
    0x38, 0x00, 0x70, 0x03, 0xFE, 0x07, 0xFC, 0x03, 0x80, 0x07, 0x00, 0x0E, 0x00, 0x1F, 0xF8, 0x3F,
    0xF8, 0x71, 0xF8, 0xE0, 0x79, 0xC0, 0x73, 0x80, 0xE7, 0x01, 0xCE, 0x07, 0x9C, 0x3E, 0x3F, 0xF8,
    0x7F, 0xE0, 0x38, 0x07, 0xFC, 0x3F, 0xE0, 0x70, 0x03, 0x80, 0x1F, 0xF0, 0xFF, 0xC7, 0x1F, 0x38,
    0x39, 0xC1, 0xCE, 0x3E, 0x7F, 0xE3, 0xFE, 0x00, 0xFF, 0x87, 0xFF, 0x38, 0xFD, 0xC0, 0xEE, 0x07,
    0xF0, 0x3F, 0x99, 0xFC, 0xEE, 0xE7, 0xF7, 0xFF, 0x3F, 0xF1, 0xC3, 0x8E, 0x0E, 0x70, 0x63, 0x80,
    0x1C, 0x00, 0xE0, 0x00, 0xFF, 0x8F, 0xFC, 0xE3, 0xEE, 0x0E, 0xE0, 0xFE, 0x07, 0xE0, 0x7E, 0x67,
    0xE6, 0xFE, 0x7E, 0xF3, 0xEF, 0xFC, 0xFF, 0xCE, 0x1C, 0xE0, 0xCE, 0x00, 0xE0, 0x0E, 0x00, 0x00,
    0xE0, 0x1C, 0x03, 0xFF, 0xFF, 0xFF, 0xC0, 0x38, 0x07, 0x00, 0xE0, 0x1C, 0x03, 0x80, 0x70, 0x0E,
    0x01, 0xC0, 0x38, 0x07, 0x00, 0xE0, 0x1C, 0x03, 0x80, 0x70, 0x00, 0x03, 0x81, 0xC0, 0xFF, 0xFF,
    0xFF, 0x03, 0x81, 0xC0, 0xE0, 0x70, 0x38, 0x1C, 0x0E, 0x07, 0x03, 0x81, 0xC0, 0x3F, 0xF9, 0xFF,
    0xCE, 0x00, 0x70, 0x03, 0x80, 0x1C, 0x00, 0xE0, 0x1F, 0xF0, 0xFF, 0x81, 0xC0, 0x0E, 0x00, 0x70,
    0x03, 0x80, 0x1C, 0x00, 0xE0, 0x07, 0x00, 0x38, 0x00, 0x3F, 0xE7, 0xFC, 0xE0, 0x1C, 0x03, 0x80,
    0x70, 0x3F, 0xE7, 0xFC, 0x38, 0x07, 0x00, 0xE0, 0x1C, 0x03, 0x80, 0xFF, 0xE7, 0xFF, 0x38, 0x01,
    0xC0, 0x0E, 0x00, 0x70, 0x03, 0xFE, 0x1F, 0xFC, 0xF1, 0xF7, 0x07, 0xB8, 0x1F, 0xC0, 0xFE, 0x03,
    0xF0, 0x1F, 0x80, 0xFC, 0x07, 0xE0, 0x78, 0x03, 0x80, 0x3C, 0x07, 0xC0, 0xFE, 0x07, 0xC0, 0xFF,
    0x9F, 0xF3, 0x80, 0x70, 0x0E, 0x01, 0xFF, 0x3F, 0xF7, 0x1E, 0xE1, 0xFC, 0x1F, 0x83, 0xF0, 0x7E,
    0x0E, 0x01, 0xC0, 0x78, 0x1E, 0x0F, 0x81, 0xE0, 0x78, 0x38, 0x3C, 0x78, 0x70, 0xF0, 0x70, 0xE3,
    0xC0, 0x71, 0xCF, 0x00, 0x73, 0xBC, 0x00, 0xF7, 0xF0, 0x00, 0xFF, 0xC0, 0x00, 0xFF, 0x80, 0x03,
    0xFF, 0x00, 0x0F, 0x77, 0x00, 0x1C, 0xE7, 0x00, 0x71, 0xCF, 0x01, 0xC3, 0x8F, 0x07, 0x87, 0x0E,
    0x0E, 0x0E, 0x1E, 0x3C, 0x1C, 0x1F, 0xF0, 0x38, 0x1E, 0x00, 0x00, 0x1C, 0x00, 0x00, 0x38, 0x00,
    0x00, 0x70, 0x00, 0x00, 0xE0, 0x00, 0x01, 0xC0, 0x78, 0xE1, 0xC3, 0x8E, 0x38, 0x1C, 0xE7, 0x00,
    0xEE, 0xE0, 0x07, 0xFC, 0x00, 0x3F, 0xC0, 0x07, 0xFC, 0x00, 0xEF, 0xE0, 0x1C, 0xEF, 0x03, 0xCE,
    0x78, 0x38, 0xE3, 0xC7, 0x0E, 0x1F, 0xF0, 0xE1, 0xF0, 0x00, 0x07, 0x00, 0x00, 0x70, 0x00, 0x07,
    0x00, 0x00, 0x70, 0x3F, 0xC1, 0xFF, 0xC3, 0x9F, 0x00, 0x1E, 0x00, 0x78, 0x01, 0xC0, 0x1F, 0x07,
    0xF8, 0x1F, 0xF0, 0x07, 0xE0, 0x03, 0x80, 0x0E, 0x00, 0x38, 0x00, 0xE7, 0x9F, 0x9F, 0xFC, 0x7F,
    0xE0, 0x1C, 0x00, 0x38, 0x00, 0xE0, 0x0F, 0x80, 0x3C, 0x00, 0xFF, 0x3F, 0xEE, 0x7C, 0x07, 0x03,
    0xCF, 0xE3, 0xF8, 0x0F, 0x01, 0xC0, 0x7E, 0x3F, 0xFF, 0xFF, 0x07, 0x00, 0xE0, 0x38, 0x3E, 0x0F,
    0x00, 0xE0, 0x79, 0xC1, 0xE3, 0x87, 0x87, 0x1E, 0x0E, 0x78, 0x1D, 0xE0, 0x3F, 0x80, 0x7E, 0x00,
    0xFE, 0x01, 0xDE, 0x03, 0x9E, 0x07, 0x1E, 0x0E, 0x1E, 0x1C, 0x3C, 0x38, 0x3C, 0x70, 0x3F, 0xE0,
    0x3E, 0x00, 0x1C, 0x00, 0x38, 0x00, 0x70, 0x00, 0xE0, 0x01, 0xC0, 0xE1, 0xEE, 0x3C, 0xE7, 0x8E,
    0xE0, 0xFC, 0x0F, 0x80, 0xFC, 0x0F, 0xE0, 0xEF, 0x0E, 0x78, 0xE3, 0xCE, 0x1F, 0xE0, 0xF0, 0x07,
    0x00, 0x70, 0x07, 0x00, 0x70, 0xE0, 0x1E, 0xE0, 0x3C, 0xE0, 0x78, 0xEC, 0xF0, 0xED, 0xE0, 0xED,
    0xC0, 0xEF, 0x80, 0xFF, 0x80, 0xFF, 0x80, 0xED, 0xC0, 0xED, 0xE0, 0xEC, 0xF0, 0xEC, 0x70, 0xE0,
    0x78, 0xE0, 0x3C, 0xE0, 0x1E, 0xE0, 0x0E, 0xE0, 0x73, 0x83, 0xCF, 0xDE, 0x3F, 0xF0, 0xFF, 0x83,
    0xFC, 0x0F, 0xF8, 0x3F, 0xE0, 0xFD, 0xC3, 0xF3, 0x8E, 0x0F, 0x38, 0x1E, 0xE0, 0x38, 0x38, 0x1E,
    0x38, 0x3C, 0xFF, 0x78, 0xFF, 0xF0, 0x39, 0xE0, 0x3B, 0xC0, 0x3F, 0x80, 0x3F, 0x00, 0x3F, 0x80,
    0x3F, 0xC0, 0x3B, 0xE0, 0x38, 0xF0, 0x38, 0x78, 0x38, 0x3C, 0x38, 0x1E, 0x38, 0x1E, 0x38, 0x0F,
    0x38, 0x78, 0xE3, 0xCF, 0xFE, 0x3F, 0xF0, 0x3F, 0x80, 0xFC, 0x03, 0xF0, 0x0F, 0xE0, 0x3B, 0xC0,
    0xE7, 0x83, 0x8F, 0x0E, 0x1E, 0x38, 0x3C, 0xFF, 0x03, 0xDF, 0xE0, 0xF0, 0x1C, 0x3C, 0x03, 0x8F,
    0x00, 0x73, 0xC0, 0x0E, 0xF0, 0x01, 0xF8, 0x00, 0x3F, 0x00, 0x07, 0xF0, 0x00, 0xFF, 0x00, 0x1D,
    0xF0, 0x03, 0x9F, 0x00, 0x71, 0xE0, 0x0E, 0x1E, 0x01, 0xC1, 0xE0, 0x38, 0x1E, 0x07, 0x01, 0xC0,
    0xFC, 0x1D, 0xF8, 0x70, 0x71, 0xE0, 0xE7, 0x81, 0xDE, 0x03, 0xF8, 0x07, 0xE0, 0x0F, 0xF0, 0x1C,
    0xF0, 0x38, 0xF0, 0x70, 0xE0, 0xE0, 0xE1, 0xC1, 0xE0, 0xE0, 0x1C, 0xE0, 0x1C, 0xE0, 0x1C, 0xE0,
    0x1C, 0xE0, 0x1C, 0xE0, 0x1C, 0xE0, 0x1C, 0xFF, 0xFC, 0xFF, 0xFC, 0xE0, 0x1C, 0xE0, 0x1C, 0xE0,
    0x1C, 0xE0, 0x1C, 0xE0, 0x1C, 0xE0, 0x1C, 0xE0, 0x1F, 0xE0, 0x1F, 0x00, 0x07, 0x00, 0x07, 0x00,
    0x07, 0x00, 0x07, 0x00, 0x07, 0xE0, 0xE7, 0x07, 0x38, 0x39, 0xC1, 0xCE, 0x0E, 0x7F, 0xF3, 0xFF,
    0x9C, 0x1C, 0xE0, 0xE7, 0x07, 0x38, 0x39, 0xC1, 0xFE, 0x0F, 0x80, 0x1C, 0x00, 0xE0, 0x07, 0x00,
    0x38, 0xE0, 0x1F, 0xF8, 0x07, 0xFE, 0x01, 0xC3, 0x80, 0x70, 0xE0, 0x1C, 0x38, 0x07, 0x0E, 0x01,
    0xC3, 0xFF, 0xF0, 0xFF, 0xFC, 0x38, 0x07, 0x0E, 0x01, 0xC3, 0x80, 0x70, 0xE0, 0x1C, 0x38, 0x07,
    0x0E, 0x01, 0xC3, 0x80, 0x70, 0xE0, 0x1C, 0x00, 0xE0, 0xFF, 0x83, 0xFE, 0x0E, 0x38, 0x38, 0xE0,
    0xE3, 0xFF, 0x8F, 0xFE, 0x38, 0x38, 0xE0, 0xE3, 0x83, 0x8E, 0x0E, 0x38, 0x38, 0xE0, 0xE0, 0xFF,
    0xF8, 0x01, 0xFF, 0xF0, 0x03, 0x80, 0xE0, 0x07, 0x01, 0xC0, 0x0E, 0x03, 0x80, 0x1C, 0x07, 0x00,
    0x38, 0x0F, 0xFC, 0x70, 0x1F, 0xFC, 0xE0, 0x3C, 0x7D, 0xC0, 0x70, 0x3B, 0x80, 0xE0, 0x7F, 0x01,
    0xC0, 0x7E, 0x03, 0x80, 0xFC, 0x07, 0x01, 0xF8, 0x0E, 0x03, 0xF0, 0x1C, 0x07, 0xE0, 0x38, 0x0E,
    0x00, 0x00, 0x3C, 0x00, 0x00, 0x70, 0x00, 0x03, 0xE0, 0x00, 0x3F, 0x80, 0x00, 0x7C, 0x00, 0xFF,
    0xE0, 0x1F, 0xFC, 0x03, 0x83, 0x80, 0x70, 0x70, 0x0E, 0x0E, 0x01, 0xC1, 0xFF, 0x38, 0x3F, 0xF7,
    0x07, 0x1E, 0xE0, 0xE1, 0xFC, 0x1C, 0x1F, 0x83, 0x83, 0xF0, 0x70, 0x7E, 0x0E, 0x0E, 0x00, 0x01,
    0xC0, 0x00, 0x78, 0x00, 0x1E, 0x00, 0x0F, 0xC0, 0x01, 0xE0, 0x07, 0xF8, 0x07, 0xFE, 0x03, 0xF1,
    0x80, 0xF0, 0x00, 0x78, 0x00, 0x1C, 0x1F, 0x8F, 0x0F, 0xF3, 0x87, 0xDE, 0xE1, 0xC3, 0xB8, 0x70,
    0xFF, 0x1C, 0x3D, 0xC7, 0x0F, 0x71, 0xC3, 0x9E, 0x71, 0xE3, 0xFD, 0xF0, 0x7F, 0xF8, 0x07, 0xF8,
    0x00, 0x1C, 0x00, 0x07, 0x80, 0x00, 0xFC, 0x00, 0x1F, 0x80, 0x01, 0xE0, 0x1F, 0x80, 0xFE, 0x07,
    0xC0, 0x3C, 0x7C, 0xE3, 0xFB, 0x9E, 0xEE, 0x73, 0xB9, 0xC6, 0xE7, 0x3B, 0xDC, 0xE7, 0xFF, 0x8F,
    0xFC, 0x1F, 0xC0, 0x0F, 0x00, 0x1F, 0x00, 0x3E, 0x00, 0x78, 0x07, 0xF8, 0x7F, 0xF3, 0xF3, 0xDE,
    0x00, 0x78, 0x01, 0xC0, 0x0F, 0x00, 0x38, 0x00, 0xE0, 0x03, 0x80, 0x0F, 0x00, 0x3C, 0x00, 0x70,
    0x01, 0xE0, 0x03, 0xF1, 0xC7, 0xFF, 0x07, 0xF8, 0x06, 0x00, 0x3C, 0x00, 0x70, 0x01, 0xC0, 0x1F,
    0x00, 0x7C, 0x00, 0x1F, 0xC7, 0xF9, 0xF3, 0x38, 0x0E, 0x01, 0xC0, 0x38, 0x07, 0x00, 0xE0, 0x1E,
    0x01, 0xF3, 0x1F, 0xE1, 0xFC, 0x0C, 0x01, 0xC0, 0x38, 0x07, 0x03, 0xE0, 0x7C, 0x00, 0xFF, 0xFF,
    0xFF, 0xF0, 0x78, 0x01, 0xE0, 0x07, 0x80, 0x1E, 0x00, 0x78, 0x01, 0xE0, 0x07, 0x80, 0x1E, 0x00,
    0x78, 0x01, 0xE0, 0x07, 0x80, 0x1E, 0x00, 0x78, 0x01, 0xF8, 0x07, 0xE0, 0x03, 0x80, 0x0E, 0x00,
    0x38, 0x00, 0xE0, 0x03, 0x80, 0xFF, 0xFF, 0xFF, 0x0E, 0x00, 0xE0, 0x0E, 0x00, 0xE0, 0x0E, 0x00,
    0xE0, 0x0E, 0x00, 0xE0, 0x0E, 0x00, 0xF8, 0x0F, 0x80, 0x38, 0x03, 0x80, 0x38, 0x03, 0x80, 0xF0,
    0x1E, 0xE0, 0x39, 0xE0, 0xF1, 0xC1, 0xC3, 0xC7, 0x83, 0xDE, 0x03, 0xB8, 0x07, 0xF0, 0x07, 0xC0,
    0x07, 0x00, 0x0E, 0x00, 0x1C, 0x00, 0x38, 0x00, 0x70, 0x00, 0xE0, 0x01, 0xC0, 0x03, 0x80, 0xE0,
    0x77, 0x83, 0x9C, 0x1C, 0xE1, 0xE7, 0x8E, 0x1C, 0x70, 0xE7, 0x07, 0xB8, 0x1D, 0xC0, 0xFC, 0x03,
    0xE0, 0x1E, 0x00, 0xF0, 0x03, 0x80, 0x1C, 0x00, 0xE0, 0x07, 0x00, 0x38, 0x00, 0xF0, 0x1E, 0xE0,
    0x39, 0xE0, 0xF1, 0xC1, 0xC3, 0xC7, 0x83, 0xCE, 0x03, 0xB8, 0x07, 0xF0, 0x07, 0xC0, 0x0F, 0x80,
    0xFF, 0xE1, 0xFF, 0xC0, 0x38, 0x00, 0x70, 0x00, 0xE0, 0x01, 0xC0, 0x03, 0x80, 0xE0, 0x77, 0x83,
    0x9C, 0x1C, 0xE1, 0xC7, 0x8E, 0x1C, 0x70, 0xE7, 0x03, 0xB8, 0x1F, 0x80, 0xFC, 0x03, 0xE0, 0xFF,
    0xC7, 0xFE, 0x03, 0x80, 0x1C, 0x00, 0xE0, 0x07, 0x00, 0x38, 0x00, 0x70, 0x1E, 0x3C, 0x0E, 0x0F,
    0x0F, 0x03, 0x8F, 0x01, 0xE7, 0x00, 0x7F, 0x80, 0x1F, 0x80, 0x07, 0x80, 0x03, 0xC0, 0x03, 0xF0,
    0x03, 0xF8, 0x01, 0xDE, 0x01, 0xE7, 0x81, 0xE1, 0xE0, 0xE0, 0x70, 0xF0, 0x3F, 0xF0, 0x0F, 0x80,
    0x03, 0xC0, 0x01, 0xE0, 0x00, 0xF0, 0x00, 0x78, 0x00, 0x3C, 0x70, 0x73, 0xC7, 0x0E, 0x78, 0x3B,
    0x81, 0xF8, 0x07, 0x80, 0x3C, 0x01, 0xF0, 0x1F, 0xC1, 0xEF, 0x0E, 0x38, 0xE1, 0xFF, 0x07, 0x80,
    0x1C, 0x00, 0xE0, 0x07, 0x00, 0x38, 0xFF, 0xF8, 0xE7, 0xFF, 0xC7, 0x01, 0xC0, 0x38, 0x0E, 0x01,
    0xC0, 0x70, 0x0E, 0x03, 0x80, 0x70, 0x1C, 0x03, 0x80, 0xE0, 0x1C, 0x07, 0x00, 0xE0, 0x38, 0x07,
    0x01, 0xC0, 0x38, 0x0E, 0x01, 0xC0, 0x70, 0x0E, 0x03, 0x80, 0x70, 0x1C, 0x03, 0x80, 0xFF, 0xFF,
    0x07, 0xFF, 0xF8, 0x00, 0x01, 0xC0, 0x00, 0x0E, 0x00, 0x00, 0x70, 0x00, 0x03, 0x80, 0x00, 0x1C,
    0xFF, 0xCE, 0xFF, 0xCE, 0x1E, 0x0E, 0x1E, 0x0E, 0x1E, 0x0E, 0x1E, 0x0E, 0x1E, 0x0E, 0x1E, 0x0E,
    0x1E, 0x0E, 0x1E, 0x0E, 0x1E, 0x0E, 0x1F, 0xFF, 0x1F, 0xFF, 0x00, 0x07, 0x00, 0x07, 0x00, 0x07,
    0x00, 0x07, 0xE0, 0x39, 0xC0, 0x73, 0x80, 0xE7, 0x01, 0xCE, 0x03, 0x9C, 0x07, 0x38, 0x0E, 0x78,
    0x1C, 0x78, 0x78, 0xFF, 0xF0, 0x7F, 0xE0, 0x01, 0xC0, 0x03, 0x80, 0x07, 0x00, 0x0E, 0x00, 0x1F,
    0x00, 0x3E, 0x00, 0x1C, 0x00, 0x38, 0x00, 0x70, 0x00, 0xE0, 0x01, 0xC0, 0xE0, 0xE7, 0x07, 0x38,
    0x39, 0xC1, 0xCE, 0x0E, 0x78, 0xF1, 0xFF, 0x87, 0xFC, 0x00, 0xE0, 0x07, 0x00, 0x38, 0x01, 0xE0,
    0x0F, 0x00, 0x38, 0x01, 0xC0, 0x0E, 0x00, 0x70, 0xE0, 0x3F, 0x01, 0xF8, 0x0F, 0xC0, 0x7E, 0x03,
    0xF0, 0x1F, 0x9C, 0xFE, 0xE7, 0x7F, 0x7B, 0xFF, 0xCF, 0xFE, 0x0E, 0x70, 0x73, 0x83, 0x9C, 0x00,
    0xE0, 0x07, 0x00, 0x38, 0x70, 0x77, 0x07, 0x70, 0x77, 0x07, 0x76, 0x77, 0xEF, 0x7F, 0xF3, 0xFF,
    0x06, 0x70, 0x67, 0x00, 0x70, 0x07, 0x00, 0x70, 0xE0, 0x07, 0x00, 0x38, 0x01, 0xC0, 0x0E, 0x00,
    0x70, 0x03, 0xFF, 0x1F, 0xFE, 0xF1, 0xF7, 0x03, 0xF8, 0x0F, 0xC0, 0x7E, 0x03, 0xF0, 0x1F, 0x80,
    0xFC, 0x07, 0xE0, 0x38, 0xE0, 0x1C, 0x03, 0x80, 0x70, 0x0E, 0x01, 0xC0, 0x3F, 0xE7, 0xFE, 0xF3,
    0xDC, 0x3F, 0x83, 0xF0, 0x7E, 0x0F, 0xC1, 0xF8, 0x3F, 0x07, 0xE0, 0xFC, 0x1F, 0x83, 0x80, 0x00,
    0x7F, 0x00, 0x1F, 0xFC, 0x03, 0xE7, 0xC0, 0x38, 0x1E, 0xE7, 0x00, 0xEE, 0x70, 0x0F, 0xFF, 0x00,
    0x77, 0xFF, 0xFF, 0x3F, 0xFF, 0xF0, 0xF0, 0x00, 0x07, 0x00, 0x00, 0x70, 0x00, 0x07, 0x80, 0x00,
    0x38, 0x00, 0x03, 0xF1, 0xC0, 0x1F, 0xFE, 0x00, 0x7F, 0xC0, 0x01, 0xF8, 0x07, 0xFC, 0xE7, 0x9E,
    0xEF, 0x0E, 0xFE, 0x07, 0x7F, 0xFF, 0x3F, 0xFF, 0x0E, 0x00, 0x0E, 0x00, 0x0F, 0x00, 0x07, 0xCE,
    0x07, 0xFE, 0x01, 0xFE, 0x00, 0x7F, 0x00, 0x1F, 0xFC, 0x03, 0xE7, 0xC0, 0x38, 0x1E, 0xE7, 0x00,
    0xEE, 0x70, 0x0F, 0xFF, 0x00, 0x77, 0xFF, 0xFF, 0x3F, 0xFF, 0xF0, 0xF0, 0x00, 0x0F, 0x00, 0x00,
    0x70, 0x00, 0x07, 0x80, 0x00, 0x38, 0x00, 0x03, 0xF1, 0xC0, 0x1F, 0xFE, 0x00, 0x7F, 0xC0, 0x01,
    0xC0, 0x00, 0x1C, 0x00, 0x01, 0xC0, 0x00, 0x1C, 0x00, 0x01, 0xC0, 0x01, 0xF8, 0x07, 0xFC, 0xE7,
    0x9E, 0xEF, 0x0E, 0xFE, 0x07, 0x7F, 0xFF, 0x3F, 0xFF, 0x0E, 0x00, 0x0E, 0x00, 0x0F, 0x00, 0x07,
    0xCE, 0x07, 0xFE, 0x01, 0xFE, 0x00, 0xE0, 0x00, 0xE0, 0x00, 0xE0, 0x00, 0xE0, 0xFF, 0xFF, 0xFF,
    0xFF, 0xFF, 0xFF, 0xE0, 0x01, 0xC6, 0x00, 0x01, 0xDC, 0x00, 0x03, 0xF8, 0x00, 0x03, 0xE0, 0x00,
    0x00, 0x00, 0x00, 0x00, 0x00, 0x1E, 0x0E, 0x0F, 0x1E, 0x1C, 0x3C, 0x1C, 0x38, 0xF0, 0x1C, 0x73,
    0xC0, 0x3C, 0xEF, 0x00, 0x3D, 0xFC, 0x00, 0x3F, 0xF0, 0x00, 0x3F, 0xE0, 0x00, 0xFF, 0xC0, 0x03,
    0xDD, 0xC0, 0x07, 0x39, 0xC0, 0x1C, 0x73, 0xC0, 0x70, 0xE3, 0xC1, 0xE1, 0xC3, 0x83, 0x83, 0x87,
    0x8F, 0x07, 0x07, 0xBC, 0x0E, 0x07, 0x00, 0x03, 0x1C, 0x00, 0x77, 0x00, 0x0F, 0xE0, 0x00, 0xF8,
    0x00, 0x00, 0x00, 0x00, 0x00, 0x1E, 0x38, 0x71, 0xC7, 0x1C, 0x1C, 0xE7, 0x01, 0xDD, 0xC0, 0x1F,
    0xF0, 0x01, 0xFE, 0x00, 0x7F, 0xC0, 0x1D, 0xDC, 0x07, 0x39, 0xC1, 0xE7, 0x3C, 0x38, 0xE3, 0xCE,
    0x1C, 0x3B, 0xC3, 0x87, 0x80, 0xE0, 0x7F, 0x07, 0xB8, 0x79, 0xC7, 0x8E, 0x78, 0x77, 0x83, 0xF8,
    0x1F, 0xF0, 0xFF, 0xE7, 0x1F, 0xB8, 0x3D, 0xC0, 0xFE, 0x03, 0xF0, 0x1F, 0x80, 0xFC, 0x07, 0xE0,
    0x38, 0x03, 0xC0, 0x1C, 0x03, 0xE0, 0xFE, 0x07, 0xE0, 0xE1, 0xFC, 0x7B, 0x9E, 0x77, 0x8F, 0xC1,
    0xFE, 0x3F, 0xE7, 0x3E, 0xE1, 0xFC, 0x1F, 0x83, 0xF0, 0x7E, 0x0E, 0x01, 0xC0, 0x78, 0x1E, 0x0F,
    0x81, 0xE0, 0x07, 0xFF, 0x01, 0xFF, 0xC0, 0x70, 0x70, 0x1C, 0x1C, 0x07, 0x07, 0x01, 0xC1, 0xC0,
    0x70, 0x70, 0x1C, 0x1C, 0x07, 0x07, 0x01, 0xC1, 0xC0, 0xF0, 0x70, 0x38, 0x1C, 0x0E, 0x07, 0x07,
    0x81, 0xC7, 0xC0, 0x73, 0xE0, 0x1F, 0xF0, 0x07, 0xC0, 0x00, 0x70, 0x00, 0x38, 0x00, 0x0E, 0x00,
    0x07, 0x00, 0x01, 0xC0, 0x0F, 0xF8, 0x0F, 0xF8, 0x0E, 0x38, 0x0E, 0x38, 0x0E, 0x38, 0x0E, 0x38,
    0x0E, 0x38, 0x1C, 0x38, 0x1C, 0x38, 0x3C, 0x38, 0x78, 0x38, 0xF8, 0x3E, 0xE0, 0x3E, 0x00, 0x0E,
    0x00, 0x0E, 0x00, 0x1E, 0x00, 0x1C, 0x00, 0x18, 0xE0, 0x1F, 0x80, 0x7E, 0x01, 0xF8, 0x07, 0xE0,
    0x1F, 0x80, 0x7E, 0x01, 0xFF, 0xFF, 0xFF, 0xFF, 0x80, 0x7E, 0x01, 0xF8, 0x07, 0xE0, 0x1F, 0x80,
    0x7E, 0x01, 0xF8, 0x07, 0xE0, 0x1C, 0x00, 0x70, 0x01, 0xC0, 0x0F, 0x00, 0xF8, 0x03, 0xE0, 0xE0,
    0xFC, 0x1F, 0x83, 0xF0, 0x7E, 0x0F, 0xFF, 0xFF, 0xFF, 0x07, 0xE0, 0xFC, 0x1F, 0x83, 0xF0, 0x7E,
    0x0E, 0x01, 0xC0, 0x38, 0x0F, 0x07, 0xC0, 0xF8, 0xE0, 0x1C, 0xE0, 0x1C, 0xE0, 0x1C, 0xE0, 0x1C,
    0xE0, 0x1C, 0xE0, 0x1C, 0xE0, 0x1C, 0xFF, 0xFC, 0xFF, 0xFC, 0xE0, 0x1C, 0xE0, 0x1C, 0xE0, 0x1C,
    0xE0, 0x1C, 0xE0, 0x1C, 0xE0, 0x1C, 0xE0, 0x1F, 0xE0, 0x1F, 0x00, 0x07, 0x00, 0x0E, 0x00, 0x0E,
    0x00, 0x1C, 0x00, 0x1C, 0xE0, 0xE7, 0x07, 0x38, 0x39, 0xC1, 0xCE, 0x0E, 0x7F, 0xF3, 0xFF, 0x9C,
    0x1C, 0xE0, 0xE7, 0x07, 0x38, 0x39, 0xC1, 0xFE, 0x0F, 0x80, 0x1C, 0x00, 0xE0, 0x0E, 0x00, 0x70,
    0x03, 0x00, 0xE0, 0x3F, 0x01, 0xF8, 0x0F, 0xC0, 0x7E, 0x03, 0xF0, 0x1F, 0xC0, 0xEE, 0x07, 0x7C,
    0x7B, 0xFF, 0xC7, 0xFE, 0x00, 0x70, 0x03, 0x80, 0x1C, 0x00, 0xE0, 0x1F, 0x00, 0xF8, 0x07, 0x00,
    0x38, 0x01, 0xC0, 0x0E, 0x00, 0x70, 0xE0, 0xFC, 0x1F, 0x83, 0xF0, 0x7E, 0x0F, 0xE3, 0xDF, 0xF9,
    0xFF, 0x00, 0xE0, 0x1C, 0x03, 0x81, 0xF0, 0x3E, 0x07, 0x00, 0xE0, 0x1C, 0x03, 0x80, 0x38, 0x01,
    0xC1, 0xE0, 0x07, 0x07, 0xC0, 0x3C, 0x1F, 0x00, 0xF8, 0x7E, 0x06, 0xE1, 0xD8, 0x1B, 0x87, 0x70,
    0xCE, 0x1C, 0xC3, 0x38, 0x73, 0x1C, 0xE1, 0xCE, 0x63, 0x87, 0x19, 0x8E, 0x1C, 0x7E, 0x38, 0x70,
    0xF0, 0xE3, 0xC3, 0xC3, 0x8F, 0x0E, 0x0E, 0x38, 0x00, 0x3F, 0xE0, 0x00, 0xFC, 0x00, 0x00, 0xE0,
    0x00, 0x03, 0x80, 0x00, 0x1C, 0x00, 0x00, 0x70, 0x00, 0x01, 0x80, 0x70, 0x0E, 0x1E, 0x07, 0x87,
    0x81, 0xE1, 0xF0, 0xF8, 0x7C, 0x36, 0x1D, 0x9D, 0xC7, 0x66, 0x71, 0x9F, 0x9C, 0x63, 0xC7, 0x38,
    0xF1, 0xCE, 0x1C, 0x73, 0x80, 0x1F, 0xE0, 0x07, 0xC0, 0x00, 0x70, 0x00, 0x38, 0x00, 0x0E, 0x00,
    0x07, 0x80, 0x00, 0xC0, 0xFF, 0xFF, 0xFF, 0xFF, 0xFF, 0xFF, 0xE0, 0x0E, 0x30, 0x03, 0xB8, 0x01,
    0xFC, 0x00, 0x7C, 0x00, 0x00, 0x00, 0x00, 0x00, 0x07, 0x00, 0x07, 0xC0, 0x03, 0xE0, 0x03, 0xF0,
    0x01, 0xDC, 0x01, 0xCE, 0x00, 0xE7, 0x80, 0xF1, 0xC0, 0x70, 0xF0, 0x38, 0x38, 0x3C, 0x1C, 0x1F,
    0xFF, 0x0F, 0xFF, 0x8E, 0x01, 0xC7, 0x00, 0xF7, 0x80, 0x3B, 0x80, 0x1E, 0x31, 0xC7, 0x70, 0xFE,
    0x0F, 0x80, 0x00, 0x00, 0x1F, 0xE3, 0xFE, 0x63, 0xC0, 0x38, 0x03, 0x9F, 0xF7, 0xFF, 0xF3, 0xF8,
    0x3F, 0x07, 0xF1, 0xFF, 0xFC, 0xFF, 0x00, 0x0E, 0x70, 0x07, 0xB8, 0x03, 0x9C, 0x00, 0x00, 0x00,
    0x00, 0x00, 0x0E, 0x00, 0x0F, 0x80, 0x07, 0xC0, 0x07, 0xE0, 0x03, 0xB8, 0x03, 0x9C, 0x01, 0xCF,
    0x01, 0xE3, 0x80, 0xE1, 0xE0, 0x70, 0x70, 0x78, 0x38, 0x3F, 0xFE, 0x1F, 0xFF, 0x1C, 0x03, 0x8E,
    0x01, 0xEF, 0x00, 0x77, 0x00, 0x3C, 0x3B, 0x8F, 0x78, 0xEE, 0x00, 0x00, 0x00, 0xFF, 0x1F, 0xF3,
    0x1E, 0x01, 0xC0, 0x1C, 0xFF, 0xBF, 0xFF, 0x9F, 0xC1, 0xF8, 0x3F, 0x8F, 0xFF, 0xE7, 0xF8, 0x00,
    0x3F, 0xFC, 0x00, 0xFF, 0xF8, 0x03, 0xF8, 0x00, 0x07, 0x70, 0x00, 0x1E, 0xE0, 0x00, 0x39, 0xC0,
    0x00, 0xE3, 0x80, 0x03, 0xC7, 0xFC, 0x07, 0x0F, 0xF8, 0x1C, 0x1C, 0x00, 0x78, 0x38, 0x00, 0xFF,
    0xF0, 0x03, 0xFF, 0xE0, 0x07, 0x01, 0xC0, 0x1E, 0x03, 0x80, 0x38, 0x07, 0xFF, 0xE0, 0x0F, 0xFE,
    0x7F, 0x1F, 0x87, 0xFB, 0xFC, 0x63, 0xFB, 0xE0, 0x1E, 0x0E, 0x00, 0xE0, 0xE3, 0xFF, 0xFE, 0x7F,
    0xFF, 0xEF, 0x9E, 0x00, 0xE0, 0xE0, 0x0E, 0x0F, 0x00, 0xF1, 0xF8, 0xCF, 0xFF, 0xFC, 0x3F, 0x9F,
    0xC0, 0x71, 0x87, 0xB8, 0x3F, 0x01, 0xF0, 0x00, 0x00, 0x00, 0xFF, 0xEF, 0xFE, 0xE0, 0x0E, 0x00,
    0xE0, 0x0E, 0x00, 0xE0, 0x0F, 0xFC, 0xFF, 0xCE, 0x00, 0xE0, 0x0E, 0x00, 0xE0, 0x0E, 0x00, 0xE0,
    0x0F, 0xFF, 0xFF, 0xF0, 0x38, 0xC3, 0xDC, 0x1F, 0x80, 0xF8, 0x00, 0x00, 0x00, 0x1F, 0x83, 0xFE,
    0x79, 0xEF, 0x0F, 0xE0, 0x7F, 0xFF, 0xFF, 0xFE, 0x00, 0xE0, 0x0F, 0x00, 0x7C, 0x63, 0xFE, 0x1F,
    0xE0, 0x3F, 0xE0, 0x7F, 0xF8, 0x38, 0xFC, 0x00, 0x3C, 0x00, 0x1E, 0x00, 0x0E, 0x00, 0x0E, 0x00,
    0x0E, 0xFF, 0xFF, 0xFF, 0xFE, 0xE0, 0x0E, 0xF0, 0x0E, 0x70, 0x1E, 0x78, 0x1C, 0x7C, 0x7C, 0x3F,
    0xF8, 0x0F, 0xE0, 0x7F, 0x87, 0xFC, 0x63, 0xE0, 0x0F, 0x00, 0x70, 0x07, 0xFF, 0xFF, 0xFF, 0xE0,
    0x7F, 0x0F, 0x79, 0xE7, 0xFC, 0x3F, 0x80, 0x0E, 0xE0, 0x1E, 0xF0, 0x0E, 0xE0, 0x00, 0x00, 0x00,
    0x00, 0x3F, 0xE0, 0x7F, 0xF8, 0x38, 0xFC, 0x00, 0x3C, 0x00, 0x1E, 0x00, 0x0E, 0x00, 0x0E, 0x00,
    0x0E, 0xFF, 0xFF, 0xFF, 0xFE, 0xE0, 0x0E, 0xF0, 0x0E, 0x70, 0x1E, 0x78, 0x1C, 0x7C, 0x7C, 0x3F,
    0xF8, 0x0F, 0xE0, 0x39, 0xC3, 0xBC, 0x39, 0xC0, 0x00, 0x00, 0x07, 0xF8, 0x7F, 0xC6, 0x3E, 0x00,
    0xF0, 0x07, 0x00, 0x7F, 0xFF, 0xFF, 0xFE, 0x07, 0xF0, 0xF7, 0x9E, 0x7F, 0xC3, 0xF8, 0x01, 0xCE,
    0x00, 0x03, 0xDC, 0x00, 0x07, 0x38, 0x00, 0x00, 0x00, 0x00, 0x00, 0x00, 0x0F, 0x07, 0x07, 0x8F,
    0x0E, 0x1E, 0x0E, 0x1C, 0x78, 0x0E, 0x39, 0xE0, 0x1E, 0x77, 0x80, 0x1E, 0xFE, 0x00, 0x1F, 0xF8,
    0x00, 0x1F, 0xF0, 0x00, 0x7F, 0xE0, 0x01, 0xEE, 0xE0, 0x03, 0x9C, 0xE0, 0x0E, 0x39, 0xE0, 0x38,
    0x71, 0xE0, 0xF0, 0xE1, 0xC1, 0xC1, 0xC3, 0xC7, 0x83, 0x83, 0xDE, 0x07, 0x03, 0x80, 0x03, 0xB8,
    0x00, 0xF7, 0x80, 0x0E, 0xE0, 0x00, 0x00, 0x00, 0x00, 0x00, 0xF1, 0xC3, 0x8E, 0x38, 0xE0, 0xE7,
    0x38, 0x0E, 0xEE, 0x00, 0xFF, 0x80, 0x0F, 0xF0, 0x03, 0xFE, 0x00, 0xEE, 0xE0, 0x39, 0xCE, 0x0F,
    0x39, 0xE1, 0xC7, 0x1E, 0x70, 0xE1, 0xDE, 0x1C, 0x3C, 0x19, 0xC0, 0xF7, 0x81, 0x9C, 0x00, 0x00,
    0x00, 0x00, 0xFF, 0x07, 0xFF, 0x0E, 0x7C, 0x00, 0x78, 0x01, 0xE0, 0x07, 0x00, 0x7C, 0x1F, 0xE0,
    0x7F, 0xC0, 0x1F, 0x80, 0x0E, 0x00, 0x38, 0x00, 0xE0, 0x03, 0x9E, 0x7E, 0x7F, 0xF0, 0xFF, 0x80,
    0x73, 0x9D, 0xE7, 0x38, 0x00, 0x00, 0x3F, 0xCF, 0xFB, 0x9F, 0x01, 0xC0, 0xF3, 0xF8, 0xFE, 0x03,
    0xC0, 0x70, 0x1F, 0x8F, 0xFF, 0xFF, 0xC0, 0x7F, 0xFB, 0xFF, 0xC0, 0x1C, 0x01, 0xC0, 0x1C, 0x01,
    0xC0, 0x1C, 0x01, 0xFC, 0x0F, 0xF0, 0x0F, 0xC0, 0x1E, 0x00, 0x70, 0x03, 0x80, 0x1D, 0xE7, 0xFF,
    0xFE, 0x7F, 0xC0, 0x7F, 0xF7, 0xFE, 0x00, 0xE0, 0x1C, 0x03, 0x80, 0x70, 0x0F, 0x00, 0xF8, 0x0F,
    0xE0, 0x3F, 0x00, 0xF0, 0x07, 0x00, 0x70, 0x07, 0x00, 0xF7, 0x3E, 0x7F, 0xE7, 0xF8, 0x1F, 0xE0,
    0x3F, 0xC0, 0x00, 0x00, 0x00, 0x00, 0x00, 0x1C, 0x03, 0xB8, 0x0F, 0x70, 0x3E, 0xE0, 0x7D, 0xC1,
    0xFB, 0x87, 0xF7, 0x1E, 0xEE, 0x39, 0xDC, 0xE3, 0xBB, 0xC7, 0x7F, 0x0E, 0xFC, 0x1D, 0xF8, 0x3B,
    0xE0, 0x77, 0x80, 0xEF, 0x01, 0xDC, 0x03, 0x80, 0x3F, 0x87, 0xF0, 0x00, 0x00, 0x00, 0x01, 0xC1,
    0xF8, 0x7F, 0x1F, 0xE3, 0xFC, 0xFF, 0xBB, 0xF7, 0x7F, 0xCF, 0xF1, 0xFE, 0x3F, 0x87, 0xE0, 0xFC,
    0x1C, 0x1C, 0xE0, 0x3D, 0xC0, 0x73, 0x80, 0x00, 0x00, 0x00, 0x1C, 0x03, 0xB8, 0x0F, 0x70, 0x3E,
    0xE0, 0x7D, 0xC1, 0xFB, 0x87, 0xF7, 0x1E, 0xEE, 0x39, 0xDC, 0xE3, 0xBB, 0xC7, 0x7F, 0x0E, 0xFC,
    0x1D, 0xF8, 0x3B, 0xE0, 0x77, 0x80, 0xEF, 0x01, 0xDC, 0x03, 0x80, 0x3B, 0x8F, 0x78, 0xEE, 0x00,
    0x00, 0x01, 0xC1, 0xF8, 0x7F, 0x1F, 0xE3, 0xFC, 0xFF, 0xBB, 0xF7, 0x7F, 0xCF, 0xF1, 0xFE, 0x3F,
    0x87, 0xE0, 0xFC, 0x1C, 0x07, 0x38, 0x03, 0xBC, 0x01, 0xCE, 0x00, 0x00, 0x00, 0x00, 0x00, 0x3F,
    0xC0, 0x7F, 0xF0, 0x7E, 0x7C, 0x78, 0x0F, 0x38, 0x03, 0xDC, 0x01, 0xFE, 0x00, 0x7E, 0x00, 0x3F,
    0x00, 0x1F, 0x80, 0x0F, 0xE0, 0x07, 0x70, 0x07, 0xB8, 0x03, 0xDE, 0x03, 0xC7, 0xE7, 0xC1, 0xFF,
    0xC0, 0x3F, 0xC0, 0x19, 0xC1, 0xEF, 0x06, 0x70, 0x00, 0x00, 0x00, 0x0F, 0xE0, 0xFF, 0x8F, 0x3E,
    0x70, 0x77, 0x03, 0xF8, 0x0F, 0xC0, 0x7E, 0x03, 0xF0, 0x3D, 0xC1, 0xCF, 0x3E, 0x3F, 0xE0, 0xFE,
    0x00, 0x07, 0xF8, 0x0F, 0xFE, 0x0F, 0x8F, 0x8F, 0x01, 0xE7, 0x00, 0x7B, 0x80, 0x1F, 0x80, 0x0F,
    0xFF, 0xFF, 0xFF, 0xFF, 0xF0, 0x01, 0xFC, 0x00, 0xEE, 0x00, 0xF7, 0x80, 0x7B, 0xC0, 0x78, 0xFC,
    0xF8, 0x3F, 0xF8, 0x07, 0xF8, 0x00, 0x1F, 0xC1, 0xFF, 0x1F, 0x7C, 0xE0, 0xEE, 0x07, 0xFF, 0xFF,
    0xFF, 0xFC, 0x07, 0xE0, 0x7B, 0x83, 0x9E, 0x7C, 0x7F, 0xC1, 0xFC, 0x00, 0x07, 0x38, 0x03, 0xBC,
    0x01, 0xCE, 0x00, 0x00, 0x00, 0x00, 0x00, 0x3F, 0xC0, 0x7F, 0xF0, 0x7C, 0x7C, 0x78, 0x0F, 0x38,
    0x03, 0xDC, 0x00, 0xFC, 0x00, 0x7F, 0xFF, 0xFF, 0xFF, 0xFF, 0x80, 0x0F, 0xE0, 0x07, 0x70, 0x07,
    0xBC, 0x03, 0xDE, 0x03, 0xC7, 0xE7, 0xC1, 0xFF, 0xC0, 0x3F, 0xC0, 0x39, 0xC1, 0xEF, 0x0E, 0x70,
    0x00, 0x00, 0x00, 0x0F, 0xE0, 0xFF, 0x8F, 0xBE, 0x70, 0x77, 0x03, 0xFF, 0xFF, 0xFF, 0xFE, 0x03,
    0xF0, 0x3D, 0xC1, 0xCF, 0x3E, 0x3F, 0xE0, 0xFE, 0x00, 0x39, 0xC0, 0x7B, 0x80, 0xE7, 0x00, 0x00,
    0x00, 0x00, 0x0F, 0xF8, 0x3F, 0xF8, 0x38, 0xF8, 0x00, 0x78, 0x00, 0x78, 0x00, 0x70, 0x00, 0xE1,
    0xFF, 0xC3, 0xFF, 0x80, 0x07, 0x00, 0x0E, 0x00, 0x1C, 0x00, 0x78, 0x01, 0xE3, 0x8F, 0x8F, 0xFE,
    0x0F, 0xF8, 0x00, 0x73, 0x87, 0xB8, 0x73, 0x80, 0x00, 0x00, 0x07, 0xF0, 0x7F, 0xC6, 0x3C, 0x00,
    0xE0, 0x0E, 0x1F, 0xE1, 0xFF, 0x00, 0xE0, 0x0E, 0x01, 0xE6, 0x3E, 0x7F, 0xC7, 0xF0, 0x0F, 0xF0,
    0x1F, 0xE0, 0x00, 0x00, 0x00, 0x00, 0x00, 0x1E, 0x03, 0xDC, 0x07, 0x3C, 0x0E, 0x38, 0x3C, 0x78,
    0x70, 0x70, 0xE0, 0xF3, 0x80, 0xE7, 0x01, 0xFE, 0x01, 0xF8, 0x01, 0xF0, 0x03, 0xC0, 0x03, 0x80,
    0x0E, 0x02, 0x7C, 0x07, 0xF0, 0x0F, 0xC0, 0x00, 0x1F, 0xC1, 0xFC, 0x00, 0x00, 0x00, 0x00, 0x0E,
    0x07, 0xF0, 0x77, 0x07, 0x70, 0xE7, 0x8E, 0x38, 0xE3, 0x8C, 0x1D, 0xC1, 0xDC, 0x1F, 0x80, 0xF8,
    0x0F, 0x80, 0x70, 0x07, 0x00, 0x70, 0x9E, 0x0F, 0xC0, 0xF8, 0x00, 0x0E, 0x70, 0x3D, 0xE0, 0x39,
    0xC0, 0x00, 0x00, 0x00, 0x1E, 0x03, 0xDC, 0x07, 0x3C, 0x0E, 0x38, 0x3C, 0x78, 0x70, 0x70, 0xE0,
    0xF3, 0x80, 0xE7, 0x01, 0xFE, 0x01, 0xF8, 0x01, 0xF0, 0x03, 0xC0, 0x03, 0x80, 0x0E, 0x02, 0x7C,
    0x07, 0xF0, 0x0F, 0xC0, 0x00, 0x1D, 0xC3, 0xDE, 0x1D, 0xC0, 0x00, 0x00, 0x0E, 0x07, 0xF0, 0x77,
    0x07, 0x70, 0xE7, 0x8E, 0x38, 0xE3, 0x8C, 0x1D, 0xC1, 0xDC, 0x1F, 0x80, 0xF8, 0x0F, 0x80, 0x70,
    0x07, 0x00, 0x70, 0x9E, 0x0F, 0xC0, 0xF8, 0x00, 0x01, 0x98, 0x07, 0x70, 0x1D, 0xC0, 0x73, 0x00,
    0x66, 0x00, 0x00, 0x00, 0x00, 0x78, 0x0F, 0x70, 0x1C, 0xF0, 0x38, 0xE0, 0xF1, 0xE1, 0xC1, 0xC3,
    0x83, 0xCE, 0x03, 0x9C, 0x07, 0xF8, 0x07, 0xE0, 0x07, 0xC0, 0x0F, 0x00, 0x0E, 0x00, 0x38, 0x09,
    0xF0, 0x1F, 0xC0, 0x3F, 0x00, 0x07, 0x30, 0x77, 0x0E, 0xE1, 0xDC, 0x18, 0xC0, 0x00, 0x00, 0x0E,
    0x07, 0xF0, 0x77, 0x07, 0x70, 0xE7, 0x8E, 0x38, 0xE3, 0x8C, 0x1D, 0xC1, 0xDC, 0x1F, 0x80, 0xF8,
    0x0F, 0x80, 0x70, 0x07, 0x00, 0x70, 0x9E, 0x0F, 0xC0, 0xF8, 0x00, 0x1C, 0xE0, 0xEF, 0x07, 0x38,
    0x00, 0x00, 0x00, 0x70, 0x1F, 0x80, 0xFC, 0x07, 0xE0, 0x3F, 0x01, 0xF8, 0x0F, 0xC0, 0x7F, 0x03,
    0xBC, 0x3D, 0xFF, 0xE3, 0xFF, 0x00, 0x38, 0x01, 0xC0, 0x0E, 0x00, 0x70, 0x03, 0x80, 0x1C, 0x73,
    0x8F, 0x71, 0xCE, 0x00, 0x00, 0x01, 0xC1, 0xF8, 0x3F, 0x07, 0xE0, 0xFC, 0x1F, 0xC7, 0xBF, 0xF3,
    0xFE, 0x01, 0xC0, 0x38, 0x07, 0x00, 0xE0, 0x1C, 0xFF, 0xFF, 0xFF, 0x80, 0x70, 0x0E, 0x01, 0xC0,
    0x38, 0x07, 0x00, 0xE0, 0x1C, 0x03, 0x80, 0x70, 0x0E, 0x01, 0xC0, 0x38, 0x07, 0xC0, 0xF8, 0x07,
    0x00, 0xE0, 0x1C, 0x03, 0x80, 0x70, 0x00, 0xFF, 0x7F, 0xB8, 0x1C, 0x0E, 0x07, 0x03, 0x81, 0xC0,
    0xE0, 0x70, 0x38, 0x1E, 0x0F, 0x03, 0x81, 0xC0, 0xE0, 0x70, 0x00, 0x07, 0x38, 0x01, 0xDE, 0x00,
    0x73, 0x80, 0x00, 0x00, 0x00, 0x00, 0x38, 0x00, 0xFE, 0x00, 0x3F, 0x80, 0x0F, 0xE0, 0x03, 0xF8,
    0x00, 0xFE, 0x00, 0x3F, 0xFE, 0x0F, 0xFF, 0xE3, 0xF8, 0xFC, 0xFE, 0x07, 0x3F, 0x81, 0xCF, 0xE0,
    0x7B, 0xF8, 0x1C, 0xFE, 0x07, 0x3F, 0x8F, 0xCF, 0xFF, 0xE3, 0xFF, 0xE0, 0xF0, 0x0E, 0xE0, 0x3D,
    0xE0, 0x3B, 0x80, 0x00, 0x00, 0x00, 0x1C, 0x01, 0xF8, 0x03, 0xF0, 0x07, 0xE0, 0x0F, 0xC0, 0x1F,
    0xFE, 0x3F, 0xFE, 0x7E, 0x3C, 0xFC, 0x3D, 0xF8, 0x7B, 0xF1, 0xE7, 0xFF, 0xCF, 0xFF, 0x1C, 0x3F,
    0xF9, 0xFF, 0xCF, 0xFC, 0x70, 0x03, 0x80, 0x1C, 0x00, 0xE0, 0x07, 0x00, 0xFF, 0xC7, 0xFE, 0x1F,
    0xF0, 0x70, 0x03, 0x80, 0x1C, 0x00, 0xE0, 0x07, 0x00, 0x3E, 0x01, 0xF0, 0x03, 0x80, 0x1C, 0x00,
    0xE0, 0x1F, 0x00, 0xF0, 0x00, 0x3F, 0xE7, 0xFC, 0xFF, 0x9C, 0x03, 0x80, 0x70, 0x3F, 0xE7, 0xFC,
    0xFF, 0x07, 0x00, 0xE0, 0x1C, 0x03, 0xE0, 0x7C, 0x03, 0x80, 0x70, 0x0E, 0x0F, 0x81, 0xF0, 0x00,
    0xF0, 0x1C, 0x70, 0x3C, 0x38, 0x38, 0x38, 0x70, 0x1C, 0x70, 0x0E, 0xE0, 0x0F, 0xC0, 0x07, 0xC0,
    0x07, 0x80, 0x07, 0xC0, 0x0F, 0xC0, 0x0E, 0xE0, 0x1C, 0xE0, 0x1C, 0x70, 0x38, 0x78, 0x70, 0x38,
    0x70, 0x1F, 0xE0, 0x1F, 0x00, 0x07, 0x00, 0x07, 0x00, 0x07, 0x00, 0x3E, 0x00, 0x3E, 0x70, 0x39,
    0xC1, 0xC3, 0x8F, 0x0F, 0x38, 0x1D, 0xC0, 0x3F, 0x00, 0xF8, 0x01, 0xE0, 0x0F, 0x80, 0x77, 0x03,
    0xDE, 0x0E, 0x38, 0x70, 0x7F, 0xC0, 0xF0, 0x01, 0xC0, 0x07, 0x00, 0x1C, 0x01, 0xE0, 0x07, 0x80,
    0xF0, 0x1C, 0xE0, 0x78, 0xE0, 0xE1, 0xC3, 0x81, 0xC7, 0x01, 0xDC, 0x03, 0xF0, 0x3F, 0xFC, 0x7F,
    0xFC, 0xFF, 0xF0, 0x3F, 0x00, 0x77, 0x01, 0xCE, 0x03, 0x8E, 0x0E, 0x1E, 0x38, 0x1C, 0x70, 0x1D,
    0xC0, 0x3C, 0x70, 0x3B, 0x83, 0x8E, 0x3C, 0x79, 0xC1, 0xDC, 0x07, 0xC1, 0xFF, 0xCF, 0xFE, 0x0F,
    0x80, 0xEE, 0x0F, 0x78, 0x71, 0xC7, 0x07, 0x78, 0x1C, 0x78, 0x0E, 0x78, 0x1C, 0x78, 0x38, 0x70,
    0x70, 0x71, 0xC1, 0xF3, 0x87, 0xFF, 0x1C, 0xFC, 0x38, 0xE0, 0xE1, 0xE1, 0xC1, 0xC3, 0x81, 0xC7,
    0x03, 0xCE, 0x03, 0x9C, 0x03, 0x80, 0x7F, 0x87, 0xFE, 0x00, 0x78, 0x01, 0xC0, 0x0E, 0x00, 0x70,
    0x03, 0x80, 0x1C, 0x00, 0xE0, 0x07, 0x00, 0x38, 0x01, 0xC0, 0x0E, 0x7F, 0xFF, 0xFF, 0xE0, 0x3E,
    0x1F, 0x83, 0xC0, 0xE0, 0x70, 0x38, 0x1C, 0x0E, 0x07, 0x03, 0x81, 0xC1, 0xE3, 0xFF, 0xDF, 0xCE,
    0x00, 0x7F, 0xFB, 0xFF, 0xC0, 0x38, 0x01, 0xC0, 0x0E, 0x00, 0x70, 0x03, 0x80, 0x1C, 0x00, 0xE0,
    0x07, 0x00, 0x38, 0x01, 0xC0, 0x0E, 0x00, 0x70, 0x03, 0x80, 0xFF, 0xE7, 0xFF, 0x80, 0x1E, 0x00,
    0x70, 0x03, 0x80, 0x1D, 0x80, 0xFC, 0x07, 0xE0, 0x3F, 0x01, 0xF8, 0x0F, 0xC0, 0x7E, 0x03, 0xF0,
    0x1F, 0x80, 0xE0, 0x7D, 0xF1, 0xC7, 0x1C, 0x71, 0xC7, 0x1C, 0x71, 0xC7, 0x1C, 0x71, 0xC0, 0xFF,
    0xFC, 0xF1, 0x87, 0x0E, 0x1C, 0x38, 0x70, 0xE1, 0xC3, 0x87, 0x0F, 0x0E, 0x00, 0xFF, 0xF3, 0xFF,
    0xE3, 0x03, 0xDC, 0x07, 0x70, 0x1D, 0xC0, 0x77, 0x01, 0xDC, 0x07, 0x70, 0x1D, 0xC0, 0x77, 0x01,
    0xDC, 0x07, 0x70, 0x1D, 0xC0, 0x77, 0x01, 0xC0, 0xE3, 0xF3, 0x8F, 0xEE, 0x07, 0xB8, 0x0F, 0xE0,
    0x1F, 0x80, 0x7E, 0x01, 0xF8, 0x07, 0xE0, 0x1F, 0x80, 0x77, 0x03, 0x9C, 0x0E, 0x7C, 0xF8, 0xFF,
    0xC1, 0xFC, 0x00, 0x7D, 0xF1, 0xC7, 0x1C, 0x71, 0xC7, 0x1C, 0xFF, 0x9F, 0xF8, 0x07, 0x80, 0x70,
    0x0E, 0x01, 0xC0, 0x38, 0x07, 0x00, 0xE0, 0x1C, 0x03, 0x80, 0x70, 0x0E, 0x01, 0xC0, 0x38, 0x07,
    0x00, 0xE0, 0x1C, 0x03, 0x80, 0x70, 0xFF, 0x1F, 0xF0, 0x0F, 0x00, 0xE0, 0x0E, 0x01, 0xC0, 0x38,
    0x07, 0x00, 0xE0, 0x1C, 0x03, 0x80, 0xE0, 0x3D, 0xFF, 0x3F, 0xC0, 0x00, 0x07, 0x80, 0x3C, 0x01,
    0xE0, 0x0F, 0x00, 0x7F, 0xFB, 0xFF, 0xC0, 0x0E, 0x00, 0x70, 0x07, 0x00, 0x38, 0x01, 0xC0, 0x1C,
    0x00, 0xE0, 0x07, 0x00, 0x70, 0x03, 0x80, 0x1C, 0x01, 0xC0, 0x0E, 0x00, 0xFF, 0xF9, 0xFF, 0xF8,
    0xE0, 0xF3, 0x80, 0xF7, 0x00, 0xEE, 0x01, 0xDC, 0x03, 0xB8, 0x07, 0x70, 0x0E, 0xE0, 0x1D, 0xC0,
    0x3B, 0x80, 0x77, 0x00, 0xEF, 0xFF, 0xDF, 0xFF, 0x80, 0xE3, 0xF1, 0xCF, 0xF1, 0xF8, 0xF3, 0xE0,
    0xE7, 0x81, 0xE7, 0x01, 0xCE, 0x03, 0x9C, 0x07, 0x70, 0x0E, 0xE0, 0x1D, 0xC0, 0x73, 0x80, 0xE7,
    0x07, 0xDE, 0xFF, 0x39, 0xFC, 0x00, 0xFF, 0xCE, 0x73, 0x9C, 0xE7, 0x39, 0xCE, 0x73, 0x9C, 0xE7,
    0x39, 0xCE, 0x70, 0x7C, 0xFC, 0x78, 0x70, 0xE1, 0xC3, 0x87, 0x0E, 0x1C, 0x38, 0x70, 0xFF, 0xFF,
    0x80, 0xFF, 0xF3, 0xFF, 0xE3, 0x87, 0x9C, 0x07, 0x70, 0x1D, 0xC0, 0x77, 0x01, 0xDC, 0x07, 0x70,
    0x1D, 0xC0, 0x77, 0x01, 0xDE, 0x0E, 0x3C, 0x78, 0xFF, 0xC0, 0xFE, 0x00, 0x00, 0x01, 0xC0, 0x73,
    0x81, 0xCE, 0x07, 0x38, 0x1C, 0xE0, 0x71, 0xC1, 0xC7, 0x0F, 0x1C, 0x38, 0x70, 0xE1, 0xE3, 0x83,
    0x9C, 0x0E, 0xF0, 0x3F, 0x87, 0xFC, 0x1F, 0xC0, 0x70, 0x00, 0x3F, 0xC3, 0xFF, 0x1E, 0x7D, 0xC0,
    0xEE, 0x07, 0xF0, 0x1F, 0x80, 0xFE, 0x07, 0x7C, 0x39, 0xE1, 0xC0, 0x0E, 0x00, 0x70, 0x03, 0x80,
    0x1C, 0x00, 0xE0, 0x07, 0x00, 0x38, 0x01, 0xC0, 0x0E, 0x00, 0x70, 0x1F, 0xC3, 0xFF, 0x1E, 0x3D,
    0xC0, 0xEE, 0x03, 0xF0, 0x1F, 0x80, 0xEF, 0x07, 0x7C, 0x39, 0xE1, 0xC0, 0x1E, 0x00, 0xE0, 0x1F,
    0x7F, 0xF3, 0xFE, 0x00, 0x70, 0x73, 0x83, 0x9E, 0x1C, 0x70, 0xE3, 0x87, 0x0E, 0x70, 0x73, 0x83,
    0xF8, 0x0F, 0xC0, 0x7C, 0x01, 0xC0, 0x0E, 0x00, 0x70, 0x03, 0xC0, 0x0E, 0x00, 0x70, 0x03, 0x80,
    0x1E, 0x00, 0x70, 0x03, 0x80, 0xF0, 0x77, 0x07, 0x78, 0x73, 0x87, 0x3C, 0xE1, 0xCE, 0x0F, 0xE0,
    0xFC, 0x07, 0x80, 0x38, 0x03, 0xC0, 0x1C, 0x00, 0xEF, 0xFE, 0xFF, 0xE0, 0xFF, 0xFF, 0xFF, 0xF0,
    0x01, 0xC0, 0x0E, 0x00, 0x39, 0xC0, 0xE7, 0x07, 0x1C, 0x1C, 0x70, 0x71, 0xC1, 0xC7, 0x0E, 0x1C,
    0x38, 0x70, 0xE1, 0xC7, 0x07, 0x1C, 0x1C, 0x00, 0x70, 0x01, 0xC0, 0x07, 0x00, 0x1C, 0x00, 0xFF,
    0x9F, 0xF8, 0x0F, 0x00, 0xE0, 0x1E, 0x01, 0xC0, 0x38, 0x07, 0x00, 0xE0, 0x1C, 0x03, 0x80, 0x70,
    0x0E, 0x01, 0xC0, 0x38, 0xE1, 0xC7, 0xE1, 0xC7, 0xE1, 0xC7, 0xE3, 0xC7, 0xE3, 0x87, 0xE3, 0x87,
    0xEF, 0x87, 0xFF, 0x07, 0xFE, 0x07, 0x70, 0x07, 0x70, 0x0E, 0x78, 0x1E, 0x3C, 0x3C, 0x1F, 0xF8,
    0x0F, 0xF0, 0x7F, 0xFC, 0x7F, 0xFE, 0x1C, 0x1E, 0x1C, 0x0F, 0x1C, 0x07, 0x1C, 0x07, 0x1C, 0x07,
    0x1C, 0x07, 0x1C, 0x07, 0x1C, 0x07, 0x1C, 0x07, 0x1C, 0x07, 0x1C, 0x07, 0x7C, 0x07, 0x78, 0x07,
    0x67, 0xEE, 0xFF, 0x00, 0x19, 0xCE, 0x77, 0x39, 0xC0, 0x00, 0x1D, 0xE7, 0x30, 0x00, 0x07, 0xF9,
    0xFF, 0x78, 0x6E, 0x01, 0xC0, 0x38, 0x07, 0x80, 0x78, 0x07, 0x80, 0x78, 0x07, 0x00, 0x60, 0x0C,
    0x00, 0x00, 0x00, 0x0F, 0x01, 0xE0, 0x3C, 0x03, 0x00, 0x1F, 0x0F, 0xC7, 0xA1, 0xC0, 0x70, 0x1C,
    0x03, 0xF8, 0x7F, 0xFF, 0x3F, 0x04, 0x00, 0xFF, 0xFF, 0xFC, 0x31, 0xEE, 0x38, 0x7F, 0xF6, 0x00,
    0x03, 0x3C, 0xE2, 0x00, 0x07, 0x39, 0xCE, 0x31, 0xCE, 0x73, 0x9C, 0xE7, 0x18, 0xC7, 0x39, 0xC0,
    0x00, 0x1C, 0x1B, 0x83, 0x70, 0xEF, 0xFC, 0xFF, 0x1F, 0x03, 0x80, 0x70, 0x0E, 0x01, 0xC0, 0x38,
    0x07, 0x00, 0x60, 0x0E, 0x01, 0xC0, 0x38, 0x07, 0x00, 0x00, 0x00, 0x00, 0x01, 0x86, 0x67, 0x19,
    0xDC, 0x67, 0x73, 0x9D, 0xFF, 0xF3, 0xFF, 0x8F, 0x98, 0x38, 0x00, 0xE0, 0x03, 0x80, 0x0E, 0x00,
    0x38, 0x00, 0xE0, 0x03, 0x80, 0x06, 0x00, 0x18, 0x00, 0x60, 0x00, 0x00, 0x00, 0x00, 0x01, 0xC0,
    0xF8, 0x3E, 0x0F, 0x01, 0xC0, 0x30, 0x07, 0x00, 0xFE, 0x0F, 0xC1, 0xF0, 0x38, 0x0E, 0x01, 0xC0,
    0x38, 0x07, 0x86, 0xFF, 0xEF, 0xF8, 0x00, 0x00, 0x1F, 0x07, 0xF1, 0xFE, 0x70, 0xEE, 0x1D, 0xC1,
    0xB8, 0x3F, 0x07, 0xE0, 0xDC, 0x3B, 0xCF, 0x3F, 0xC3, 0xF8, 0x00, 0x00, 0x00, 0x07, 0xFC, 0x7F,
    0xC7, 0xFC, 0x00, 0xC0, 0x0C, 0x00, 0xC0, 0x0C, 0x00, 0xE0, 0x0E, 0x00, 0xE0, 0x0E, 0x00, 0xE0,
    0x0E, 0x00, 0x60, 0x06, 0x00, 0x70, 0x07, 0x00, 0x00, 0x00, 0x03, 0x80, 0x7F, 0x01, 0xDC, 0x0E,
    0x70, 0x38, 0xE0, 0xE3, 0x87, 0x0E, 0x1C, 0x1C, 0x60, 0x73, 0x81, 0xCE, 0x03, 0xB0, 0x0F, 0xC0,
    0x3F, 0x00, 0x78, 0x01, 0xE0, 0x07, 0x80, 0x0C, 0x00, 0x20, 0x00, 0x00, 0x00, 0x0E, 0x00, 0x38,
    0x01, 0xE0, 0x07, 0xC0, 0x1F, 0x00, 0xFC, 0x03, 0xF8, 0x0E, 0xE0, 0x73, 0x81, 0xCF, 0x06, 0x1C,
    0x38, 0x70, 0xE0, 0xE7, 0x03, 0x9C, 0x0E, 0xF0, 0x1F, 0x80, 0x70, 0x00, 0x80, 0x3E, 0x0F, 0xE3,
    0xDC, 0x71, 0xCC, 0x39, 0xC7, 0x3C, 0xE3, 0xFC, 0x3F, 0x80, 0x30, 0x07, 0x00, 0xE0, 0x1C, 0x03,
    0x80, 0x70, 0x06, 0x00, 0xC0, 0x00, 0x00, 0x0E, 0x00, 0x0E, 0x00, 0x0E, 0x20, 0x07, 0x70, 0x07,
    0x70, 0x07, 0x60, 0x07, 0xE0, 0x07, 0xE0, 0x07, 0x70, 0x07, 0x78, 0x1E, 0x7F, 0xFC, 0x3F, 0xF8,
    0x0F, 0xF0, 0xFF, 0xF0, 0x08, 0x07, 0x81, 0xE0, 0xFC, 0x3B, 0x9C, 0x66, 0x1F, 0x87, 0xE1, 0xDC,
    0xE7, 0xF8, 0xFC, 0x03, 0x3C, 0xE2, 0x00, 0x07, 0x39, 0xCE, 0x31, 0xCE, 0x73, 0x9C, 0xE7, 0x18,
    0xC7, 0x39, 0xC0, 0x00, 0x1C, 0x1B, 0x83, 0x70, 0xEF, 0xFC, 0xFF, 0x1F, 0x03, 0x80, 0x70, 0x0E,
    0x01, 0xC0, 0x38, 0x07, 0x00, 0x60, 0x0E, 0x01, 0xC0, 0x38, 0x07, 0x00, 0x00, 0x00, 0x00, 0x01,
    0x86, 0x67, 0x19, 0xDC, 0x67, 0x73, 0x9D, 0xFF, 0xF3, 0xFF, 0x8F, 0x98, 0x38, 0x00, 0xE0, 0x03,
    0x80, 0x0E, 0x00, 0x38, 0x00, 0xE0, 0x03, 0x80, 0x06, 0x00, 0x18, 0x00, 0x60, 0x00, 0x00, 0x00,
    0xE7, 0x9D, 0xF3, 0xB8, 0x77, 0x0F, 0xFC, 0xFF, 0xDF, 0xE3, 0x80, 0x70, 0x0E, 0x01, 0xC0, 0x38,
    0x03, 0x00, 0x60, 0x0C, 0x01, 0xC0, 0x38, 0x00, 0x06, 0x00, 0xF0, 0x07, 0x00, 0xF8, 0x1F, 0x81,
    0xDC, 0x39, 0xC3, 0x8E, 0x70, 0xE7, 0x06, 0x60, 0x76, 0x07, 0x60, 0x76, 0x67, 0x76, 0x67, 0xFE,
    0x3F, 0xC0, 0x1F, 0x8F, 0xE3, 0x91, 0xC0, 0x70, 0x1C, 0x03, 0x88, 0xFF, 0x1F, 0x83, 0xC1, 0xE0,
    0x70, 0x38, 0x0E, 0x07, 0x01, 0xC0, 0xE0, 0x00, 0x00, 0x00, 0x03, 0x80, 0x7F, 0x01, 0xDC, 0x0E,
    0x70, 0x38, 0xE0, 0xE3, 0x87, 0x0E, 0x1C, 0x1C, 0x60, 0x73, 0x81, 0xCE, 0x03, 0xB0, 0x0F, 0xC0,
    0x3F, 0x00, 0x78, 0x01, 0xE0, 0x07, 0x80, 0x0C, 0x00, 0x20, 0x00, 0x00, 0x00, 0x0E, 0x00, 0x38,
    0x01, 0xE0, 0x07, 0xC0, 0x1F, 0x00, 0xFC, 0x03, 0xF8, 0x0E, 0xE0, 0x73, 0x81, 0xCF, 0x06, 0x1C,
    0x38, 0x70, 0xE0, 0xE7, 0x03, 0x9C, 0x0E, 0xF0, 0x1F, 0x80, 0x70, 0x00, 0x80, 0x3E, 0x0F, 0xE3,
    0xDC, 0x71, 0xCC, 0x39, 0xC7, 0x3C, 0xE3, 0xFC, 0x3F, 0x80, 0x30, 0x07, 0x00, 0xE0, 0x1C, 0x03,
    0x80, 0x70, 0x06, 0x00, 0xC0, 0x00, 0x03, 0xC0, 0x03, 0xC0, 0x03, 0xC0, 0x07, 0xE0, 0x07, 0xE0,
    0x0E, 0x60, 0x0E, 0x70, 0x0E, 0x70, 0x1C, 0x38, 0x1C, 0x38, 0x1F, 0xF8, 0x3F, 0xFC, 0x3F, 0xFC,
    0x70, 0x1E, 0x70, 0x0E, 0x70, 0x0E, 0xE0, 0x07, 0xE0, 0x07, 0x00, 0x00, 0x01, 0x80, 0x03, 0xC0,
    0x03, 0xC0, 0x01, 0x80, 0x1F, 0x8F, 0xF8, 0xFF, 0x80, 0x70, 0x0E, 0x01, 0xCF, 0xFB, 0xFF, 0xF0,
    0xFC, 0x1F, 0x83, 0xF0, 0xFF, 0xFE, 0xFE, 0xC7, 0x00, 0x30, 0x0F, 0x01, 0xE0, 0x18, 0x00, 0x03,
    0x80, 0x03, 0xE0, 0x00, 0xE0, 0x00, 0xE0, 0x03, 0xC0, 0x01, 0x80, 0x01, 0x00, 0x03, 0xC0, 0x03,
    0xC0, 0x03, 0xC0, 0x07, 0xE0, 0x07, 0xE0, 0x0E, 0x60, 0x0E, 0x70, 0x0E, 0x70, 0x1C, 0x38, 0x1C,
    0x38, 0x1F, 0xF8, 0x3F, 0xFC, 0x3F, 0xFC, 0x70, 0x1E, 0x70, 0x0E, 0x70, 0x0E, 0xE0, 0x07, 0xE0,
    0x07, 0x0E, 0x01, 0xF0, 0x0E, 0x01, 0xC0, 0x70, 0x0C, 0x01, 0x00, 0xFC, 0x7F, 0xC7, 0xFC, 0x03,
    0x80, 0x70, 0x0E, 0x7F, 0xDF, 0xFF, 0x87, 0xE0, 0xFC, 0x1F, 0x87, 0xFF, 0xF7, 0xF6, 0x38, 0x00,
    0x00, 0x0E, 0x00, 0x1C, 0x03, 0xDC, 0x07, 0xF0, 0x0F, 0xE0, 0x0C, 0x30, 0x00, 0x00, 0x03, 0xC0,
    0x03, 0xC0, 0x03, 0xC0, 0x07, 0xE0, 0x07, 0xE0, 0x0E, 0x60, 0x0E, 0x70, 0x0E, 0x70, 0x1C, 0x38,
    0x1C, 0x38, 0x1F, 0xF8, 0x3F, 0xFC, 0x3F, 0xFC, 0x70, 0x1E, 0x70, 0x0E, 0x70, 0x0E, 0xE0, 0x07,
    0xE0, 0x07, 0x00, 0x38, 0x03, 0xC3, 0xDC, 0x3F, 0xC1, 0xF8, 0x18, 0xE0, 0x00, 0x03, 0xF0, 0x7F,
    0xC1, 0xFF, 0x00, 0x38, 0x01, 0xC0, 0x0E, 0x1F, 0xF1, 0xFF, 0x9E, 0x1C, 0xE0, 0xE7, 0x07, 0x38,
    0x79, 0xFF, 0xC7, 0xF6, 0x0E, 0x00, 0x70, 0x00, 0x70, 0x00, 0x3B, 0xC0, 0x0F, 0xE0, 0x0F, 0xE0,
    0x0C, 0x30, 0x00, 0x00, 0x03, 0xC0, 0x03, 0xC0, 0x03, 0xC0, 0x07, 0xE0, 0x07, 0xE0, 0x0E, 0x60,
    0x0E, 0x70, 0x0E, 0x70, 0x1C, 0x38, 0x1C, 0x38, 0x1F, 0xF8, 0x3F, 0xFC, 0x3F, 0xFC, 0x70, 0x1E,
    0x70, 0x0E, 0x70, 0x0E, 0xE0, 0x07, 0xE0, 0x07, 0xE0, 0x0E, 0x00, 0x77, 0x83, 0xFC, 0x0F, 0xC1,
    0xCE, 0x00, 0x00, 0xFC, 0x3F, 0xE1, 0xFF, 0x00, 0x70, 0x07, 0x00, 0x71, 0xFF, 0x3F, 0xF7, 0x87,
    0x70, 0x77, 0x07, 0x70, 0xF7, 0xFF, 0x3F, 0xB0, 0xE0, 0x00, 0x3C, 0x00, 0x1C, 0x00, 0x1C, 0x03,
    0xD8, 0x07, 0xD0, 0x0E, 0xE0, 0x0C, 0x70, 0x00, 0x00, 0x03, 0xC0, 0x03, 0xC0, 0x03, 0xC0, 0x07,
    0xE0, 0x07, 0xE0, 0x0E, 0x60, 0x0E, 0x70, 0x0E, 0x70, 0x1C, 0x38, 0x1C, 0x38, 0x1F, 0xF8, 0x3F,
    0xFC, 0x3F, 0xFC, 0x70, 0x1E, 0x70, 0x0E, 0x70, 0x0E, 0xE0, 0x07, 0xE0, 0x07, 0x00, 0xF0, 0x0F,
    0x00, 0x30, 0xF6, 0x0F, 0xE1, 0xF8, 0x38, 0xC0, 0x00, 0x1F, 0x87, 0xFC, 0x3F, 0xE0, 0x0E, 0x00,
    0xE0, 0x0E, 0x3F, 0xE7, 0xFE, 0xF0, 0xEE, 0x0E, 0xE0, 0xEE, 0x1E, 0xFF, 0xE7, 0xF6, 0x1C, 0x00,
    0x02, 0x10, 0x0F, 0xB0, 0x0F, 0xF0, 0x0C, 0xE0, 0x03, 0xC0, 0x07, 0xE0, 0x07, 0xE0, 0x0C, 0x30,
    0x00, 0x00, 0x03, 0xC0, 0x03, 0xC0, 0x03, 0xC0, 0x07, 0xE0, 0x07, 0xE0, 0x0E, 0x60, 0x0E, 0x70,
    0x0E, 0x70, 0x1C, 0x38, 0x1C, 0x38, 0x1F, 0xF8, 0x3F, 0xFC, 0x3F, 0xFC, 0x70, 0x1E, 0x70, 0x0E,
    0x70, 0x0E, 0xE0, 0x07, 0xE0, 0x07, 0x00, 0x03, 0xD8, 0xFF, 0x19, 0xC0, 0xF0, 0x1E, 0x07, 0xE1,
    0x8E, 0x00, 0x03, 0xF1, 0xFF, 0x1F, 0xF0, 0x0E, 0x01, 0xC0, 0x39, 0xFF, 0x7F, 0xFE, 0x1F, 0x83,
    0xF0, 0x7E, 0x1F, 0xFF, 0xDF, 0xD8, 0xE0, 0x01, 0x80, 0x03, 0xC0, 0x07, 0xE0, 0x0F, 0xF0, 0x0C,
    0x30, 0x00, 0x00, 0x03, 0xC0, 0x03, 0xC0, 0x03, 0xC0, 0x07, 0xE0, 0x07, 0xE0, 0x0E, 0x60, 0x0E,
    0x70, 0x0E, 0x70, 0x1C, 0x38, 0x1C, 0x38, 0x1F, 0xF8, 0x3F, 0xFC, 0x3F, 0xFC, 0x70, 0x1E, 0x70,
    0x0E, 0x70, 0x0E, 0xE0, 0x07, 0xE0, 0x07, 0x00, 0x00, 0x01, 0x80, 0x03, 0xC0, 0x03, 0xC0, 0x01,
    0x80, 0x06, 0x01, 0xE0, 0x7E, 0x1F, 0xE3, 0x0C, 0x00, 0x07, 0xE3, 0xFE, 0x3F, 0xE0, 0x1C, 0x03,
    0x80, 0x73, 0xFE, 0xFF, 0xFC, 0x3F, 0x07, 0xE0, 0xFC, 0x3F, 0xFF, 0xBF, 0xB1, 0xC0, 0x0C, 0x03,
    0x80, 0x70, 0x06, 0x00, 0x00, 0x60, 0x00, 0xE0, 0x01, 0xC0, 0x0D, 0xB0, 0x0E, 0x70, 0x07, 0xE0,
    0x03, 0xC0, 0x00, 0x00, 0x03, 0xC0, 0x03, 0xC0, 0x03, 0xC0, 0x07, 0xE0, 0x07, 0xE0, 0x0E, 0x60,
    0x0E, 0x70, 0x0E, 0x70, 0x1C, 0x38, 0x1C, 0x38, 0x1F, 0xF8, 0x3F, 0xFC, 0x3F, 0xFC, 0x70, 0x1E,
    0x70, 0x0E, 0x70, 0x0E, 0xE0, 0x07, 0xE0, 0x07, 0x00, 0x00, 0x70, 0x1C, 0x1B, 0x63, 0x1C, 0x3F,
    0x07, 0xE0, 0x00, 0x1F, 0x8F, 0xF8, 0xFF, 0x80, 0x70, 0x0E, 0x01, 0xCF, 0xFB, 0xFF, 0xF0, 0xFC,
    0x1F, 0x83, 0xF0, 0xFF, 0xFE, 0xFE, 0xC7, 0x00, 0x06, 0x00, 0x07, 0x00, 0x03, 0x80, 0x0D, 0xB0,
    0x0E, 0x70, 0x07, 0xE0, 0x03, 0xC0, 0x00, 0x00, 0x03, 0xC0, 0x03, 0xC0, 0x03, 0xC0, 0x07, 0xE0,
    0x07, 0xE0, 0x0E, 0x60, 0x0E, 0x70, 0x0E, 0x70, 0x1C, 0x38, 0x1C, 0x38, 0x1F, 0xF8, 0x3F, 0xFC,
    0x3F, 0xFC, 0x70, 0x1E, 0x70, 0x0E, 0x70, 0x0E, 0xE0, 0x07, 0xE0, 0x07, 0x00, 0x03, 0x80, 0x30,
    0x1B, 0x63, 0x1C, 0x7F, 0x07, 0xC0, 0x00, 0x1F, 0x8F, 0xF8, 0xFF, 0x80, 0x70, 0x0E, 0x01, 0xCF,
    0xFB, 0xFF, 0xF0, 0xFC, 0x1F, 0x83, 0xF0, 0xFF, 0xFE, 0xFE, 0xC7, 0x00, 0x00, 0x00, 0x03, 0xC0,
    0x00, 0xC0, 0x01, 0xC0, 0x0D, 0xB0, 0x0E, 0x70, 0x07, 0xE0, 0x03, 0xC0, 0x00, 0x00, 0x03, 0xC0,
    0x03, 0xC0, 0x03, 0xC0, 0x07, 0xE0, 0x07, 0xE0, 0x0E, 0x60, 0x0E, 0x70, 0x0E, 0x70, 0x1C, 0x38,
    0x1C, 0x38, 0x1F, 0xF8, 0x3F, 0xFC, 0x3F, 0xFC, 0x70, 0x1E, 0x70, 0x0E, 0x70, 0x0E, 0xE0, 0x07,
    0xE0, 0x07, 0x0F, 0x00, 0x60, 0x1C, 0x1B, 0x63, 0x0C, 0x3F, 0x87, 0xE0, 0x00, 0x1F, 0x8F, 0xF8,
    0xFF, 0x80, 0x70, 0x0E, 0x01, 0xCF, 0xFB, 0xFF, 0xF0, 0xFC, 0x1F, 0x83, 0xF0, 0xFF, 0xFE, 0xFE,
    0xC7, 0x00, 0x00, 0x10, 0x0F, 0xB0, 0x0F, 0xF0, 0x0C, 0xE0, 0x0C, 0x30, 0x0E, 0x70, 0x0F, 0xE0,
    0x07, 0xC0, 0x00, 0x00, 0x03, 0xC0, 0x03, 0xC0, 0x03, 0xC0, 0x07, 0xE0, 0x07, 0xE0, 0x0E, 0x60,
    0x0E, 0x70, 0x0E, 0x70, 0x1C, 0x38, 0x1C, 0x38, 0x1F, 0xF8, 0x3F, 0xFC, 0x3F, 0xFC, 0x70, 0x1E,
    0x70, 0x0E, 0x70, 0x0E, 0xE0, 0x07, 0xE0, 0x07, 0x00, 0x03, 0xD8, 0xFF, 0x19, 0xC3, 0x0C, 0x63,
    0x8F, 0xE0, 0xFC, 0x00, 0x03, 0xF1, 0xFF, 0x1F, 0xF0, 0x0E, 0x01, 0xC0, 0x39, 0xFF, 0x7F, 0xFE,
    0x1F, 0x83, 0xF0, 0x7E, 0x1F, 0xFF, 0xDF, 0xD8, 0xE0, 0x0C, 0x30, 0x0E, 0x70, 0x0F, 0xF0, 0x07,
    0xE0, 0x00, 0x00, 0x03, 0xC0, 0x03, 0xC0, 0x03, 0xC0, 0x07, 0xE0, 0x07, 0xE0, 0x0E, 0x60, 0x0E,
    0x70, 0x0E, 0x70, 0x1C, 0x38, 0x1C, 0x38, 0x1F, 0xF8, 0x3F, 0xFC, 0x3F, 0xFC, 0x70, 0x1E, 0x70,
    0x0E, 0x70, 0x0E, 0xE0, 0x07, 0xE0, 0x07, 0x00, 0x00, 0x01, 0x80, 0x03, 0xC0, 0x03, 0xC0, 0x01,
    0x80, 0x30, 0xC7, 0x38, 0xFF, 0x0F, 0xC0, 0x00, 0x3F, 0x1F, 0xF1, 0xFF, 0x00, 0xE0, 0x1C, 0x03,
    0x9F, 0xF7, 0xFF, 0xE1, 0xF8, 0x3F, 0x07, 0xE1, 0xFF, 0xFD, 0xFD, 0x8E, 0x00, 0x40, 0x1C, 0x03,
    0x80, 0x20, 0xFF, 0xFF, 0xFF, 0xFF, 0x70, 0x0E, 0x01, 0xC0, 0x38, 0x07, 0xFE, 0xFF, 0xDF, 0xFB,
    0x80, 0x70, 0x0E, 0x01, 0xC0, 0x38, 0x07, 0x00, 0xFF, 0xFF, 0xFC, 0x00, 0x02, 0x00, 0xE0, 0x1C,
    0x01, 0x00, 0x0F, 0x83, 0xFC, 0x7F, 0xE7, 0x0F, 0xE0, 0x7E, 0x07, 0xFF, 0xFF, 0xFF, 0xE0, 0x0E,
    0x00, 0x70, 0x07, 0x82, 0x3F, 0xF1, 0xFE, 0x07, 0x80, 0x20, 0x07, 0x00, 0x70, 0x02, 0x00, 0x1E,
    0x03, 0xE0, 0x0C, 0x03, 0x80, 0xF0, 0x18, 0x01, 0x07, 0xFF, 0xFF, 0xFF, 0xFB, 0x80, 0x70, 0x0E,
    0x01, 0xC0, 0x3F, 0xF7, 0xFE, 0xFF, 0xDC, 0x03, 0x80, 0x70, 0x0E, 0x01, 0xC0, 0x38, 0x07, 0xFF,
    0xFF, 0xE0, 0x0F, 0x00, 0xF8, 0x01, 0x80, 0x38, 0x07, 0x80, 0x60, 0x02, 0x00, 0xF8, 0x3F, 0xC7,
    0xFE, 0x70, 0xFE, 0x07, 0xE0, 0x7F, 0xFF, 0xFF, 0xFE, 0x00, 0xE0, 0x07, 0x00, 0x78, 0x23, 0xFF,
    0x1F, 0xE0, 0x78, 0x18, 0x4F, 0xD9, 0xFF, 0x33, 0xC0, 0x01, 0xFF, 0xFF, 0xFF, 0xFE, 0xE0, 0x1C,
    0x03, 0x80, 0x70, 0x0F, 0xFD, 0xFF, 0xBF, 0xF7, 0x00, 0xE0, 0x1C, 0x03, 0x80, 0x70, 0x0E, 0x01,
    0xFF, 0xFF, 0xF8, 0x18, 0x63, 0xE6, 0x7F, 0xE6, 0x3C, 0x00, 0x00, 0xF8, 0x3F, 0xC7, 0xFE, 0x70,
    0xFE, 0x07, 0xE0, 0x7F, 0xFF, 0xFF, 0xFE, 0x00, 0xE0, 0x07, 0x00, 0x78, 0x23, 0xFF, 0x1F, 0xE0,
    0x78, 0x00, 0x70, 0x07, 0x0E, 0xE1, 0xFC, 0x3B, 0x87, 0x18, 0x00, 0x0F, 0xFE, 0xFF, 0xEF, 0xFC,
    0xE0, 0x0E, 0x00, 0xE0, 0x0E, 0x00, 0xFF, 0xCF, 0xFC, 0xFF, 0xCE, 0x00, 0xE0, 0x0E, 0x00, 0xE0,
    0x0E, 0x00, 0xE0, 0x0F, 0xFE, 0xFF, 0xE0, 0x00, 0x38, 0x01, 0xC1, 0xDC, 0x1F, 0xC1, 0xFC, 0x1C,
    0x60, 0x00, 0x01, 0xF0, 0x3F, 0xC3, 0xFF, 0x1C, 0x3D, 0xC0, 0xEE, 0x07, 0x7F, 0xFB, 0xFF, 0xDC,
    0x00, 0xE0, 0x03, 0x80, 0x1E, 0x08, 0x7F, 0xE1, 0xFE, 0x03, 0xC0, 0x60, 0x03, 0x80, 0x0E, 0xE0,
    0x3F, 0x80, 0xEE, 0x0E, 0x38, 0x00, 0x07, 0xFF, 0x3F, 0xF9, 0xFF, 0x8E, 0x00, 0x70, 0x03, 0x80,
    0x1C, 0x00, 0xFF, 0xC7, 0xFE, 0x3F, 0xF1, 0xC0, 0x0E, 0x00, 0x70, 0x03, 0x80, 0x1C, 0x00, 0xE0,
    0x07, 0xFF, 0x3F, 0xF8, 0x60, 0x03, 0x80, 0x0C, 0xE0, 0x3F, 0x80, 0xEE, 0x0E, 0x30, 0x00, 0x00,
    0xF8, 0x1F, 0xE1, 0xFF, 0x8E, 0x1E, 0xE0, 0x77, 0x03, 0xBF, 0xFD, 0xFF, 0xEE, 0x00, 0x70, 0x01,
    0xC0, 0x0F, 0x04, 0x3F, 0xF0, 0xFF, 0x01, 0xE0, 0x00, 0xE0, 0x0F, 0x00, 0x70, 0xEE, 0x1F, 0xC3,
    0xB8, 0x71, 0x80, 0x00, 0xFF, 0xEF, 0xFE, 0xFF, 0xCE, 0x00, 0xE0, 0x0E, 0x00, 0xE0, 0x0F, 0xFC,
    0xFF, 0xCF, 0xFC, 0xE0, 0x0E, 0x00, 0xE0, 0x0E, 0x00, 0xE0, 0x0E, 0x00, 0xFF, 0xEF, 0xFE, 0x00,
    0xF0, 0x03, 0x80, 0x0C, 0x1E, 0xE0, 0xFE, 0x0F, 0xC0, 0xE3, 0x00, 0x00, 0x0F, 0x81, 0xFE, 0x1F,
    0xF8, 0xE1, 0xEE, 0x07, 0x70, 0x3B, 0xFF, 0xDF, 0xFE, 0xE0, 0x07, 0x00, 0x1C, 0x00, 0xF0, 0x43,
    0xFF, 0x0F, 0xF0, 0x1E, 0x00, 0x10, 0x87, 0xF9, 0xFE, 0x31, 0x80, 0xE0, 0x3E, 0x0E, 0xE3, 0x8C,
    0x00, 0x1F, 0xFF, 0xFF, 0xFF, 0xEE, 0x01, 0xC0, 0x38, 0x07, 0x00, 0xFF, 0xDF, 0xFB, 0xFF, 0x70,
    0x0E, 0x01, 0xC0, 0x38, 0x07, 0x00, 0xE0, 0x1F, 0xFF, 0xFF, 0x80, 0x00, 0x01, 0xEC, 0x3F, 0xC3,
    0x38, 0x07, 0x00, 0xF8, 0x1F, 0x83, 0x8C, 0x00, 0x00, 0xF8, 0x3F, 0xC7, 0xFE, 0x70, 0xFE, 0x07,
    0xE0, 0x7F, 0xFF, 0xFF, 0xFE, 0x00, 0xE0, 0x07, 0x00, 0x78, 0x23, 0xFF, 0x1F, 0xE0, 0x78, 0x06,
    0x01, 0xE0, 0x7C, 0x1D, 0xC7, 0x1C, 0x00, 0x3F, 0xFF, 0xFF, 0xFF, 0xDC, 0x03, 0x80, 0x70, 0x0E,
    0x01, 0xFF, 0xBF, 0xF7, 0xFE, 0xE0, 0x1C, 0x03, 0x80, 0x70, 0x0E, 0x01, 0xC0, 0x3F, 0xFF, 0xFF,
    0x00, 0x00, 0x80, 0x38, 0x07, 0x00, 0x40, 0x06, 0x00, 0xF0, 0x1F, 0x83, 0xDC, 0x38, 0xE0, 0x00,
    0x0F, 0x83, 0xFC, 0x7F, 0xE7, 0x0F, 0xE0, 0x7E, 0x07, 0xFF, 0xFF, 0xFF, 0xE0, 0x0E, 0x00, 0x70,
    0x07, 0x82, 0x3F, 0xF1, 0xFE, 0x07, 0x80, 0x20, 0x07, 0x00, 0x70, 0x02, 0x00, 0x78, 0xF8, 0x30,
    0xE3, 0xC6, 0x00, 0x7F, 0xFE, 0x70, 0xE1, 0xC3, 0x87, 0x0E, 0x1C, 0x38, 0x70, 0xE1, 0xC3, 0x87,
    0x0E, 0x7F, 0xFE, 0xF3, 0xE1, 0x8E, 0x79, 0x82, 0x1C, 0x71, 0xC7, 0x1C, 0x71, 0xC7, 0x1C, 0x71,
    0xC7, 0x1C, 0x70, 0xFF, 0xFC, 0xE1, 0xC3, 0x87, 0x0E, 0x1C, 0x38, 0x70, 0xE1, 0xC3, 0x87, 0x0E,
    0x1C, 0xFF, 0xFC, 0x01, 0x83, 0x87, 0x0C, 0x00, 0x67, 0x76, 0x07, 0x77, 0x77, 0x77, 0x77, 0x77,
    0x77, 0x70, 0x67, 0x76, 0x00, 0x00, 0x07, 0xFC, 0x07, 0xFF, 0x87, 0xC3, 0xC7, 0x80, 0x73, 0x80,
    0x3D, 0xC0, 0x0F, 0xE0, 0x07, 0xE0, 0x03, 0xF0, 0x01, 0xF8, 0x00, 0xFC, 0x00, 0x7F, 0x00, 0x3B,
    0x80, 0x1D, 0xC0, 0x1E, 0xF0, 0x0E, 0x3C, 0x1F, 0x0F, 0xFF, 0x03, 0xFE, 0x00, 0x38, 0x00, 0x0C,
    0x00, 0x0E, 0x00, 0x07, 0x00, 0x01, 0x80, 0x0F, 0x81, 0xFF, 0x1F, 0xFC, 0xE0, 0xEE, 0x03, 0xF0,
    0x1F, 0x80, 0xFC, 0x07, 0xE0, 0x3F, 0x01, 0xDC, 0x1E, 0xF0, 0xE3, 0xFE, 0x0F, 0xE0, 0x1C, 0x00,
    0x40, 0x07, 0x00, 0x38, 0x00, 0x80, 0x01, 0xE0, 0x00, 0xF8, 0x00, 0x1C, 0x00, 0x1E, 0x00, 0x0E,
    0x00, 0x06, 0x00, 0x03, 0x00, 0x1F, 0xF0, 0x1F, 0xFE, 0x1F, 0x0F, 0x1E, 0x01, 0xCE, 0x00, 0xF7,
    0x00, 0x3F, 0x80, 0x1F, 0x80, 0x0F, 0xC0, 0x07, 0xE0, 0x03, 0xF0, 0x01, 0xFC, 0x00, 0xEE, 0x00,
    0x77, 0x00, 0x7B, 0xC0, 0x38, 0xF0, 0x7C, 0x3F, 0xFC, 0x0F, 0xF8, 0x00, 0xE0, 0x00, 0x07, 0x00,
    0x7C, 0x00, 0x70, 0x03, 0x80, 0x78, 0x03, 0x80, 0x08, 0x01, 0xF0, 0x3F, 0xE3, 0xFF, 0x9C, 0x1D,
    0xC0, 0x7E, 0x03, 0xF0, 0x1F, 0x80, 0xFC, 0x07, 0xE0, 0x3B, 0x83, 0xDE, 0x1C, 0x7F, 0xC1, 0xFC,
    0x03, 0x80, 0x00, 0x07, 0x00, 0x07, 0x00, 0x7B, 0x00, 0x7F, 0x00, 0x77, 0x00, 0x31, 0xC0, 0x00,
    0x00, 0x1F, 0xF0, 0x1F, 0xFE, 0x1F, 0x0F, 0x1E, 0x01, 0xCE, 0x00, 0xF7, 0x00, 0x3F, 0x80, 0x1F,
    0x80, 0x0F, 0xC0, 0x07, 0xE0, 0x03, 0xF0, 0x01, 0xFC, 0x00, 0xEE, 0x00, 0x77, 0x00, 0x7B, 0xC0,
    0x38, 0xF0, 0x7C, 0x3F, 0xFC, 0x0F, 0xF8, 0x00, 0xE0, 0x00, 0x00, 0x18, 0x00, 0xE0, 0x77, 0x03,
    0xF8, 0x1D, 0xC0, 0xE3, 0x80, 0x00, 0x03, 0xE0, 0x3F, 0xE1, 0xFF, 0xC7, 0x07, 0x38, 0x0E, 0xE0,
    0x3B, 0x80, 0xEE, 0x03, 0xB8, 0x0E, 0xE0, 0x39, 0xC1, 0xE7, 0x87, 0x0F, 0xF8, 0x1F, 0xC0, 0x1C,
    0x00, 0x38, 0x00, 0x1C, 0x00, 0x07, 0x78, 0x01, 0xFC, 0x00, 0x77, 0x00, 0x31, 0xC0, 0x00, 0x00,
    0x1F, 0xF0, 0x1F, 0xFE, 0x1F, 0x0F, 0x1E, 0x01, 0xCE, 0x00, 0xF7, 0x00, 0x3F, 0x80, 0x1F, 0x80,
    0x0F, 0xC0, 0x07, 0xE0, 0x03, 0xF0, 0x01, 0xFC, 0x00, 0xEE, 0x00, 0x77, 0x00, 0x7B, 0xC0, 0x38,
    0xF0, 0x7C, 0x3F, 0xFC, 0x0F, 0xF8, 0x00, 0xE0, 0x00, 0xC0, 0x07, 0x00, 0x1D, 0xC0, 0x7F, 0x01,
    0xDC, 0x0C, 0x70, 0x00, 0x01, 0xF0, 0x3F, 0xE3, 0xFF, 0x9C, 0x1D, 0xC0, 0x7E, 0x03, 0xF0, 0x1F,
    0x80, 0xFC, 0x07, 0xE0, 0x3B, 0x83, 0xDE, 0x1C, 0x7F, 0xC1, 0xFC, 0x03, 0x80, 0x00, 0x1C, 0x00,
    0x07, 0x00, 0x03, 0x80, 0x3D, 0x80, 0x3E, 0x80, 0x3B, 0x80, 0x18, 0xE0, 0x00, 0x00, 0x0F, 0xF8,
    0x0F, 0xFF, 0x0F, 0x87, 0x8F, 0x00, 0xE7, 0x00, 0x7B, 0x80, 0x1F, 0xC0, 0x0F, 0xC0, 0x07, 0xE0,
    0x03, 0xF0, 0x01, 0xF8, 0x00, 0xFE, 0x00, 0x77, 0x00, 0x3B, 0x80, 0x3D, 0xE0, 0x1C, 0x78, 0x3E,
    0x1F, 0xFE, 0x07, 0xFC, 0x00, 0x70, 0x00, 0x00, 0x70, 0x03, 0xC0, 0x0E, 0x0E, 0xE0, 0xFE, 0x0E,
    0xE0, 0xE3, 0x80, 0x00, 0x0F, 0x81, 0xFF, 0x1F, 0xFC, 0xE0, 0xEE, 0x03, 0xF0, 0x1F, 0x80, 0xFC,
    0x07, 0xE0, 0x3F, 0x01, 0xDC, 0x1E, 0xF0, 0xE3, 0xFE, 0x0F, 0xE0, 0x1C, 0x00, 0x01, 0x08, 0x03,
    0xEC, 0x01, 0xFE, 0x00, 0x8E, 0x00, 0x1C, 0x00, 0x1F, 0x00, 0x1D, 0xC0, 0x0C, 0x70, 0x00, 0x00,
    0x07, 0xFC, 0x07, 0xFF, 0x87, 0xC3, 0xC7, 0x80, 0x73, 0x80, 0x3D, 0xC0, 0x0F, 0xE0, 0x07, 0xE0,
    0x03, 0xF0, 0x01, 0xF8, 0x00, 0xFC, 0x00, 0x7F, 0x00, 0x3B, 0x80, 0x1D, 0xC0, 0x1E, 0xF0, 0x0E,
    0x3C, 0x1F, 0x0F, 0xFF, 0x03, 0xFE, 0x00, 0x38, 0x00, 0x00, 0x00, 0xF3, 0x07, 0xF0, 0x63, 0x80,
    0x70, 0x07, 0xC0, 0x77, 0x03, 0x1C, 0x00, 0x00, 0x7C, 0x0F, 0xF8, 0xFF, 0xE7, 0x07, 0x70, 0x1F,
    0x80, 0xFC, 0x07, 0xE0, 0x3F, 0x01, 0xF8, 0x0E, 0xE0, 0xF7, 0x87, 0x1F, 0xF0, 0x7F, 0x00, 0xE0,
    0x00, 0xC0, 0x00, 0xF0, 0x00, 0xFC, 0x00, 0xEE, 0x00, 0xE3, 0x80, 0x00, 0x00, 0x3F, 0xE0, 0x3F,
    0xFC, 0x3E, 0x1E, 0x3C, 0x03, 0x9C, 0x01, 0xEE, 0x00, 0x7F, 0x00, 0x3F, 0x00, 0x1F, 0x80, 0x0F,
    0xC0, 0x07, 0xE0, 0x03, 0xF8, 0x01, 0xDC, 0x00, 0xEE, 0x00, 0xF7, 0x80, 0x71, 0xE0, 0xF8, 0x7F,
    0xF8, 0x1F, 0xF0, 0x01, 0xC0, 0x00, 0x60, 0x00, 0x70, 0x00, 0x38, 0x00, 0x0C, 0x00, 0x02, 0x00,
    0x3C, 0x03, 0xE0, 0x3B, 0x83, 0x8E, 0x00, 0x00, 0x3E, 0x07, 0xFC, 0x7F, 0xF3, 0x83, 0xB8, 0x0F,
    0xC0, 0x7E, 0x03, 0xF0, 0x1F, 0x80, 0xFC, 0x07, 0x70, 0x7B, 0xC3, 0x8F, 0xF8, 0x3F, 0x80, 0x70,
    0x01, 0x00, 0x1C, 0x00, 0xE0, 0x02, 0x00, 0x00, 0x30, 0x00, 0x07, 0x00, 0x00, 0xF0, 0x00, 0x0E,
    0x00, 0x01, 0xC0, 0x00, 0x00, 0x0E, 0x0F, 0xF8, 0xE1, 0xFF, 0xEE, 0x3E, 0x1F, 0xC7, 0x80, 0x78,
    0x70, 0x07, 0x87, 0x00, 0x38, 0xF0, 0x03, 0x8E, 0x00, 0x38, 0xE0, 0x03, 0x8E, 0x00, 0x38, 0xE0,
    0x03, 0x8F, 0x00, 0x38, 0x70, 0x03, 0x87, 0x00, 0x78, 0x78, 0x07, 0x03, 0xC1, 0xF0, 0x1F, 0xFE,
    0x00, 0xFF, 0x80, 0x01, 0xC0, 0x00, 0x00, 0xC0, 0x01, 0xC0, 0x03, 0x80, 0x07, 0x80, 0x06, 0x0E,
    0x00, 0x0E, 0x0F, 0x8E, 0x3F, 0xFE, 0x7F, 0xFC, 0x70, 0x78, 0xE0, 0x38, 0xE0, 0x38, 0xE0, 0x38,
    0xE0, 0x38, 0xE0, 0x38, 0xE0, 0x38, 0x70, 0x38, 0x70, 0x70, 0x3F, 0xE0, 0x1F, 0xC0, 0x07, 0x00,
    0x03, 0x00, 0x00, 0x78, 0x00, 0x03, 0xC0, 0x00, 0x1C, 0x00, 0x00, 0xE0, 0x00, 0x00, 0x0E, 0x0F,
    0xF8, 0xE1, 0xFF, 0xEE, 0x3E, 0x1F, 0xC7, 0x80, 0x78, 0x70, 0x07, 0x87, 0x00, 0x38, 0xF0, 0x03,
    0x8E, 0x00, 0x38, 0xE0, 0x03, 0x8E, 0x00, 0x38, 0xE0, 0x03, 0x8F, 0x00, 0x38, 0x70, 0x03, 0x87,
    0x00, 0x78, 0x78, 0x07, 0x03, 0xC1, 0xF0, 0x1F, 0xFE, 0x00, 0xFF, 0x80, 0x01, 0xC0, 0x00, 0x0C,
    0x00, 0x1E, 0x00, 0x0E, 0x00, 0x07, 0x00, 0x03, 0x8E, 0x00, 0x0E, 0x0F, 0x8E, 0x3F, 0xFE, 0x7F,
    0xFC, 0x70, 0x78, 0xE0, 0x38, 0xE0, 0x38, 0xE0, 0x38, 0xE0, 0x38, 0xE0, 0x38, 0xE0, 0x38, 0x70,
    0x38, 0x70, 0x70, 0x3F, 0xE0, 0x1F, 0xC0, 0x07, 0x00, 0x01, 0xC0, 0x00, 0x3E, 0x00, 0x00, 0x70,
    0x00, 0x07, 0x00, 0x01, 0xE0, 0x00, 0x1C, 0x00, 0x00, 0xC0, 0xE0, 0xFF, 0x8E, 0x1F, 0xFE, 0xE3,
    0xE1, 0xFC, 0x78, 0x07, 0x87, 0x00, 0x78, 0x70, 0x03, 0x8F, 0x00, 0x38, 0xE0, 0x03, 0x8E, 0x00,
    0x38, 0xE0, 0x03, 0x8E, 0x00, 0x38, 0xF0, 0x03, 0x87, 0x00, 0x38, 0x70, 0x07, 0x87, 0x80, 0x70,
    0x3C, 0x1F, 0x01, 0xFF, 0xE0, 0x0F, 0xF8, 0x00, 0x1C, 0x00, 0x0F, 0x00, 0x0F, 0x80, 0x01, 0x80,
    0x03, 0x80, 0x07, 0x80, 0x06, 0x0E, 0x02, 0x0E, 0x0F, 0x8E, 0x3F, 0xFE, 0x7F, 0xFC, 0x70, 0x78,
    0xE0, 0x38, 0xE0, 0x38, 0xE0, 0x38, 0xE0, 0x38, 0xE0, 0x38, 0xE0, 0x38, 0x70, 0x38, 0x70, 0x70,
    0x3F, 0xE0, 0x1F, 0xC0, 0x07, 0x00, 0x03, 0x08, 0x00, 0x7D, 0xC0, 0x0F, 0xF8, 0x00, 0xC7, 0x00,
    0x00, 0x00, 0xE0, 0xFF, 0x8E, 0x1F, 0xFE, 0xE3, 0xE1, 0xFC, 0x78, 0x07, 0x87, 0x00, 0x78, 0x70,
    0x03, 0x8F, 0x00, 0x38, 0xE0, 0x03, 0x8E, 0x00, 0x38, 0xE0, 0x03, 0x8E, 0x00, 0x38, 0xF0, 0x03,
    0x87, 0x00, 0x38, 0x70, 0x07, 0x87, 0x80, 0x70, 0x3C, 0x1F, 0x01, 0xFF, 0xE0, 0x0F, 0xF8, 0x00,
    0x1C, 0x00, 0x0C, 0x20, 0x3F, 0x60, 0x3F, 0xE0, 0x33, 0xCE, 0x00, 0x0E, 0x0F, 0x8E, 0x3F, 0xFE,
    0x7F, 0xFC, 0x70, 0x78, 0xE0, 0x38, 0xE0, 0x38, 0xE0, 0x38, 0xE0, 0x38, 0xE0, 0x38, 0xE0, 0x38,
    0x70, 0x38, 0x70, 0x70, 0x3F, 0xE0, 0x1F, 0xC0, 0x07, 0x00, 0x00, 0x00, 0xE0, 0xFF, 0x8E, 0x1F,
    0xFE, 0xE3, 0xE1, 0xFC, 0x78, 0x07, 0x87, 0x00, 0x78, 0x70, 0x03, 0x8F, 0x00, 0x38, 0xE0, 0x03,
    0x8E, 0x00, 0x38, 0xE0, 0x03, 0x8E, 0x00, 0x38, 0xF0, 0x03, 0x87, 0x00, 0x38, 0x70, 0x07, 0x87,
    0x80, 0x70, 0x3C, 0x1F, 0x01, 0xFF, 0xE0, 0x0F, 0xF8, 0x00, 0x1C, 0x00, 0x00, 0xC0, 0x00, 0x1C,
    0x00, 0x01, 0xC0, 0x00, 0x0C, 0x00, 0x00, 0x0E, 0x00, 0x0E, 0x0F, 0x8E, 0x3F, 0xFE, 0x7F, 0xFC,
    0x70, 0x78, 0xE0, 0x38, 0xE0, 0x38, 0xE0, 0x38, 0xE0, 0x38, 0xE0, 0x38, 0xE0, 0x38, 0x70, 0x38,
    0x70, 0x70, 0x3F, 0xE0, 0x1F, 0xC0, 0x07, 0x00, 0x02, 0x00, 0x07, 0x00, 0x07, 0x00, 0x02, 0x00,
    0xE0, 0x1F, 0x80, 0x7E, 0x01, 0xF8, 0x07, 0xE0, 0x1F, 0x80, 0x7E, 0x01, 0xF8, 0x07, 0xE0, 0x1F,
    0x80, 0x7E, 0x01, 0xF8, 0x07, 0xE0, 0x1F, 0x80, 0x7F, 0x01, 0xDE, 0x1E, 0x3F, 0xF8, 0x7F, 0x80,
    0x78, 0x00, 0xC0, 0x07, 0x80, 0x1E, 0x00, 0x30, 0x00, 0x60, 0x3B, 0x81, 0xDC, 0x0E, 0xE0, 0x77,
    0x03, 0xB8, 0x1D, 0xC0, 0xEE, 0x07, 0x70, 0x3B, 0x81, 0xDC, 0x1E, 0xE1, 0xF7, 0xFF, 0x9F, 0xDC,
    0x38, 0x00, 0xC0, 0x07, 0x00, 0x38, 0x01, 0x80, 0x07, 0x80, 0x1F, 0x00, 0x0C, 0x00, 0x70, 0x03,
    0x80, 0x0C, 0x00, 0x00, 0x38, 0x07, 0xE0, 0x1F, 0x80, 0x7E, 0x01, 0xF8, 0x07, 0xE0, 0x1F, 0x80,
    0x7E, 0x01, 0xF8, 0x07, 0xE0, 0x1F, 0x80, 0x7E, 0x01, 0xF8, 0x07, 0xE0, 0x1F, 0xC0, 0x77, 0x87,
    0x8F, 0xFE, 0x1F, 0xE0, 0x1E, 0x00, 0x07, 0x00, 0x7C, 0x00, 0x70, 0x03, 0x80, 0x78, 0x03, 0x80,
    0x08, 0x0C, 0x07, 0x70, 0x3B, 0x81, 0xDC, 0x0E, 0xE0, 0x77, 0x03, 0xB8, 0x1D, 0xC0, 0xEE, 0x07,
    0x70, 0x3B, 0x83, 0xDC, 0x3E, 0xFF, 0xF3, 0xFB, 0x87, 0x00, 0x00, 0xC0, 0x00, 0x3C, 0x00, 0x07,
    0x00, 0x01, 0xC0, 0x00, 0x70, 0x00, 0x00, 0x01, 0xF8, 0x07, 0x7F, 0x00, 0xEE, 0xE0, 0x1F, 0xDC,
    0x03, 0xF3, 0x80, 0x70, 0x70, 0x0E, 0x0E, 0x01, 0xC1, 0xC0, 0x38, 0x38, 0x07, 0x07, 0x00, 0xE0,
    0xE0, 0x1C, 0x1C, 0x03, 0x83, 0x80, 0x70, 0x70, 0x0E, 0x0F, 0x01, 0xC0, 0xF0, 0xF0, 0x0F, 0xFE,
    0x00, 0xFF, 0x80, 0x03, 0x80, 0x00, 0x00, 0xC0, 0x00, 0xE0, 0x00, 0xF0, 0x00, 0x70, 0x00, 0x70,
    0x38, 0x00, 0x1D, 0x80, 0xEE, 0xE0, 0x7E, 0x70, 0x3F, 0x38, 0x1E, 0x1C, 0x0E, 0x0E, 0x07, 0x07,
    0x03, 0x83, 0x81, 0xC1, 0xC0, 0xE0, 0xE0, 0x70, 0x70, 0x78, 0x38, 0x7C, 0x1F, 0xFE, 0x07, 0xF7,
    0x00, 0xE0, 0x00, 0x0C, 0x00, 0x01, 0xC0, 0x00, 0x1C, 0x00, 0x03, 0xC0, 0x00, 0x38, 0x00, 0x00,
    0x01, 0xF8, 0x07, 0x7F, 0x00, 0xEE, 0xE0, 0x1F, 0xDC, 0x03, 0xF3, 0x80, 0x70, 0x70, 0x0E, 0x0E,
    0x01, 0xC1, 0xC0, 0x38, 0x38, 0x07, 0x07, 0x00, 0xE0, 0xE0, 0x1C, 0x1C, 0x03, 0x83, 0x80, 0x70,
    0x70, 0x0E, 0x0F, 0x01, 0xC0, 0xF0, 0xF0, 0x0F, 0xFE, 0x00, 0xFF, 0x80, 0x03, 0x80, 0x00, 0x0C,
    0x00, 0x0F, 0x00, 0x03, 0x80, 0x00, 0xE0, 0x00, 0x38, 0x38, 0x00, 0x1D, 0x80, 0xEE, 0xE0, 0x7E,
    0x70, 0x3F, 0x38, 0x1E, 0x1C, 0x0E, 0x0E, 0x07, 0x07, 0x03, 0x83, 0x81, 0xC1, 0xC0, 0xE0, 0xE0,
    0x70, 0x70, 0x78, 0x38, 0x7C, 0x1F, 0xFE, 0x07, 0xF7, 0x00, 0xE0, 0x00, 0x07, 0x80, 0x00, 0xF8,
    0x00, 0x03, 0x00, 0x00, 0xE0, 0x00, 0x38, 0x00, 0x06, 0x00, 0x00, 0x00, 0x3F, 0x00, 0xEF, 0xE0,
    0x1D, 0xDC, 0x03, 0xFB, 0x80, 0x7E, 0x70, 0x0E, 0x0E, 0x01, 0xC1, 0xC0, 0x38, 0x38, 0x07, 0x07,
    0x00, 0xE0, 0xE0, 0x1C, 0x1C, 0x03, 0x83, 0x80, 0x70, 0x70, 0x0E, 0x0E, 0x01, 0xC1, 0xE0, 0x38,
    0x1E, 0x1E, 0x01, 0xFF, 0xC0, 0x1F, 0xF0, 0x00, 0x70, 0x00, 0x07, 0x00, 0x03, 0xC0, 0x00, 0x70,
    0x00, 0x38, 0x00, 0x78, 0x00, 0x38, 0x1C, 0x08, 0x0E, 0xC0, 0x77, 0x70, 0x3F, 0x38, 0x1F, 0x9C,
    0x0F, 0x0E, 0x07, 0x07, 0x03, 0x83, 0x81, 0xC1, 0xC0, 0xE0, 0xE0, 0x70, 0x70, 0x38, 0x38, 0x3C,
    0x1C, 0x3E, 0x0F, 0xFF, 0x03, 0xFB, 0x80, 0x70, 0x00, 0x0C, 0x30, 0x03, 0xE6, 0x00, 0xFF, 0xC0,
    0x18, 0xF0, 0x00, 0x00, 0x0F, 0xC0, 0x3B, 0xF8, 0x07, 0x77, 0x00, 0xFE, 0xE0, 0x1F, 0x9C, 0x03,
    0x83, 0x80, 0x70, 0x70, 0x0E, 0x0E, 0x01, 0xC1, 0xC0, 0x38, 0x38, 0x07, 0x07, 0x00, 0xE0, 0xE0,
    0x1C, 0x1C, 0x03, 0x83, 0x80, 0x70, 0x78, 0x0E, 0x07, 0x87, 0x80, 0x7F, 0xF0, 0x07, 0xFC, 0x00,
    0x1C, 0x00, 0x0C, 0x20, 0x0F, 0xB8, 0x0F, 0xF8, 0x06, 0x38, 0x70, 0x00, 0x3B, 0x01, 0xDD, 0xC0,
    0xFC, 0xE0, 0x7E, 0x70, 0x3C, 0x38, 0x1C, 0x1C, 0x0E, 0x0E, 0x07, 0x07, 0x03, 0x83, 0x81, 0xC1,
    0xC0, 0xE0, 0xE0, 0xF0, 0x70, 0xF8, 0x3F, 0xFC, 0x0F, 0xEE, 0x01, 0xC0, 0x00, 0x00, 0x00, 0xFC,
    0x03, 0xBF, 0x80, 0x77, 0x70, 0x0F, 0xEE, 0x01, 0xF9, 0xC0, 0x38, 0x38, 0x07, 0x07, 0x00, 0xE0,
    0xE0, 0x1C, 0x1C, 0x03, 0x83, 0x80, 0x70, 0x70, 0x0E, 0x0E, 0x01, 0xC1, 0xC0, 0x38, 0x38, 0x07,
    0x07, 0x80, 0xE0, 0x78, 0x78, 0x07, 0xFF, 0x00, 0x7F, 0xC0, 0x01, 0xC0, 0x00, 0x30, 0x00, 0x07,
    0x00, 0x00, 0xE0, 0x00, 0x18, 0x00, 0x00, 0x03, 0x80, 0x01, 0xD8, 0x0E, 0xEE, 0x07, 0xE7, 0x03,
    0xF3, 0x81, 0xE1, 0xC0, 0xE0, 0xE0, 0x70, 0x70, 0x38, 0x38, 0x1C, 0x1C, 0x0E, 0x0E, 0x07, 0x07,
    0x07, 0x83, 0x87, 0xC1, 0xFF, 0xE0, 0x7F, 0x70, 0x0E, 0x00, 0x03, 0x00, 0x01, 0xC0, 0x00, 0xE0,
    0x00, 0x60, 0x00, 0x06, 0x00, 0x1E, 0x00, 0x1C, 0x00, 0x1C, 0x00, 0x18, 0x00, 0x00, 0x00, 0x00,
    0x78, 0x0F, 0x70, 0x1C, 0xF0, 0x78, 0xE0, 0xE1, 0xE3, 0xC1, 0xEF, 0x01, 0xDC, 0x03, 0xF8, 0x03,
    0xE0, 0x03, 0x80, 0x07, 0x00, 0x0E, 0x00, 0x1C, 0x00, 0x38, 0x00, 0x70, 0x00, 0xE0, 0x01, 0xC0,
    0x0C, 0x01, 0xE0, 0x0E, 0x00, 0x70, 0x03, 0x00, 0x00, 0x00, 0x00, 0x00, 0xE0, 0x7F, 0x07, 0x70,
    0x77, 0x0E, 0x78, 0xE3, 0x8E, 0x38, 0xC1, 0xDC, 0x1D, 0xC1, 0xF8, 0x0F, 0x80, 0xF8, 0x07, 0x00,
    0x70, 0x07, 0x09, 0xE0, 0xFC, 0x0F, 0x80, 0xE0, 0x1D, 0xE0, 0x39, 0xC0, 0xE3, 0xC1, 0xC3, 0x87,
    0x07, 0x9E, 0x07, 0x38, 0x07, 0xF0, 0x0F, 0xC0, 0x0F, 0x00, 0x1E, 0x00, 0x1C, 0x00, 0x38, 0x00,
    0x70, 0x00, 0xE0, 0x01, 0xC0, 0x03, 0x80, 0x07, 0x00, 0x00, 0x00, 0x18, 0x00, 0x78, 0x00, 0xF0,
    0x00, 0xC0, 0x00, 0xE0, 0x3F, 0x01, 0xF8, 0x1C, 0xE0, 0xE7, 0x07, 0x1C, 0x70, 0xE3, 0x87, 0x1C,
    0x1D, 0xC0, 0xEE, 0x03, 0xE0, 0x1F, 0x00, 0xF8, 0x03, 0x80, 0x1C, 0x01, 0xCC, 0x0E, 0xE0, 0xF7,
    0x3F, 0x19, 0xF0, 0x00, 0x07, 0x80, 0x0F, 0x80, 0x03, 0x00, 0x0E, 0x00, 0x38, 0x00, 0x60, 0x00,
    0x00, 0x70, 0x0E, 0xF0, 0x1C, 0xE0, 0x71, 0xE0, 0xE1, 0xC3, 0x83, 0xCF, 0x03, 0x9C, 0x03, 0xF8,
    0x07, 0xE0, 0x07, 0x80, 0x0F, 0x00, 0x0E, 0x00, 0x1C, 0x00, 0x38, 0x00, 0x70, 0x00, 0xE0, 0x01,
    0xC0, 0x03, 0x80, 0x0F, 0x00, 0x7C, 0x00, 0x60, 0x07, 0x00, 0x78, 0x03, 0x00, 0x08, 0x1C, 0x07,
    0xE0, 0x3F, 0x03, 0x9C, 0x1C, 0xE0, 0xE3, 0x8E, 0x1C, 0x70, 0xE3, 0x83, 0xB8, 0x1D, 0xC0, 0x7C,
    0x03, 0xE0, 0x1F, 0x00, 0x70, 0x03, 0x80, 0x38, 0x01, 0xC0, 0x1E, 0x07, 0xE0, 0x3E, 0x00, 0x0C,
    0x30, 0x3E, 0x60, 0xFF, 0x81, 0x8F, 0x00, 0x00, 0x1C, 0x03, 0xBC, 0x07, 0x38, 0x1C, 0x78, 0x38,
    0x70, 0xE0, 0xF3, 0xC0, 0xE7, 0x00, 0xFE, 0x01, 0xF8, 0x01, 0xE0, 0x03, 0xC0, 0x03, 0x80, 0x07,
    0x00, 0x0E, 0x00, 0x1C, 0x00, 0x38, 0x00, 0x70, 0x00, 0xE0, 0x00, 0x1C, 0x61, 0xFB, 0x0F, 0xF8,
    0xE7, 0x80, 0x00, 0x70, 0x1F, 0x80, 0xFC, 0x0E, 0x70, 0x73, 0x83, 0x8E, 0x38, 0x71, 0xC3, 0x8E,
    0x0E, 0xE0, 0x77, 0x01, 0xF0, 0x0F, 0x80, 0x7C, 0x01, 0xC0, 0x0E, 0x00, 0xE0, 0x07, 0x00, 0x78,
    0x1F, 0x80, 0xF8, 0x00, 0x00, 0x30, 0x77, 0xED, 0xDB, 0x30, 0x60, 0xC1, 0x83, 0x06, 0x0C, 0x18,
    0x30, 0x60, 0xC1, 0x83, 0x06, 0x0C, 0x18, 0x00, 0x00, 0x61, 0xC3, 0xF7, 0x66, 0xC1, 0x83, 0x06,
    0x0C, 0x18, 0x30, 0x60, 0xC1, 0x83, 0x06, 0x0C, 0x18, 0x30, 0x60, 0xC0, 0xFD, 0xFB, 0xF0, 0xFD,
    0xFB, 0xF0, 0xFF, 0xFF, 0xFF, 0xC0, 0x7F, 0xFD, 0xFF, 0xF0, 0x7F, 0xFF, 0xFF, 0xDF, 0xFF, 0xFF,
    0xF0, 0x7F, 0xFF, 0xFF, 0xDF, 0xFF, 0xFF, 0xF0, 0xC7, 0xC7, 0xC7, 0xC7, 0xC7, 0xC7, 0xC7, 0xC7,
    0xC7, 0xC7, 0xC7, 0xC7, 0xC7, 0xC7, 0xC7, 0xC7, 0xC7, 0xC7, 0xC7, 0xC7, 0xC7, 0xC7, 0xC7, 0xC7,
    0xC7, 0x00, 0x7F, 0xE7, 0xFF, 0x7F, 0xE0, 0x00, 0x7F, 0xF7, 0xFF, 0x33, 0x9D, 0xEE, 0x70, 0x7B,
    0xDC, 0xE7, 0x30, 0x7B, 0xDC, 0xE7, 0x30, 0xE7, 0x1C, 0xE7, 0x18, 0xC0, 0x33, 0xB9, 0xDD, 0xDE,
    0xEE, 0x77, 0x38, 0x7B, 0xBD, 0xDC, 0xEE, 0x77, 0x73, 0x38, 0x7B, 0xBD, 0xDC, 0xEE, 0x77, 0x73,
    0x38, 0xE7, 0x73, 0x9D, 0xCE, 0xE7, 0x39, 0x9C, 0xC6, 0x06, 0x00, 0xC0, 0x18, 0x03, 0x00, 0x60,
    0xFF, 0xDF, 0xF8, 0x30, 0x06, 0x00, 0xC0, 0x18, 0x03, 0x00, 0x60, 0x0C, 0x01, 0x80, 0x30, 0x06,
    0x00, 0xC0, 0x18, 0x03, 0x00, 0x60, 0x06, 0x00, 0xC0, 0x18, 0x03, 0x00, 0x60, 0xFF, 0xDF, 0xF8,
    0x30, 0x06, 0x00, 0xC0, 0x18, 0x03, 0x07, 0xFE, 0xFF, 0xC1, 0x80, 0x30, 0x06, 0x00, 0xC0, 0x18,
    0x03, 0x00, 0x60, 0x7D, 0xFF, 0xFF, 0xFF, 0xEF, 0x80, 0xC0, 0xF0, 0xFC, 0xFE, 0xFC, 0xF8, 0xE0,
    0x00, 0x07, 0xFF, 0x60, 0x00, 0x0E, 0x3F, 0xC7, 0xB8, 0xF6, 0x0C, 0xF0, 0x70, 0x77, 0x87, 0x83,
    0xFC, 0x1C, 0x1C, 0x07, 0xF7, 0x60, 0x01, 0xFF, 0x06, 0x0C, 0x18, 0x30, 0x60, 0xC1, 0x83, 0x06,
    0x0C, 0x18, 0x30, 0x60, 0xC1, 0x83, 0x06, 0x00, 0x01, 0xFC, 0x18, 0x30, 0x60, 0xC1, 0x83, 0x06,
    0x0C, 0x18, 0x30, 0x60, 0xC1, 0x83, 0x06, 0x0C, 0x18, 0x30, 0xFF, 0xFF, 0xFF, 0xFF, 0xF3, 0x0C,
    0x30, 0xC3, 0x0C, 0x30, 0xC3, 0x0C, 0x30, 0xC3, 0x0C, 0x30, 0xC0, 0xFF, 0xF8, 0x20, 0x83, 0xF3,
    0x0C, 0x30, 0xC3, 0x0C, 0x30, 0xC3, 0x0C, 0x30, 0xC3, 0x0C, 0x30, 0xC0, 0xFF, 0xF0, 0x41, 0x07,
    0xF3, 0x0C, 0x30, 0xC3, 0x0C, 0x30, 0xC3, 0x0C, 0x30, 0xC3, 0x0C, 0x30, 0xC0, 0x3E, 0x07, 0x00,
    0x03, 0xF8, 0x70, 0x00, 0x3D, 0xC3, 0x80, 0x01, 0xC6, 0x38, 0x00, 0x0E, 0x3B, 0xC0, 0x00, 0x71,
    0xDC, 0x00, 0x03, 0x8D, 0xC0, 0x00, 0x1E, 0xEE, 0xF8, 0x7C, 0x7F, 0xEF, 0xE7, 0xF1, 0xF7, 0xF7,
    0x3B, 0x80, 0x77, 0x1B, 0x8E, 0x07, 0xB8, 0xFC, 0x70, 0x39, 0xC7, 0xE3, 0x83, 0x8E, 0x37, 0x1C,
    0x1C, 0x7B, 0x9D, 0xC1, 0xC1, 0xFC, 0xFE, 0x0E, 0x07, 0xC3, 0xE0, 0x00, 0x00, 0x00, 0x00, 0x03,
    0xE0, 0x38, 0x00, 0x00, 0x1F, 0x83, 0x80, 0x00, 0x01, 0xCE, 0x1C, 0x00, 0x00, 0x0E, 0x71, 0xC0,
    0x00, 0x00, 0x63, 0x8C, 0x00, 0x00, 0x03, 0x1C, 0xE0, 0x00, 0x00, 0x18, 0xE6, 0x00, 0x00, 0x00,
    0xE7, 0x77, 0xC7, 0xC3, 0xE7, 0x3B, 0x7E, 0x3F, 0x3F, 0x9F, 0xBF, 0x3B, 0x9D, 0xDC, 0xFB, 0xB9,
    0xDC, 0xEC, 0x70, 0x1D, 0xC6, 0xC7, 0x63, 0x81, 0xCE, 0x36, 0x3F, 0x1C, 0x0C, 0x71, 0xB1, 0xD8,
    0xE0, 0xE3, 0x9D, 0xCE, 0xC7, 0x06, 0x1C, 0xEE, 0x77, 0x30, 0x70, 0x7F, 0x3F, 0x3F, 0x83, 0x03,
    0xF1, 0xF8, 0xF8, 0x00, 0x06, 0x03, 0x01, 0x80, 0x0E, 0x38, 0x61, 0xC3, 0x0E, 0x18, 0x00, 0x0E,
    0xE3, 0x98, 0x67, 0x1C, 0xC3, 0x38, 0xE6, 0x19, 0x80, 0x0E, 0xEE, 0x1C, 0xCE, 0x19, 0xDC, 0x39,
    0x9C, 0x33, 0xB8, 0x73, 0x30, 0x66, 0x30, 0xE1, 0xC7, 0x0E, 0x18, 0x70, 0xC0, 0xEE, 0x1D, 0xC7,
    0x70, 0xEE, 0x19, 0x87, 0x70, 0xCC, 0xEE, 0xE1, 0xDD, 0xC7, 0x73, 0x0E, 0xEE, 0x19, 0x98, 0x77,
    0x70, 0xCC, 0xC0, 0x00, 0x03, 0x01, 0xE0, 0x78, 0x3F, 0x0C, 0xC7, 0x39, 0x86, 0xE1, 0xC0, 0x0C,
    0x38, 0xF1, 0xC7, 0x8E, 0x1E, 0x1C, 0x3C, 0x38, 0x30, 0xC3, 0x87, 0x1E, 0x38, 0xF3, 0x9E, 0x73,
    0x8C, 0x00, 0x00, 0x00, 0x0C, 0x1C, 0x1B, 0xC3, 0x87, 0x3C, 0x71, 0xE3, 0xC0, 0x78, 0x3C, 0x1E,
    0x03, 0xC7, 0x80, 0x3D, 0xE0, 0x43, 0xF8, 0x5C, 0x3E, 0x1F, 0x87, 0xC3, 0xF1, 0xFC, 0x70, 0x7B,
    0x80, 0x1E, 0x38, 0x07, 0x83, 0x81, 0xE0, 0x38, 0x78, 0xE3, 0x8E, 0x1C, 0x39, 0x83, 0x83, 0x00,
    0x60, 0x00, 0x73, 0xDC, 0xF7, 0x1D, 0xC7, 0x71, 0xDC, 0x77, 0x1D, 0xC6, 0x71, 0x9C, 0x67, 0x19,
    0xC6, 0x61, 0x80, 0x00, 0x01, 0xCF, 0xF3, 0xDC, 0xF6, 0x18, 0x00, 0x0F, 0xF3, 0xFF, 0x2E, 0xE1,
    0xCE, 0x39, 0xC7, 0x38, 0xEE, 0x1F, 0xC3, 0xF0, 0x78, 0x0E, 0x01, 0xC0, 0x38, 0x00, 0x00, 0x00,
    0x1C, 0x03, 0x80, 0x70, 0x04, 0x00, 0x7F, 0xFD, 0xFF, 0xF0, 0x00, 0x01, 0x80, 0x0D, 0x80, 0x31,
    0xC0, 0xE1, 0xFF, 0x81, 0xFC, 0x00, 0x0F, 0xE0, 0x3F, 0xE0, 0xE0, 0xE3, 0x00, 0x6E, 0x00, 0x68,
    0x00, 0x80, 0x00, 0x00, 0xC0, 0xE0, 0x60, 0x70, 0x30, 0x18, 0x18, 0x0C, 0x0E, 0x07, 0x07, 0x83,
    0x61, 0xB1, 0x9C, 0xC6, 0xE3, 0x80, 0x00, 0x0E, 0x00, 0x00, 0x00, 0x60, 0x00, 0x00, 0x06, 0x00,
    0x00, 0x0C, 0x63, 0x00, 0x00, 0xFF, 0xF0, 0x00, 0x0F, 0xFF, 0x00, 0x00, 0x0F, 0x00, 0x00, 0x01,
    0xF8, 0x00, 0x00, 0x1F, 0x80, 0x00, 0x03, 0x9C, 0x00, 0x00, 0x39, 0xC0, 0x00, 0x70, 0x00, 0xE0,
    0x07, 0x00, 0x0E, 0x00, 0x70, 0x00, 0xE0, 0x06, 0x10, 0x8E, 0x0F, 0xEF, 0x0F, 0xFF, 0xFF, 0xF0,
    0xFF, 0xF7, 0xFE, 0x07, 0xFC, 0x0F, 0x80, 0x1F, 0x01, 0xF8, 0x03, 0xB8, 0x3D, 0xC0, 0x3B, 0xC3,
    0x9E, 0x07, 0x9C, 0x18, 0x80, 0x11, 0x80, 0xFD, 0xFB, 0xF0, 0x00, 0x38, 0x03, 0x80, 0x1C, 0x01,
    0xC0, 0x0E, 0x00, 0xE0, 0x0E, 0x00, 0x70, 0x07, 0x00, 0x38, 0x03, 0x80, 0x1C, 0x01, 0xC0, 0x1C,
    0x00, 0xE0, 0x0E, 0x00, 0x70, 0x00, 0x7E, 0xFD, 0x83, 0x06, 0x0C, 0x18, 0x30, 0x60, 0xC1, 0xFB,
    0xF6, 0x0C, 0x18, 0x30, 0x60, 0xC1, 0x83, 0x07, 0xEF, 0xC0, 0xFF, 0xFC, 0x38, 0x70, 0xE1, 0xC3,
    0x87, 0x0E, 0x1F, 0xFF, 0xF0, 0xE1, 0xC3, 0x87, 0x0E, 0x1C, 0x38, 0x7F, 0xFF, 0xC0, 0x00, 0x00,
    0x03, 0xFC, 0xFF, 0x3F, 0xF7, 0xFC, 0xC3, 0xB8, 0xF0, 0x0E, 0x03, 0x80, 0x70, 0x1C, 0x03, 0x00,
    0xE0, 0x38, 0x0F, 0x03, 0x80, 0xF0, 0x38, 0x0F, 0x03, 0x80, 0xF0, 0x38, 0x07, 0x01, 0xC0, 0x30,
    0x0E, 0x01, 0x80, 0x00, 0x00, 0x00, 0x00, 0x00, 0x1C, 0x07, 0x80, 0xE0, 0x3C, 0x07, 0x01, 0xE0,
    0x10, 0x06, 0x00, 0x00, 0x00, 0x7F, 0x8E, 0xFF, 0xCE, 0x61, 0xCE, 0x00, 0xEE, 0x00, 0xEE, 0x00,
    0xCE, 0x01, 0xCE, 0x03, 0x8E, 0x07, 0x0E, 0x0E, 0x0E, 0x1C, 0x0E, 0x1C, 0x0E, 0x1C, 0x06, 0x00,
    0x00, 0x00, 0x00, 0x1C, 0x0E, 0x1C, 0x0F, 0x1C, 0x0E, 0x08, 0x04, 0x00, 0x00, 0x73, 0xFC, 0x77,
    0xFE, 0x73, 0x0E, 0x70, 0x07, 0x70, 0x07, 0x70, 0x07, 0x70, 0x0E, 0x70, 0x1E, 0x70, 0x3C, 0x70,
    0x70, 0x70, 0x60, 0x70, 0xE0, 0x60, 0xE0, 0x00, 0x00, 0x00, 0x00, 0x70, 0xE0, 0xF0, 0xF0, 0x70,
    0xE0, 0x60, 0x60, 0x7F, 0xFB, 0xFF, 0xDF, 0xFE, 0x00, 0xE0, 0x07, 0x00, 0x70, 0x03, 0x80, 0x38,
    0x03, 0x80, 0x1C, 0x01, 0xC0, 0x1E, 0x00, 0xE0, 0x0E, 0x00, 0xFF, 0xE7, 0xFF, 0xB3, 0xFD, 0x9F,
    0xFC, 0xFF, 0xE7, 0xFF, 0x3F, 0xF9, 0xFF, 0xCF, 0xFE, 0x7F, 0xF3, 0xFD, 0x9F, 0xCC, 0xFC, 0x66,
    0x03, 0x30, 0x19, 0x80, 0xCC, 0x06, 0x60, 0x33, 0x01, 0x98, 0x0C, 0xC0, 0x66, 0x01, 0x10, 0x00,
    0x0F, 0xF9, 0xFF, 0xDF, 0xFE, 0xFF, 0x3F, 0xF9, 0xFF, 0xCF, 0xFE, 0x7F, 0xF3, 0xFF, 0x9F, 0xFC,
    0xDF, 0xE6, 0xFF, 0xF3, 0xFF, 0x80, 0x00, 0xFF, 0x87, 0xFF, 0x3F, 0xFD, 0x9F, 0xEC, 0xFF, 0xE7,
    0xFF, 0x3F, 0xF9, 0xFF, 0xCF, 0xFE, 0x7F, 0xF3, 0xFD, 0xFF, 0xEF, 0xFE, 0x00, 0x00, 0x0E, 0x00,
    0xE0, 0x0E, 0x0C, 0x63, 0xFF, 0xFF, 0xFF, 0x0F, 0x01, 0xF8, 0x3B, 0x83, 0x9C, 0x39, 0xC0, 0x00,
    0xE7, 0xBD, 0xC0, 0x00, 0x00, 0x00, 0x01, 0xCF, 0x39, 0xCE, 0x30, 0x80, 0x0F, 0xE0, 0x3F, 0xE0,
    0xE0, 0xE3, 0x00, 0x6E, 0x00, 0x68, 0x00, 0x80, 0x00, 0x00, 0x00, 0x00, 0x00, 0x00, 0x00, 0x00,
    0x00, 0x00, 0x00, 0x00, 0x00, 0x00, 0x00, 0x00, 0x00, 0x00, 0x00, 0x00, 0x00, 0x00, 0x00, 0x00,
    0x00, 0x00, 0x00, 0x18, 0x00, 0xD8, 0x03, 0x1C, 0x0E, 0x1F, 0xF8, 0x1F, 0xC0, 0x0E, 0x00, 0xE0,
    0x0E, 0x0C, 0x63, 0xFF, 0xFF, 0xFF, 0x0F, 0x01, 0xF8, 0x3B, 0x83, 0x9C, 0x39, 0xC0, 0x00, 0x00,
    0x00, 0xE0, 0x0E, 0x00, 0xE0, 0xC6, 0x3F, 0xFF, 0xFF, 0xF0, 0xF0, 0x1F, 0x83, 0xB8, 0x39, 0xC3,
    0x9C, 0x00, 0x00, 0x00, 0x38, 0x6E, 0x3B, 0x8E, 0x07, 0x01, 0xC0, 0x60, 0x38, 0x0E, 0x03, 0x01,
    0xC0, 0x60, 0x38, 0x0E, 0x03, 0x01, 0xC0, 0x63, 0xB8, 0xEE, 0x38, 0x04, 0x0F, 0x00, 0x04, 0x7F,
    0xE0, 0x19, 0xFF, 0xFC, 0xF3, 0x01, 0xFF, 0xC6, 0x00, 0x3F, 0x00, 0x07, 0xC0, 0x3F, 0xE0, 0xF0,
    0xE3, 0x80, 0xE6, 0x00, 0xE8, 0x00, 0xC0, 0x03, 0x00, 0x0C, 0x03, 0x33, 0x0E, 0xDC, 0x1F, 0xE0,
    0x3F, 0x0F, 0xFF, 0xFF, 0xFF, 0x0F, 0xC0, 0x7F, 0x83, 0xB7, 0x0C, 0xCC, 0x03, 0x00, 0x00, 0x00,
    0x00, 0x40, 0x1C, 0x07, 0x80, 0x70, 0x00, 0x00, 0x00, 0x00, 0x00, 0x60, 0x1C, 0x03, 0xC0, 0x70,
    0x00, 0x00, 0x00, 0x00, 0x00, 0x00, 0x00, 0xC0, 0x3C, 0x07, 0x80, 0x60, 0x0E, 0xEE, 0xE1, 0xDC,
    0xEE, 0x19, 0xDD, 0xC3, 0xB9, 0x9C, 0x33, 0x3B, 0x87, 0x73, 0x30, 0x66, 0x63, 0x00, 0x00, 0x40,
    0x00, 0x3C, 0x00, 0x07, 0x80, 0x00, 0x70, 0x00, 0x00, 0x00, 0x00, 0x00, 0x00, 0x00, 0x00, 0x00,
    0x00, 0x60, 0x00, 0xDC, 0x00, 0x3B, 0xC0, 0x07, 0xF0, 0x00, 0xE0, 0x00, 0x00, 0x00, 0x00, 0x00,
    0x00, 0x00, 0x00, 0x00, 0x00, 0xC0, 0x00, 0x3C, 0x00, 0x07, 0x80, 0x00, 0x60, 0x00, 0x40, 0x00,
    0x9C, 0x00, 0x3F, 0xC0, 0x07, 0xF0, 0x00, 0x60, 0x00, 0x00, 0x00, 0x00, 0x00, 0x00, 0x00, 0x00,
    0x00, 0x00, 0xC0, 0x00, 0x3C, 0x00, 0x07, 0x80, 0x00, 0x60, 0x00, 0x00, 0x00, 0x00, 0x00, 0x00,
    0x00, 0x00, 0x00, 0x00, 0xE0, 0x01, 0xDE, 0x00, 0x3B, 0x80, 0x07, 0x30, 0x00, 0x60, 0x0E, 0xFE,
    0x00, 0x00, 0x00, 0x00, 0x00, 0x00, 0xEF, 0xE4, 0x03, 0x00, 0x0F, 0x00, 0x1E, 0x00, 0x18, 0x00,
    0x00, 0x00, 0x00, 0x00, 0x00, 0x00, 0x00, 0xE0, 0x1D, 0xE0, 0x3B, 0x80, 0x73, 0x00, 0x60, 0x00,
    0x00, 0x00, 0x00, 0x00, 0x00, 0x00, 0x03, 0x80, 0x0F, 0x00, 0x1E, 0x00, 0x18, 0x00, 0x00, 0x60,
    0x00, 0x0C, 0x00, 0x21, 0x84, 0x0E, 0x31, 0xC1, 0xC6, 0x38, 0x38, 0xC7, 0x00, 0x18, 0x00, 0x03,
    0x00, 0x00, 0x60, 0x0F, 0xFF, 0xFD, 0xFF, 0xFF, 0x80, 0x30, 0x00, 0x06, 0x00, 0x00, 0xC0, 0x07,
    0x18, 0xE0, 0xE3, 0x1C, 0x1C, 0x63, 0x83, 0x0C, 0x60, 0x01, 0x80, 0x00, 0x30, 0x00, 0x67, 0xF7,
    0x00, 0x02, 0x7F, 0x72, 0x00, 0x07, 0xF7, 0x60, 0x07, 0xF7, 0x20, 0x7F, 0x72, 0x07, 0xF7, 0x20,
    0x7F, 0x76, 0xFF, 0xF3, 0x0C, 0x33, 0xF3, 0x0C, 0x30, 0xC3, 0x0C, 0x30, 0xC3, 0x0C, 0x30, 0xC3,
    0x0C, 0x30, 0xC0, 0xFF, 0xF8, 0x61, 0x87, 0xF3, 0x0C, 0x30, 0xC3, 0x0C, 0x30, 0xC3, 0x0C, 0x30,
    0xC3, 0x0C, 0x30, 0xC0, 0xFF, 0xF7, 0x9E, 0x30, 0xC3, 0x0C, 0x30, 0xC3, 0x0C, 0x30, 0xC3, 0x0C,
    0x30, 0xC3, 0x0C, 0x30, 0xC0, 0x00, 0xC3, 0x1E, 0x7B, 0xF3, 0x0C, 0x30, 0xC3, 0x0C, 0x30, 0xC3,
    0x0C, 0x30, 0xC3, 0x0C, 0x30, 0xC0, 0x00, 0xC7, 0xB3, 0x78, 0xC3, 0x0C, 0x30, 0xC3, 0x0C, 0x30,
    0xC3, 0x0C, 0x30, 0xC3, 0x0C, 0x30, 0xC0, 0xE3, 0xC3, 0x0C, 0x33, 0xF3, 0x0C, 0x30, 0xC3, 0x0C,
    0x30, 0xC3, 0x0C, 0x30, 0xC3, 0x0C, 0x30, 0xC0, 0x3E, 0x3F, 0x9D, 0xDC, 0x6E, 0x3F, 0x1F, 0x8C,
    0xEE, 0x7F, 0x1F, 0x00, 0x3F, 0xFF, 0xFF, 0x07, 0x07, 0x87, 0xC7, 0xE7, 0x73, 0x3B, 0xFF, 0xFF,
    0x07, 0x03, 0x80, 0x7E, 0xFD, 0x87, 0xEF, 0xE3, 0xC1, 0xE7, 0xFF, 0xF8, 0x0F, 0x1F, 0x9F, 0x0F,
    0xC7, 0xF3, 0xB9, 0x8E, 0xEE, 0x7F, 0x1F, 0x00, 0x7F, 0x3F, 0x81, 0xC1, 0xC0, 0xE0, 0xE0, 0x70,
    0x30, 0x38, 0x1C, 0x00, 0x3E, 0x3F, 0x9D, 0xCE, 0xE7, 0xE3, 0xF9, 0x8D, 0xEE, 0x7F, 0x1F, 0x00,
    0x3E, 0x3F, 0x9D, 0xDC, 0x67, 0xF1, 0xF8, 0x1C, 0x3E, 0x7E, 0x3C, 0x00, 0x18, 0x18, 0x18, 0x7F,
    0x7F, 0x18, 0x18, 0x18, 0x7F, 0x7F, 0x7F, 0x7F, 0x7E, 0xFF, 0x7E, 0x39, 0x98, 0xCE, 0x73, 0x18,
    0xE7, 0x18, 0xC3, 0x1C, 0xC3, 0x1C, 0x63, 0x18, 0xC6, 0x31, 0x8C, 0xE6, 0x60, 0x9C, 0xFF, 0xE3,
    0xC3, 0xC3, 0xC3, 0xC3, 0xC3, 0xC3, 0x3E, 0x3F, 0x9D, 0xDC, 0x6E, 0x3F, 0x1F, 0x8C, 0xEE, 0x7F,
    0x1F, 0x00, 0x3B, 0xFF, 0xF1, 0x8C, 0x63, 0x18, 0xC0, 0x7E, 0x7F, 0x67, 0x07, 0x0E, 0x1C, 0x38,
    0x70, 0x7F, 0x7F, 0x7E, 0x7E, 0x6F, 0x3E, 0x3E, 0x0F, 0x07, 0x67, 0x7F, 0x7E, 0x07, 0x07, 0x87,
    0xC7, 0xE7, 0x73, 0x3B, 0xFF, 0xFF, 0x07, 0x03, 0x80, 0x7E, 0xFD, 0x87, 0xEF, 0xE3, 0xC1, 0xE7,
    0xFF, 0xF8, 0x0F, 0x1F, 0x9F, 0x0F, 0xC7, 0xF3, 0xB9, 0x8E, 0xEE, 0x7F, 0x1F, 0x00, 0x7F, 0x3F,
    0x81, 0xC1, 0xC0, 0xE0, 0xE0, 0x70, 0x30, 0x38, 0x1C, 0x00, 0x3E, 0x3F, 0x9D, 0xCE, 0xE7, 0xE3,
    0xF9, 0x8D, 0xEE, 0x7F, 0x1F, 0x00, 0x3E, 0x3F, 0x9D, 0xDC, 0x67, 0xF1, 0xF8, 0x1C, 0x3E, 0x7E,
    0x3C, 0x00, 0x18, 0x18, 0x18, 0x7F, 0x7F, 0x18, 0x18, 0x18, 0x7F, 0x7F, 0x7F, 0x7F, 0x7E, 0xFF,
    0x7E, 0x39, 0x98, 0xCE, 0x73, 0x18, 0xE7, 0x18, 0xC3, 0x1C, 0xC3, 0x1C, 0x63, 0x18, 0xC6, 0x31,
    0x8C, 0xE6, 0x60, 0x3E, 0x3F, 0x03, 0x1F, 0x7F, 0xE3, 0xE3, 0x7F, 0x39, 0x3E, 0x3F, 0x98, 0xEF,
    0xF7, 0xFB, 0x01, 0x80, 0x7E, 0x1F, 0x00, 0x3E, 0x3F, 0x98, 0x6C, 0x36, 0x1B, 0x0D, 0x8E, 0x7E,
    0x1E, 0x00, 0xE3, 0x33, 0x8D, 0x87, 0x81, 0xC1, 0xF1, 0xD8, 0xC6, 0xC3, 0x00, 0x7E, 0x3F, 0x80,
    0xC0, 0x7F, 0xFF, 0xFD, 0x8C, 0xFE, 0x1C, 0x00, 0xC0, 0xC0, 0xC0, 0xFE, 0xFF, 0xE3, 0xC3, 0xC3,
    0xC3, 0xC3, 0xC3, 0xC3, 0xC0, 0xC0, 0xC0, 0xC6, 0xCE, 0xDC, 0xF8, 0xF8, 0xDC, 0xCC, 0xC6, 0xC7,
    0xFF, 0xFF, 0xFF, 0xFE, 0xF7, 0xFF, 0xF1, 0xC7, 0x86, 0x3C, 0x31, 0xE1, 0x8F, 0x0C, 0x78, 0x63,
    0xC3, 0x18, 0xFE, 0xFF, 0xE3, 0xC3, 0xC3, 0xC3, 0xC3, 0xC3, 0xC3, 0xFE, 0x7F, 0xB8, 0xD8, 0x6C,
    0x36, 0x1B, 0x8D, 0xFE, 0xDC, 0x60, 0x30, 0x18, 0x00, 0x3E, 0x7E, 0xE0, 0x78, 0x3E, 0x0E, 0x06,
    0xFE, 0x7C, 0x21, 0x8F, 0xFF, 0x61, 0x86, 0x18, 0x61, 0xF3, 0xC0, 0x00, 0x00, 0x7F, 0x03, 0xFC,
    0x1E, 0x00, 0x70, 0x01, 0xC0, 0x06, 0x1F, 0xD8, 0xFF, 0x73, 0xF9, 0xCE, 0x07, 0x38, 0x0F, 0xFE,
    0x1F, 0xF8, 0x1F, 0xE0, 0x38, 0x00, 0xE0, 0x03, 0x80, 0x0F, 0xF0, 0x3F, 0xC0, 0x03, 0x30, 0x1B,
    0x83, 0xFC, 0x3F, 0xF3, 0xF7, 0xBF, 0x31, 0xDB, 0x9C, 0xDC, 0xEE, 0xC7, 0x66, 0x3B, 0x31, 0xDB,
    0x8E, 0xDC, 0x7E, 0xC1, 0xE6, 0x0F, 0xB2, 0x3F, 0xF8, 0xFF, 0x8E, 0xF0, 0x66, 0x03, 0x30, 0x00,
    0x00, 0x00, 0x7F, 0x87, 0xFE, 0x78, 0x67, 0x80, 0x38, 0x03, 0xC0, 0x1C, 0x00, 0xE7, 0xF7, 0x3F,
    0xB9, 0xE1, 0xCF, 0x0E, 0x70, 0x73, 0x81, 0xDC, 0x0E, 0xE0, 0x3F, 0x11, 0xFF, 0x87, 0xFC, 0x07,
    0x80, 0x3F, 0xF3, 0xFF, 0x3F, 0xE3, 0x80, 0x38, 0x03, 0x80, 0x38, 0x03, 0x80, 0x3F, 0xF3, 0xFF,
    0x3F, 0xF3, 0x80, 0x38, 0x0F, 0xF8, 0xFF, 0x83, 0x80, 0x38, 0x03, 0x80, 0x00, 0x00, 0x1F, 0xE0,
    0xFF, 0x87, 0x84, 0x1C, 0x00, 0x70, 0x01, 0xC0, 0x07, 0x00, 0x7F, 0xE1, 0xFF, 0x81, 0xC0, 0x1F,
    0xF8, 0x7F, 0xE1, 0xFF, 0x81, 0xC0, 0x07, 0x00, 0x38, 0x03, 0xFF, 0xFF, 0xFF, 0xC0, 0x00, 0x0C,
    0x00, 0x00, 0xC0, 0x00, 0x1C, 0x0C, 0xF9, 0xF8, 0xFF, 0xFF, 0xEF, 0xFF, 0xFE, 0xF0, 0xF0, 0xFE,
    0x0E, 0x07, 0xE0, 0xE0, 0x7E, 0x0E, 0x07, 0xE1, 0xE0, 0x7E, 0x1E, 0x07, 0xE3, 0xE0, 0x7E, 0x3E,
    0x07, 0xE3, 0xE0, 0x7E, 0x7E, 0x07, 0xE6, 0xE0, 0x70, 0xE0, 0x00, 0x0C, 0x00, 0x01, 0xC0, 0x00,
    0x38, 0x30, 0x78, 0x60, 0xF0, 0xC1, 0xE1, 0x83, 0xE3, 0x07, 0xC6, 0x3F, 0xFF, 0x7F, 0xFE, 0x33,
    0x30, 0x77, 0x63, 0xFF, 0xF7, 0xFF, 0xE3, 0x9F, 0x07, 0x3E, 0x0E, 0x3C, 0x1C, 0x78, 0x38, 0x70,
    0x70, 0xE0, 0x7F, 0x00, 0x1F, 0xF0, 0x07, 0x7C, 0x01, 0x87, 0x80, 0x60, 0xE0, 0x18, 0x39, 0x86,
    0x0E, 0xE1, 0x87, 0xFE, 0x63, 0xFF, 0xDF, 0xEF, 0xE7, 0xF0, 0xE1, 0x80, 0x38, 0x60, 0x0E, 0x18,
    0x03, 0x86, 0x00, 0xE1, 0x80, 0x38, 0x60, 0x0F, 0xD8, 0x01, 0xF0, 0x00, 0x38, 0xFE, 0x00, 0x3F,
    0xC0, 0x0E, 0x78, 0x03, 0x8E, 0x00, 0xE3, 0x8F, 0xB8, 0x67, 0xFE, 0x3B, 0xFF, 0x8E, 0xE0, 0xFF,
    0xB8, 0x3F, 0xCF, 0x0F, 0xE1, 0xF3, 0xBC, 0x3E, 0xE7, 0x03, 0xF9, 0xC0, 0x7E, 0x38, 0x1F, 0x8E,
    0x87, 0xE1, 0xFF, 0xF8, 0x7F, 0xE0, 0x00, 0xE0, 0xE1, 0xC3, 0xF0, 0xE1, 0xB8, 0xF0, 0xCC, 0x7C,
    0xE7, 0x3E, 0x73, 0x9B, 0x39, 0xCD, 0x9C, 0xE6, 0xCC, 0xFF, 0xFF, 0xFF, 0xFF, 0xCD, 0xDF, 0x87,
    0xC7, 0xC3, 0xE3, 0xE1, 0xF1, 0xE0, 0x78, 0xF0, 0x3C, 0x78, 0x1C, 0x3C, 0x0E, 0x0E, 0x00, 0xFF,
    0x83, 0xFF, 0xC3, 0xE1, 0xE3, 0xE0, 0xE3, 0xE6, 0x73, 0xEE, 0x73, 0xEE, 0x73, 0xEE, 0x73, 0xEE,
    0x73, 0xEE, 0x73, 0xEE, 0x73, 0xEE, 0x73, 0xEE, 0x73, 0xEE, 0x67, 0xEE, 0x07, 0xEE, 0x0F, 0xEF,
    0xFE, 0xEF, 0xFC, 0x00, 0x38, 0x00, 0x70, 0x3F, 0xF0, 0x7F, 0xF0, 0x03, 0x81, 0xE7, 0x0F, 0xFE,
    0x3F, 0xFC, 0x70, 0x79, 0xE0, 0xF3, 0x80, 0xE7, 0x01, 0xCE, 0x03, 0x9C, 0x07, 0x38, 0x0E, 0x78,
    0x3C, 0x70, 0xF8, 0xFF, 0xF0, 0xFE, 0xE0, 0x30, 0x00, 0x00, 0x07, 0xFF, 0x0F, 0xFE, 0x00, 0x07,
    0xF8, 0x7F, 0x87, 0xCC, 0x38, 0x03, 0x80, 0x7F, 0xF3, 0xFF, 0x87, 0x00, 0x38, 0x07, 0xFE, 0x3F,
    0xF0, 0x70, 0x03, 0xC0, 0x0E, 0x00, 0x7C, 0x61, 0xFF, 0x07, 0xF8, 0x38, 0x1C, 0x70, 0x70, 0xE1,
    0xE1, 0xC7, 0x83, 0x8E, 0x07, 0x38, 0x0E, 0xE0, 0x1F, 0xC0, 0xFF, 0xF9, 0xFF, 0xF0, 0xFE, 0x01,
    0xCE, 0x03, 0x8E, 0x07, 0x1E, 0x0E, 0x1C, 0x1C, 0x1C, 0x38, 0x3C, 0x70, 0x38, 0xFF, 0xFF, 0xFF,
    0xC1, 0xC0, 0x0E, 0x00, 0x70, 0x03, 0xF0, 0x1F, 0x83, 0xF0, 0x7F, 0x03, 0xF8, 0x01, 0xF8, 0x0F,
    0xC1, 0xF8, 0x3F, 0x81, 0xFC, 0x00, 0xE0, 0x07, 0x00, 0x00, 0x00, 0x00, 0x7F, 0xC0, 0x00, 0xFF,
    0xF0, 0x00, 0x60, 0xF8, 0x00, 0x0E, 0x38, 0x00, 0x0E, 0x1C, 0x00, 0x1C, 0x1C, 0x00, 0x1C, 0x1C,
    0x00, 0x1C, 0x1C, 0x00, 0x1C, 0x1C, 0x00, 0x18, 0x1C, 0x38, 0x38, 0x1C, 0xFE, 0x38, 0x1D, 0xFE,
    0x38, 0x39, 0xC7, 0x38, 0x7B, 0x87, 0x30, 0xF3, 0x87, 0x73, 0xE3, 0x8E, 0x7F, 0xC3, 0xFE, 0x7F,
    0x03, 0xFC, 0x00, 0x07, 0x30, 0x00, 0x07, 0x00, 0x00, 0x07, 0x00, 0x00, 0x07, 0x00, 0x00, 0x06,
    0x00, 0x00, 0x0E, 0x00, 0x00, 0x00, 0x0F, 0x80, 0xFE, 0x07, 0x70, 0x33, 0x81, 0x9C, 0x0E, 0xE0,
    0x77, 0x03, 0xB0, 0x1F, 0x80, 0x7C, 0x03, 0xC1, 0x1E, 0x0C, 0xF0, 0xEF, 0x87, 0xFE, 0x7F, 0x73,
    0xF1, 0xF9, 0x8E, 0x00, 0x70, 0x03, 0x80, 0x1C, 0x00, 0xE0, 0x3F, 0x01, 0xF0, 0x3F, 0xC0, 0x7F,
    0xC0, 0xE7, 0xC7, 0xFF, 0xEF, 0xFF, 0xC7, 0x07, 0x0E, 0x0E, 0x7F, 0xFE, 0xFF, 0xFC, 0x71, 0xE0,
    0xFF, 0x81, 0xFE, 0x03, 0xE0, 0x07, 0x00, 0x0E, 0x00, 0x1C, 0x00, 0x38, 0x00, 0x70, 0x00, 0x00,
    0xC0, 0x07, 0xFE, 0x1F, 0xFE, 0x3F, 0xCE, 0x3C, 0xC0, 0x78, 0xC0, 0x70, 0xC0, 0xF0, 0xC0, 0xE0,
    0xC0, 0xE0, 0xFF, 0xE0, 0xFF, 0xE0, 0xFF, 0xF0, 0xC7, 0x70, 0xC7, 0x70, 0xC7, 0x78, 0xC7, 0x3E,
    0xC7, 0x1F, 0xFF, 0x0F, 0xFF, 0x01, 0xF0, 0x00, 0xC0, 0x03, 0x80, 0x03, 0xC0, 0x07, 0xC0, 0x07,
    0xC0, 0x0E, 0xE0, 0x0E, 0xE0, 0xFF, 0xFE, 0xFF, 0xFE, 0xFF, 0xFE, 0x1C, 0x70, 0xFF, 0xFE, 0xFF,
    0xFE, 0x78, 0x3C, 0x70, 0x1C, 0x70, 0x1C, 0x70, 0x0E, 0xE0, 0x0E, 0xE0, 0x0E, 0x1F, 0xC0, 0x7F,
    0xC1, 0x8F, 0x00, 0x1C, 0x00, 0x71, 0xFF, 0xF7, 0xFF, 0xC0, 0xF8, 0x07, 0xC0, 0x7C, 0x07, 0xFF,
    0xDF, 0xFF, 0x38, 0x00, 0xE0, 0x03, 0xC7, 0x0F, 0xFE, 0x0F, 0xF0, 0x00, 0xC0, 0x0F, 0xF8, 0x7F,
    0xF1, 0xF6, 0xE3, 0x8C, 0x0E, 0x18, 0x1C, 0x30, 0x78, 0x60, 0xE0, 0xC1, 0xC1, 0x83, 0x83, 0x07,
    0x06, 0x0F, 0x0C, 0x0E, 0x18, 0x1C, 0x30, 0x3C, 0x60, 0x3E, 0xC8, 0x3F, 0xF8, 0x3F, 0xF0, 0x0F,
    0x00, 0x0C, 0x00, 0x18, 0x60, 0x30, 0xC0, 0xE3, 0x81, 0xFF, 0xFF, 0xFF, 0xFF, 0xFF, 0xCE, 0x38,
    0x1C, 0x70, 0x38, 0xE0, 0x71, 0xC0, 0xE3, 0x81, 0xC7, 0x03, 0x8E, 0x07, 0x1C, 0x0E, 0x38, 0x1C,
    0x7F, 0x38, 0x7E, 0x00, 0x30, 0x00, 0x00, 0x00, 0x7F, 0x80, 0x7F, 0xE0, 0x78, 0x60, 0x38, 0x00,
    0x1C, 0x00, 0x0E, 0x00, 0x07, 0x80, 0x03, 0xF0, 0x00, 0xFE, 0x00, 0x1F, 0xC0, 0x03, 0xF0, 0x00,
    0x7B, 0xFB, 0xDF, 0xFF, 0xE7, 0xF3, 0x37, 0x79, 0x9B, 0x9F, 0xFF, 0x8F, 0xFF, 0x87, 0x3F, 0x03,
    0x99, 0x80, 0xFF, 0xFF, 0xFF, 0xF0, 0x00, 0x00, 0x00, 0xFF, 0xFF, 0xFF, 0xF0, 0x70, 0x01, 0xC0,
    0x07, 0x00, 0x1C, 0x00, 0x70, 0x01, 0xC0, 0x07, 0x00, 0x1C, 0x00, 0x70, 0x01, 0xC0, 0x07, 0x00,
    0x1C, 0x00, 0xFF, 0xFF, 0xFF, 0xC0, 0xF0, 0x03, 0x8F, 0xFF, 0x7F, 0xF8, 0x07, 0x00, 0xF8, 0xFF,
    0x87, 0xF0, 0x1E, 0x00, 0x78, 0x01, 0xC0, 0x07, 0x00, 0x3C, 0x00, 0xF0, 0x03, 0xC0, 0x1C, 0x00,
    0x70, 0x01, 0xCE, 0x07, 0xF8, 0x3F, 0x83, 0xF8, 0x0F, 0xDE, 0x07, 0xF8, 0x7F, 0x03, 0xF0, 0x7D,
    0xC1, 0xC7, 0x07, 0x1C, 0x18, 0x70, 0xE1, 0xC7, 0x87, 0x3C, 0x1F, 0xE0, 0x7F, 0x00, 0x00, 0x00,
    0x00, 0x00, 0x07, 0xC0, 0x00, 0xFE, 0x00, 0x0C, 0x60, 0x00, 0xE6, 0x00, 0x0F, 0xFF, 0xE0, 0x7F,
    0xFF, 0xC3, 0xFF, 0xFE, 0x06, 0x00, 0xE0, 0x60, 0x06, 0x06, 0x6C, 0x60, 0x7F, 0xE6, 0x07, 0xFF,
    0xE0, 0x73, 0x9C, 0x0F, 0x00, 0x01, 0xF8, 0x00, 0x0B, 0xC0, 0x00, 0x1F, 0xF0, 0x00, 0xFF, 0x00,
    0x01, 0xC0, 0x00, 0xE0, 0x00, 0x38, 0x00, 0x0E, 0x00, 0x03, 0x80, 0x00, 0xE0, 0x01, 0xFE, 0x01,
    0xFF, 0xE0, 0xFF, 0xFC, 0x78, 0xE7, 0x9C, 0x38, 0xEF, 0x0E, 0x3F, 0x83, 0x87, 0xE0, 0xE1, 0xF8,
    0x38, 0x7E, 0x00, 0x1F, 0x80, 0x07, 0xE0, 0x01, 0xF8, 0x00, 0x70, 0x3F, 0xE0, 0xFF, 0xE3, 0x8F,
    0x8E, 0x0F, 0x38, 0x1C, 0xE0, 0x73, 0x81, 0xCE, 0x0F, 0x7F, 0xFB, 0xFF, 0xCF, 0xFC, 0x0E, 0x00,
    0x38, 0x03, 0xFE, 0x0F, 0xF8, 0x0E, 0x00, 0x38, 0x00, 0xE0, 0x00, 0x03, 0x20, 0x01, 0xB8, 0x00,
    0xFC, 0x01, 0xFF, 0x83, 0xFF, 0xE1, 0xDB, 0xF9, 0xCD, 0xDC, 0xE6, 0xEF, 0xF3, 0x73, 0xF1, 0xB9,
    0xF8, 0xDC, 0xFC, 0x64, 0x7E, 0x00, 0x03, 0x80, 0x01, 0xC0, 0x00, 0xF0, 0x00, 0x3C, 0x00, 0x0F,
    0x80, 0x0F, 0xFF, 0xCF, 0xFF, 0xE0, 0x1B, 0x03, 0xB0, 0x3B, 0x0F, 0xF8, 0xFF, 0xCE, 0x3E, 0xE0,
    0xEE, 0x0E, 0xE0, 0xEE, 0x0E, 0xFF, 0xCF, 0xF8, 0xFF, 0xEE, 0x0E, 0xE0, 0xFE, 0x07, 0xE0, 0x7E,
    0x0F, 0xE1, 0xEF, 0xFE, 0xFF, 0x83, 0xB0, 0x3B, 0x03, 0xB0, 0x0F, 0xCF, 0xF7, 0xFD, 0xC0, 0xE0,
    0x38, 0x0E, 0x03, 0x80, 0xE0, 0x38, 0x0F, 0x01, 0xC1, 0x7F, 0xCF, 0xF0, 0x70, 0x00, 0xFF, 0xFF,
    0xF0, 0x7F, 0x83, 0xFE, 0x18, 0xF8, 0x01, 0xE0, 0x07, 0x00, 0x38, 0x01, 0xC3, 0xFF, 0x3F, 0xFB,
    0xE7, 0xFC, 0x1F, 0xC0, 0xFE, 0x07, 0x70, 0x3B, 0x81, 0xDC, 0x1C, 0xFB, 0xE3, 0xFE, 0x0F, 0xE0,
    0x03, 0xC0, 0x01, 0xE0, 0x01, 0xF8, 0x00, 0xFC, 0x00, 0x67, 0x00, 0x73, 0x80, 0x38, 0xE0, 0x38,
    0x70, 0x1C, 0x38, 0x1C, 0x0E, 0x0E, 0x07, 0x07, 0x03, 0xC7, 0x00, 0xE3, 0x80, 0x71, 0xC0, 0x3D,
    0xFF, 0xFE, 0xFF, 0xFF, 0x00, 0xFF, 0xFF, 0xFF, 0xFE, 0x03, 0xF8, 0x0F, 0xE0, 0x3F, 0x80, 0xFE,
    0x03, 0xF8, 0x0F, 0xE0, 0x3F, 0x80, 0xFE, 0x03, 0xF8, 0x0F, 0xE0, 0x3F, 0x80, 0xFE, 0x03, 0xF8,
    0x0F, 0xE0, 0x3F, 0x80, 0xFE, 0x03, 0xF8, 0x0F, 0xFF, 0xFF, 0xFF, 0xDC, 0x00, 0x70, 0x03, 0xC0,
    0x0E, 0x00, 0x38, 0x01, 0xE0, 0x07, 0x80, 0x1C, 0x01, 0xE0, 0x1E, 0x00, 0xE0, 0x0F, 0x00, 0xF0,
    0x07, 0x00, 0x78, 0x03, 0x80, 0x3F, 0xFF, 0xFF, 0xF0, 0xFF, 0xFF, 0xFF, 0x00, 0x38, 0x03, 0x80,
    0x1C, 0x01, 0xC0, 0x0E, 0x00, 0xE0, 0x0E, 0x00, 0x70, 0x07, 0x00, 0x38, 0x03, 0x80, 0x1C, 0x01,
    0xC0, 0x1C, 0x00, 0xE0, 0x0E, 0x00, 0x70, 0x00, 0xFF, 0xF0, 0x00, 0x0E, 0x00, 0x18, 0x00, 0x70,
    0x00, 0xE0, 0x01, 0x80, 0x07, 0x00, 0x0E, 0x00, 0x1C, 0x00, 0x30, 0x00, 0xE1, 0xE1, 0xC7, 0xC3,
    0x0F, 0xCE, 0x03, 0x9C, 0x03, 0xB8, 0x07, 0x60, 0x07, 0xC0, 0x0F, 0x80, 0x1E, 0x00, 0x1C, 0x00,
    0x3C, 0xF9, 0xFF, 0xF7, 0x7D, 0xF8, 0xE3, 0x77, 0xDD, 0xFF, 0xF3, 0xEF, 0x80, 0x07, 0x83, 0xE0,
    0xF0, 0x78, 0x1C, 0x07, 0x01, 0xC0, 0x70, 0x1C, 0x07, 0x01, 0xC0, 0x70, 0x1C, 0x07, 0x01, 0xC0,
    0x70, 0x1C, 0x07, 0x01, 0xC0, 0x70, 0x1C, 0x1F, 0x0F, 0x83, 0xC0, 0x7C, 0x3F, 0xF7, 0xEF, 0xFC,
    0x3E, 0x00, 0x00, 0x00, 0x7C, 0x3F, 0xF7, 0xEF, 0xFC, 0x3E, 0x00, 0xC0, 0x1C, 0x01, 0xCF, 0xFF,
    0xFF, 0xF0, 0x70, 0x07, 0x00, 0xE0, 0xFF, 0xFF, 0xFF, 0x38, 0x03, 0x80, 0x30, 0x00, 0x00, 0x70,
    0x1F, 0x0F, 0xE3, 0xF8, 0xFC, 0x0F, 0x00, 0xFC, 0x03, 0xF8, 0x0F, 0xE0, 0x1F, 0x00, 0x70, 0x00,
    0x00, 0x0F, 0xFF, 0xFF, 0xF0, 0xE0, 0x0F, 0x80, 0x7F, 0x00, 0xFC, 0x03, 0xF0, 0x0F, 0x03, 0xF0,
    0xFC, 0x7F, 0x0F, 0x80, 0xE0, 0x00, 0x00, 0x00, 0x0F, 0xFF, 0xFF, 0xF0, 0x3F, 0x1F, 0xDF, 0xCF,
    0xFF, 0x33, 0xCB, 0x80, 0xE0, 0xE0, 0x78, 0x38, 0x1C, 0x0F, 0xF7, 0xFB, 0xFD, 0xFE, 0xE0, 0x70,
    0x38, 0x1C, 0x0E, 0x07, 0x03, 0x81, 0xC0, 0xE0, 0x70, 0x38, 0x1C, 0x0E, 0x07, 0x03, 0x81, 0xC0,
    0xE0, 0x70, 0x38, 0x1C, 0x0E, 0x07, 0x00, 0x3F, 0x03, 0xFB, 0xFC, 0x9F, 0xC0, 0x0E, 0x00, 0x70,
    0x03, 0xFD, 0xDF, 0xEE, 0xE0, 0x77, 0x03, 0xB8, 0x1D, 0xC0, 0xEE, 0x07, 0x70, 0x3B, 0x81, 0xDC,
    0x0E, 0xE0, 0x77, 0x03, 0xB8, 0x1C, 0x3F, 0x71, 0xFD, 0xCF, 0x27, 0x38, 0x1C, 0xE0, 0x73, 0x81,
    0xCF, 0xF7, 0x3F, 0xDC, 0xE0, 0x73, 0x81, 0xCE, 0x07, 0x38, 0x1C, 0xE0, 0x73, 0x81, 0xCE, 0x07,
    0x38, 0x1C, 0xE0, 0x7B, 0x80, 0xFE, 0x01, 0xC0, 0x3F, 0x1F, 0x80, 0xFE, 0x7F, 0x3B, 0xCC, 0xF2,
    0x77, 0x01, 0xC0, 0x0E, 0x07, 0x80, 0x1C, 0x0E, 0x00, 0x3F, 0xDF, 0xE7, 0x7F, 0xBF, 0xCE, 0xE0,
    0x70, 0x1D, 0xC0, 0xE0, 0x3B, 0x81, 0xC0, 0x77, 0x03, 0x80, 0xEE, 0x07, 0x01, 0xDC, 0x0E, 0x03,
    0xB8, 0x1C, 0x07, 0x70, 0x38, 0x0E, 0xE0, 0x70, 0x1D, 0xC0, 0xE0, 0x3B, 0x81, 0xC0, 0x70, 0x3F,
    0x1F, 0x9C, 0x7F, 0x3F, 0x9C, 0xF3, 0x3C, 0x9C, 0xE0, 0x38, 0x1C, 0xE0, 0x78, 0x1C, 0xE0, 0x70,
    0x1C, 0xFF, 0x7F, 0x9C, 0xFF, 0x7F, 0x9C, 0xE0, 0x70, 0x1C, 0xE0, 0x70, 0x1C, 0xE0, 0x70, 0x1C,
    0xE0, 0x70, 0x1C, 0xE0, 0x70, 0x1C, 0xE0, 0x70, 0x1C, 0xE0, 0x70, 0x1C, 0xE0, 0x70, 0x1C, 0xE0,
    0x70, 0x1E, 0xE0, 0x70, 0x0F, 0xE0, 0x70, 0x0F, 0x00, 0x00, 0x7F, 0x01, 0xFF, 0x07, 0x8F, 0x0E,
    0x0E, 0x1C, 0x1C, 0x38, 0x7F, 0x71, 0xFF, 0xE3, 0xFD, 0xC1, 0xC3, 0x83, 0x87, 0x07, 0x0E, 0x0E,
    0x1C, 0x1C, 0x38, 0x38, 0x70, 0x70, 0xE0, 0xE1, 0xC1, 0xC3, 0x83, 0xFF, 0x03, 0xF0, 0x01, 0x80,
    0x00, 0x00, 0x00, 0x0F, 0xC0, 0x01, 0xFE, 0x00, 0x1C, 0xF0, 0x03, 0x87, 0x00, 0x38, 0x70, 0x3F,
    0x8F, 0xF7, 0xFD, 0xFF, 0xFF, 0x9F, 0xEE, 0x00, 0x70, 0xE0, 0x07, 0x0F, 0x80, 0x70, 0x7E, 0x07,
    0x01, 0xF8, 0x70, 0x07, 0xC7, 0x00, 0x1C, 0x70, 0x01, 0xC7, 0x08, 0x1C, 0x70, 0xFF, 0xC7, 0xFF,
    0xF8, 0x3F, 0x1C, 0x00, 0xE0, 0x00, 0x00, 0x00, 0x00, 0x00, 0x0E, 0x60, 0x00, 0x0E, 0x70, 0x00,
    0x07, 0x60, 0x00, 0x07, 0xE0, 0x00, 0x07, 0xE0, 0x00, 0x07, 0xF0, 0x00, 0x07, 0x78, 0x00, 0x1E,
    0x7F, 0xFF, 0xFE, 0x1F, 0xFF, 0xF8, 0x07, 0xFF, 0x80, 0x00, 0x00, 0x00, 0x00, 0x00, 0x00, 0x00,
    0x76, 0x00, 0x00, 0x7E, 0x00, 0x00, 0x76, 0x00, 0x00, 0x1C, 0x00, 0x00, 0x1C, 0x00, 0x00, 0x18,
    0x00, 0x60, 0x00, 0x00, 0x03, 0x80, 0x00, 0x00, 0x18, 0x00, 0x00, 0x01, 0xC0, 0x00, 0x06, 0x0E,
    0x00, 0x00, 0x78, 0x78, 0x00, 0x0F, 0x81, 0xE0, 0x03, 0xFF, 0x0F, 0xFF, 0xFF, 0x7F, 0x1F, 0xFF,
    0xE1, 0xF8, 0x3F, 0xF0, 0x00, 0x00, 0x00, 0x00, 0x00, 0x00, 0x00, 0x00, 0x00, 0x06, 0xE0, 0x00,
    0x00, 0x77, 0x00, 0x00, 0x01, 0xB0, 0x00, 0x00, 0x07, 0x00, 0x00, 0x00, 0x38, 0x00, 0x00, 0x00,
    0x80, 0x00, 0x00, 0x00, 0x18, 0x38, 0x70, 0xE0, 0xC1, 0x83, 0x0E, 0xFD, 0xF0, 0x00, 0x0D, 0xDF,
    0xB7, 0x38, 0x70, 0x60, 0x00, 0x01, 0xC0, 0x30, 0x0E, 0x01, 0xC0, 0x7C, 0x3F, 0xFF, 0xBF, 0x00,
    0x00, 0x00, 0xD8, 0x3B, 0x83, 0x60, 0x38, 0x07, 0x00, 0x40, 0x00, 0x30, 0x00, 0x00, 0x30, 0x00,
    0x00, 0x3E, 0x00, 0x00, 0x3F, 0x00, 0x00, 0x3B, 0x00, 0x00, 0x7F, 0x00, 0x00, 0x7E, 0x00, 0x00,
    0x00, 0x00, 0x00, 0x00, 0x0E, 0x60, 0x00, 0x0E, 0x70, 0x00, 0x07, 0x60, 0x00, 0x07, 0xE0, 0x00,
    0x07, 0xE0, 0x00, 0x07, 0xF0, 0x00, 0x07, 0x78, 0x00, 0x1E, 0x7F, 0xFF, 0xFE, 0x1F, 0xFF, 0xF8,
    0x07, 0xFF, 0x80, 0x00, 0x30, 0x00, 0x00, 0x01, 0x80, 0x00, 0x00, 0x0F, 0x80, 0x00, 0x00, 0x7E,
    0x00, 0x00, 0x03, 0xB0, 0x00, 0x00, 0x3F, 0x80, 0x00, 0x01, 0xF8, 0x00, 0x00, 0x00, 0x00, 0x00,
    0x00, 0x00, 0x00, 0x03, 0x00, 0x00, 0x00, 0x1C, 0x00, 0x00, 0x00, 0xC0, 0x00, 0x00, 0x0E, 0x00,
    0x00, 0x30, 0x70, 0x00, 0x03, 0xC3, 0xC0, 0x00, 0x7C, 0x0F, 0x00, 0x1F, 0xF8, 0x7F, 0xFF, 0xFB,
    0xF8, 0xFF, 0xFF, 0x0F, 0xC1, 0xFF, 0x80, 0x00, 0x60, 0xC1, 0xF3, 0xF7, 0x7F, 0xFF, 0x00, 0x00,
    0x00, 0xE1, 0xC3, 0x83, 0x87, 0x0E, 0x1C, 0x7B, 0xE7, 0x80, 0x00, 0x18, 0x03, 0x00, 0x7C, 0x0F,
    0xC1, 0xD8, 0x7F, 0x0F, 0xC0, 0x00, 0x00, 0x00, 0x00, 0x38, 0x06, 0x01, 0xC0, 0x38, 0x0F, 0x87,
    0xFF, 0xF7, 0xE0, 0x00, 0x3C, 0x00, 0x7F, 0xC0, 0x7F, 0xFE, 0x01, 0xFE, 0x01, 0xFE, 0x07, 0xF0,
    0x0F, 0x80, 0x1E, 0x00, 0x38, 0x00, 0x70, 0x00, 0x73, 0x70, 0xE7, 0xF0, 0xE3, 0x70, 0xE1, 0xC0,
    0xE1, 0xC0, 0xE0, 0xC0, 0xF0, 0x00, 0x78, 0x00, 0x3F, 0xFE, 0x1F, 0xFF, 0x07, 0xFC, 0x3C, 0x00,
    0x07, 0xFC, 0x00, 0x7F, 0xFE, 0x00, 0x1F, 0xE0, 0x01, 0xFE, 0x00, 0x7F, 0xC0, 0x0F, 0x9C, 0x01,
    0xE0, 0xE0, 0x38, 0x0F, 0x07, 0x00, 0x7E, 0x73, 0x73, 0xEE, 0x7F, 0x00, 0xE3, 0x70, 0x0E, 0x1C,
    0x00, 0xE1, 0xC0, 0x0E, 0x0C, 0x00, 0xF0, 0x00, 0x07, 0x80, 0x00, 0x3F, 0xFE, 0x01, 0xFF, 0xF0,
    0x07, 0xFC, 0x00, 0x7F, 0x01, 0xFF, 0x03, 0xFE, 0x00, 0x3F, 0x00, 0xFC, 0x0F, 0xE1, 0xFC, 0x3F,
    0xC0, 0xFC, 0x00, 0x00, 0x00, 0x00, 0x03, 0xF0, 0x0F, 0xC0, 0x37, 0x00, 0x30, 0x01, 0xC0, 0x03,
    0x00, 0x7F, 0x00, 0x1F, 0xF0, 0x03, 0xFE, 0x00, 0x03, 0xF0, 0x00, 0xFC, 0x00, 0xFE, 0x01, 0xFF,
    0xC3, 0xFC, 0x7E, 0xFC, 0x0F, 0x80, 0x00, 0x00, 0x00, 0x00, 0x36, 0x00, 0x1D, 0xC0, 0x03, 0x60,
    0x00, 0x70, 0x00, 0x1C, 0x00, 0x02, 0x00, 0x00, 0x18, 0x03, 0x00, 0x7C, 0x0F, 0xC1, 0xD8, 0x7F,
    0x0F, 0xC0, 0x00, 0x00, 0x00, 0x00, 0x0C, 0x03, 0xC0, 0x38, 0x07, 0x80, 0x70, 0x07, 0x00, 0xE0,
    0x1C, 0x03, 0xB8, 0xF7, 0xFC, 0xFF, 0x01, 0x00, 0x18, 0x00, 0x30, 0x00, 0x7C, 0x00, 0xFC, 0x01,
    0xDC, 0x07, 0xF0, 0x0F, 0xE0, 0x00, 0x00, 0x00, 0x00, 0x00, 0x00, 0x0C, 0x00, 0x38, 0x00, 0x38,
    0x00, 0x78, 0x00, 0x70, 0x00, 0x70, 0x00, 0xE0, 0x01, 0xC0, 0x03, 0xC3, 0x8F, 0xC7, 0xFF, 0xEF,
    0xF3, 0xC1, 0x00, 0x00, 0x04, 0x07, 0x03, 0x83, 0x63, 0xB9, 0xD8, 0x00, 0x00, 0x02, 0x03, 0x81,
    0xC0, 0x60, 0x38, 0x1C, 0x0E, 0x07, 0x03, 0x83, 0x83, 0xC3, 0xCF, 0xC7, 0xC1, 0x80, 0x0C, 0x00,
    0x70, 0x03, 0x80, 0x76, 0x03, 0xF0, 0x1D, 0x80, 0x00, 0x00, 0x00, 0x02, 0x00, 0x38, 0x01, 0xC0,
    0x06, 0x00, 0x38, 0x01, 0xC0, 0x0F, 0x00, 0x7E, 0x03, 0xF0, 0x38, 0x03, 0xC0, 0x3C, 0x0F, 0xC0,
    0x7C, 0x01, 0x80, 0x00, 0x18, 0x06, 0x01, 0xF0, 0x7E, 0x1D, 0x8F, 0xE3, 0xF0, 0x00, 0x00, 0x00,
    0x00, 0x20, 0x1C, 0x07, 0x00, 0xC0, 0x38, 0x0E, 0x03, 0x80, 0xE0, 0x38, 0x1C, 0x0F, 0x07, 0x8F,
    0xC3, 0xE0, 0x60, 0x00, 0x18, 0x00, 0xC0, 0x07, 0xC0, 0x3F, 0x01, 0xD8, 0x1F, 0xC0, 0xFC, 0x00,
    0x00, 0x00, 0x00, 0x00, 0x00, 0x80, 0x0E, 0x00, 0x70, 0x01, 0x80, 0x0E, 0x00, 0x70, 0x03, 0xC0,
    0x1F, 0x80, 0xFC, 0x0E, 0x00, 0xF0, 0x0F, 0x03, 0xF0, 0x1F, 0x00, 0x60, 0x00, 0x00, 0x00, 0x0C,
    0x00, 0x00, 0x78, 0x00, 0x03, 0xF0, 0x00, 0x1F, 0x80, 0x00, 0x7C, 0x00, 0x01, 0xE0, 0x00, 0x03,
    0x80, 0x00, 0x07, 0x80, 0x00, 0x07, 0x80, 0xC0, 0x03, 0x81, 0xC0, 0x03, 0x83, 0x00, 0x03, 0x8E,
    0x00, 0x07, 0x1C, 0x00, 0x07, 0x3C, 0x00, 0x0E, 0x3C, 0x00, 0x3C, 0x7F, 0xFF, 0xF0, 0x3F, 0xFF,
    0xC0, 0x1F, 0xFC, 0x00, 0x00, 0x00, 0x0C, 0x00, 0x00, 0x0F, 0x00, 0x00, 0x0F, 0xC0, 0x00, 0x0F,
    0xC0, 0x00, 0x07, 0xC0, 0x00, 0x03, 0xC0, 0x00, 0x00, 0xE0, 0x00, 0x00, 0x3C, 0x00, 0x00, 0x07,
    0x80, 0x18, 0x00, 0xF0, 0x07, 0x00, 0x1E, 0x01, 0x80, 0x03, 0xC0, 0xE0, 0x00, 0x70, 0x38, 0x00,
    0x0E, 0x0F, 0x00, 0x03, 0xC1, 0xE0, 0x03, 0xF8, 0x7F, 0xFF, 0xFF, 0xC7, 0xFF, 0xF9, 0xF0, 0x7F,
    0xF0, 0x00, 0x00, 0x40, 0x3C, 0x1F, 0x8F, 0xC7, 0xE0, 0xF0, 0x3C, 0x03, 0xC0, 0x3C, 0x03, 0xC0,
    0x3C, 0x03, 0x80, 0x38, 0x07, 0x00, 0xE0, 0x3C, 0xFF, 0x1F, 0xC3, 0x00, 0x00, 0x00, 0x40, 0x0F,
    0x80, 0x7E, 0x07, 0xE0, 0x7E, 0x01, 0xE0, 0x0E, 0x00, 0x1C, 0x00, 0x78, 0x00, 0x70, 0x00, 0xE0,
    0x01, 0xC0, 0x03, 0x80, 0x0E, 0x00, 0x3C, 0x01, 0xFC, 0xFF, 0xFF, 0xF9, 0xFC, 0x00, 0x00, 0x00,
    0x00, 0x10, 0x00, 0x00, 0xF0, 0x00, 0x03, 0xE0, 0x00, 0x1F, 0x60, 0x00, 0xFB, 0xC0, 0x01, 0xDF,
    0x80, 0x02, 0xFC, 0x00, 0x03, 0xE0, 0x00, 0x0F, 0x00, 0x00, 0x1C, 0x00, 0x00, 0x3C, 0x00, 0x00,
    0x3C, 0x06, 0x00, 0x1C, 0x0E, 0x00, 0x1C, 0x18, 0x00, 0x1C, 0x70, 0x00, 0x38, 0xE0, 0x00, 0x39,
    0xE0, 0x00, 0x71, 0xE0, 0x01, 0xE3, 0xFF, 0xFF, 0x81, 0xFF, 0xFE, 0x00, 0xFF, 0xE0, 0x00, 0x00,
    0x00, 0x10, 0x00, 0x00, 0x1E, 0x00, 0x00, 0x0F, 0x80, 0x00, 0x0F, 0xB0, 0x00, 0x0F, 0xBC, 0x00,
    0x03, 0xBF, 0x00, 0x00, 0xBF, 0x00, 0x00, 0x1F, 0x00, 0x00, 0x0F, 0x00, 0x00, 0x03, 0x80, 0x00,
    0x00, 0xF0, 0x00, 0x00, 0x1E, 0x00, 0x60, 0x03, 0xC0, 0x1C, 0x00, 0x78, 0x06, 0x00, 0x0F, 0x03,
    0x80, 0x01, 0xC0, 0xE0, 0x00, 0x38, 0x3C, 0x00, 0x0F, 0x07, 0x80, 0x0F, 0xE1, 0xFF, 0xFF, 0xFF,
    0x1F, 0xFF, 0xE7, 0xC1, 0xFF, 0xC0, 0x00, 0x00, 0x80, 0x70, 0x3E, 0x1F, 0x27, 0x9F, 0xEF, 0xF7,
    0xE3, 0xF0, 0x78, 0x1E, 0x01, 0xE0, 0x1E, 0x01, 0xE0, 0x1E, 0x01, 0xC0, 0x1C, 0x03, 0x80, 0x70,
    0x1E, 0x7F, 0x8F, 0xE1, 0x80, 0x00, 0x00, 0x80, 0x0E, 0x00, 0xF8, 0x0F, 0x90, 0x7B, 0xE3, 0xDF,
    0x8D, 0xF8, 0x1F, 0x80, 0x78, 0x03, 0x80, 0x07, 0x00, 0x1E, 0x00, 0x1C, 0x00, 0x38, 0x00, 0x70,
    0x00, 0xE0, 0x03, 0x80, 0x0F, 0x00, 0x7F, 0x3F, 0xFF, 0xFE, 0x7F, 0x00, 0x00, 0x00, 0x0E, 0x00,
    0x0E, 0x00, 0x0E, 0x20, 0x07, 0x70, 0x07, 0x70, 0x07, 0x60, 0x07, 0xE0, 0x07, 0xE0, 0x07, 0x70,
    0x07, 0x78, 0x1E, 0x7F, 0xFC, 0x3F, 0xF8, 0x0F, 0xF0, 0x00, 0x00, 0x00, 0x00, 0xE0, 0x00, 0x07,
    0x02, 0x00, 0x70, 0x70, 0x07, 0x07, 0x00, 0x78, 0x60, 0x07, 0xFE, 0x00, 0x7F, 0xE0, 0x07, 0x07,
    0x00, 0x70, 0x70, 0x0E, 0x07, 0xFF, 0xE0, 0x3F, 0xFC, 0x00, 0xFF, 0x00, 0x08, 0x07, 0x81, 0xE0,
    0xFC, 0x3B, 0x9C, 0x66, 0x1F, 0x87, 0xE1, 0xDC, 0xE7, 0xF8, 0xFC, 0x04, 0x00, 0xFC, 0x07, 0xF8,
    0x3C, 0xE0, 0xE1, 0x83, 0x87, 0x0E, 0x1E, 0x18, 0x3E, 0x60, 0x78, 0x00, 0x00, 0x00, 0xE3, 0x8E,
    0x1C, 0x71, 0xC7, 0x3F, 0xEF, 0x04, 0x30, 0x87, 0x0C, 0x38, 0x03, 0xC0, 0x3E, 0x3D, 0xF3, 0xE3,
    0xBE, 0x0D, 0xC0, 0x7C, 0x03, 0xE0, 0x0F, 0x00, 0x38, 0x01, 0x80, 0x01, 0x00, 0x03, 0x80, 0x03,
    0xC0, 0x03, 0xF0, 0x07, 0xF8, 0x0E, 0x7C, 0x0E, 0x3E, 0x0E, 0x7E, 0x0E, 0x77, 0x07, 0xF7, 0x07,
    0xE7, 0xFF, 0xFF, 0xFF, 0xFE, 0x18, 0x18, 0x00, 0x60, 0x00, 0xF8, 0x00, 0xFE, 0x00, 0x77, 0x00,
    0x73, 0x80, 0x39, 0xC0, 0x1C, 0xE0, 0x0C, 0xF0, 0x4F, 0xF8, 0x7F, 0xFF, 0xFF, 0xFF, 0xE1, 0xC1,
    0x80, 0x70, 0xC0, 0x3C, 0x60, 0x0F, 0xF0, 0x03, 0xF8, 0x00, 0xF0, 0x00, 0x08, 0x00, 0x38, 0x00,
    0xF0, 0x07, 0xE0, 0x3F, 0xC0, 0xE7, 0x83, 0x1F, 0x0C, 0x7E, 0x39, 0xF8, 0xFE, 0x71, 0xF1, 0xFF,
    0xFE, 0xFF, 0xF8, 0x01, 0x80, 0x03, 0x80, 0x1F, 0x00, 0xFC, 0x07, 0x38, 0x1C, 0xE0, 0xE3, 0x83,
    0x8C, 0x0E, 0x70, 0x3F, 0xC3, 0xFF, 0xFF, 0xFF, 0xCE, 0x1C, 0x38, 0x70, 0xF1, 0xC1, 0xFE, 0x03,
    0xF8, 0x03, 0x80, 0x03, 0x00, 0x00, 0x0F, 0x00, 0x00, 0x1F, 0x00, 0x00, 0x7F, 0x00, 0x01, 0xCE,
    0x00, 0x07, 0x8C, 0x00, 0x1E, 0x10, 0x00, 0x38, 0x00, 0x00, 0xE0, 0x00, 0x00, 0xF0, 0x00, 0x0D,
    0xFF, 0xFF, 0xF8, 0xFF, 0xFF, 0xF0, 0x3F, 0xFE, 0x00, 0x07, 0xFE, 0x7F, 0xFD, 0xFF, 0xF7, 0x80,
    0x0C, 0x00, 0x1C, 0x00, 0x3F, 0x80, 0x1F, 0xFF, 0x0F, 0xFE, 0x0C, 0x00, 0x00, 0x78, 0x00, 0x00,
    0xC0, 0x00, 0x01, 0x80, 0x00, 0x01, 0xE0, 0x00, 0x07, 0xC0, 0x00, 0x0C, 0xC0, 0x00, 0x03, 0xC0,
    0x00, 0x07, 0xC0, 0x00, 0x1F, 0xC0, 0x00, 0x73, 0x80, 0x01, 0xE3, 0x00, 0x07, 0x84, 0x00, 0x0E,
    0x00, 0x00, 0x38, 0x00, 0x00, 0x3C, 0x00, 0x03, 0x7F, 0xFF, 0xFE, 0x3F, 0xFF, 0xFC, 0x0F, 0xFF,
    0x80, 0x0C, 0x00, 0x78, 0x00, 0xC0, 0x01, 0x80, 0x01, 0xE0, 0x07, 0xC0, 0x0C, 0x00, 0x03, 0xFF,
    0x3F, 0xFE, 0xFF, 0xFB, 0xC0, 0x06, 0x00, 0x0E, 0x00, 0x1F, 0xC0, 0x0F, 0xFF, 0x87, 0xFF, 0x00,
    0x03, 0xC0, 0x01, 0xFC, 0x00, 0x7F, 0x00, 0x1E, 0x00, 0x03, 0x80, 0x00, 0xE0, 0x08, 0x1C, 0x03,
    0x83, 0xE0, 0x70, 0x3F, 0x0C, 0x01, 0xFB, 0x80, 0x07, 0x70, 0x00, 0xE7, 0x00, 0x3C, 0xF0, 0x0F,
    0x1F, 0xFF, 0xC1, 0xFF, 0xF0, 0x0F, 0xF0, 0x00, 0x20, 0x00, 0x07, 0x00, 0xC0, 0x70, 0x0F, 0x86,
    0x00, 0xFF, 0xE0, 0x03, 0xFE, 0x00, 0x1C, 0x70, 0x01, 0xC7, 0x80, 0x78, 0x3F, 0xFF, 0x81, 0xFF,
    0xE0, 0x0F, 0xF8, 0x00, 0x00, 0x18, 0x38, 0x70, 0xE0, 0xC1, 0x83, 0x0E, 0xFD, 0xF0, 0x00, 0x0D,
    0xDF, 0xB7, 0x00, 0x01, 0xC0, 0x30, 0x0E, 0x01, 0xC0, 0x7C, 0x3F, 0xFF, 0xBF, 0x00, 0x00, 0x00,
    0xD8, 0x3B, 0x83, 0x60, 0x1F, 0x0F, 0xC7, 0xA1, 0xC0, 0x70, 0x1C, 0x03, 0xF8, 0x7F, 0xFF, 0x3F,
    0x04, 0x00, 0x38, 0x7F, 0xD3, 0xC0, 0x00, 0x00, 0xE0, 0x70, 0x38, 0x0C, 0x06, 0x03, 0x01, 0x80,
    0xC0, 0x60, 0x30, 0x18, 0x0E, 0x07, 0x03, 0x81, 0xC0, 0xE0, 0x38, 0x1F, 0xF1, 0x3C, 0x00, 0x00,
    0x00, 0x38, 0x07, 0x00, 0x60, 0x0C, 0x01, 0x80, 0x30, 0x06, 0x00, 0xE0, 0x1C, 0x03, 0x80, 0x70,
    0x0E, 0x01, 0xC0, 0x38, 0x07, 0x00, 0xF0, 0x1F, 0xC1, 0xF8, 0x00, 0x33, 0xCC, 0x30, 0xFB, 0xEC,
    0x00, 0x71, 0xC7, 0x0C, 0x30, 0xC3, 0x0C, 0x30, 0xC3, 0x0E, 0x38, 0xE3, 0x8E, 0x30, 0x78, 0x30,
    0x18, 0x0F, 0x87, 0xC3, 0x00, 0x00, 0x70, 0x38, 0x0C, 0x06, 0x03, 0x01, 0x80, 0xC0, 0x70, 0x38,
    0x1C, 0x0E, 0x07, 0x03, 0x81, 0xC0, 0xE0, 0x78, 0x3F, 0x8F, 0xC0, 0x00, 0x0C, 0x1E, 0x0C, 0x06,
    0x03, 0xE1, 0xF0, 0xC0, 0x38, 0x3F, 0x3F, 0x9C, 0xFC, 0x7E, 0x3F, 0x1D, 0xFE, 0xFF, 0x0F, 0x83,
    0x87, 0xDF, 0xCF, 0xC7, 0x00, 0x0C, 0x01, 0xE0, 0x0C, 0x00, 0x60, 0x03, 0xE0, 0x1F, 0x00, 0xC0,
    0x00, 0x00, 0x1C, 0x01, 0xF8, 0x1F, 0xC0, 0xE7, 0x0E, 0x38, 0x71, 0xC3, 0xCE, 0x0F, 0xFE, 0x7F,
    0xF0, 0x3F, 0x01, 0xC0, 0x3E, 0x0F, 0xE0, 0x7E, 0x03, 0x80, 0x00, 0xE3, 0x8E, 0x18, 0x61, 0x86,
    0x18, 0x61, 0x86, 0x1C, 0x71, 0xC7, 0x1C, 0x71, 0xC0, 0x0C, 0xF3, 0x0C, 0x1E, 0xFB, 0x00, 0xE0,
    0xE0, 0x60, 0x60, 0x60, 0x60, 0x60, 0x70, 0x70, 0x70, 0x70, 0x70, 0x70, 0x70, 0x70, 0x78, 0x7F,
    0x3F, 0x00, 0x30, 0xF0, 0xC0, 0xC0, 0x78, 0xF8, 0xC0, 0x0E, 0x00, 0x03, 0xC0, 0x78, 0x60, 0x3F,
    0x8C, 0x0F, 0xE1, 0xF3, 0xC0, 0x3E, 0x70, 0x06, 0x1C, 0x01, 0x03, 0x80, 0x70, 0x7C, 0x0E, 0x07,
    0xE1, 0x80, 0x3F, 0x70, 0x00, 0xEE, 0x00, 0x1C, 0xE0, 0x07, 0x9E, 0x01, 0xE3, 0xFF, 0xF8, 0x3F,
    0xFE, 0x01, 0xFE, 0x00, 0x0E, 0x00, 0x01, 0xE0, 0x00, 0x18, 0x00, 0x01, 0x80, 0x00, 0x1F, 0x00,
    0x01, 0xF0, 0x00, 0x18, 0x00, 0x02, 0x00, 0x00, 0x70, 0x0C, 0x07, 0x00, 0xF8, 0x60, 0x0F, 0xFE,
    0x00, 0x3F, 0xE0, 0x01, 0xC7, 0x00, 0x1C, 0x78, 0x07, 0x83, 0xFF, 0xF8, 0x1F, 0xFE, 0x00, 0xFF,
    0x80, 0x31, 0xEE, 0x38, 0x7F, 0xF6, 0x00, 0x38, 0xE3, 0x87, 0x1C, 0x71, 0xCF, 0xFB, 0xC0, 0x00,
    0x18, 0x1E, 0x06, 0x01, 0x80, 0x3C, 0x1F, 0x06, 0x00, 0x00, 0x1C, 0x07, 0x01, 0xC0, 0x70, 0x3E,
    0x3F, 0xFF, 0x7C, 0x00, 0xEE, 0xE6, 0x66, 0x66, 0x66, 0x67, 0x77, 0x77, 0x77, 0xE0, 0xE0, 0x60,
    0x60, 0x60, 0x60, 0x60, 0x70, 0x70, 0x70, 0x70, 0x70, 0x70, 0x70, 0x70, 0x78, 0x7F, 0x3F, 0x00,
    0x00, 0x00, 0x00, 0x00, 0x00, 0x0E, 0x60, 0x00, 0x0E, 0x70, 0x00, 0x07, 0x60, 0x00, 0x07, 0xE0,
    0x00, 0x07, 0xE0, 0x00, 0x07, 0xF0, 0x00, 0x07, 0x78, 0x00, 0x1E, 0x7F, 0xFF, 0xFE, 0x1F, 0xFF,
    0xF8, 0x07, 0xFF, 0x80, 0x00, 0x00, 0x00, 0x00, 0x00, 0x00, 0x00, 0x18, 0x00, 0x00, 0x1C, 0x00,
    0x00, 0x18, 0x00, 0x60, 0x00, 0x00, 0x03, 0x80, 0x00, 0x00, 0x18, 0x00, 0x00, 0x01, 0xC0, 0x00,
    0x06, 0x0E, 0x00, 0x00, 0x78, 0x78, 0x00, 0x0F, 0x81, 0xE0, 0x03, 0xFF, 0x0F, 0xFF, 0xFF, 0x7F,
    0x1F, 0xFF, 0xE1, 0xF8, 0x3F, 0xF0, 0x00, 0x00, 0x00, 0x00, 0x00, 0x00, 0x00, 0x00, 0x00, 0x03,
    0x80, 0x00, 0x00, 0x1C, 0x00, 0x00, 0x00, 0xE0, 0x00, 0x00, 0x00, 0xE3, 0x8E, 0x1C, 0x71, 0xC7,
    0x3F, 0xEF, 0x00, 0x01, 0xC7, 0x1C, 0x00, 0x07, 0x01, 0xC0, 0x70, 0x1C, 0x0F, 0x8F, 0xFF, 0xDF,
    0x00, 0x00, 0x01, 0x80, 0x70, 0x18, 0x00, 0x3B, 0x0F, 0xE3, 0xB0, 0x00, 0x00, 0x02, 0x01, 0xE0,
    0x78, 0x3F, 0x0E, 0xE7, 0x19, 0x87, 0xE1, 0xF8, 0x77, 0x39, 0xFE, 0x3F, 0x00, 0x1D, 0x80, 0x7E,
    0x01, 0xD8, 0x00, 0x00, 0x00, 0x00, 0x00, 0x00, 0x18, 0x00, 0x60, 0x0F, 0xC0, 0x7F, 0x03, 0xFC,
    0x1C, 0x70, 0x61, 0xC3, 0x87, 0x07, 0xFC, 0x1F, 0xF0, 0x3F, 0xE0, 0x03, 0xF0, 0x07, 0xC0, 0x00,
    0x00, 0x76, 0x00, 0x00, 0x7E, 0x00, 0x00, 0x76, 0x00, 0x00, 0x00, 0x0E, 0x60, 0x00, 0x0E, 0x70,
    0x00, 0x07, 0x60, 0x00, 0x07, 0xE0, 0x00, 0x07, 0xE0, 0x00, 0x07, 0xF0, 0x00, 0x07, 0x78, 0x00,
    0x1E, 0x7F, 0xFF, 0xFE, 0x1F, 0xFF, 0xF8, 0x07, 0xFF, 0x80, 0x00, 0x76, 0x00, 0x00, 0x03, 0xF8,
    0x00, 0x00, 0x1D, 0x80, 0x00, 0x00, 0x00, 0x00, 0x06, 0x00, 0x00, 0x00, 0x38, 0x00, 0x00, 0x01,
    0x80, 0x00, 0x00, 0x1C, 0x00, 0x00, 0x60, 0xE0, 0x00, 0x07, 0x87, 0x80, 0x00, 0xF8, 0x1E, 0x00,
    0x3F, 0xF0, 0xFF, 0xFF, 0xF7, 0xF1, 0xFF, 0xFE, 0x1F, 0x83, 0xFF, 0x00, 0x00, 0xED, 0xFF, 0xB0,
    0x00, 0x00, 0x0E, 0x1C, 0x38, 0x38, 0x70, 0xE1, 0xC7, 0xBE, 0x78, 0x00, 0x33, 0x07, 0xE0, 0xFC,
    0x00, 0x00, 0x00, 0x00, 0x03, 0x80, 0x60, 0x1C, 0x03, 0x80, 0xF8, 0x7F, 0xFF, 0x7E, 0x00, 0x00,
    0x00, 0x18, 0x00, 0x00, 0x1C, 0x00, 0x00, 0x1C, 0x00, 0x00, 0x76, 0x00, 0x00, 0x7E, 0x00, 0x00,
    0x76, 0x00, 0x00, 0x00, 0x0E, 0x60, 0x00, 0x0E, 0x70, 0x00, 0x07, 0x60, 0x00, 0x07, 0xE0, 0x00,
    0x07, 0xE0, 0x00, 0x07, 0xF0, 0x00, 0x07, 0x78, 0x00, 0x1E, 0x7F, 0xFF, 0xFE, 0x1F, 0xFF, 0xF8,
    0x07, 0xFF, 0x80, 0x00, 0x18, 0x00, 0x00, 0x00, 0xE0, 0x00, 0x00, 0x07, 0x00, 0x00, 0x00, 0xEC,
    0x00, 0x00, 0x07, 0xF0, 0x00, 0x00, 0x3B, 0x00, 0x00, 0x00, 0x00, 0x00, 0x0C, 0x00, 0x00, 0x00,
    0x70, 0x00, 0x00, 0x03, 0x00, 0x00, 0x00, 0x38, 0x00, 0x00, 0xC1, 0xC0, 0x00, 0x0F, 0x0F, 0x00,
    0x01, 0xF0, 0x3C, 0x00, 0x7F, 0xE1, 0xFF, 0xFF, 0xEF, 0xE3, 0xFF, 0xFC, 0x3F, 0x07, 0xFE, 0x00,
    0x00, 0x30, 0x70, 0xE7, 0x6F, 0xFD, 0x80, 0x00, 0x00, 0x70, 0xE1, 0xC1, 0xC3, 0x87, 0x0E, 0x3D,
    0xF3, 0xC0, 0x00, 0x0C, 0x03, 0x80, 0x30, 0x19, 0x83, 0xF0, 0x7E, 0x00, 0x00, 0x00, 0x00, 0x01,
    0xC0, 0x30, 0x0E, 0x01, 0xC0, 0x7C, 0x3F, 0xFF, 0xBF, 0x00, 0x00, 0x3C, 0x00, 0xFF, 0x01, 0xFF,
    0xF0, 0x0F, 0xF0, 0x1F, 0xE0, 0xFC, 0x03, 0xC0, 0x0F, 0x00, 0x38, 0x00, 0xE0, 0x01, 0xC0, 0x07,
    0x04, 0x0E, 0x1C, 0x1C, 0x38, 0x38, 0x20, 0x70, 0x00, 0xF0, 0x00, 0xF0, 0x00, 0xFF, 0xF8, 0xFF,
    0xF0, 0x7F, 0x80, 0x3C, 0x00, 0x1F, 0xE0, 0x07, 0xFF, 0xC0, 0x07, 0xF8, 0x01, 0xFE, 0x01, 0xFC,
    0x00, 0xF3, 0x00, 0x78, 0xE0, 0x38, 0x3C, 0x1C, 0x07, 0xF7, 0x00, 0xFF, 0x82, 0x00, 0xE1, 0xC0,
    0x38, 0x70, 0x0E, 0x08, 0x03, 0x80, 0x00, 0xF0, 0x00, 0x1E, 0x00, 0x03, 0xFF, 0xE0, 0x7F, 0xF8,
    0x07, 0xF8, 0x00, 0x7F, 0x01, 0xFF, 0x03, 0xFE, 0x00, 0x3F, 0x00, 0xFC, 0x0F, 0xE1, 0xFC, 0x3F,
    0xC0, 0xFC, 0x00, 0x00, 0x00, 0x00, 0x00, 0xC0, 0x07, 0x80, 0x0C, 0x00, 0x7F, 0x00, 0x1F, 0xF0,
    0x03, 0xFE, 0x00, 0x03, 0xF0, 0x00, 0xFC, 0x00, 0xFE, 0x01, 0xFF, 0xC3, 0xFC, 0x7E, 0xFC, 0x0F,
    0x80, 0x00, 0x00, 0x00, 0x00, 0x1C, 0x00, 0x07, 0x00, 0x01, 0xC0, 0x00, 0x3C, 0x00, 0xFF, 0x01,
    0xFF, 0xF0, 0x0F, 0xF0, 0x1F, 0xE0, 0xFC, 0x03, 0xC0, 0x0F, 0x00, 0x38, 0x00, 0xE0, 0x01, 0xC0,
    0x07, 0x00, 0x0E, 0x00, 0x1C, 0x00, 0x38, 0x00, 0x70, 0x00, 0xF0, 0x00, 0xF0, 0x00, 0xFF, 0xF8,
    0xFF, 0xF0, 0x7F, 0x80, 0x3C, 0x00, 0x1F, 0xE0, 0x07, 0xFF, 0xC0, 0x07, 0xF8, 0x01, 0xFE, 0x01,
    0xFC, 0x00, 0xF3, 0x00, 0x78, 0xE0, 0x38, 0x3C, 0x1C, 0x07, 0xF7, 0x00, 0xFF, 0x80, 0x00, 0xE0,
    0x00, 0x38, 0x00, 0x0E, 0x00, 0x03, 0x80, 0x00, 0xF0, 0x00, 0x1E, 0x00, 0x03, 0xFF, 0xE0, 0x7F,
    0xF8, 0x07, 0xF8, 0x00, 0x7F, 0x01, 0xFF, 0x03, 0xFE, 0x00, 0x3F, 0x00, 0xFC, 0x0F, 0xE1, 0xFC,
    0x3F, 0xC0, 0xFC, 0x00, 0x00, 0x00, 0x7F, 0x00, 0x1F, 0xF0, 0x03, 0xFE, 0x00, 0x03, 0xF0, 0x00,
    0xFC, 0x00, 0xFE, 0x01, 0xFF, 0xC3, 0xFC, 0x7E, 0xFC, 0x0F, 0x80, 0x00, 0x00, 0x01, 0x80, 0x07,
    0x00, 0x0E, 0x00, 0x00, 0x00, 0x00, 0x07, 0x80, 0x1F, 0xE0, 0x3F, 0xFE, 0x01, 0xFE, 0x03, 0xFC,
    0x1F, 0x80, 0x78, 0x01, 0xE0, 0x07, 0x00, 0x1C, 0x00, 0x38, 0x00, 0xE0, 0x01, 0xC0, 0x03, 0x80,
    0x07, 0x00, 0x0E, 0x00, 0x1E, 0x00, 0x1E, 0x00, 0x1F, 0xFF, 0x1F, 0xFE, 0x0F, 0xF0, 0x01, 0x80,
    0x00, 0xE0, 0x00, 0x38, 0x00, 0x00, 0x00, 0x00, 0x00, 0x0F, 0x00, 0x07, 0xF8, 0x01, 0xFF, 0xF0,
    0x01, 0xFE, 0x00, 0x7F, 0x80, 0x7F, 0x00, 0x3C, 0xC0, 0x1E, 0x38, 0x0E, 0x0F, 0x07, 0x01, 0xFD,
    0xC0, 0x3F, 0xE0, 0x00, 0x38, 0x00, 0x0E, 0x00, 0x03, 0x80, 0x00, 0xE0, 0x00, 0x3C, 0x00, 0x07,
    0x80, 0x00, 0xFF, 0xF8, 0x1F, 0xFE, 0x01, 0xFE, 0x00, 0x18, 0x00, 0x70, 0x01, 0x80, 0x00, 0x00,
    0x00, 0x01, 0xFC, 0x07, 0xFC, 0x0F, 0xF8, 0x00, 0xFC, 0x03, 0xF0, 0x3F, 0x87, 0xF0, 0xFF, 0x03,
    0xF0, 0x00, 0x00, 0x00, 0x18, 0x00, 0x0E, 0x00, 0x01, 0x80, 0x00, 0x00, 0x00, 0x00, 0x00, 0x1F,
    0xC0, 0x07, 0xFC, 0x00, 0xFF, 0x80, 0x00, 0xFC, 0x00, 0x3F, 0x00, 0x3F, 0x80, 0x7F, 0xF0, 0xFF,
    0x1F, 0xBF, 0x03, 0xE0, 0x00, 0x00, 0x03, 0x00, 0xF0, 0x0E, 0x01, 0xE0, 0x1C, 0x01, 0xC0, 0x38,
    0x07, 0x00, 0xEE, 0x3D, 0xFF, 0x3F, 0xC0, 0x40, 0x03, 0x00, 0x0E, 0x00, 0x0E, 0x00, 0x1E, 0x00,
    0x1C, 0x00, 0x1C, 0x00, 0x38, 0x00, 0x70, 0x00, 0xF0, 0xE3, 0xF1, 0xFF, 0xFB, 0xFC, 0xF0, 0x40,
    0x00, 0x0C, 0x01, 0xC0, 0x38, 0x00, 0x00, 0x00, 0x06, 0x01, 0xE0, 0x1C, 0x03, 0xC0, 0x38, 0x03,
    0x80, 0x70, 0x0E, 0x01, 0xDC, 0x7B, 0xFE, 0x7F, 0x80, 0x80, 0x0E, 0x00, 0x1C, 0x00, 0x38, 0x00,
    0x00, 0x00, 0x00, 0x00, 0x60, 0x01, 0xC0, 0x01, 0xC0, 0x03, 0xC0, 0x03, 0x80, 0x03, 0x80, 0x07,
    0x00, 0x0E, 0x00, 0x1E, 0x1C, 0x7E, 0x3F, 0xFF, 0x7F, 0x9E, 0x08, 0x00, 0x02, 0x03, 0x81, 0xC0,
    0x60, 0x38, 0x1C, 0x0E, 0x07, 0x03, 0x83, 0x83, 0xC3, 0xCF, 0xC7, 0xC1, 0x80, 0x02, 0x00, 0x38,
    0x01, 0xC0, 0x06, 0x00, 0x38, 0x01, 0xC0, 0x0F, 0x00, 0x7E, 0x03, 0xF0, 0x38, 0x03, 0xC0, 0x3C,
    0x0F, 0xC0, 0x7C, 0x01, 0x80, 0x00, 0x0E, 0x07, 0x03, 0x80, 0x00, 0x00, 0x10, 0x1C, 0x0E, 0x03,
    0x01, 0xC0, 0xE0, 0x70, 0x38, 0x1C, 0x1C, 0x1E, 0x1E, 0x7E, 0x3E, 0x0C, 0x00, 0x0C, 0x00, 0xF0,
    0x03, 0x00, 0x00, 0x00, 0x00, 0x01, 0x00, 0x1C, 0x00, 0xE0, 0x03, 0x00, 0x1C, 0x00, 0xE0, 0x07,
    0x80, 0x3F, 0x01, 0xF8, 0x1C, 0x01, 0xE0, 0x1E, 0x07, 0xE0, 0x3E, 0x00, 0xC0, 0x00, 0x00, 0x00,
    0x00, 0x00, 0x00, 0x00, 0x01, 0x80, 0x00, 0x00, 0x0E, 0x00, 0x00, 0x00, 0x70, 0x00, 0xE0, 0xE3,
    0x80, 0x03, 0x87, 0x0C, 0x80, 0x1C, 0x38, 0x6E, 0x00, 0xE1, 0xC3, 0x70, 0x07, 0x9E, 0x3B, 0x00,
    0x3F, 0xFF, 0xF8, 0x01, 0xFF, 0xFD, 0xC0, 0x0E, 0x00, 0x07, 0x00, 0x70, 0x00, 0x3C, 0x07, 0x00,
    0x00, 0xFF, 0xF8, 0x00, 0x03, 0xFF, 0x80, 0x00, 0x0F, 0xF0, 0x00, 0x00, 0x00, 0x00, 0x00, 0x38,
    0x00, 0x00, 0x00, 0x1C, 0x00, 0x03, 0x83, 0x8E, 0x00, 0x00, 0xE1, 0xC3, 0x02, 0x00, 0x70, 0xE1,
    0x83, 0x80, 0x38, 0x71, 0xE1, 0xC0, 0x1E, 0x78, 0xF8, 0xC0, 0x0F, 0xFF, 0xFF, 0xE0, 0x07, 0xFF,
    0xE7, 0xF0, 0x03, 0x80, 0x00, 0x1C, 0x01, 0xC0, 0x00, 0x0F, 0x01, 0xC0, 0x00, 0x03, 0xFF, 0xE0,
    0x00, 0x00, 0xFF, 0xE0, 0x00, 0x00, 0x3F, 0xC0, 0x00, 0x00, 0x00, 0x00, 0x00, 0x00, 0x38, 0x00,
    0x07, 0x00, 0x00, 0xE1, 0xC3, 0x8C, 0x38, 0x61, 0xC7, 0x0C, 0x39, 0xC3, 0x87, 0x3C, 0x79, 0xDF,
    0xFF, 0xFB, 0xFF, 0x7E, 0x00, 0x00, 0x00, 0x00, 0x00, 0xC0, 0x00, 0x01, 0x80, 0x70, 0xE3, 0x80,
    0xE1, 0x87, 0x01, 0xC3, 0x0E, 0x07, 0x0E, 0x1C, 0x0F, 0x1E, 0x7C, 0x7F, 0xFF, 0xFF, 0xFF, 0xDF,
    0xBE, 0x00, 0x00, 0x00, 0x00, 0x00, 0x08, 0x00, 0x00, 0x00, 0xE0, 0x00, 0x00, 0x07, 0x00, 0x00,
    0x00, 0x6C, 0x00, 0x00, 0x07, 0x70, 0x00, 0x00, 0x1B, 0x80, 0x00, 0x00, 0x00, 0x00, 0x00, 0x00,
    0x06, 0x00, 0x00, 0x00, 0x38, 0x00, 0x00, 0x01, 0xC0, 0x03, 0x83, 0x8E, 0x00, 0x0E, 0x1C, 0x32,
    0x00, 0x70, 0xE1, 0xB8, 0x03, 0x87, 0x0D, 0xC0, 0x1E, 0x78, 0xEC, 0x00, 0xFF, 0xFF, 0xE0, 0x07,
    0xFF, 0xF7, 0x00, 0x38, 0x00, 0x1C, 0x01, 0xC0, 0x00, 0xF0, 0x1C, 0x00, 0x03, 0xFF, 0xE0, 0x00,
    0x0F, 0xFE, 0x00, 0x00, 0x3F, 0xC0, 0x00, 0x00, 0x00, 0x00, 0x08, 0x00, 0x00, 0x00, 0x0E, 0x00,
    0x00, 0x00, 0x07, 0x00, 0x00, 0x00, 0x06, 0xC0, 0x00, 0x00, 0x07, 0x70, 0x00, 0x00, 0x01, 0xB8,
    0x00, 0x00, 0x00, 0x00, 0x00, 0x00, 0x00, 0x00, 0x00, 0x00, 0x00, 0x00, 0x38, 0x00, 0x00, 0x00,
    0x1C, 0x00, 0x03, 0x83, 0x8E, 0x00, 0x00, 0xE1, 0xC3, 0x02, 0x00, 0x70, 0xE1, 0x83, 0x80, 0x38,
    0x71, 0xE1, 0xC0, 0x1E, 0x78, 0xF8, 0xC0, 0x0F, 0xFF, 0xFF, 0xE0, 0x07, 0xFF, 0xE7, 0xF0, 0x03,
    0x80, 0x00, 0x1C, 0x01, 0xC0, 0x00, 0x0F, 0x01, 0xC0, 0x00, 0x03, 0xFF, 0xE0, 0x00, 0x00, 0xFF,
    0xE0, 0x00, 0x00, 0x3F, 0xC0, 0x00, 0x00, 0x00, 0x30, 0x00, 0x0E, 0x00, 0x01, 0xC0, 0x00, 0x6E,
    0x00, 0x1F, 0xC0, 0x01, 0xB8, 0x00, 0x00, 0x00, 0x00, 0x0E, 0x00, 0x01, 0xC0, 0x00, 0x38, 0x70,
    0xE3, 0x0E, 0x18, 0x71, 0xC3, 0x0E, 0x70, 0xE1, 0xCF, 0x1E, 0x77, 0xFF, 0xFE, 0xFF, 0xDF, 0x80,
    0x00, 0x00, 0x00, 0x30, 0x00, 0x00, 0xE0, 0x00, 0x01, 0xC0, 0x00, 0x06, 0xE0, 0x00, 0x1F, 0xC0,
    0x00, 0x1B, 0x80, 0x00, 0x00, 0x00, 0x00, 0x00, 0x00, 0x00, 0x00, 0xC0, 0x00, 0x01, 0x80, 0x70,
    0xE3, 0x80, 0xE1, 0x87, 0x01, 0xC3, 0x0E, 0x07, 0x0E, 0x1C, 0x0F, 0x1E, 0x7C, 0x7F, 0xFF, 0xFF,
    0xFF, 0xDF, 0xBE, 0x00, 0x00, 0x00, 0x00, 0x00, 0x00, 0x78, 0x00, 0x00, 0x01, 0xFC, 0x00, 0x00,
    0x03, 0xFE, 0x00, 0x0E, 0x0F, 0x8F, 0x00, 0x07, 0x1E, 0x07, 0x20, 0x07, 0x1C, 0x07, 0x70, 0x07,
    0x38, 0x07, 0x70, 0x07, 0xF0, 0x1E, 0x60, 0x07, 0xFF, 0xFC, 0xE0, 0x07, 0xFF, 0xF8, 0xE0, 0x07,
    0x1F, 0x80, 0x70, 0x07, 0x00, 0x00, 0x78, 0x0E, 0x00, 0x00, 0x3F, 0xFE, 0x00, 0x00, 0x1F, 0xFC,
    0x00, 0x00, 0x0F, 0xF0, 0x00, 0x00, 0x00, 0x00, 0x00, 0x78, 0x00, 0x00, 0x00, 0x1F, 0xC0, 0x00,
    0x00, 0x03, 0xFE, 0x00, 0x00, 0xE0, 0xF8, 0xF0, 0x00, 0x07, 0x1E, 0x07, 0x02, 0x00, 0x71, 0xC0,
    0x70, 0x70, 0x07, 0x38, 0x07, 0x07, 0x00, 0x7F, 0x01, 0xF0, 0x60, 0x07, 0xFF, 0xFF, 0xEE, 0x00,
    0x7F, 0xFF, 0xFE, 0xE0, 0x07, 0x1F, 0x80, 0x07, 0x00, 0x70, 0x00, 0x00, 0x78, 0x0E, 0x00, 0x00,
    0x03, 0xFF, 0xE0, 0x00, 0x00, 0x1F, 0xFC, 0x00, 0x00, 0x00, 0xFF, 0x00, 0x00, 0x00, 0x00, 0x00,
    0xC0, 0x00, 0x1F, 0xC0, 0x00, 0xFF, 0x87, 0x07, 0x8F, 0x1C, 0x38, 0x1C, 0x71, 0xC0, 0x73, 0xCE,
    0x01, 0xDF, 0x70, 0x1E, 0xFF, 0xFF, 0xF3, 0x9F, 0xFF, 0x80, 0x1F, 0xF0, 0x00, 0x00, 0x00, 0xC0,
    0x00, 0x03, 0xF8, 0x00, 0x03, 0xFE, 0x03, 0x83, 0xC7, 0x81, 0xC3, 0x81, 0xC0, 0xE3, 0x80, 0xE0,
    0xF3, 0x80, 0x70, 0xFB, 0x80, 0xF8, 0xFF, 0xFF, 0xFF, 0xF3, 0xFF, 0xFF, 0xC0, 0x7F, 0xC0, 0x00,
    0x00, 0x00, 0x00, 0x60, 0x00, 0x00, 0x00, 0x70, 0x00, 0x00, 0x00, 0x70, 0x00, 0x00, 0x00, 0x00,
    0x00, 0x00, 0x00, 0x00, 0x00, 0x00, 0x00, 0x78, 0x00, 0x00, 0x01, 0xFC, 0x00, 0x00, 0x03, 0xFE,
    0x00, 0x0E, 0x0F, 0x8F, 0x00, 0x07, 0x1E, 0x07, 0x20, 0x07, 0x1C, 0x07, 0x70, 0x07, 0x38, 0x07,
    0x70, 0x07, 0xF0, 0x1E, 0x60, 0x07, 0xFF, 0xFC, 0xE0, 0x07, 0xFF, 0xF8, 0xE0, 0x07, 0x1F, 0x80,
    0x70, 0x07, 0x00, 0x00, 0x78, 0x0E, 0x00, 0x00, 0x3F, 0xFE, 0x00, 0x00, 0x1F, 0xFC, 0x00, 0x00,
    0x0F, 0xF0, 0x00, 0x00, 0x00, 0x00, 0x00, 0x60, 0x00, 0x00, 0x00, 0x07, 0x00, 0x00, 0x00, 0x00,
    0x70, 0x00, 0x00, 0x00, 0x00, 0x00, 0x00, 0x00, 0x00, 0x00, 0x00, 0x00, 0x00, 0x07, 0x80, 0x00,
    0x00, 0x01, 0xFC, 0x00, 0x00, 0x00, 0x3F, 0xE0, 0x00, 0x0E, 0x0F, 0x8F, 0x00, 0x00, 0x71, 0xE0,
    0x70, 0x20, 0x07, 0x1C, 0x07, 0x07, 0x00, 0x73, 0x80, 0x70, 0x70, 0x07, 0xF0, 0x1F, 0x06, 0x00,
    0x7F, 0xFF, 0xFE, 0xE0, 0x07, 0xFF, 0xFF, 0xEE, 0x00, 0x71, 0xF8, 0x00, 0x70, 0x07, 0x00, 0x00,
    0x07, 0x80, 0xE0, 0x00, 0x00, 0x3F, 0xFE, 0x00, 0x00, 0x01, 0xFF, 0xC0, 0x00, 0x00, 0x0F, 0xF0,
    0x00, 0x00, 0x00, 0x00, 0x01, 0x80, 0x00, 0x07, 0x00, 0x00, 0x1C, 0x00, 0x00, 0x00, 0x00, 0x00,
    0x00, 0x00, 0x03, 0x00, 0x00, 0x7F, 0x00, 0x03, 0xFE, 0x1C, 0x1E, 0x3C, 0x70, 0xE0, 0x71, 0xC7,
    0x01, 0xCF, 0x38, 0x07, 0x7D, 0xC0, 0x7B, 0xFF, 0xFF, 0xCE, 0x7F, 0xFE, 0x00, 0x7F, 0xC0, 0x00,
    0x01, 0x80, 0x00, 0x00, 0xE0, 0x00, 0x00, 0x70, 0x00, 0x00, 0x00, 0x00, 0x00, 0x00, 0x00, 0x00,
    0x06, 0x00, 0x00, 0x1F, 0xC0, 0x00, 0x1F, 0xF0, 0x1C, 0x1E, 0x3C, 0x0E, 0x1C, 0x0E, 0x07, 0x1C,
    0x07, 0x07, 0x9C, 0x03, 0x87, 0xDC, 0x07, 0xC7, 0xFF, 0xFF, 0xFF, 0x9F, 0xFF, 0xFE, 0x03, 0xFE,
    0x00, 0x0E, 0x00, 0x01, 0xC0, 0x00, 0x18, 0x00, 0x03, 0x00, 0x00, 0x60, 0x00, 0x0C, 0x00, 0x01,
    0x80, 0x00, 0x30, 0x00, 0x07, 0x07, 0x00, 0xE7, 0xF0, 0x1D, 0xFF, 0x03, 0xF8, 0xF0, 0x7C, 0x0E,
    0x0F, 0x01, 0xC1, 0xC0, 0x38, 0x70, 0x1E, 0xFF, 0xFF, 0x9F, 0xFF, 0xE0, 0x7F, 0xC0, 0x00, 0x0E,
    0x00, 0x00, 0x1C, 0x00, 0x00, 0x18, 0x00, 0x00, 0x30, 0x00, 0x00, 0x60, 0x00, 0x00, 0xC0, 0x00,
    0x01, 0x80, 0x00, 0x03, 0x00, 0x00, 0x07, 0x07, 0x00, 0x0E, 0x7F, 0x00, 0x1D, 0xFF, 0x00, 0x3F,
    0x8F, 0x00, 0x7C, 0x0E, 0x00, 0xF0, 0x1C, 0x01, 0xC0, 0x38, 0x07, 0x01, 0xF0, 0xFF, 0xFF, 0xFD,
    0xFF, 0xFF, 0xF8, 0x7F, 0xC0, 0x00, 0x30, 0x00, 0x30, 0x00, 0x30, 0x00, 0x30, 0x00, 0x30, 0x00,
    0x30, 0x00, 0x38, 0x00, 0x38, 0x00, 0x38, 0x30, 0x38, 0xFE, 0x3B, 0xFE, 0x3F, 0xC7, 0x3F, 0x07,
    0x3E, 0x07, 0x3C, 0x07, 0x78, 0x7E, 0xFF, 0xFC, 0xFF, 0xF0, 0xF0, 0x00, 0x30, 0x00, 0x06, 0x00,
    0x00, 0xC0, 0x00, 0x18, 0x00, 0x03, 0x00, 0x00, 0x60, 0x00, 0x0E, 0x00, 0x01, 0xC0, 0x00, 0x38,
    0x30, 0x07, 0x1F, 0xC0, 0xEF, 0xF8, 0x1F, 0xE3, 0x83, 0xF0, 0x70, 0x7C, 0x0E, 0x0F, 0x01, 0xC3,
    0xC3, 0xF8, 0xFF, 0xFF, 0xFF, 0xFE, 0xFF, 0xC0, 0x00, 0x00, 0x0E, 0x00, 0x01, 0xC0, 0x00, 0x18,
    0x00, 0x03, 0x03, 0x00, 0x60, 0x70, 0x0C, 0x0C, 0x01, 0x80, 0x00, 0x30, 0x00, 0x07, 0x07, 0x00,
    0xE7, 0xF0, 0x1D, 0xFF, 0x03, 0xF8, 0xF0, 0x7C, 0x0E, 0x0F, 0x01, 0xC1, 0xC0, 0x38, 0x70, 0x1E,
    0xFF, 0xFF, 0x9F, 0xFF, 0xE0, 0x7F, 0xC0, 0x00, 0x0E, 0x00, 0x00, 0x1C, 0x00, 0x00, 0x18, 0x00,
    0x00, 0x30, 0x60, 0x00, 0x61, 0xC0, 0x00, 0xC1, 0x80, 0x01, 0x80, 0x00, 0x03, 0x00, 0x00, 0x07,
    0x07, 0x00, 0x0E, 0x7F, 0x00, 0x1D, 0xFF, 0x00, 0x3F, 0x8F, 0x00, 0x7C, 0x0E, 0x00, 0xF0, 0x1C,
    0x01, 0xC0, 0x38, 0x07, 0x01, 0xF0, 0xFF, 0xFF, 0xFD, 0xFF, 0xFF, 0xF8, 0x7F, 0xC0, 0x00, 0x30,
    0x00, 0x30, 0x00, 0x30, 0x00, 0x30, 0x60, 0x30, 0x70, 0x30, 0x60, 0x38, 0x00, 0x38, 0x00, 0x38,
    0x30, 0x38, 0xFE, 0x3B, 0xFE, 0x3F, 0xC7, 0x3F, 0x07, 0x3E, 0x07, 0x3C, 0x07, 0x78, 0x7E, 0xFF,
    0xFC, 0xFF, 0xF0, 0xF0, 0x00, 0x30, 0x00, 0x06, 0x00, 0x00, 0xC0, 0x00, 0x18, 0x30, 0x03, 0x07,
    0x00, 0x60, 0xC0, 0x0E, 0x00, 0x01, 0xC0, 0x00, 0x38, 0x30, 0x07, 0x1F, 0xC0, 0xEF, 0xF8, 0x1F,
    0xE3, 0x83, 0xF0, 0x70, 0x7C, 0x0E, 0x0F, 0x01, 0xC3, 0xC3, 0xF8, 0xFF, 0xFF, 0xFF, 0xFE, 0xFF,
    0xC0, 0x00, 0x00, 0x0F, 0x00, 0x7F, 0x01, 0xFE, 0x03, 0x80, 0x06, 0x00, 0x0C, 0x00, 0x1C, 0x10,
    0x3F, 0xF0, 0x3F, 0xE0, 0x3E, 0x00, 0xF0, 0x03, 0xC0, 0x07, 0x00, 0x1C, 0x00, 0x38, 0x00, 0x70,
    0x00, 0xE0, 0x01, 0xC0, 0x03, 0x80, 0x03, 0xC0, 0x07, 0xFF, 0xC7, 0xFF, 0xC3, 0xFE, 0x00, 0x03,
    0x80, 0x3F, 0x80, 0xFF, 0x83, 0xC7, 0x07, 0x86, 0x07, 0x9C, 0x07, 0xF0, 0x07, 0xE0, 0x0F, 0xE0,
    0x3F, 0xFC, 0xF3, 0xFB, 0xC0, 0x0F, 0x00, 0x1C, 0x00, 0x38, 0x00, 0x70, 0x00, 0xE0, 0x01, 0xE0,
    0x11, 0xFF, 0xF1, 0xFF, 0xE1, 0xFF, 0x00, 0x0F, 0xC1, 0xFC, 0x3E, 0x83, 0x80, 0x30, 0x03, 0x00,
    0x38, 0x03, 0xE7, 0x1F, 0xFF, 0xFE, 0xFF, 0x00, 0x00, 0x03, 0x80, 0x3F, 0x80, 0xFF, 0x83, 0xC7,
    0x07, 0x06, 0x07, 0x9C, 0x07, 0xF8, 0x07, 0xE0, 0x1F, 0xE1, 0xFF, 0xFB, 0xE3, 0xF8, 0x00, 0x00,
    0x06, 0x00, 0x1E, 0x00, 0x18, 0x00, 0x00, 0x00, 0x00, 0x01, 0xE0, 0x0F, 0xE0, 0x3F, 0xC0, 0x70,
    0x00, 0xC0, 0x01, 0x80, 0x03, 0x82, 0x07, 0xFE, 0x07, 0xFC, 0x07, 0xC0, 0x1E, 0x00, 0x78, 0x00,
    0xE0, 0x03, 0x80, 0x07, 0x00, 0x0E, 0x00, 0x1C, 0x00, 0x38, 0x00, 0x70, 0x00, 0x78, 0x00, 0xFF,
    0xF8, 0xFF, 0xF8, 0x7F, 0xC0, 0x03, 0x00, 0x07, 0x00, 0x0E, 0x00, 0x00, 0x00, 0x00, 0x00, 0x70,
    0x07, 0xF0, 0x1F, 0xF0, 0x78, 0xE0, 0xF0, 0xC0, 0xF3, 0x80, 0xFE, 0x00, 0xFC, 0x01, 0xFC, 0x07,
    0xFF, 0x9E, 0x7F, 0x78, 0x01, 0xE0, 0x03, 0x80, 0x07, 0x00, 0x0E, 0x00, 0x1C, 0x00, 0x3C, 0x02,
    0x3F, 0xFE, 0x3F, 0xFC, 0x3F, 0xE0, 0x03, 0x00, 0x70, 0x07, 0x00, 0x00, 0x00, 0x00, 0xFC, 0x1F,
    0xC3, 0xE8, 0x38, 0x03, 0x00, 0x30, 0x03, 0x80, 0x3E, 0x71, 0xFF, 0xFF, 0xEF, 0xF0, 0x00, 0x00,
    0x03, 0x00, 0x0E, 0x00, 0x0C, 0x00, 0x00, 0x00, 0x00, 0x00, 0x70, 0x07, 0xF0, 0x1F, 0xF0, 0x78,
    0xE0, 0xE0, 0xC0, 0xF3, 0x80, 0xFF, 0x00, 0xFC, 0x03, 0xFC, 0x3F, 0xFF, 0x7C, 0x7F, 0x00, 0x00,
    0x00, 0x00, 0x30, 0x00, 0x00, 0x78, 0x00, 0x00, 0x30, 0x00, 0x00, 0x00, 0x00, 0x00, 0x00, 0x00,
    0x00, 0x38, 0x00, 0x00, 0x7C, 0x00, 0x00, 0xFE, 0x00, 0x01, 0xCE, 0x60, 0x01, 0xC7, 0x70, 0x01,
    0xC7, 0x60, 0x01, 0xC7, 0xE0, 0x01, 0xFF, 0xE0, 0x00, 0xFF, 0xF0, 0x00, 0x07, 0x78, 0x00, 0x0E,
    0x7F, 0xFF, 0xFE, 0x1F, 0xFF, 0xFC, 0x07, 0xFF, 0xE0, 0x00, 0x00, 0x0C, 0x00, 0x00, 0x00, 0x70,
    0x00, 0x00, 0x03, 0x80, 0x00, 0x00, 0x00, 0x00, 0x00, 0x00, 0x00, 0x00, 0x00, 0x07, 0x00, 0x00,
    0x00, 0xFC, 0x0C, 0x00, 0x07, 0xF0, 0x70, 0x00, 0x73, 0xC3, 0x00, 0x03, 0x8E, 0x38, 0x00, 0x1C,
    0x71, 0xC0, 0x00, 0xE3, 0x8F, 0x00, 0x07, 0xB8, 0x3C, 0x00, 0x1F, 0xC1, 0xFF, 0xFF, 0xFF, 0xE3,
    0xFF, 0xFF, 0xFF, 0x07, 0xFF, 0x80, 0x00, 0x0E, 0x01, 0xC0, 0x38, 0x00, 0x00, 0x00, 0x1E, 0x07,
    0xE1, 0xFE, 0x39, 0xC6, 0x39, 0xC3, 0x1C, 0x63, 0xFC, 0x3F, 0x80, 0x70, 0x3C, 0xFF, 0x9F, 0xC0,
    0x00, 0x00, 0x06, 0x00, 0x1C, 0x00, 0x60, 0x00, 0x00, 0x00, 0x00, 0x1C, 0x01, 0xF8, 0x07, 0xF0,
    0x39, 0xE0, 0xE3, 0x83, 0x0E, 0x0E, 0x38, 0x3D, 0xC0, 0x7F, 0x0F, 0xFF, 0xFF, 0xFF, 0x00, 0x00,
    0x00, 0x1B, 0x80, 0x07, 0xF0, 0x00, 0x6E, 0x00, 0x00, 0x00, 0x00, 0x00, 0x00, 0x0E, 0x00, 0x07,
    0xE0, 0x00, 0xFE, 0x00, 0x39, 0xC0, 0x07, 0x19, 0xC0, 0xC3, 0xB8, 0x1C, 0x77, 0x03, 0xFF, 0xC0,
    0x3F, 0xB8, 0x01, 0xF7, 0x00, 0x0E, 0x70, 0x03, 0xCF, 0x00, 0xF0, 0xFF, 0xFC, 0x0F, 0xFF, 0x00,
    0x7F, 0x80, 0x00, 0x1D, 0x80, 0x00, 0x7F, 0x00, 0x01, 0xD8, 0x00, 0x00, 0x00, 0x00, 0x00, 0x00,
    0x00, 0x18, 0x00, 0x00, 0xF8, 0x00, 0x07, 0xF0, 0x00, 0x39, 0xC0, 0x00, 0xE7, 0x03, 0x03, 0x0E,
    0x1C, 0x0E, 0x38, 0x70, 0x3F, 0xFD, 0x80, 0x7F, 0xFE, 0x00, 0x3F, 0x38, 0x00, 0x70, 0x70, 0x03,
    0xC1, 0xE0, 0x1E, 0x03, 0xFF, 0xF0, 0x0F, 0xFF, 0x80, 0x0F, 0xF8, 0x00, 0x1B, 0x07, 0x70, 0x6E,
    0x00, 0x00, 0x00, 0x1E, 0x07, 0xE1, 0xFE, 0x39, 0xC6, 0x39, 0xC3, 0x1C, 0x63, 0xFC, 0x3F, 0x80,
    0x70, 0x3C, 0xFF, 0x9F, 0xC0, 0x00, 0x00, 0x1D, 0x80, 0x7E, 0x01, 0xD8, 0x00, 0x00, 0x00, 0x00,
    0x1C, 0x01, 0xF8, 0x07, 0xF0, 0x39, 0xE0, 0xE3, 0x83, 0x0E, 0x0E, 0x38, 0x3D, 0xC0, 0x7F, 0x0F,
    0xFF, 0xFF, 0xFF, 0x00, 0x00, 0x00, 0x00, 0x30, 0x00, 0x01, 0x80, 0x00, 0x0E, 0x00, 0x00, 0x70,
    0x00, 0x83, 0x80, 0x1E, 0x1C, 0x00, 0xE0, 0xE0, 0x0E, 0x07, 0x00, 0x38, 0x3B, 0x00, 0xC1, 0xDC,
    0x0F, 0x0E, 0xC1, 0xF0, 0x7E, 0x06, 0x03, 0xF0, 0x00, 0x1F, 0xC0, 0x00, 0xEF, 0x00, 0x1E, 0x7F,
    0xFF, 0xF0, 0xFF, 0xFF, 0x01, 0xFF, 0x80, 0x00, 0x00, 0x30, 0x00, 0x00, 0x18, 0x00, 0x00, 0x0E,
    0x00, 0x00, 0x07, 0x00, 0x00, 0x83, 0x80, 0x01, 0xE1, 0xC0, 0x00, 0xE0, 0xE0, 0x00, 0xE0, 0x70,
    0x00, 0x38, 0x38, 0x30, 0x0C, 0x1C, 0x1C, 0x0F, 0x0E, 0x0C, 0x1F, 0x07, 0x0E, 0x06, 0x03, 0x87,
    0x00, 0x01, 0xC3, 0xC0, 0x00, 0xE0, 0xF0, 0x01, 0xF8, 0x7F, 0xFF, 0xFF, 0x8F, 0xFF, 0xF7, 0xC1,
    0xFF, 0xC0, 0x00, 0x00, 0x40, 0x3C, 0x1F, 0x8F, 0xC7, 0xE0, 0xF0, 0x3C, 0x03, 0xC0, 0x3C, 0x03,
    0xC0, 0x3C, 0x03, 0x80, 0x38, 0x07, 0x00, 0xE0, 0x3C, 0xFF, 0x1F, 0xC3, 0x00, 0x00, 0x00, 0x40,
    0x0F, 0x80, 0x7E, 0x07, 0xE0, 0x7E, 0x01, 0xE0, 0x0E, 0x00, 0x1C, 0x00, 0x78, 0x00, 0x70, 0x00,
    0xE0, 0x01, 0xC0, 0x03, 0x80, 0x0E, 0x00, 0x3C, 0x01, 0xFC, 0xFF, 0xFF, 0xF9, 0xFC, 0x00, 0x00,
    0x00, 0x07, 0x00, 0x07, 0x00, 0x07, 0x00, 0x07, 0x00, 0x07, 0x00, 0x07, 0x00, 0x07, 0x00, 0x07,
    0x00, 0x07, 0x00, 0x07, 0x00, 0x07, 0x00, 0x07, 0x00, 0x07, 0x20, 0x07, 0x70, 0x07, 0x70, 0x07,
    0x60, 0x07, 0xE0, 0x07, 0xE0, 0x07, 0x70, 0x0E, 0x78, 0x1E, 0x7F, 0xFC, 0x3F, 0xF8, 0x0F, 0xF0,
    0x00, 0x07, 0x00, 0x00, 0x70, 0x00, 0x07, 0x00, 0x00, 0x70, 0x00, 0x07, 0x00, 0x00, 0x70, 0x00,
    0x07, 0x00, 0x00, 0x70, 0x00, 0x07, 0x00, 0x00, 0x70, 0x00, 0x07, 0x00, 0x00, 0x70, 0x00, 0x07,
    0x02, 0x00, 0x70, 0x70, 0x07, 0x07, 0x00, 0x78, 0x60, 0x07, 0xFE, 0x00, 0x7F, 0xE0, 0x07, 0x07,
    0x00, 0xF0, 0x78, 0x1E, 0x03, 0xFF, 0xC0, 0x1F, 0xF8, 0x00, 0xFE, 0x00, 0x38, 0xE3, 0x8E, 0x38,
    0xE3, 0x8E, 0x38, 0xE3, 0x8E, 0x18, 0x61, 0x8E, 0xFB, 0xC0, 0x00, 0x38, 0x1C, 0x0E, 0x07, 0x03,
    0x81, 0xC0, 0xE0, 0x70, 0x38, 0x1C, 0x0E, 0x07, 0x01, 0x80, 0xC0, 0x70, 0x7C, 0xFF, 0xFB, 0xC0,
    0x00, 0x07, 0x81, 0xFC, 0x3F, 0xE3, 0x8E, 0x30, 0x60, 0x06, 0x0F, 0xE3, 0xFE, 0x7F, 0xEF, 0x00,
    0xE0, 0x0E, 0x00, 0xE0, 0x0E, 0x00, 0xE0, 0x06, 0x00, 0x60, 0x07, 0x00, 0x70, 0x07, 0x00, 0x00,
    0x00, 0x07, 0xC0, 0x0F, 0xE0, 0x1F, 0xE0, 0x3C, 0x70, 0x78, 0x70, 0x7C, 0x30, 0xFE, 0x38, 0xEF,
    0xFF, 0xE7, 0xFF, 0xE1, 0xC0, 0xE0, 0x00, 0xE0, 0x00, 0xE0, 0x00, 0xE0, 0x00, 0x60, 0x00, 0x70,
    0x00, 0x70, 0x00, 0x70, 0x00, 0x70, 0x00, 0x07, 0xC0, 0xFE, 0x0F, 0xE1, 0xC7, 0x18, 0x73, 0x87,
    0x7E, 0x7F, 0xFE, 0xE7, 0xE0, 0x00, 0x00, 0x00, 0x07, 0xC0, 0x0F, 0xE0, 0x0E, 0xE0, 0x1C, 0x70,
    0x38, 0x70, 0x3C, 0x38, 0x7E, 0x3C, 0xFF, 0xFF, 0xE7, 0xFF, 0x01, 0xC0, 0x01, 0x80, 0x01, 0xC0,
    0x01, 0xC0, 0x00, 0x00, 0x00, 0x00, 0x00, 0x0E, 0x00, 0x0E, 0x00, 0x0E, 0x20, 0x07, 0x70, 0x07,
    0x70, 0x07, 0x60, 0x07, 0xE0, 0x07, 0xE0, 0x07, 0x70, 0x07, 0x78, 0x1E, 0x7F, 0xFC, 0x3F, 0xF8,
    0x0F, 0xF0, 0x01, 0x80, 0x00, 0x1C, 0x00, 0x01, 0xC0, 0x00, 0x00, 0x00, 0x00, 0x00, 0x00, 0x00,
    0x00, 0x00, 0x0E, 0x00, 0x00, 0x70, 0x20, 0x07, 0x07, 0x00, 0x70, 0x70, 0x07, 0x86, 0x00, 0x7F,
    0xE0, 0x07, 0xFE, 0x00, 0x70, 0x70, 0x07, 0x07, 0x00, 0xE0, 0x7F, 0xFE, 0x03, 0xFF, 0xC0, 0x0F,
    0xF0, 0x00, 0x30, 0xE3, 0x00, 0x00, 0x03, 0x8E, 0x38, 0x71, 0xC7, 0x1C, 0xFF, 0xBC, 0x00, 0x18,
    0x0E, 0x01, 0x80, 0x00, 0x00, 0x00, 0x01, 0xC0, 0x70, 0x1C, 0x07, 0x03, 0xE3, 0xFF, 0xF7, 0xC0,
    0x00, 0x08, 0x07, 0x81, 0xE0, 0xFC, 0x3B, 0x9C, 0x66, 0x1F, 0x87, 0xE1, 0xDC, 0xE7, 0xF8, 0xFC,
    0x01, 0x80, 0x06, 0x00, 0xFC, 0x07, 0xF0, 0x3F, 0xC1, 0xC7, 0x06, 0x1C, 0x38, 0x70, 0x7F, 0xC1,
    0xFF, 0x03, 0xFE, 0x00, 0x3F, 0x00, 0x7C, 0x00, 0x00, 0x08, 0x00, 0x38, 0x00, 0xF0, 0x07, 0xE0,
    0x3F, 0xC0, 0xE7, 0x83, 0x1F, 0x0C, 0x7E, 0x39, 0xF8, 0xFE, 0x71, 0xF1, 0xFF, 0xFE, 0xFF, 0xF8,
    0x01, 0x80, 0x03, 0x80, 0x1F, 0x00, 0xFC, 0x07, 0x38, 0x1C, 0xE0, 0xE3, 0x83, 0x8C, 0x0E, 0x70,
    0x3F, 0xC3, 0xFF, 0xFF, 0xFF, 0xCE, 0x1C, 0x38, 0x70, 0xF1, 0xC1, 0xFE, 0x03, 0xF8, 0x03, 0x80,
    0x1C, 0x1F, 0x9F, 0xCE, 0x7E, 0x3F, 0x1F, 0x8E, 0xFF, 0x7F, 0x87, 0xC1, 0xC3, 0xEF, 0xE7, 0xE3,
    0x80, 0x1C, 0x01, 0xF8, 0x1F, 0xC0, 0xE7, 0x0E, 0x38, 0x71, 0xC3, 0xCE, 0x0F, 0xFE, 0x7F, 0xF0,
    0x3F, 0x01, 0xC0, 0x3E, 0x0F, 0xE0, 0x7E, 0x03, 0x80, 0x00, 0x00, 0x03, 0xC0, 0x01, 0xFC, 0x00,
    0x7F, 0x00, 0x1E, 0x00, 0x03, 0x80, 0x00, 0xE0, 0x08, 0x1C, 0x03, 0x83, 0xE0, 0x70, 0x3F, 0x0C,
    0x01, 0xFB, 0x80, 0x07, 0x70, 0x00, 0xE7, 0x00, 0x3C, 0xF0, 0x0F, 0x1F, 0xFF, 0xC1, 0xFF, 0xF0,
    0x0F, 0xF0, 0x00, 0x20, 0x00, 0x07, 0x00, 0xC0, 0x70, 0x0F, 0x86, 0x00, 0xFF, 0xE0, 0x03, 0xFE,
    0x00, 0x1C, 0x70, 0x01, 0xC7, 0x80, 0x78, 0x3F, 0xFF, 0x81, 0xFF, 0xE0, 0x0F, 0xF8, 0x00, 0x00,
    0x03, 0xC0, 0x01, 0xFC, 0x00, 0x7F, 0x00, 0x1E, 0x00, 0x03, 0x80, 0x00, 0xE0, 0x08, 0x1C, 0x03,
    0x83, 0xE0, 0x70, 0x3F, 0x0C, 0x01, 0xFB, 0x80, 0x07, 0x70, 0x00, 0xE7, 0x00, 0x3C, 0xF0, 0x0F,
    0x1F, 0xFF, 0xC1, 0xFF, 0xF0, 0x0F, 0xF0, 0x00, 0x00, 0x00, 0x00, 0x00, 0x01, 0xB8, 0x00, 0x3F,
    0x00, 0x06, 0xE0, 0x00, 0x20, 0x00, 0x07, 0x00, 0xC0, 0x70, 0x0F, 0x86, 0x00, 0xFF, 0xE0, 0x03,
    0xFE, 0x00, 0x1C, 0x70, 0x01, 0xC7, 0x80, 0x78, 0x3F, 0xFF, 0x81, 0xFF, 0xE0, 0x0F, 0xF8, 0x00,
    0x00, 0x00, 0x00, 0x00, 0x00, 0x76, 0x00, 0x07, 0xF0, 0x00, 0x76, 0x00, 0x00, 0x18, 0x38, 0x70,
    0xE0, 0xC1, 0x83, 0x0E, 0xFD, 0xF0, 0x00, 0x0D, 0xDF, 0xB7, 0x00, 0x01, 0xC0, 0x30, 0x0E, 0x01,
    0xC0, 0x7C, 0x3F, 0xFF, 0xBF, 0x00, 0x00, 0x00, 0xD8, 0x3B, 0x83, 0x60, 0x78, 0x01, 0xFF, 0x3B,
    0x3C, 0x70, 0x00, 0xE0, 0x81, 0xC3, 0x83, 0x87, 0xC7, 0x07, 0xCE, 0x03, 0xDC, 0x03, 0xF8, 0x03,
    0xE0, 0x01, 0xC0, 0x07, 0xC0, 0x1F, 0xC0, 0x7B, 0x81, 0xE3, 0x07, 0x8E, 0x1F, 0xFC, 0x3F, 0xF0,
    0x38, 0x00, 0x0F, 0xF3, 0x81, 0x3E, 0x70, 0x00, 0x0E, 0x00, 0x01, 0xC0, 0x30, 0x38, 0x07, 0x07,
    0x00, 0x70, 0xE0, 0x07, 0x1C, 0x00, 0x73, 0x80, 0x07, 0x70, 0x00, 0x7E, 0x00, 0x0F, 0xC0, 0x00,
    0xF8, 0x00, 0x0F, 0x00, 0x01, 0xF0, 0x01, 0xFE, 0x03, 0xFD, 0xF8, 0x7F, 0x1F, 0x00, 0x00, 0x00,
    0x38, 0x01, 0xE0, 0x06, 0x00, 0x18, 0x00, 0x7C, 0x39, 0xF0, 0xE6, 0x03, 0x84, 0x0E, 0x38, 0x38,
    0xF8, 0xE1, 0xF3, 0x81, 0xEE, 0x03, 0xF8, 0x07, 0xC0, 0x07, 0x00, 0x3E, 0x01, 0xFC, 0x0F, 0x70,
    0x78, 0xC3, 0xC7, 0x1F, 0xFC, 0x7F, 0xE0, 0x30, 0x00, 0x78, 0x00, 0x30, 0x00, 0x18, 0x00, 0x07,
    0x87, 0x07, 0xC3, 0x83, 0x01, 0xC0, 0x00, 0xE0, 0x60, 0x70, 0x38, 0x38, 0x0E, 0x1C, 0x03, 0x8E,
    0x00, 0xE7, 0x00, 0x3B, 0x80, 0x0F, 0xC0, 0x07, 0xE0, 0x01, 0xF0, 0x00, 0x78, 0x00, 0x3E, 0x00,
    0xFF, 0x07, 0xFB, 0xF3, 0xF8, 0xF8, 0x00, 0x00, 0x00, 0xE0, 0x0E, 0x00, 0xE4, 0x0E, 0xE0, 0xEF,
    0x8E, 0x7C, 0xE1, 0xEE, 0x0F, 0xE0, 0x7C, 0x01, 0xC0, 0x3E, 0x07, 0xF0, 0xF7, 0x1E, 0x33, 0xC7,
    0x7F, 0xF7, 0xFE, 0x00, 0x03, 0x80, 0x78, 0x06, 0x00, 0x60, 0x07, 0xC0, 0x7C, 0x06, 0x00, 0x00,
    0xE0, 0x00, 0xE0, 0x00, 0xE0, 0x00, 0xE0, 0xC0, 0xE0, 0xE0, 0xE0, 0x70, 0xE0, 0x38, 0xE0, 0x1C,
    0xE0, 0x0E, 0xE0, 0x07, 0xE0, 0x07, 0xE0, 0x03, 0xE0, 0x01, 0xE0, 0x01, 0xF0, 0x0F, 0xF0, 0xFF,
    0x7E, 0xFE, 0x3E, 0x00, 0x00, 0x0C, 0x00, 0x1E, 0x00, 0x38, 0x00, 0x38, 0x00, 0x1F, 0x00, 0x3F,
    0x00, 0x18, 0x00, 0x00, 0xE0, 0x0E, 0x00, 0xE4, 0x0E, 0xE0, 0xEF, 0x8E, 0x7C, 0xE1, 0xEE, 0x0F,
    0xE0, 0x7C, 0x01, 0xC0, 0x3E, 0x07, 0xF0, 0xF7, 0x1E, 0x33, 0xC7, 0x7F, 0xF7, 0xFE, 0x00, 0xE0,
    0x00, 0xE0, 0x00, 0xE0, 0x00, 0xE0, 0xC0, 0xE0, 0xE0, 0xE0, 0x70, 0xE0, 0x38, 0xE0, 0x1C, 0xE0,
    0x0E, 0xE0, 0x07, 0xE0, 0x07, 0xE0, 0x03, 0xE0, 0x01, 0xE0, 0x01, 0xF0, 0x0F, 0xF0, 0xFF, 0x7E,
    0xFE, 0x3E, 0x00, 0x00, 0x00, 0x30, 0x00, 0x00, 0xF0, 0x00, 0x03, 0xF0, 0x00, 0x0F, 0xF0, 0x00,
    0x3F, 0xF0, 0x00, 0xF0, 0xF0, 0x03, 0xC0, 0x70, 0x0F, 0xBC, 0xF0, 0x3F, 0xF9, 0xF0, 0xFF, 0xF3,
    0xFB, 0xFF, 0xC7, 0xFF, 0xFF, 0x1F, 0xF7, 0xFC, 0xFF, 0xC7, 0xF9, 0xFF, 0x07, 0xFF, 0xFC, 0x07,
    0xFF, 0xF0, 0x07, 0xFF, 0xC0, 0x07, 0x9F, 0x00, 0x07, 0x3C, 0x00, 0x07, 0xF0, 0x00, 0x07, 0xC0,
    0x00, 0x07, 0x00, 0x00, 0x04, 0x00, 0x00,
};

static const EpdGlyph ubuntu_12_regularGlyphs[] = {
    { 0, 0, 0, 0, 0, 0, 0 }, // U+0000
    { 0, 0, 0, 0, 0, 0, 0 }, // U+0008
    { 0, 0, 92, 0, 0, 0, 0 }, // U+0009
    { 0, 0, 92, 0, 0, 0, 0 }, // U+000D
    { 0, 0, 0, 0, 0, 0, 0 }, // U+001D
    { 0, 0, 92, 0, 0, 0, 0 }, // U+0020
    { 5, 17, 110, 1, 17, 11, 0 }, // !
    { 8, 6, 167, 1, 20, 6, 11 }, // "
    { 15, 17, 267, 1, 17, 32, 17 }, // #
    { 12, 23, 226, 1, 20, 35, 49 }, // $
    { 20, 17, 343, 1, 17, 43, 84 }, // %
    { 16, 17, 266, 1, 17, 34, 127 }, // &
    { 4, 6, 96, 1, 20, 3, 161 }, // '
    { 7, 25, 130, 1, 20, 22, 164 }, // (
    { 7, 25, 130, 0, 20, 22, 186 }, // )
    { 12, 10, 192, 0, 17, 15, 208 }, // *
    { 12, 12, 226, 1, 14, 18, 223 }, // +
    { 5, 7, 98, 0, 3, 5, 241 }, // ,
    { 7, 2, 120, 0, 8, 2, 246 }, // -
    { 4, 3, 98, 1, 3, 2, 248 }, // .
    { 12, 25, 154, -1, 20, 38, 250 }, // /
    { 12, 17, 226, 1, 17, 26, 288 }, // 0
    { 8, 17, 226, 2, 17, 17, 314 }, // 1
    { 12, 17, 226, 1, 17, 26, 331 }, // 2
    { 12, 17, 226, 1, 17, 26, 357 }, // 3
    { 13, 17, 226, 1, 17, 28, 383 }, // 4
    { 12, 17, 226, 1, 17, 26, 411 }, // 5
    { 12, 17, 226, 1, 17, 26, 437 }, // 6
    { 12, 17, 226, 1, 17, 26, 463 }, // 7
    { 12, 17, 226, 1, 17, 26, 489 }, // 8
    { 12, 17, 226, 1, 17, 26, 515 }, // 9
    { 4, 13, 98, 1, 13, 7, 541 }, // :
    { 5, 17, 98, 0, 13, 11, 548 }, // ;
    { 12, 11, 226, 1, 13, 17, 559 }, // <
    { 12, 7, 226, 1, 11, 11, 576 }, // =
    { 12, 11, 226, 1, 13, 17, 587 }, // >
    { 10, 17, 162, 0, 17, 22, 604 }, // ?
    { 22, 22, 380, 1, 18, 61, 626 }, // @
    { 17, 17, 265, 0, 17, 37, 687 }, // A
    { 13, 17, 257, 2, 17, 28, 724 }, // B
    { 14, 17, 248, 1, 17, 30, 752 }, // C
    { 15, 17, 285, 2, 17, 32, 782 }, // D
    { 12, 17, 228, 2, 17, 26, 814 }, // E
    { 11, 17, 215, 2, 17, 24, 840 }, // F
    { 15, 17, 269, 1, 17, 32, 864 }, // G
    { 14, 17, 282, 2, 17, 30, 896 }, // H
    { 3, 17, 108, 2, 17, 7, 926 }, // I
    { 11, 17, 200, 0, 17, 24, 933 }, // J
    { 14, 17, 252, 2, 17, 30, 957 }, // K
    { 11, 17, 208, 2, 17, 24, 987 }, // L
    { 20, 17, 348, 1, 17, 43, 1011 }, // M
    { 15, 17, 291, 2, 17, 32, 1054 }, // N
    { 17, 17, 311, 1, 17, 37, 1086 }, // O
    { 13, 17, 243, 2, 17, 28, 1123 }, // P
    { 17, 22, 311, 1, 17, 47, 1151 }, // Q
    { 14, 17, 252, 2, 17, 30, 1198 }, // R
    { 13, 17, 213, 0, 17, 28, 1228 }, // S
    { 14, 17, 226, 0, 17, 30, 1256 }, // T
    { 14, 17, 275, 2, 17, 30, 1286 }, // U
    { 17, 17, 262, 0, 17, 37, 1316 }, // V
    { 23, 17, 372, 0, 17, 49, 1353 }, // W
    { 16, 17, 252, 0, 17, 34, 1402 }, // X
    { 15, 17, 239, 0, 17, 32, 1436 }, // Y
    { 14, 17, 229, 0, 17, 30, 1468 }, // Z
    { 7, 25, 132, 2, 20, 22, 1498 }, // [
    { 12, 25, 154, -1, 20, 38, 1520 }, // <backslash>
    { 6, 25, 132, 0, 20, 19, 1558 }, // ]
    { 12, 9, 226, 1, 17, 14, 1577 }, // ^
    { 14, 2, 197, -1, -3, 4, 1591 }, // _
    { 6, 5, 150, 1, 20, 4, 1595 }, // `
    { 11, 13, 209, 1, 13, 18, 1599 }, // a
    { 12, 19, 236, 2, 19, 29, 1617 }, // b
    { 11, 13, 186, 1, 13, 18, 1646 }, // c
    { 12, 19, 236, 1, 19, 29, 1664 }, // d
    { 12, 13, 224, 1, 13, 20, 1693 }, // e
    { 8, 19, 154, 2, 19, 19, 1713 }, // f
    { 12, 18, 231, 1, 13, 27, 1732 }, // g
    { 11, 19, 228, 2, 19, 27, 1759 }, // h
    { 4, 18, 101, 1, 18, 9, 1786 }, // i
    { 7, 23, 101, -2, 18, 21, 1795 }, // j
    { 11, 19, 209, 2, 19, 27, 1816 }, // k
    { 6, 19, 109, 1, 19, 15, 1843 }, // l
    { 18, 13, 344, 2, 13, 30, 1858 }, // m
    { 11, 13, 230, 2, 13, 18, 1888 }, // n
    { 13, 13, 236, 1, 13, 22, 1906 }, // o
    { 12, 18, 236, 2, 13, 27, 1928 }, // p
    { 12, 18, 236, 1, 13, 27, 1955 }, // q
    { 8, 13, 154, 2, 13, 13, 1982 }, // r
    { 10, 13, 178, 1, 13, 17, 1995 }, // s
    { 9, 17, 161, 1, 17, 20, 2012 }, // t
    { 12, 13, 230, 1, 13, 20, 2032 }, // u
    { 13, 13, 201, 0, 13, 22, 2052 }, // v
    { 19, 13, 311, 0, 13, 31, 2074 }, // w
    { 13, 13, 204, 0, 13, 22, 2105 }, // x
    { 12, 18, 199, 0, 13, 27, 2127 }, // y
    { 11, 13, 188, 0, 13, 18, 2154 }, // z
    { 8, 25, 133, 1, 20, 25, 2172 }, // {
    { 3, 25, 112, 2, 20, 10, 2197 }, // |
    { 8, 25, 133, 0, 20, 25, 2207 }, // }
    { 12, 4, 226, 1, 10, 6, 2232 }, // ~
    { 0, 0, 92, 0, 0, 0, 2238 }, // U+00A0
    { 5, 18, 110, 1, 13, 12, 2238 }, // U+00A1
    { 10, 19, 226, 2, 16, 24, 2250 }, // U+00A2
    { 12, 17, 226, 1, 17, 26, 2274 }, // U+00A3
    { 12, 12, 226, 1, 15, 18, 2300 }, // U+00A4
    { 14, 17, 226, 0, 17, 30, 2318 }, // U+00A5
    { 3, 25, 112, 2, 20, 10, 2348 }, // U+00A6
    { 11, 20, 197, 1, 18, 28, 2358 }, // U+00A7
    { 9, 3, 150, 0, 18, 4, 2386 }, // U+00A8
    { 18, 17, 326, 1, 17, 39, 2390 }, // U+00A9
    { 9, 9, 156, 0, 17, 11, 2429 }, // U+00AA
    { 12, 11, 200, 0, 13, 17, 2440 }, // U+00AB
    { 12, 9, 226, 1, 10, 14, 2457 }, // U+00AC
    { 7, 2, 120, 0, 8, 2, 2471 }, // U+00AD
    { 18, 17, 326, 1, 17, 39, 2473 }, // U+00AE
    { 8, 2, 150, 1, 18, 2, 2512 }, // U+00AF
    { 8, 7, 133, 0, 19, 7, 2514 }, // U+00B0
    { 12, 15, 226, 1, 15, 23, 2521 }, // U+00B1
    { 8, 10, 144, 0, 18, 10, 2544 }, // U+00B2
    { 8, 10, 144, 0, 18, 10, 2554 }, // U+00B3
    { 5, 5, 150, 3, 20, 4, 2564 }, // U+00B4
    { 11, 18, 232, 2, 13, 25, 2568 }, // U+00B5
    { 13, 22, 258, 1, 17, 36, 2593 }, // U+00B6
    { 4, 3, 98, 1, 9, 2, 2629 }, // U+00B7
    { 6, 6, 150, 1, 1, 5, 2631 }, // U+00B8
    { 5, 10, 144, 1, 18, 7, 2636 }, // U+00B9
    { 10, 9, 178, 1, 17, 12, 2643 }, // U+00BA
    { 11, 11, 200, 1, 13, 16, 2655 }, // U+00BB
    { 21, 18, 350, 1, 18, 48, 2671 }, // U+00BC
    { 20, 18, 350, 1, 18, 45, 2719 }, // U+00BD
    { 22, 18, 350, 0, 18, 50, 2764 }, // U+00BE
    { 10, 18, 162, 0, 13, 23, 2814 }, // U+00BF
    { 17, 24, 265, 0, 24, 51, 2837 }, // U+00C0
    { 17, 24, 265, 0, 24, 51, 2888 }, // U+00C1
    { 17, 24, 265, 0, 24, 51, 2939 }, // U+00C2
    { 17, 23, 265, 0, 23, 49, 2990 }, // U+00C3
    { 17, 22, 265, 0, 22, 47, 3039 }, // U+00C4
    { 17, 21, 265, 0, 21, 45, 3086 }, // U+00C5
    { 23, 17, 374, 0, 17, 49, 3131 }, // U+00C6
    { 14, 23, 248, 1, 17, 41, 3180 }, // U+00C7
    { 12, 24, 228, 2, 24, 36, 3221 }, // U+00C8
    { 12, 24, 228, 2, 24, 36, 3257 }, // U+00C9
    { 12, 24, 228, 2, 24, 36, 3293 }, // U+00CA
    { 12, 22, 228, 2, 22, 33, 3329 }, // U+00CB
    { 6, 24, 108, 0, 24, 18, 3362 }, // U+00CC
    { 6, 24, 108, 1, 24, 18, 3380 }, // U+00CD
    { 8, 24, 108, -1, 24, 24, 3398 }, // U+00CE
    { 9, 22, 108, -1, 22, 25, 3422 }, // U+00CF
    { 17, 17, 290, 0, 17, 37, 3447 }, // U+00D0
    { 15, 23, 291, 2, 23, 44, 3484 }, // U+00D1
    { 17, 24, 311, 1, 24, 51, 3528 }, // U+00D2
    { 17, 24, 311, 1, 24, 51, 3579 }, // U+00D3
    { 17, 24, 311, 1, 24, 51, 3630 }, // U+00D4
    { 17, 23, 311, 1, 23, 49, 3681 }, // U+00D5
    { 17, 22, 311, 1, 22, 47, 3730 }, // U+00D6
    { 11, 11, 226, 2, 13, 16, 3777 }, // U+00D7
    { 17, 19, 311, 1, 18, 41, 3793 }, // U+00D8
    { 14, 24, 275, 2, 24, 42, 3834 }, // U+00D9
    { 14, 24, 275, 2, 24, 42, 3876 }, // U+00DA
    { 14, 24, 275, 2, 24, 42, 3918 }, // U+00DB
    { 14, 22, 275, 2, 22, 39, 3960 }, // U+00DC
    { 15, 24, 239, 0, 24, 45, 3999 }, // U+00DD
    { 13, 17, 244, 2, 17, 28, 4044 }, // U+00DE
    { 13, 19, 249, 2, 19, 31, 4072 }, // U+00DF
    { 11, 20, 209, 1, 20, 28, 4103 }, // U+00E0
    { 11, 20, 209, 1, 20, 28, 4131 }, // U+00E1
    { 11, 20, 209, 1, 20, 28, 4159 }, // U+00E2
    { 11, 19, 209, 1, 19, 27, 4187 }, // U+00E3
    { 11, 18, 209, 1, 18, 25, 4214 }, // U+00E4
    { 11, 20, 209, 1, 20, 28, 4239 }, // U+00E5
    { 20, 13, 344, 1, 13, 33, 4267 }, // U+00E6
    { 11, 19, 186, 1, 13, 27, 4300 }, // U+00E7
    { 12, 20, 224, 1, 20, 30, 4327 }, // U+00E8
    { 12, 20, 224, 1, 20, 30, 4357 }, // U+00E9
    { 12, 20, 224, 1, 20, 30, 4387 }, // U+00EA
    { 12, 18, 224, 1, 18, 27, 4417 }, // U+00EB
    { 5, 20, 101, 0, 20, 13, 4444 }, // U+00EC
    { 6, 20, 101, 1, 20, 15, 4457 }, // U+00ED
    { 8, 20, 101, -1, 20, 20, 4472 }, // U+00EE
    { 8, 18, 101, -1, 18, 18, 4492 }, // U+00EF
    { 14, 19, 236, 1, 19, 34, 4510 }, // U+00F0
    { 11, 19, 230, 2, 19, 27, 4544 }, // U+00F1
    { 13, 20, 236, 1, 20, 33, 4571 }, // U+00F2
    { 13, 20, 236, 1, 20, 33, 4604 }, // U+00F3
    { 13, 20, 236, 1, 20, 33, 4637 }, // U+00F4
    { 13, 19, 236, 1, 19, 31, 4670 }, // U+00F5
    { 13, 18, 236, 1, 18, 30, 4701 }, // U+00F6
    { 12, 12, 226, 1, 14, 18, 4731 }, // U+00F7
    { 13, 15, 236, 1, 14, 25, 4749 }, // U+00F8
    { 12, 20, 230, 1, 20, 30, 4774 }, // U+00F9
    { 12, 20, 230, 1, 20, 30, 4804 }, // U+00FA
    { 12, 20, 230, 1, 20, 30, 4834 }, // U+00FB
    { 12, 18, 230, 1, 18, 27, 4864 }, // U+00FC
    { 12, 25, 199, 0, 20, 38, 4891 }, // U+00FD
    { 12, 24, 236, 2, 19, 36, 4929 }, // U+00FE
    { 12, 23, 199, 0, 18, 35, 4965 }, // U+00FF
    { 17, 22, 265, 0, 22, 47, 5000 }, // U+0100
    { 11, 18, 209, 1, 18, 25, 5047 }, // U+0101
    { 17, 23, 265, 0, 23, 49, 5072 }, // U+0102
    { 11, 19, 209, 1, 19, 27, 5121 }, // U+0103
    { 17, 22, 265, 0, 17, 47, 5148 }, // U+0104
    { 11, 18, 209, 1, 13, 25, 5195 }, // U+0105
    { 14, 24, 248, 1, 24, 42, 5220 }, // U+0106
    { 11, 20, 186, 1, 20, 28, 5262 }, // U+0107
    { 14, 24, 248, 1, 24, 42, 5290 }, // U+0108
    { 11, 20, 186, 1, 20, 28, 5332 }, // U+0109
    { 14, 22, 248, 1, 22, 39, 5360 }, // U+010A
    { 11, 18, 186, 1, 18, 25, 5399 }, // U+010B
    { 14, 24, 248, 1, 24, 42, 5424 }, // U+010C
    { 11, 20, 186, 1, 20, 28, 5466 }, // U+010D
    { 15, 24, 285, 2, 24, 45, 5494 }, // U+010E
    { 16, 19, 249, 1, 19, 38, 5539 }, // U+010F
    { 17, 17, 290, 0, 17, 37, 5577 }, // U+0110
    { 14, 19, 236, 1, 19, 34, 5614 }, // U+0111
    { 12, 22, 228, 2, 22, 33, 5648 }, // U+0112
    { 12, 18, 224, 1, 18, 27, 5681 }, // U+0113
    { 12, 23, 228, 2, 23, 35, 5708 }, // U+0114
    { 12, 19, 224, 1, 19, 29, 5743 }, // U+0115
    { 12, 22, 228, 2, 22, 33, 5772 }, // U+0116
    { 12, 18, 224, 1, 18, 27, 5805 }, // U+0117
    { 12, 22, 228, 2, 17, 33, 5832 }, // U+0118
    { 12, 18, 224, 1, 13, 27, 5865 }, // U+0119
    { 12, 24, 228, 2, 24, 36, 5892 }, // U+011A
    { 12, 21, 224, 1, 21, 32, 5928 }, // U+011B
    { 15, 24, 269, 1, 24, 45, 5960 }, // U+011C
    { 12, 25, 231, 1, 20, 38, 6005 }, // U+011D
    { 15, 23, 269, 1, 23, 44, 6043 }, // U+011E
    { 12, 24, 231, 1, 19, 36, 6087 }, // U+011F
    { 15, 22, 269, 1, 22, 42, 6123 }, // U+0120
    { 12, 23, 231, 1, 18, 35, 6165 }, // U+0121
    { 15, 21, 269, 1, 17, 40, 6200 }, // U+0122
    { 12, 24, 231, 1, 19, 36, 6240 }, // U+0123
    { 14, 24, 282, 2, 24, 42, 6276 }, // U+0124
    { 12, 25, 228, 1, 25, 38, 6318 }, // U+0125
    { 18, 17, 292, 0, 17, 39, 6356 }, // U+0126
    { 13, 19, 228, 0, 19, 31, 6395 }, // U+0127
    { 9, 23, 108, -1, 23, 26, 6426 }, // U+0128
    { 9, 19, 101, -1, 19, 22, 6452 }, // U+0129
    { 8, 22, 108, -1, 22, 22, 6474 }, // U+012A
    { 8, 18, 101, -1, 18, 18, 6496 }, // U+012B
    { 7, 23, 108, 0, 23, 21, 6514 }, // U+012C
    { 8, 19, 101, -1, 19, 19, 6535 }, // U+012D
    { 5, 22, 108, 0, 17, 14, 6554 }, // U+012E
    { 5, 23, 101, 0, 18, 15, 6568 }, // U+012F
    { 4, 22, 108, 1, 22, 11, 6583 }, // U+0130
    { 3, 13, 101, 2, 13, 5, 6594 }, // U+0131
    { 16, 17, 307, 2, 17, 34, 6599 }, // U+0132
    { 11, 23, 204, 1, 18, 32, 6633 }, // U+0133
    { 13, 24, 200, 0, 24, 39, 6665 }, // U+0134
    { 9, 25, 101, -2, 20, 29, 6704 }, // U+0135
    { 14, 21, 252, 2, 17, 37, 6733 }, // U+0136
    { 11, 23, 209, 2, 19, 32, 6770 }, // U+0137
    { 12, 13, 215, 2, 13, 20, 6802 }, // U+0138
    { 11, 24, 208, 2, 24, 33, 6822 }, // U+0139
    { 6, 23, 109, 1, 23, 18, 6855 }, // U+013A
    { 11, 21, 208, 2, 17, 29, 6873 }, // U+013B
    { 7, 23, 109, 0, 19, 21, 6902 }, // U+013C
    { 11, 17, 208, 2, 17, 24, 6923 }, // U+013D
    { 8, 19, 114, 1, 19, 19, 6947 }, // U+013E
    { 11, 17, 208, 2, 17, 24, 6966 }, // U+013F
    { 9, 19, 148, 1, 19, 22, 6990 }, // U+0140
    { 15, 17, 215, -1, 17, 32, 7012 }, // U+0141
    { 8, 19, 115, 0, 19, 19, 7044 }, // U+0142
    { 15, 24, 291, 2, 24, 45, 7063 }, // U+0143
    { 11, 20, 230, 2, 20, 28, 7108 }, // U+0144
    { 15, 21, 291, 2, 17, 40, 7136 }, // U+0145
    { 11, 17, 230, 2, 13, 24, 7176 }, // U+0146
    { 15, 24, 291, 2, 24, 45, 7200 }, // U+0147
    { 11, 20, 230, 2, 20, 28, 7245 }, // U+0148
    { 13, 19, 230, 0, 19, 31, 7273 }, // U+0149
    { 15, 22, 291, 2, 17, 42, 7304 }, // U+014A
    { 11, 18, 230, 2, 13, 25, 7346 }, // U+014B
    { 17, 22, 311, 1, 22, 47, 7371 }, // U+014C
    { 13, 18, 236, 1, 18, 30, 7418 }, // U+014D
    { 17, 23, 311, 1, 23, 49, 7448 }, // U+014E
    { 13, 19, 236, 1, 19, 31, 7497 }, // U+014F
    { 17, 24, 311, 1, 24, 51, 7528 }, // U+0150
    { 13, 20, 236, 1, 20, 33, 7579 }, // U+0151
    { 23, 17, 397, 1, 17, 49, 7612 }, // U+0152
    { 22, 13, 379, 1, 13, 36, 7661 }, // U+0153
    { 14, 24, 252, 2, 24, 42, 7697 }, // U+0154
    { 8, 20, 154, 2, 20, 20, 7739 }, // U+0155
    { 14, 21, 252, 2, 17, 37, 7759 }, // U+0156
    { 10, 17, 154, 0, 13, 22, 7796 }, // U+0157
    { 14, 24, 252, 2, 24, 42, 7818 }, // U+0158
    { 8, 20, 154, 2, 20, 20, 7860 }, // U+0159
    { 13, 24, 213, 0, 24, 39, 7880 }, // U+015A
    { 10, 20, 178, 1, 20, 25, 7919 }, // U+015B
    { 13, 24, 213, 0, 24, 39, 7944 }, // U+015C
    { 10, 20, 178, 1, 20, 25, 7983 }, // U+015D
    { 13, 22, 213, 0, 17, 36, 8008 }, // U+015E
    { 10, 18, 178, 1, 13, 23, 8044 }, // U+015F
    { 13, 24, 213, 0, 24, 39, 8067 }, // U+0160
    { 10, 20, 178, 1, 20, 25, 8106 }, // U+0161
    { 14, 23, 226, 0, 17, 41, 8131 }, // U+0162
    { 9, 22, 161, 1, 17, 25, 8172 }, // U+0163
    { 14, 24, 226, 0, 24, 42, 8197 }, // U+0164
    { 9, 20, 161, 1, 20, 23, 8239 }, // U+0165
    { 14, 17, 226, 0, 17, 30, 8262 }, // U+0166
    { 9, 17, 161, 1, 17, 20, 8292 }, // U+0167
    { 14, 23, 275, 2, 23, 41, 8312 }, // U+0168
    { 12, 19, 230, 1, 19, 29, 8353 }, // U+0169
    { 14, 22, 275, 2, 22, 39, 8382 }, // U+016A
    { 12, 18, 230, 1, 18, 27, 8421 }, // U+016B
    { 14, 23, 275, 2, 23, 41, 8448 }, // U+016C
    { 12, 19, 230, 1, 19, 29, 8489 }, // U+016D
    { 14, 24, 275, 2, 24, 42, 8518 }, // U+016E
    { 12, 20, 230, 1, 20, 30, 8560 }, // U+016F
    { 14, 24, 275, 2, 24, 42, 8590 }, // U+0170
    { 12, 20, 230, 1, 20, 30, 8632 }, // U+0171
    { 14, 22, 275, 2, 17, 39, 8662 }, // U+0172
    { 12, 18, 230, 1, 13, 27, 8701 }, // U+0173
    { 23, 24, 372, 0, 24, 69, 8728 }, // U+0174
    { 19, 20, 311, 0, 20, 48, 8797 }, // U+0175
    { 15, 24, 239, 0, 24, 45, 8845 }, // U+0176
    { 12, 25, 199, 0, 20, 38, 8890 }, // U+0177
    { 15, 22, 239, 0, 22, 42, 8928 }, // U+0178
    { 14, 24, 229, 0, 24, 42, 8970 }, // U+0179
    { 11, 20, 188, 0, 20, 28, 9012 }, // U+017A
    { 14, 22, 229, 0, 22, 39, 9040 }, // U+017B
    { 11, 18, 188, 0, 18, 25, 9079 }, // U+017C
    { 14, 24, 229, 0, 24, 42, 9104 }, // U+017D
    { 11, 20, 188, 0, 20, 28, 9146 }, // U+017E
    { 8, 19, 109, 2, 19, 19, 9174 }, // U+017F
    { 16, 17, 282, 1, 17, 34, 9193 }, // U+018F
    { 18, 19, 311, 1, 19, 43, 9227 }, // U+01A0
    { 14, 15, 236, 1, 15, 27, 9270 }, // U+01A1
    { 17, 20, 284, 2, 20, 43, 9297 }, // U+01AF
    { 15, 16, 239, 1, 16, 30, 9340 }, // U+01B0
    { 30, 24, 516, 2, 24, 90, 9370 }, // U+01C4
    { 27, 20, 475, 2, 20, 68, 9460 }, // U+01C5
    { 25, 20, 426, 1, 20, 63, 9528 }, // U+01C6
    { 22, 17, 407, 2, 17, 47, 9591 }, // U+01C7
    { 16, 23, 310, 2, 18, 46, 9638 }, // U+01C8
    { 11, 24, 212, 1, 19, 33, 9684 }, // U+01C9
    { 27, 17, 491, 2, 17, 58, 9717 }, // U+01CA
    { 21, 23, 394, 2, 18, 61, 9775 }, // U+01CB
    { 18, 23, 332, 2, 18, 52, 9836 }, // U+01CC
    { 17, 24, 265, 0, 24, 51, 9888 }, // U+01CD
    { 11, 20, 209, 1, 20, 28, 9939 }, // U+01CE
    { 7, 24, 108, 0, 24, 21, 9967 }, // U+01CF
    { 8, 20, 101, -1, 20, 20, 9988 }, // U+01D0
    { 17, 24, 311, 1, 24, 51, 10008 }, // U+01D1
    { 13, 20, 236, 1, 20, 33, 10059 }, // U+01D2
    { 14, 24, 275, 2, 24, 42, 10092 }, // U+01D3
    { 12, 20, 230, 1, 20, 30, 10134 }, // U+01D4
    { 14, 25, 275, 2, 25, 44, 10164 }, // U+01D5
    { 12, 21, 230, 1, 21, 32, 10208 }, // U+01D6
    { 14, 24, 275, 2, 24, 42, 10240 }, // U+01D7
    { 12, 21, 230, 1, 21, 32, 10282 }, // U+01D8
    { 14, 25, 275, 2, 25, 44, 10314 }, // U+01D9
    { 12, 22, 230, 1, 22, 33, 10358 }, // U+01DA
    { 14, 24, 275, 2, 24, 42, 10391 }, // U+01DB
    { 12, 21, 230, 1, 21, 32, 10433 }, // U+01DC
    { 12, 13, 224, 1, 13, 20, 10465 }, // U+01DD
    { 17, 25, 265, 0, 25, 54, 10485 }, // U+01DE
    { 11, 21, 209, 1, 21, 29, 10539 }, // U+01DF
    { 17, 25, 265, 0, 25, 54, 10568 }, // U+01E0
    { 11, 21, 209, 1, 21, 29, 10622 }, // U+01E1
    { 23, 22, 374, 0, 22, 64, 10651 }, // U+01E2
    { 20, 18, 344, 1, 18, 45, 10715 }, // U+01E3
    { 17, 17, 281, 1, 17, 37, 10760 }, // U+01E4
    { 14, 18, 236, 1, 13, 32, 10797 }, // U+01E5
    { 15, 24, 269, 1, 24, 45, 10829 }, // U+01E6
    { 12, 25, 231, 1, 20, 38, 10874 }, // U+01E7
    { 14, 24, 252, 2, 24, 42, 10912 }, // U+01E8
    { 12, 25, 209, 1, 25, 38, 10954 }, // U+01E9
    { 17, 22, 311, 1, 17, 47, 10992 }, // U+01EA
    { 13, 18, 236, 1, 13, 30, 11039 }, // U+01EB
    { 17, 27, 311, 1, 22, 58, 11069 }, // U+01EC
    { 13, 23, 236, 1, 18, 38, 11127 }, // U+01ED
    { 13, 24, 227, 0, 24, 39, 11165 }, // U+01EE
    { 12, 25, 188, -1, 20, 38, 11204 }, // U+01EF
    { 9, 25, 101, -2, 20, 29, 11242 }, // U+01F0
    { 30, 17, 516, 2, 17, 64, 11271 }, // U+01F1
    { 27, 17, 475, 2, 17, 58, 11335 }, // U+01F2
    { 25, 19, 426, 1, 19, 60, 11393 }, // U+01F3
    { 15, 24, 269, 1, 24, 45, 11453 }, // U+01F4
    { 12, 25, 231, 1, 20, 38, 11498 }, // U+01F5
    { 23, 17, 423, 2, 17, 49, 11536 }, // U+01F6
    { 13, 22, 257, 2, 17, 36, 11585 }, // U+01F7
    { 15, 24, 291, 2, 24, 45, 11621 }, // U+01F8
    { 11, 20, 230, 2, 20, 28, 11666 }, // U+01F9
    { 17, 23, 265, 0, 23, 49, 11694 }, // U+01FA
    { 11, 21, 209, 1, 21, 29, 11743 }, // U+01FB
    { 23, 24, 374, 0, 24, 69, 11772 }, // U+01FC
    { 20, 20, 344, 1, 20, 50, 11841 }, // U+01FD
    { 17, 25, 311, 1, 24, 54, 11891 }, // U+01FE
    { 13, 21, 236, 1, 20, 35, 11945 }, // U+01FF
    { 17, 24, 265, 0, 24, 51, 11980 }, // U+0200
    { 11, 20, 209, 1, 20, 28, 12031 }, // U+0201
    { 17, 23, 265, 0, 23, 49, 12059 }, // U+0202
    { 11, 19, 209, 1, 19, 27, 12108 }, // U+0203
    { 12, 24, 228, 2, 24, 36, 12135 }, // U+0204
    { 12, 20, 224, 1, 20, 30, 12171 }, // U+0205
    { 12, 23, 228, 2, 23, 35, 12201 }, // U+0206
    { 12, 19, 224, 1, 19, 29, 12236 }, // U+0207
    { 9, 24, 108, -2, 24, 27, 12265 }, // U+0208
    { 10, 20, 101, -3, 20, 25, 12292 }, // U+0209
    { 7, 23, 108, 0, 23, 21, 12317 }, // U+020A
    { 8, 19, 101, -1, 19, 19, 12338 }, // U+020B
    { 17, 24, 311, 1, 24, 51, 12357 }, // U+020C
    { 13, 20, 236, 1, 20, 33, 12408 }, // U+020D
    { 17, 23, 311, 1, 23, 49, 12441 }, // U+020E
    { 13, 19, 236, 1, 19, 31, 12490 }, // U+020F
    { 14, 24, 252, 2, 24, 42, 12521 }, // U+0210
    { 10, 20, 154, 0, 20, 25, 12563 }, // U+0211
    { 14, 23, 252, 2, 23, 41, 12588 }, // U+0212
    { 8, 19, 154, 2, 19, 19, 12629 }, // U+0213
    { 14, 24, 275, 2, 24, 42, 12648 }, // U+0214
    { 12, 20, 230, 1, 20, 30, 12690 }, // U+0215
    { 14, 23, 275, 2, 23, 41, 12720 }, // U+0216
    { 12, 19, 230, 1, 19, 29, 12761 }, // U+0217
    { 13, 21, 213, 0, 17, 35, 12790 }, // U+0218
    { 10, 17, 178, 1, 13, 22, 12825 }, // U+0219
    { 14, 21, 226, 0, 17, 37, 12847 }, // U+021A
    { 9, 21, 161, 1, 17, 24, 12884 }, // U+021B
    { 13, 22, 214, 0, 17, 36, 12908 }, // U+021C
    { 10, 18, 174, 0, 13, 23, 12944 }, // U+021D
    { 14, 24, 282, 2, 24, 42, 12967 }, // U+021E
    { 12, 25, 228, 1, 25, 38, 13009 }, // U+021F
    { 12, 15, 226, 1, 14, 23, 13047 }, // U+0259
    { 6, 5, 0, -13, 20, 4, 13070 }, // U+0300
    { 6, 5, 0, -9, 20, 4, 13074 }, // U+0301
    { 10, 5, 0, -5, 20, 7, 13078 }, // U+0302
    { 10, 4, 0, -13, 19, 5, 13085 }, // U+0303
    { 8, 2, 0, -4, 17, 2, 13090 }, // U+0304
    { 12, 3, 0, -6, 22, 5, 13092 }, // U+0305
    { 8, 4, 0, -4, 19, 4, 13097 }, // U+0306
    { 4, 4, 0, -2, 19, 2, 13101 }, // U+0307
    { 8, 4, 0, -4, 19, 4, 13103 }, // U+0308
    { 6, 7, 0, -10, 21, 6, 13107 }, // U+0309
    { 6, 6, 0, -3, 21, 5, 13113 }, // U+030A
    { 10, 5, 0, -4, 20, 7, 13118 }, // U+030B
    { 10, 5, 0, -5, 20, 7, 13125 }, // U+030C
    { 2, 5, 0, -1, 19, 2, 13132 }, // U+030D
    { 6, 5, 0, -3, 19, 4, 13134 }, // U+030E
    { 10, 5, 0, -13, 20, 7, 13138 }, // U+030F
    { 8, 7, 0, -4, 22, 7, 13145 }, // U+0310
    { 8, 4, 150, 1, 19, 4, 13152 }, // U+0311
    { 4, 7, 0, -2, 18, 4, 13156 }, // U+0312
    { 4, 7, 0, -2, 18, 4, 13160 }, // U+0313
    { 4, 7, 0, -2, 18, 4, 13164 }, // U+0314
    { 4, 7, 0, -2, 18, 4, 13168 }, // U+0315
    { 6, 5, 0, -3, 0, 4, 13172 }, // U+0316
    { 6, 5, 0, -3, 0, 4, 13176 }, // U+0317
    { 6, 6, 0, -3, 0, 5, 13180 }, // U+0318
    { 6, 6, 0, -3, 0, 5, 13185 }, // U+0319
    { 7, 6, 125, 0, 19, 6, 13190 }, // U+031A
    { 6, 6, 0, -3, 19, 5, 13196 }, // U+031B
    { 4, 6, 0, -2, 0, 3, 13201 }, // U+031C
    { 6, 5, 0, -3, -1, 4, 13204 }, // U+031D
    { 6, 5, 0, -3, -1, 4, 13208 }, // U+031E
    { 6, 6, 0, -3, 0, 5, 13212 }, // U+031F
    { 6, 3, 0, -3, -2, 3, 13217 }, // U+0320
    { 5, 8, 0, -5, 2, 5, 13220 }, // U+0321
    { 5, 8, 0, 0, 2, 5, 13225 }, // U+0322
    { 3, 4, 0, -9, -1, 2, 13230 }, // U+0323
    { 8, 4, 0, -4, -1, 4, 13232 }, // U+0324
    { 6, 6, 0, -3, 0, 5, 13236 }, // U+0325
    { 4, 5, 0, -2, -1, 3, 13241 }, // U+0326
    { 6, 6, 0, -3, 0, 5, 13244 }, // U+0327
    { 6, 7, 0, -3, 1, 6, 13249 }, // U+0328
    { 2, 5, 0, -1, -1, 2, 13255 }, // U+0329
    { 10, 5, 0, -5, -1, 7, 13257 }, // U+032A
    { 10, 4, 0, -5, -1, 5, 13264 }, // U+032B
    { 10, 5, 0, -5, 0, 7, 13269 }, // U+032C
    { 10, 5, 0, -5, 0, 7, 13276 }, // U+032D
    { 8, 4, 0, -4, -1, 4, 13283 }, // U+032E
    { 8, 4, 0, -4, -1, 4, 13287 }, // U+032F
    { 10, 4, 0, -5, -1, 5, 13291 }, // U+0330
    { 8, 2, 0, -4, -2, 2, 13296 }, // U+0331
    { 12, 2, 0, -6, -2, 3, 13298 }, // U+0332
    { 12, 6, 0, -6, 0, 9, 13301 }, // U+0333
    { 10, 4, 0, -5, 9, 5, 13310 }, // U+0334
    { 12, 3, 0, -6, 9, 5, 13315 }, // U+0335
    { 18, 2, 0, -9, 8, 5, 13320 }, // U+0336
    { 8, 6, 0, -4, 10, 6, 13325 }, // U+0337
    { 10, 21, 0, -5, 19, 27, 13331 }, // U+0338
    { 4, 6, 0, -2, 0, 3, 13358 }, // U+0339
    { 10, 5, 0, -5, -1, 7, 13361 }, // U+033A
    { 10, 6, 0, -5, 0, 8, 13368 }, // U+033B
    { 10, 4, 0, -5, -1, 5, 13376 }, // U+033C
    { 6, 6, 0, -3, 20, 5, 13381 }, // U+033D
    { 4, 8, 0, -2, 22, 4, 13386 }, // U+033E
    { 12, 6, 0, -6, 25, 9, 13390 }, // U+033F
    { 6, 5, 0, -4, 20, 4, 13399 }, // U+0340
    { 6, 5, 0, -1, 20, 4, 13403 }, // U+0341
    { 10, 4, 0, -5, 19, 5, 13407 }, // U+0342
    { 4, 5, 0, -2, 20, 3, 13412 }, // U+0343
    { 9, 5, 0, -4, 20, 6, 13415 }, // U+0344
    { 4, 4, 0, -1, -2, 2, 13421 }, // U+0345
    { 12, 6, 0, -6, 20, 9, 13423 }, // U+0346
    { 12, 6, 0, -6, 0, 9, 13432 }, // U+0347
    { 6, 5, 0, -3, -1, 4, 13441 }, // U+0348
    { 6, 5, 0, -3, -1, 4, 13445 }, // U+0349
    { 10, 6, 0, -5, 20, 8, 13449 }, // U+034A
    { 10, 10, 0, -5, 24, 13, 13457 }, // U+034B
    { 10, 7, 0, -5, 22, 9, 13470 }, // U+034C
    { 10, 6, 0, -5, 0, 8, 13479 }, // U+034D
    { 6, 6, 0, -3, 0, 5, 13487 }, // U+034E
    { 18, 18, 0, -9, 18, 41, 13492 }, // U+034F
    { 5, 6, 0, -3, 20, 4, 13533 }, // U+0350
    { 4, 6, 0, -2, 21, 3, 13537 }, // U+0351
    { 8, 6, 0, -4, 21, 6, 13540 }, // U+0352
    { 6, 6, 0, -3, 0, 5, 13546 }, // U+0353
    { 5, 5, 0, -3, -1, 4, 13551 }, // U+0354
    { 5, 5, 0, -3, -1, 4, 13555 }, // U+0355
    { 10, 5, 0, -5, -1, 7, 13559 }, // U+0356
    { 4, 6, 0, -2, 21, 3, 13566 }, // U+0357
    { 3, 4, 0, 3, 19, 2, 13569 }, // U+0358
    { 6, 6, 0, -3, 0, 5, 13571 }, // U+0359
    { 10, 6, 0, -5, 0, 8, 13576 }, // U+035A
    { 6, 6, 0, -3, 20, 5, 13584 }, // U+035B
    { 20, 5, 0, -10, -1, 13, 13589 }, // U+035C
    { 20, 5, 0, -10, 19, 13, 13602 }, // U+035D
    { 16, 2, 0, -8, 17, 4, 13615 }, // U+035E
    { 16, 2, 0, -8, -2, 4, 13619 }, // U+035F
    { 20, 4, 0, -10, 19, 10, 13623 }, // U+0360
    { 20, 6, 0, -10, 22, 15, 13633 }, // U+0361
    { 21, 6, 0, -10, 0, 16, 13648 }, // U+0362
    { 6, 6, 0, -3, 21, 5, 13664 }, // U+0363
    { 6, 6, 0, -3, 21, 5, 13669 }, // U+0364
    { 2, 8, 0, -1, 23, 2, 13674 }, // U+0365
    { 7, 6, 0, -3, 21, 6, 13676 }, // U+0366
    { 6, 6, 0, -3, 21, 5, 13682 }, // U+0367
    { 5, 6, 0, -2, 21, 4, 13687 }, // U+0368
    { 6, 9, 0, -3, 24, 7, 13691 }, // U+0369
    { 6, 9, 0, -3, 24, 7, 13698 }, // U+036A
    { 10, 6, 0, -5, 21, 8, 13705 }, // U+036B
    { 5, 6, 0, -2, 21, 4, 13713 }, // U+036C
    { 5, 8, 0, -2, 23, 5, 13717 }, // U+036D
    { 7, 6, 0, -3, 21, 6, 13722 }, // U+036E
    { 7, 6, 0, -3, 21, 6, 13728 }, // U+036F
    { 12, 24, 228, 2, 24, 36, 13734 }, // U+0400
    { 12, 22, 228, 2, 22, 33, 13770 }, // U+0401
    { 18, 17, 300, 0, 17, 39, 13803 }, // U+0402
    { 11, 24, 204, 2, 24, 33, 13842 }, // U+0403
    { 14, 17, 248, 1, 17, 30, 13875 }, // U+0404
    { 13, 17, 213, 0, 17, 28, 13905 }, // U+0405
    { 3, 17, 108, 2, 17, 7, 13933 }, // U+0406
    { 9, 22, 108, -1, 22, 25, 13940 }, // U+0407
    { 11, 17, 200, 0, 17, 24, 13965 }, // U+0408
    { 26, 18, 417, 0, 17, 59, 13989 }, // U+0409
    { 23, 17, 410, 2, 17, 49, 14048 }, // U+040A
    { 18, 17, 300, 0, 17, 39, 14097 }, // U+040B
    { 14, 24, 252, 2, 24, 42, 14136 }, // U+040C
    { 15, 24, 291, 2, 24, 45, 14178 }, // U+040D
    { 15, 23, 235, 0, 23, 44, 14223 }, // U+040E
    { 14, 22, 280, 2, 17, 39, 14267 }, // U+040F
    { 17, 17, 265, 0, 17, 37, 14306 }, // U+0410
    { 13, 17, 248, 2, 17, 28, 14343 }, // U+0411
    { 13, 17, 257, 2, 17, 28, 14371 }, // U+0412
    { 11, 17, 204, 2, 17, 24, 14399 }, // U+0413
    { 18, 22, 289, 0, 17, 50, 14423 }, // U+0414
    { 12, 17, 228, 2, 17, 26, 14473 }, // U+0415
    { 23, 17, 362, 0, 17, 49, 14499 }, // U+0416
    { 14, 17, 229, 0, 17, 30, 14548 }, // U+0417
    { 15, 17, 291, 2, 17, 32, 14578 }, // U+0418
    { 15, 23, 291, 2, 23, 44, 14610 }, // U+0419
    { 14, 17, 252, 2, 17, 30, 14654 }, // U+041A
    { 16, 17, 283, 0, 17, 34, 14684 }, // U+041B
    { 20, 17, 348, 1, 17, 43, 14718 }, // U+041C
    { 14, 17, 282, 2, 17, 30, 14761 }, // U+041D
    { 17, 17, 311, 1, 17, 37, 14791 }, // U+041E
    { 14, 17, 280, 2, 17, 30, 14828 }, // U+041F
    { 13, 17, 243, 2, 17, 28, 14858 }, // U+0420
    { 14, 17, 248, 1, 17, 30, 14886 }, // U+0421
    { 14, 17, 226, 0, 17, 30, 14916 }, // U+0422
    { 15, 17, 235, 0, 17, 32, 14946 }, // U+0423
    { 20, 18, 346, 1, 18, 45, 14978 }, // U+0424
    { 16, 17, 252, 0, 17, 34, 15023 }, // U+0425
    { 16, 22, 287, 2, 17, 44, 15057 }, // U+0426
    { 13, 17, 252, 1, 17, 28, 15101 }, // U+0427
    { 21, 17, 393, 2, 17, 45, 15129 }, // U+0428
    { 23, 22, 401, 2, 17, 64, 15174 }, // U+0429
    { 18, 17, 290, 0, 17, 39, 15238 }, // U+042A
    { 18, 17, 342, 2, 17, 39, 15277 }, // U+042B
    { 13, 17, 246, 2, 17, 28, 15316 }, // U+042C
    { 15, 17, 248, 0, 17, 32, 15344 }, // U+042D
    { 23, 17, 412, 2, 17, 49, 15376 }, // U+042E
    { 14, 17, 254, 0, 17, 30, 15425 }, // U+042F
    { 11, 13, 209, 1, 13, 18, 15455 }, // U+0430
    { 13, 19, 238, 1, 19, 31, 15473 }, // U+0431
    { 11, 13, 219, 2, 13, 18, 15504 }, // U+0432
    { 9, 13, 167, 2, 13, 15, 15522 }, // U+0433
    { 15, 17, 241, 0, 13, 32, 15537 }, // U+0434
    { 12, 13, 224, 1, 13, 20, 15569 }, // U+0435
    { 19, 13, 305, 0, 13, 31, 15589 }, // U+0436
    { 10, 13, 196, 1, 13, 17, 15620 }, // U+0437
    { 11, 13, 239, 2, 13, 18, 15637 }, // U+0438
    { 11, 19, 239, 2, 19, 27, 15655 }, // U+0439
    { 12, 13, 215, 2, 13, 20, 15682 }, // U+043A
    { 13, 13, 239, 0, 13, 22, 15702 }, // U+043B
    { 16, 13, 292, 1, 13, 26, 15724 }, // U+043C
    { 11, 13, 234, 2, 13, 18, 15750 }, // U+043D
    { 13, 13, 236, 1, 13, 22, 15768 }, // U+043E
    { 11, 13, 231, 2, 13, 18, 15790 }, // U+043F
    { 12, 18, 236, 2, 13, 27, 15808 }, // U+0440
    { 11, 13, 186, 1, 13, 18, 15835 }, // U+0441
    { 12, 13, 185, 0, 13, 20, 15853 }, // U+0442
    { 12, 18, 199, 0, 13, 27, 15873 }, // U+0443
    { 17, 24, 306, 1, 19, 51, 15900 }, // U+0444
    { 13, 13, 204, 0, 13, 22, 15951 }, // U+0445
    { 13, 17, 234, 2, 13, 28, 15973 }, // U+0446
    { 11, 13, 213, 1, 13, 18, 16001 }, // U+0447
    { 17, 13, 329, 2, 13, 28, 16019 }, // U+0448
    { 19, 17, 334, 2, 13, 41, 16047 }, // U+0449
    { 15, 13, 239, 0, 13, 25, 16088 }, // U+044A
    { 15, 13, 303, 2, 13, 25, 16113 }, // U+044B
    { 11, 13, 211, 2, 13, 18, 16138 }, // U+044C
    { 12, 13, 199, 0, 13, 20, 16156 }, // U+044D
    { 17, 13, 324, 2, 13, 28, 16176 }, // U+044E
    { 12, 13, 219, 0, 13, 20, 16204 }, // U+044F
    { 12, 20, 224, 1, 20, 30, 16224 }, // U+0450
    { 12, 18, 224, 1, 18, 27, 16254 }, // U+0451
    { 13, 24, 228, 0, 19, 39, 16281 }, // U+0452
    { 9, 20, 167, 2, 20, 23, 16320 }, // U+0453
    { 11, 13, 199, 1, 13, 18, 16343 }, // U+0454
    { 10, 13, 178, 1, 13, 17, 16361 }, // U+0455
    { 4, 18, 101, 1, 18, 9, 16378 }, // U+0456
    { 9, 18, 101, -1, 18, 21, 16387 }, // U+0457
    { 7, 23, 101, -2, 18, 21, 16408 }, // U+0458
    { 21, 13, 345, 0, 13, 35, 16429 }, // U+0459
    { 19, 13, 340, 2, 13, 31, 16464 }, // U+045A
    { 13, 19, 228, 0, 19, 31, 16495 }, // U+045B
    { 12, 20, 215, 2, 20, 30, 16526 }, // U+045C
    { 11, 20, 239, 2, 20, 28, 16556 }, // U+045D
    { 12, 24, 199, 0, 19, 36, 16584 }, // U+045E
    { 11, 17, 230, 2, 13, 24, 16620 }, // U+045F
    { 23, 19, 368, 0, 18, 55, 16644 }, // U+0460
    { 20, 14, 316, 0, 14, 35, 16699 }, // U+0461
    { 18, 18, 290, 0, 18, 41, 16734 }, // U+0462
    { 15, 19, 239, 0, 19, 36, 16775 }, // U+0463
    { 21, 20, 369, 2, 19, 53, 16811 }, // U+0464
    { 16, 15, 297, 2, 14, 30, 16864 }, // U+0465
    { 18, 18, 273, 0, 18, 41, 16894 }, // U+0466
    { 15, 14, 229, 0, 14, 27, 16935 }, // U+0467
    { 22, 18, 372, 2, 18, 50, 16962 }, // U+0468
    { 18, 14, 312, 2, 14, 32, 17012 }, // U+0469
    { 18, 18, 292, 0, 18, 41, 17044 }, // U+046A
    { 16, 14, 256, 0, 14, 28, 17085 }, // U+046B
    { 23, 18, 394, 2, 18, 52, 17113 }, // U+046C
    { 20, 14, 340, 2, 14, 35, 17165 }, // U+046D
    { 14, 28, 235, 0, 22, 49, 17200 }, // U+046E
    { 12, 22, 196, 0, 17, 33, 17249 }, // U+046F
    { 17, 18, 322, 2, 18, 39, 17282 }, // U+0470
    { 16, 25, 304, 1, 19, 50, 17321 }, // U+0471
    { 17, 17, 311, 1, 17, 37, 17371 }, // U+0472
    { 13, 13, 236, 1, 13, 22, 17408 }, // U+0473
    { 20, 17, 301, 0, 17, 43, 17430 }, // U+0474
    { 15, 13, 226, 0, 13, 25, 17473 }, // U+0475
    { 17, 24, 254, 0, 24, 51, 17498 }, // U+0476
    { 14, 20, 206, 0, 20, 35, 17549 }, // U+0477
    { 30, 25, 488, 1, 19, 94, 17584 }, // U+0478
    { 27, 20, 438, 1, 14, 68, 17678 }, // U+0479
    { 18, 22, 328, 1, 20, 50, 17746 }, // U+047A
    { 15, 17, 264, 1, 15, 32, 17796 }, // U+047B
    { 24, 27, 410, 1, 26, 81, 17828 }, // U+047C
    { 21, 24, 362, 1, 23, 63, 17909 }, // U+047D
    { 23, 24, 368, 0, 23, 69, 17972 }, // U+047E
    { 20, 18, 316, 0, 18, 45, 18041 }, // U+047F
    { 15, 25, 257, 1, 19, 47, 18086 }, // U+0480
    { 11, 20, 197, 1, 14, 28, 18133 }, // U+0481
    { 13, 17, 244, 1, 16, 28, 18161 }, // U+0482
    { 10, 4, 0, -12, 18, 5, 18189 }, // U+0483
    { 10, 4, 0, -12, 19, 5, 18194 }, // U+0484
    { 4, 5, 0, -9, 20, 3, 18199 }, // U+0485
    { 4, 5, 0, -9, 20, 3, 18202 }, // U+0486
    { 10, 4, 0, -5, 23, 5, 18205 }, // U+0487
    { 30, 27, 0, -15, 20, 102, 18210 }, // U+0488
    { 28, 28, 0, -14, 21, 98, 18312 }, // U+0489
    { 17, 28, 298, 2, 23, 60, 18410 }, // U+048A
    { 14, 24, 243, 2, 19, 42, 18470 }, // U+048B
    { 15, 18, 252, 0, 18, 34, 18512 }, // U+048C
    { 13, 13, 210, 0, 13, 22, 18546 }, // U+048D
    { 13, 17, 243, 2, 17, 28, 18568 }, // U+048E
    { 12, 18, 236, 2, 13, 27, 18596 }, // U+048F
    { 11, 20, 204, 2, 20, 28, 18623 }, // U+0490
    { 9, 16, 171, 2, 16, 18, 18651 }, // U+0491
    { 13, 17, 209, 0, 17, 28, 18669 }, // U+0492
    { 11, 13, 170, 0, 13, 18, 18697 }, // U+0493
    { 13, 22, 250, 2, 17, 36, 18715 }, // U+0494
    { 11, 18, 218, 2, 13, 25, 18751 }, // U+0495
    { 23, 22, 368, 0, 17, 64, 18776 }, // U+0496
    { 20, 17, 310, 0, 13, 43, 18840 }, // U+0497
    { 14, 22, 229, 0, 17, 39, 18883 }, // U+0498
    { 10, 18, 196, 1, 13, 23, 18922 }, // U+0499
    { 15, 22, 262, 2, 17, 42, 18945 }, // U+049A
    { 12, 17, 218, 2, 13, 26, 18987 }, // U+049B
    { 16, 17, 283, 2, 17, 34, 19013 }, // U+049C
    { 14, 13, 248, 2, 13, 23, 19047 }, // U+049D
    { 16, 17, 256, 0, 17, 34, 19070 }, // U+049E
    { 14, 13, 222, 0, 13, 23, 19104 }, // U+049F
    { 19, 17, 296, 0, 17, 41, 19127 }, // U+04A0
    { 15, 13, 243, 0, 13, 25, 19168 }, // U+04A1
    { 16, 22, 290, 2, 17, 44, 19193 }, // U+04A2
    { 13, 17, 239, 2, 13, 28, 19237 }, // U+04A3
    { 18, 17, 326, 2, 17, 39, 19265 }, // U+04A4
    { 14, 13, 262, 2, 13, 23, 19304 }, // U+04A5
    { 23, 22, 413, 2, 17, 64, 19327 }, // U+04A6
    { 19, 18, 344, 2, 13, 43, 19391 }, // U+04A7
    { 18, 22, 314, 1, 17, 50, 19434 }, // U+04A8
    { 14, 17, 244, 1, 13, 30, 19484 }, // U+04A9
    { 14, 23, 248, 1, 17, 41, 19514 }, // U+04AA
    { 11, 19, 186, 1, 13, 27, 19555 }, // U+04AB
    { 14, 22, 226, 0, 17, 39, 19582 }, // U+04AC
    { 12, 17, 185, 0, 13, 26, 19621 }, // U+04AD
    { 15, 17, 239, 0, 17, 32, 19647 }, // U+04AE
    { 13, 18, 201, 0, 13, 30, 19679 }, // U+04AF
    { 15, 17, 239, 0, 17, 32, 19709 }, // U+04B0
    { 13, 18, 201, 0, 13, 30, 19741 }, // U+04B1
    { 17, 22, 261, 0, 17, 47, 19771 }, // U+04B2
    { 13, 17, 210, 0, 13, 28, 19818 }, // U+04B3
    { 21, 22, 338, 0, 17, 58, 19846 }, // U+04B4
    { 16, 17, 264, 0, 13, 34, 19904 }, // U+04B5
    { 15, 22, 260, 1, 17, 42, 19938 }, // U+04B6
    { 13, 17, 218, 1, 13, 28, 19980 }, // U+04B7
    { 13, 17, 255, 1, 17, 28, 20008 }, // U+04B8
    { 12, 13, 213, 0, 13, 20, 20036 }, // U+04B9
    { 13, 17, 256, 2, 17, 28, 20056 }, // U+04BA
    { 11, 19, 228, 2, 19, 27, 20084 }, // U+04BB
    { 20, 17, 334, 0, 17, 43, 20111 }, // U+04BC
    { 16, 13, 268, 0, 13, 26, 20154 }, // U+04BD
    { 20, 22, 334, 0, 17, 55, 20180 }, // U+04BE
    { 16, 17, 268, 0, 13, 34, 20235 }, // U+04BF
    { 3, 17, 108, 2, 17, 7, 20269 }, // U+04C0
    { 23, 23, 362, 0, 23, 67, 20276 }, // U+04C1
    { 19, 19, 305, 0, 19, 46, 20343 }, // U+04C2
    { 13, 22, 252, 2, 17, 36, 20389 }, // U+04C3
    { 11, 18, 218, 2, 13, 25, 20425 }, // U+04C4
    { 18, 22, 290, 0, 17, 50, 20450 }, // U+04C5
    { 16, 18, 244, 0, 13, 36, 20500 }, // U+04C6
    { 14, 22, 282, 2, 17, 39, 20536 }, // U+04C7
    { 11, 18, 234, 2, 13, 25, 20575 }, // U+04C8
    { 16, 22, 289, 2, 17, 44, 20600 }, // U+04C9
    { 13, 18, 239, 2, 13, 30, 20644 }, // U+04CA
    { 13, 22, 255, 1, 17, 36, 20674 }, // U+04CB
    { 11, 17, 213, 1, 13, 24, 20710 }, // U+04CC
    { 22, 22, 360, 1, 17, 61, 20734 }, // U+04CD
    { 18, 18, 300, 1, 13, 41, 20795 }, // U+04CE
    { 3, 17, 108, 2, 17, 7, 20836 }, // U+04CF
    { 17, 23, 265, 0, 23, 49, 20843 }, // U+04D0
    { 11, 19, 209, 1, 19, 27, 20892 }, // U+04D1
    { 17, 22, 265, 0, 22, 47, 20919 }, // U+04D2
    { 11, 18, 209, 1, 18, 25, 20966 }, // U+04D3
    { 23, 17, 374, 0, 17, 49, 20991 }, // U+04D4
    { 20, 13, 344, 1, 13, 33, 21040 }, // U+04D5
    { 12, 23, 228, 2, 23, 35, 21073 }, // U+04D6
    { 12, 19, 224, 1, 19, 29, 21108 }, // U+04D7
    { 16, 17, 282, 1, 17, 34, 21137 }, // U+04D8
    { 12, 13, 224, 1, 13, 20, 21171 }, // U+04D9
    { 16, 22, 282, 1, 22, 44, 21191 }, // U+04DA
    { 12, 18, 224, 1, 18, 27, 21235 }, // U+04DB
    { 23, 22, 362, 0, 22, 64, 21262 }, // U+04DC
    { 19, 18, 305, 0, 18, 43, 21326 }, // U+04DD
    { 14, 22, 229, 0, 22, 39, 21369 }, // U+04DE
    { 10, 18, 196, 1, 18, 23, 21408 }, // U+04DF
    { 13, 17, 227, 0, 17, 28, 21431 }, // U+04E0
    { 12, 18, 188, -1, 13, 27, 21459 }, // U+04E1
    { 15, 22, 291, 2, 22, 42, 21486 }, // U+04E2
    { 11, 18, 239, 2, 18, 25, 21528 }, // U+04E3
    { 15, 22, 291, 2, 22, 42, 21553 }, // U+04E4
    { 11, 18, 239, 2, 18, 25, 21595 }, // U+04E5
    { 17, 22, 311, 1, 22, 47, 21620 }, // U+04E6
    { 13, 18, 236, 1, 18, 30, 21667 }, // U+04E7
    { 17, 17, 311, 1, 17, 37, 21697 }, // U+04E8
    { 13, 13, 236, 1, 13, 22, 21734 }, // U+04E9
    { 17, 22, 311, 1, 22, 47, 21756 }, // U+04EA
    { 13, 18, 236, 1, 18, 30, 21803 }, // U+04EB
    { 15, 22, 248, 0, 22, 42, 21833 }, // U+04EC
    { 12, 18, 199, 0, 18, 27, 21875 }, // U+04ED
    { 15, 22, 235, 0, 22, 42, 21902 }, // U+04EE
    { 12, 23, 199, 0, 18, 35, 21944 }, // U+04EF
    { 15, 22, 235, 0, 22, 42, 21979 }, // U+04F0
    { 12, 23, 199, 0, 18, 35, 22021 }, // U+04F1
    { 15, 24, 235, 0, 24, 45, 22056 }, // U+04F2
    { 12, 25, 199, 0, 20, 38, 22101 }, // U+04F3
    { 13, 22, 252, 1, 22, 36, 22139 }, // U+04F4
    { 11, 18, 213, 1, 18, 25, 22175 }, // U+04F5
    { 11, 22, 204, 2, 17, 31, 22200 }, // U+04F6
    { 9, 17, 167, 2, 13, 20, 22231 }, // U+04F7
    { 18, 22, 342, 2, 22, 50, 22251 }, // U+04F8
    { 15, 18, 303, 2, 18, 34, 22301 }, // U+04F9
    { 13, 23, 212, 0, 18, 38, 22335 }, // U+04FA
    { 11, 19, 174, 0, 14, 27, 22373 }, // U+04FB
    { 16, 23, 253, 0, 18, 46, 22400 }, // U+04FC
    { 14, 19, 220, 0, 14, 34, 22446 }, // U+04FD
    { 15, 18, 234, 0, 18, 34, 22480 }, // U+04FE
    { 13, 14, 212, 0, 14, 23, 22514 }, // U+04FF
    { 15, 15, 253, 0, 15, 29, 22537 }, // U+05D0
    { 13, 15, 229, 1, 15, 25, 22566 }, // U+05D1
    { 9, 16, 150, 0, 15, 18, 22591 }, // U+05D2
    { 13, 15, 217, 0, 15, 25, 22609 }, // U+05D3
    { 13, 15, 251, 1, 15, 25, 22634 }, // U+05D4
    { 6, 15, 120, 0, 15, 12, 22659 }, // U+05D5
    { 7, 15, 132, 1, 15, 14, 22671 }, // U+05D6
    { 14, 15, 265, 1, 15, 27, 22685 }, // U+05D7
    { 14, 15, 254, 1, 15, 27, 22712 }, // U+05D8
    { 6, 9, 118, 0, 15, 7, 22739 }, // U+05D9
    { 11, 20, 218, 1, 15, 28, 22746 }, // U+05DA
    { 11, 15, 206, 1, 15, 21, 22774 }, // U+05DB
    { 13, 20, 209, 0, 20, 33, 22795 }, // U+05DC
    { 15, 15, 274, 1, 15, 29, 22828 }, // U+05DD
    { 15, 15, 264, 1, 15, 29, 22857 }, // U+05DE
    { 5, 20, 132, 1, 15, 13, 22886 }, // U+05DF
    { 7, 15, 152, 1, 15, 14, 22899 }, // U+05E0
    { 14, 15, 257, 1, 15, 27, 22913 }, // U+05E1
    { 14, 17, 237, 0, 16, 30, 22940 }, // U+05E2
    { 13, 20, 248, 1, 15, 33, 22970 }, // U+05E3
    { 13, 15, 240, 1, 15, 25, 23003 }, // U+05E4
    { 13, 20, 212, 0, 15, 33, 23028 }, // U+05E5
    { 12, 15, 222, 1, 15, 23, 23061 }, // U+05E6
    { 14, 20, 251, 1, 15, 35, 23084 }, // U+05E7
    { 11, 15, 209, 1, 15, 21, 23119 }, // U+05E8
    { 16, 15, 292, 1, 15, 30, 23140 }, // U+05E9
    { 16, 15, 274, 0, 15, 30, 23170 }, // U+05EA
    { 4, 7, 131, 2, 6, 4, 23200 }, // U+060C
    { 5, 14, 138, 1, 13, 9, 23204 }, // U+061B
    { 11, 20, 174, 0, 19, 28, 23213 }, // U+061F
    { 10, 11, 164, 0, 9, 14, 23241 }, // U+0621
    { 8, 3, 108, 0, 2, 3, 23255 }, // U+0640
    { 6, 7, 0, 0, 21, 6, 23258 }, // U+0654
    { 5, 5, 229, 5, 10, 4, 23264 }, // U+0660
    { 5, 19, 229, 5, 18, 12, 23268 }, // U+0661
    { 11, 19, 229, 2, 18, 27, 23280 }, // U+0662
    { 14, 19, 229, 0, 18, 34, 23307 }, // U+0663
    { 11, 19, 229, 2, 18, 27, 23341 }, // U+0664
    { 11, 14, 229, 2, 13, 20, 23368 }, // U+0665
    { 12, 19, 229, 1, 18, 29, 23388 }, // U+0666
    { 14, 19, 229, 0, 18, 34, 23417 }, // U+0667
    { 14, 19, 229, 0, 18, 34, 23451 }, // U+0668
    { 11, 18, 229, 2, 17, 25, 23485 }, // U+0669
    { 16, 14, 274, 0, 8, 28, 23510 }, // U+06BA
    { 6, 2, 120, 1, 2, 2, 23538 }, // U+06D4
    { 10, 12, 162, 0, 12, 15, 23540 }, // U+06D5
    { 5, 5, 229, 5, 10, 4, 23555 }, // U+06F0
    { 5, 19, 229, 5, 18, 12, 23559 }, // U+06F1
    { 11, 19, 229, 2, 18, 27, 23571 }, // U+06F2
    { 14, 19, 229, 0, 18, 34, 23598 }, // U+06F3
    { 11, 17, 229, 2, 17, 24, 23632 }, // U+06F4
    { 12, 17, 229, 1, 17, 26, 23656 }, // U+06F5
    { 10, 18, 229, 2, 17, 23, 23682 }, // U+06F6
    { 14, 19, 229, 0, 18, 34, 23705 }, // U+06F7
    { 14, 19, 229, 0, 18, 34, 23739 }, // U+06F8
    { 11, 18, 229, 2, 17, 25, 23773 }, // U+06F9
    { 16, 23, 256, 0, 18, 46, 23798 }, // U+1EA0
    { 11, 19, 224, 1, 14, 27, 23844 }, // U+1EA1
    { 16, 25, 256, 0, 25, 50, 23871 }, // U+1EA2
    { 11, 22, 224, 1, 21, 31, 23921 }, // U+1EA3
    { 16, 25, 256, 0, 25, 50, 23952 }, // U+1EA4
    { 13, 22, 224, 1, 21, 36, 24002 }, // U+1EA5
    { 16, 25, 256, 0, 25, 50, 24038 }, // U+1EA6
    { 12, 22, 224, 0, 21, 33, 24088 }, // U+1EA7
    { 16, 26, 256, 0, 26, 52, 24121 }, // U+1EA8
    { 12, 23, 224, 1, 22, 35, 24173 }, // U+1EA9
    { 16, 27, 256, 0, 27, 54, 24208 }, // U+1EAA
    { 11, 24, 224, 1, 23, 33, 24262 }, // U+1EAB
    { 16, 29, 256, 0, 24, 58, 24295 }, // U+1EAC
    { 11, 25, 224, 1, 20, 35, 24353 }, // U+1EAD
    { 16, 26, 256, 0, 26, 52, 24388 }, // U+1EAE
    { 11, 23, 224, 1, 22, 32, 24440 }, // U+1EAF
    { 16, 26, 256, 0, 26, 52, 24472 }, // U+1EB0
    { 11, 23, 224, 1, 22, 32, 24524 }, // U+1EB1
    { 16, 27, 256, 0, 27, 54, 24556 }, // U+1EB2
    { 11, 23, 224, 1, 22, 32, 24610 }, // U+1EB3
    { 16, 27, 256, 0, 27, 54, 24642 }, // U+1EB4
    { 11, 24, 224, 1, 23, 33, 24696 }, // U+1EB5
    { 16, 28, 256, 0, 23, 56, 24729 }, // U+1EB6
    { 11, 24, 224, 1, 19, 33, 24785 }, // U+1EB7
    { 11, 23, 222, 2, 18, 32, 24818 }, // U+1EB8
    { 12, 19, 226, 1, 14, 29, 24850 }, // U+1EB9
    { 11, 25, 222, 2, 25, 35, 24879 }, // U+1EBA
    { 12, 22, 226, 1, 21, 33, 24914 }, // U+1EBB
    { 11, 23, 222, 2, 23, 32, 24947 }, // U+1EBC
    { 12, 20, 226, 1, 19, 30, 24979 }, // U+1EBD
    { 12, 25, 222, 2, 25, 38, 25009 }, // U+1EBE
    { 13, 22, 226, 1, 21, 36, 25047 }, // U+1EBF
    { 13, 25, 222, 0, 25, 41, 25083 }, // U+1EC0
    { 13, 22, 226, 0, 21, 36, 25124 }, // U+1EC1
    { 12, 26, 222, 2, 26, 39, 25160 }, // U+1EC2
    { 13, 23, 226, 1, 22, 38, 25199 }, // U+1EC3
    { 11, 27, 222, 2, 27, 38, 25237 }, // U+1EC4
    { 12, 24, 226, 1, 23, 36, 25275 }, // U+1EC5
    { 11, 29, 222, 2, 24, 40, 25311 }, // U+1EC6
    { 12, 25, 226, 1, 20, 38, 25351 }, // U+1EC7
    { 7, 25, 136, 1, 25, 22, 25389 }, // U+1EC8
    { 6, 21, 103, 1, 21, 16, 25411 }, // U+1EC9
    { 7, 23, 136, 1, 18, 21, 25427 }, // U+1ECA
    { 4, 24, 103, 1, 19, 12, 25448 }, // U+1ECB
    { 17, 24, 312, 1, 19, 51, 25460 }, // U+1ECC
    { 13, 19, 242, 1, 14, 31, 25511 }, // U+1ECD
    { 17, 26, 312, 1, 25, 56, 25542 }, // U+1ECE
    { 13, 22, 242, 1, 21, 36, 25598 }, // U+1ECF
    { 17, 26, 312, 1, 25, 56, 25634 }, // U+1ED0
    { 14, 22, 242, 1, 21, 39, 25690 }, // U+1ED1
    { 17, 26, 312, 1, 25, 56, 25729 }, // U+1ED2
    { 13, 22, 242, 1, 21, 36, 25785 }, // U+1ED3
    { 17, 27, 312, 1, 26, 58, 25821 }, // U+1ED4
    { 13, 23, 242, 1, 22, 38, 25879 }, // U+1ED5
    { 17, 28, 312, 1, 27, 60, 25917 }, // U+1ED6
    { 13, 24, 242, 1, 23, 39, 25977 }, // U+1ED7
    { 17, 29, 312, 1, 24, 62, 26016 }, // U+1ED8
    { 13, 25, 242, 1, 20, 41, 26078 }, // U+1ED9
    { 20, 25, 314, 1, 24, 63, 26119 }, // U+1EDA
    { 16, 21, 246, 1, 20, 42, 26182 }, // U+1EDB
    { 20, 25, 314, 1, 24, 63, 26224 }, // U+1EDC
    { 16, 21, 246, 1, 20, 42, 26287 }, // U+1EDD
    { 20, 26, 314, 1, 25, 65, 26329 }, // U+1EDE
    { 16, 22, 246, 1, 21, 44, 26394 }, // U+1EDF
    { 20, 24, 314, 1, 23, 60, 26438 }, // U+1EE0
    { 16, 20, 246, 1, 19, 40, 26498 }, // U+1EE1
    { 20, 24, 314, 1, 19, 60, 26538 }, // U+1EE2
    { 16, 21, 246, 1, 16, 42, 26598 }, // U+1EE3
    { 14, 23, 292, 2, 18, 41, 26640 }, // U+1EE4
    { 13, 19, 247, 1, 14, 31, 26681 }, // U+1EE5
    { 14, 26, 292, 2, 25, 46, 26712 }, // U+1EE6
    { 13, 22, 247, 1, 21, 36, 26758 }, // U+1EE7
    { 19, 25, 312, 2, 24, 60, 26794 }, // U+1EE8
    { 17, 21, 270, 1, 20, 45, 26854 }, // U+1EE9
    { 19, 25, 312, 2, 24, 60, 26899 }, // U+1EEA
    { 17, 21, 270, 1, 20, 45, 26959 }, // U+1EEB
    { 19, 26, 312, 2, 25, 62, 27004 }, // U+1EEC
    { 17, 22, 270, 1, 21, 47, 27066 }, // U+1EED
    { 19, 24, 312, 2, 23, 57, 27113 }, // U+1EEE
    { 17, 20, 270, 1, 19, 43, 27170 }, // U+1EEF
    { 19, 24, 312, 2, 19, 57, 27213 }, // U+1EF0
    { 17, 21, 270, 1, 16, 45, 27270 }, // U+1EF1
    { 15, 24, 239, 0, 24, 45, 27315 }, // U+1EF2
    { 12, 26, 199, 0, 21, 39, 27360 }, // U+1EF3
    { 15, 23, 226, 0, 18, 44, 27399 }, // U+1EF4
    { 13, 20, 204, 0, 14, 33, 27443 }, // U+1EF5
    { 15, 25, 226, 0, 25, 47, 27476 }, // U+1EF6
    { 13, 27, 204, 0, 21, 44, 27523 }, // U+1EF7
    { 15, 23, 226, 0, 23, 44, 27567 }, // U+1EF8
    { 13, 25, 204, 0, 19, 41, 27611 }, // U+1EF9
    { 0, 0, 200, 0, 0, 0, 27652 }, // U+2000
    { 0, 0, 400, 0, 0, 0, 27652 }, // U+2001
    { 0, 0, 200, 0, 0, 0, 27652 }, // U+2002
    { 0, 0, 400, 0, 0, 0, 27652 }, // U+2003
    { 0, 0, 133, 0, 0, 0, 27652 }, // U+2004
    { 0, 0, 100, 0, 0, 0, 27652 }, // U+2005
    { 0, 0, 67, 0, 0, 0, 27652 }, // U+2006
    { 0, 0, 229, 0, 0, 0, 27652 }, // U+2007
    { 0, 0, 107, 0, 0, 0, 27652 }, // U+2008
    { 0, 0, 66, 0, 0, 0, 27652 }, // U+2009
    { 0, 0, 40, 0, 0, 0, 27652 }, // U+200A
    { 0, 0, 0, 0, 0, 0, 27652 }, // U+200B
    { 0, 0, 0, 0, 0, 0, 27652 }, // U+200C
    { 0, 0, 0, 0, 0, 0, 27652 }, // U+200D
    { 7, 22, 0, -1, 18, 20, 27652 }, // U+200E
    { 7, 22, 0, -6, 18, 20, 27672 }, // U+200F
    { 7, 3, 129, 1, 8, 3, 27692 }, // U+2010
    { 7, 3, 129, 1, 8, 3, 27695 }, // U+2011
    { 13, 2, 229, 1, 10, 4, 27698 }, // U+2012
    { 14, 2, 198, -1, 9, 4, 27702 }, // U+2013
    { 26, 2, 398, -1, 9, 7, 27706 }, // U+2014
    { 26, 2, 398, -1, 9, 7, 27713 }, // U+2015
    { 8, 26, 220, 3, 19, 26, 27720 }, // U+2016
    { 12, 6, 164, -1, 0, 9, 27746 }, // U+2017
    { 5, 6, 94, 1, 19, 4, 27755 }, // U+2018
    { 5, 6, 94, 0, 19, 4, 27759 }, // U+2019
    { 5, 6, 94, 0, 3, 4, 27763 }, // U+201A
    { 5, 7, 70, 0, 18, 5, 27767 }, // U+201B
    { 9, 6, 167, 1, 19, 7, 27772 }, // U+201C
    { 9, 6, 167, 0, 19, 7, 27779 }, // U+201D
    { 9, 6, 167, 0, 3, 7, 27786 }, // U+201E
    { 9, 7, 144, 0, 18, 8, 27793 }, // U+201F
    { 11, 21, 190, 0, 17, 29, 27801 }, // U+2020
    { 11, 21, 190, 0, 17, 29, 27830 }, // U+2021
    { 7, 6, 144, 1, 12, 6, 27859 }, // U+2022
    { 8, 8, 147, 1, 13, 8, 27865 }, // U+2023
    { 4, 5, 200, 4, 4, 3, 27873 }, // U+2024
    { 11, 5, 214, 1, 4, 7, 27876 }, // U+2025
    { 21, 3, 398, 2, 3, 8, 27883 }, // U+2026
    { 4, 5, 107, 1, 9, 3, 27891 }, // U+2027
    { 0, 0, 240, 0, 0, 0, 27894 }, // U+2028
    { 0, 0, 240, 0, 0, 0, 27894 }, // U+2029
    { 7, 20, 0, -1, 16, 18, 27894 }, // U+202A
    { 7, 20, 0, -6, 16, 18, 27912 }, // U+202B
    { 6, 22, 0, -3, 18, 17, 27930 }, // U+202C
    { 6, 22, 0, -3, 18, 17, 27947 }, // U+202D
    { 6, 22, 0, -3, 18, 17, 27964 }, // U+202E
    { 0, 0, 66, 0, 0, 0, 27981 }, // U+202F
    { 29, 17, 491, 1, 17, 62, 27981 }, // U+2030
    { 37, 20, 618, 1, 19, 93, 28043 }, // U+2031
    { 7, 7, 93, 0, 18, 7, 28136 }, // U+2032
    { 11, 7, 163, 0, 18, 10, 28143 }, // U+2033
    { 16, 7, 234, 0, 18, 14, 28153 }, // U+2034
    { 6, 7, 93, -1, 18, 6, 28167 }, // U+2035
    { 10, 7, 176, -1, 18, 9, 28173 }, // U+2036
    { 14, 7, 241, -1, 18, 13, 28182 }, // U+2037
    { 10, 9, 160, 0, 3, 12, 28195 }, // U+2038
    { 7, 11, 116, 0, 13, 10, 28207 }, // U+2039
    { 6, 11, 116, 1, 13, 9, 28217 }, // U+203A
    { 19, 20, 335, 1, 19, 48, 28226 }, // U+203B
    { 10, 19, 200, 1, 18, 24, 28274 }, // U+203C
    { 11, 20, 178, 0, 19, 28, 28298 }, // U+203D
    { 14, 2, 200, -1, 21, 4, 28326 }, // U+203E
    { 15, 6, 244, 0, 0, 12, 28330 }, // U+203F
    { 15, 6, 244, 0, 20, 12, 28342 }, // U+2040
    { 9, 17, 150, 0, 11, 20, 28354 }, // U+2041
    { 28, 23, 447, 0, 19, 81, 28374 }, // U+2042
    { 7, 3, 129, 1, 8, 3, 28455 }, // U+2043
    { 13, 17, 59, -5, 17, 28, 28458 }, // U+2044
    { 7, 22, 130, 1, 18, 20, 28486 }, // U+2045
    { 7, 22, 130, 0, 18, 20, 28506 }, // U+2046
    { 21, 20, 342, 0, 19, 53, 28526 }, // U+2047
    { 16, 20, 272, 0, 19, 40, 28579 }, // U+2048
    { 16, 20, 273, 1, 19, 40, 28619 }, // U+2049
    { 13, 14, 229, 0, 14, 23, 28659 }, // U+204A
    { 13, 23, 262, 2, 19, 38, 28682 }, // U+204B
    { 13, 14, 256, 1, 14, 23, 28720 }, // U+204C
    { 13, 14, 256, 2, 14, 23, 28743 }, // U+204D
    { 12, 12, 220, 1, 6, 18, 28766 }, // U+204E
    { 5, 18, 95, 1, 14, 12, 28784 }, // U+204F
    { 15, 26, 242, 0, 20, 49, 28796 }, // U+2050
    { 12, 25, 220, 1, 19, 38, 28845 }, // U+2051
    { 10, 20, 149, 0, 19, 25, 28883 }, // U+2052
    { 23, 5, 400, 1, 10, 15, 28908 }, // U+2053
    { 15, 6, 242, 0, 0, 12, 28923 }, // U+2054
    { 14, 14, 229, 0, 13, 25, 28935 }, // U+2055
    { 11, 20, 207, 1, 19, 28, 28960 }, // U+2056
    { 20, 7, 297, 0, 18, 18, 28988 }, // U+2057
    { 19, 20, 329, 1, 19, 48, 29006 }, // U+2058
    { 19, 20, 332, 1, 19, 48, 29054 }, // U+2059
    { 4, 20, 88, 1, 19, 10, 29102 }, // U+205A
    { 15, 20, 262, 1, 19, 38, 29112 }, // U+205B
    { 19, 20, 318, 0, 19, 48, 29150 }, // U+205C
    { 4, 19, 107, 1, 18, 10, 29198 }, // U+205D
    { 4, 20, 107, 1, 19, 10, 29208 }, // U+205E
    { 0, 0, 89, 0, 0, 0, 29218 }, // U+205F
    { 0, 0, 240, 0, 0, 0, 29218 }, // U+2060
    { 0, 0, 240, 0, 0, 0, 29218 }, // U+2061
    { 0, 0, 240, 0, 0, 0, 29218 }, // U+2062
    { 0, 0, 240, 0, 0, 0, 29218 }, // U+2063
    { 0, 0, 240, 0, 0, 0, 29218 }, // U+2064
    { 0, 0, 0, 0, 0, 0, 29218 }, // U+2066
    { 0, 0, 0, 0, 0, 0, 29218 }, // U+2067
    { 0, 0, 0, 0, 0, 0, 29218 }, // U+2068
    { 0, 0, 0, 0, 0, 0, 29218 }, // U+2069
    { 6, 22, 0, -3, 18, 17, 29218 }, // U+206A
    { 6, 22, 0, -3, 18, 17, 29235 }, // U+206B
    { 6, 22, 0, -3, 18, 17, 29252 }, // U+206C
    { 6, 22, 0, -3, 18, 17, 29269 }, // U+206D
    { 6, 22, 0, -3, 18, 17, 29286 }, // U+206E
    { 6, 22, 0, -3, 18, 17, 29303 }, // U+206F
    { 9, 10, 144, 0, 18, 12, 29320 }, // U+2070
    { 2, 12, 67, 1, 19, 3, 29332 }, // U+2071
    { 9, 10, 144, 0, 18, 12, 29335 }, // U+2074
    { 7, 10, 144, 1, 18, 9, 29347 }, // U+2075
    { 9, 10, 144, 0, 18, 12, 29356 }, // U+2076
    { 9, 10, 144, 0, 18, 12, 29368 }, // U+2077
    { 9, 10, 144, 0, 18, 12, 29380 }, // U+2078
    { 9, 10, 144, 0, 18, 12, 29392 }, // U+2079
    { 8, 8, 135, 0, 19, 8, 29404 }, // U+207A
    { 8, 2, 135, 0, 16, 2, 29412 }, // U+207B
    { 8, 5, 135, 0, 17, 5, 29414 }, // U+207C
    { 5, 14, 90, 1, 23, 9, 29419 }, // U+207D
    { 5, 14, 90, 0, 23, 9, 29428 }, // U+207E
    { 8, 9, 161, 1, 16, 9, 29437 }, // U+207F
    { 9, 10, 144, 0, 10, 12, 29446 }, // U+2080
    { 5, 10, 144, 1, 10, 7, 29458 }, // U+2081
    { 8, 10, 144, 0, 10, 10, 29465 }, // U+2082
    { 8, 10, 144, 0, 10, 10, 29475 }, // U+2083
    { 9, 10, 144, 0, 10, 12, 29485 }, // U+2084
    { 7, 10, 144, 1, 10, 9, 29497 }, // U+2085
    { 9, 10, 144, 0, 10, 12, 29506 }, // U+2086
    { 9, 10, 144, 0, 10, 12, 29518 }, // U+2087
    { 9, 10, 144, 0, 10, 12, 29530 }, // U+2088
    { 9, 10, 144, 0, 10, 12, 29542 }, // U+2089
    { 8, 8, 135, 0, 6, 8, 29554 }, // U+208A
    { 8, 2, 135, 0, 3, 2, 29562 }, // U+208B
    { 8, 5, 135, 0, 4, 5, 29564 }, // U+208C
    { 5, 14, 90, 1, 9, 9, 29569 }, // U+208D
    { 5, 14, 90, 0, 9, 9, 29578 }, // U+208E
    { 8, 9, 146, 0, 6, 9, 29587 }, // U+2090
    { 9, 9, 147, 0, 6, 11, 29596 }, // U+2091
    { 9, 9, 157, 0, 6, 11, 29607 }, // U+2092
    { 9, 9, 138, 0, 6, 11, 29618 }, // U+2093
    { 9, 9, 147, 0, 6, 11, 29629 }, // U+2094
    { 8, 12, 161, 1, 9, 12, 29640 }, // U+2095
    { 8, 12, 139, 1, 9, 12, 29652 }, // U+2096
    { 2, 12, 67, 1, 9, 3, 29664 }, // U+2097
    { 13, 9, 243, 1, 6, 15, 29667 }, // U+2098
    { 8, 9, 161, 1, 6, 9, 29682 }, // U+2099
    { 9, 12, 160, 1, 6, 14, 29691 }, // U+209A
    { 8, 9, 124, 0, 6, 9, 29705 }, // U+209B
    { 6, 11, 94, 0, 8, 9, 29714 }, // U+209C
    { 14, 19, 229, 0, 19, 34, 29723 }, // U+20A0
    { 13, 21, 229, 1, 19, 35, 29757 }, // U+20A1
    { 13, 20, 229, 1, 19, 33, 29792 }, // U+20A2
    { 12, 18, 229, 1, 18, 27, 29825 }, // U+20A3
    { 14, 19, 229, 0, 19, 34, 29852 }, // U+20A4
    { 20, 20, 374, 2, 17, 50, 29886 }, // U+20A5
    { 15, 18, 229, 0, 18, 34, 29936 }, // U+20A6
    { 18, 19, 310, 1, 18, 43, 29970 }, // U+20A7
    { 18, 19, 333, 2, 18, 43, 30013 }, // U+20A8
    { 17, 18, 268, 0, 18, 39, 30056 }, // U+20A9
    { 16, 18, 320, 2, 18, 36, 30095 }, // U+20AA
    { 15, 23, 247, 1, 19, 44, 30131 }, // U+20AB
    { 13, 17, 226, 1, 17, 28, 30175 }, // U+20AC
    { 15, 18, 229, 0, 18, 34, 30203 }, // U+20AD
    { 13, 17, 226, 1, 17, 28, 30237 }, // U+20AE
    { 24, 25, 388, 0, 19, 75, 30265 }, // U+20AF
    { 13, 25, 229, 0, 19, 41, 30340 }, // U+20B0
    { 15, 18, 229, 0, 18, 34, 30381 }, // U+20B1
    { 16, 21, 291, 1, 19, 42, 30415 }, // U+20B2
    { 16, 18, 243, 0, 18, 36, 30457 }, // U+20B3
    { 14, 17, 226, 0, 17, 30, 30493 }, // U+20B4
    { 15, 21, 253, 1, 19, 40, 30523 }, // U+20B5
    { 15, 18, 248, 0, 17, 34, 30563 }, // U+20B6
    { 17, 21, 290, 0, 19, 45, 30597 }, // U+20B7
    { 14, 18, 218, 0, 18, 32, 30642 }, // U+20B8
    { 13, 17, 226, 1, 17, 28, 30674 }, // U+20B9
    { 14, 19, 229, 0, 18, 34, 30702 }, // U+20BA
    { 20, 20, 312, 0, 19, 50, 30736 }, // U+20BB
    { 18, 18, 324, 1, 18, 41, 30786 }, // U+20BC
    { 14, 18, 233, 0, 18, 32, 30827 }, // U+20BD
    { 17, 20, 308, 1, 20, 43, 30859 }, // U+20BE
    { 12, 24, 229, 2, 21, 36, 30902 }, // U+20BF
    { 10, 18, 197, 1, 14, 23, 30938 }, // U+20C0
    { 13, 19, 234, 1, 19, 31, 30961 }, // U+2202
    { 17, 17, 260, 0, 17, 37, 30992 }, // U+2206
    { 14, 20, 279, 2, 17, 35, 31029 }, // U+220F
    { 13, 20, 206, 0, 17, 33, 31064 }, // U+2211
    { 12, 2, 226, 1, 8, 3, 31097 }, // U+2212
    { 13, 17, 59, -5, 17, 28, 31100 }, // U+2215
    { 4, 3, 98, 1, 9, 2, 31128 }, // U+2219
    { 15, 20, 226, 0, 20, 38, 31130 }, // U+221A
    { 14, 7, 235, 0, 11, 13, 31168 }, // U+221E
    { 10, 24, 148, 0, 19, 30, 31181 }, // U+222B
    { 12, 10, 226, 1, 13, 15, 31211 }, // U+2248
    { 12, 13, 226, 1, 14, 20, 31226 }, // U+2260
    { 12, 15, 226, 1, 15, 23, 31246 }, // U+2264
    { 12, 15, 226, 1, 15, 23, 31269 }, // U+2265
    { 18, 19, 310, 2, 19, 43, 31292 }, // U+FB00
    { 13, 19, 257, 2, 19, 31, 31335 }, // U+FB01
    { 14, 19, 265, 2, 19, 34, 31366 }, // U+FB02
    { 23, 19, 413, 2, 19, 55, 31400 }, // U+FB03
    { 24, 19, 421, 2, 19, 57, 31455 }, // U+FB04
    { 15, 21, 269, 2, 20, 40, 31512 }, // U+FB05
    { 20, 21, 336, 1, 20, 53, 31552 }, // U+FB06
    { 24, 20, 397, 0, 11, 60, 31605 }, // U+FB56
    { 29, 18, 437, 0, 9, 66, 31665 }, // U+FB57
    { 7, 19, 120, -1, 11, 17, 31731 }, // U+FB58
    { 11, 16, 149, 0, 8, 22, 31748 }, // U+FB59
    { 24, 19, 397, 0, 18, 57, 31770 }, // U+FB66
    { 29, 19, 437, 0, 18, 69, 31827 }, // U+FB67
    { 7, 21, 108, 0, 20, 19, 31896 }, // U+FB68
    { 11, 18, 149, 0, 17, 25, 31915 }, // U+FB69
    { 16, 21, 264, 0, 11, 42, 31940 }, // U+FB7A
    { 20, 21, 288, 0, 11, 53, 31982 }, // U+FB7B
    { 14, 17, 236, 0, 9, 30, 32035 }, // U+FB7C
    { 18, 17, 255, 0, 9, 39, 32065 }, // U+FB7D
    { 11, 23, 191, 0, 22, 32, 32104 }, // U+FB88
    { 15, 23, 213, 0, 22, 44, 32136 }, // U+FB89
    { 9, 23, 147, -1, 17, 26, 32180 }, // U+FB8A
    { 13, 23, 158, -1, 17, 38, 32206 }, // U+FB8B
    { 10, 25, 147, -1, 19, 32, 32244 }, // U+FB8C
    { 13, 25, 158, -1, 19, 41, 32276 }, // U+FB8D
    { 23, 19, 351, 0, 18, 55, 32317 }, // U+FB8E
    { 26, 19, 390, 0, 18, 62, 32372 }, // U+FB8F
    { 11, 19, 165, 0, 18, 27, 32434 }, // U+FB90
    { 14, 19, 203, 0, 18, 34, 32461 }, // U+FB91
    { 23, 22, 351, 0, 21, 64, 32495 }, // U+FB92
    { 26, 22, 390, 0, 21, 72, 32559 }, // U+FB93
    { 11, 22, 165, 0, 21, 31, 32631 }, // U+FB94
    { 14, 22, 203, 0, 21, 39, 32662 }, // U+FB95
    { 16, 14, 274, 0, 8, 28, 32701 }, // U+FB9E
    { 20, 14, 292, 0, 8, 35, 32729 }, // U+FB9F
    { 10, 12, 162, 0, 12, 15, 32764 }, // U+FBA6
    { 14, 10, 192, 0, 9, 18, 32779 }, // U+FBA7
    { 6, 16, 108, 0, 11, 12, 32797 }, // U+FBA8
    { 13, 11, 175, 0, 4, 18, 32809 }, // U+FBA9
    { 16, 14, 269, 0, 13, 28, 32827 }, // U+FBAA
    { 17, 17, 246, 0, 11, 37, 32855 }, // U+FBAB
    { 14, 14, 230, 0, 13, 25, 32892 }, // U+FBAC
    { 14, 17, 203, 0, 11, 30, 32917 }, // U+FBAD
    { 23, 13, 377, 0, 12, 38, 32947 }, // U+FBAE
    { 15, 9, 220, 0, 2, 17, 32985 }, // U+FBAF
    { 23, 19, 377, 0, 18, 55, 33002 }, // U+FBB0
    { 15, 16, 220, 0, 9, 30, 33057 }, // U+FBB1
    { 19, 17, 304, 0, 11, 41, 33087 }, // U+FBFC
    { 20, 11, 294, 0, 5, 28, 33128 }, // U+FBFD
    { 7, 16, 120, -1, 11, 14, 33156 }, // U+FBFE
    { 11, 13, 149, 0, 8, 18, 33170 }, // U+FBFF
    { 10, 11, 164, 0, 9, 14, 33188 }, // U+FE80
    { 9, 21, 94, -2, 21, 24, 33202 }, // U+FE81
    { 11, 24, 116, -2, 23, 33, 33226 }, // U+FE82
    { 6, 24, 94, 0, 24, 18, 33259 }, // U+FE83
    { 9, 27, 116, 0, 26, 31, 33277 }, // U+FE84
    { 9, 22, 179, 1, 16, 25, 33308 }, // U+FE85
    { 13, 23, 189, 1, 17, 38, 33333 }, // U+FE86
    { 6, 26, 95, 1, 18, 20, 33371 }, // U+FE87
    { 8, 26, 116, 1, 18, 26, 33391 }, // U+FE88
    { 19, 18, 304, 0, 12, 43, 33417 }, // U+FE89
    { 20, 18, 294, 0, 12, 45, 33460 }, // U+FE8A
    { 6, 19, 108, 0, 18, 15, 33505 }, // U+FE8B
    { 10, 16, 137, 0, 15, 20, 33520 }, // U+FE8C
    { 4, 18, 95, 1, 18, 9, 33540 }, // U+FE8D
    { 8, 19, 116, 1, 18, 19, 33549 }, // U+FE8E
    { 24, 17, 397, 0, 11, 51, 33568 }, // U+FE8F
    { 29, 15, 437, 0, 9, 55, 33619 }, // U+FE90
    { 6, 16, 108, 0, 11, 12, 33674 }, // U+FE91
    { 10, 13, 137, 0, 8, 17, 33686 }, // U+FE92
    { 10, 17, 162, 0, 17, 22, 33703 }, // U+FE93
    { 14, 20, 194, 0, 19, 35, 33725 }, // U+FE94
    { 24, 14, 397, 0, 13, 42, 33760 }, // U+FE95
    { 29, 14, 437, 0, 13, 51, 33802 }, // U+FE96
    { 7, 17, 108, 0, 16, 15, 33853 }, // U+FE97
    { 11, 14, 149, 0, 13, 20, 33868 }, // U+FE98
    { 24, 17, 397, 0, 16, 51, 33888 }, // U+FE99
    { 29, 17, 437, 0, 16, 62, 33939 }, // U+FE9A
    { 7, 20, 108, 0, 19, 18, 34001 }, // U+FE9B
    { 11, 17, 149, 0, 16, 24, 34019 }, // U+FE9C
    { 15, 21, 256, 0, 11, 40, 34043 }, // U+FE9D
    { 18, 21, 260, 0, 11, 48, 34083 }, // U+FE9E
    { 14, 14, 236, 0, 9, 25, 34131 }, // U+FE9F
    { 18, 14, 255, 0, 9, 32, 34156 }, // U+FEA0
    { 15, 21, 256, 0, 11, 40, 34188 }, // U+FEA1
    { 18, 21, 260, 0, 11, 48, 34228 }, // U+FEA2
    { 14, 10, 236, 0, 9, 18, 34276 }, // U+FEA3
    { 18, 10, 255, 0, 9, 23, 34294 }, // U+FEA4
    { 15, 26, 256, 0, 16, 49, 34317 }, // U+FEA5
    { 18, 26, 260, 0, 16, 59, 34366 }, // U+FEA6
    { 14, 15, 236, 0, 14, 27, 34425 }, // U+FEA7
    { 18, 15, 255, 0, 14, 34, 34452 }, // U+FEA8
    { 11, 13, 191, 0, 12, 18, 34486 }, // U+FEA9
    { 15, 13, 213, 0, 12, 25, 34504 }, // U+FEAA
    { 11, 18, 191, 0, 17, 25, 34529 }, // U+FEAB
    { 15, 18, 213, 0, 17, 34, 34554 }, // U+FEAC
    { 9, 15, 147, -1, 9, 17, 34588 }, // U+FEAD
    { 13, 15, 158, -1, 9, 25, 34605 }, // U+FEAE
    { 9, 20, 147, -1, 14, 23, 34630 }, // U+FEAF
    { 13, 20, 158, -1, 14, 33, 34653 }, // U+FEB0
    { 29, 17, 484, 0, 11, 62, 34686 }, // U+FEB1
    { 33, 15, 508, 0, 9, 62, 34748 }, // U+FEB2
    { 19, 12, 314, 0, 11, 29, 34810 }, // U+FEB3
    { 23, 10, 340, 0, 9, 29, 34839 }, // U+FEB4
    { 29, 23, 484, 0, 17, 84, 34868 }, // U+FEB5
    { 33, 23, 508, 0, 17, 95, 34952 }, // U+FEB6
    { 19, 18, 314, 0, 17, 43, 35047 }, // U+FEB7
    { 23, 18, 340, 0, 17, 52, 35090 }, // U+FEB8
    { 32, 16, 522, 0, 10, 64, 35142 }, // U+FEB9
    { 36, 16, 541, 0, 10, 72, 35206 }, // U+FEBA
    { 22, 11, 361, 0, 10, 31, 35278 }, // U+FEBB
    { 25, 11, 380, 0, 10, 35, 35309 }, // U+FEBC
    { 32, 21, 522, 0, 15, 84, 35344 }, // U+FEBD
    { 36, 21, 541, 0, 15, 95, 35428 }, // U+FEBE
    { 22, 16, 361, 0, 15, 44, 35523 }, // U+FEBF
    { 25, 16, 380, 0, 15, 50, 35567 }, // U+FEC0
    { 19, 19, 315, 0, 18, 46, 35617 }, // U+FEC1
    { 23, 19, 332, 0, 18, 55, 35663 }, // U+FEC2
    { 16, 19, 271, 0, 18, 38, 35718 }, // U+FEC3
    { 19, 19, 284, 0, 18, 46, 35756 }, // U+FEC4
    { 19, 19, 315, 0, 18, 46, 35802 }, // U+FEC5
    { 23, 19, 332, 0, 18, 55, 35848 }, // U+FEC6
    { 16, 19, 271, 0, 18, 38, 35903 }, // U+FEC7
    { 19, 19, 284, 0, 18, 46, 35941 }, // U+FEC8
    { 15, 23, 203, 0, 13, 44, 35987 }, // U+FEC9
    { 15, 21, 212, 0, 11, 40, 36031 }, // U+FECA
    { 12, 12, 201, 0, 11, 18, 36071 }, // U+FECB
    { 15, 12, 208, 0, 11, 23, 36089 }, // U+FECC
    { 15, 28, 203, 0, 18, 53, 36112 }, // U+FECD
    { 15, 26, 212, 0, 16, 49, 36165 }, // U+FECE
    { 12, 17, 201, 0, 16, 26, 36214 }, // U+FECF
    { 15, 17, 208, 0, 16, 32, 36240 }, // U+FED0
    { 24, 19, 393, 0, 18, 57, 36272 }, // U+FED1
    { 29, 17, 439, 0, 16, 62, 36329 }, // U+FED2
    { 11, 19, 179, 0, 18, 27, 36391 }, // U+FED3
    { 14, 17, 198, 0, 16, 30, 36418 }, // U+FED4
    { 19, 21, 310, 0, 16, 50, 36448 }, // U+FED5
    { 22, 21, 323, 0, 14, 58, 36498 }, // U+FED6
    { 11, 19, 179, 0, 18, 27, 36556 }, // U+FED7
    { 14, 17, 198, 0, 16, 30, 36583 }, // U+FED8
    { 21, 19, 353, 0, 18, 50, 36613 }, // U+FED9
    { 25, 19, 369, 0, 18, 60, 36663 }, // U+FEDA
    { 11, 19, 165, 0, 18, 27, 36723 }, // U+FEDB
    { 14, 19, 203, 0, 18, 34, 36750 }, // U+FEDC
    { 16, 24, 278, 0, 18, 48, 36784 }, // U+FEDD
    { 20, 24, 292, 0, 18, 60, 36832 }, // U+FEDE
    { 6, 19, 104, 0, 18, 15, 36892 }, // U+FEDF
    { 9, 19, 120, 0, 18, 22, 36907 }, // U+FEE0
    { 12, 20, 194, 0, 10, 30, 36929 }, // U+FEE1
    { 16, 20, 225, 0, 10, 40, 36959 }, // U+FEE2
    { 12, 10, 210, 0, 9, 15, 36999 }, // U+FEE3
    { 16, 11, 231, 0, 10, 22, 37014 }, // U+FEE4
    { 16, 19, 274, 0, 13, 38, 37036 }, // U+FEE5
    { 20, 19, 292, 0, 13, 48, 37074 }, // U+FEE6
    { 6, 17, 108, 0, 16, 13, 37122 }, // U+FEE7
    { 10, 14, 137, 0, 13, 18, 37135 }, // U+FEE8
    { 10, 12, 162, 0, 12, 15, 37153 }, // U+FEE9
    { 14, 14, 194, 0, 13, 25, 37168 }, // U+FEEA
    { 14, 14, 230, 0, 13, 25, 37193 }, // U+FEEB
    { 14, 17, 203, 0, 11, 30, 37218 }, // U+FEEC
    { 9, 15, 179, 1, 9, 17, 37248 }, // U+FEED
    { 13, 15, 189, 1, 9, 25, 37265 }, // U+FEEE
    { 19, 17, 304, 0, 11, 41, 37290 }, // U+FEEF
    { 20, 11, 294, 0, 5, 28, 37331 }, // U+FEF0
    { 19, 22, 304, 0, 11, 53, 37359 }, // U+FEF1
    { 20, 16, 294, 0, 5, 40, 37412 }, // U+FEF2
    { 7, 16, 120, -1, 11, 14, 37452 }, // U+FEF3
    { 11, 13, 149, 0, 8, 18, 37466 }, // U+FEF4
    { 15, 19, 233, -2, 19, 36, 37484 }, // U+FEF5
    { 19, 20, 240, -2, 19, 48, 37520 }, // U+FEF6
    { 14, 22, 233, -1, 22, 39, 37568 }, // U+FEF7
    { 17, 23, 240, 0, 22, 49, 37607 }, // U+FEF8
    { 12, 26, 233, 1, 18, 39, 37656 }, // U+FEF9
    { 16, 26, 240, 1, 18, 52, 37695 }, // U+FEFA
    { 12, 18, 233, 1, 18, 27, 37747 }, // U+FEFB
    { 16, 19, 240, 1, 18, 38, 37774 }, // U+FEFC
    { 23, 23, 400, 1, 19, 67, 37812 }, // U+FFFD
};

static const EpdUnicodeInterval ubuntu_12_regularIntervals[] = {
    { 0x0, 0x0, 0x0 },
    { 0x8, 0x9, 0x1 },
    { 0xD, 0xD, 0x3 },
    { 0x1D, 0x1D, 0x4 },
    { 0x20, 0x7E, 0x5 },
    { 0xA0, 0x17F, 0x64 },
    { 0x18F, 0x18F, 0x144 },
    { 0x1A0, 0x1A1, 0x145 },
    { 0x1AF, 0x1B0, 0x147 },
    { 0x1C4, 0x21F, 0x149 },
    { 0x259, 0x259, 0x1A5 },
    { 0x300, 0x36F, 0x1A6 },
    { 0x400, 0x4FF, 0x216 },
    { 0x5D0, 0x5EA, 0x316 },
    { 0x60C, 0x60C, 0x331 },
    { 0x61B, 0x61B, 0x332 },
    { 0x61F, 0x61F, 0x333 },
    { 0x621, 0x621, 0x334 },
    { 0x640, 0x640, 0x335 },
    { 0x654, 0x654, 0x336 },
    { 0x660, 0x669, 0x337 },
    { 0x6BA, 0x6BA, 0x341 },
    { 0x6D4, 0x6D5, 0x342 },
    { 0x6F0, 0x6F9, 0x344 },
    { 0x1EA0, 0x1EF9, 0x34E },
    { 0x2000, 0x2064, 0x3A8 },
    { 0x2066, 0x2071, 0x40D },
    { 0x2074, 0x208E, 0x419 },
    { 0x2090, 0x209C, 0x434 },
    { 0x20A0, 0x20C0, 0x441 },
    { 0x2202, 0x2202, 0x462 },
    { 0x2206, 0x2206, 0x463 },
    { 0x220F, 0x220F, 0x464 },
    { 0x2211, 0x2212, 0x465 },
    { 0x2215, 0x2215, 0x467 },
    { 0x2219, 0x221A, 0x468 },
    { 0x221E, 0x221E, 0x46A },
    { 0x222B, 0x222B, 0x46B },
    { 0x2248, 0x2248, 0x46C },
    { 0x2260, 0x2260, 0x46D },
    { 0x2264, 0x2265, 0x46E },
    { 0xFB00, 0xFB06, 0x470 },
    { 0xFB56, 0xFB59, 0x477 },
    { 0xFB66, 0xFB69, 0x47B },
    { 0xFB7A, 0xFB7D, 0x47F },
    { 0xFB88, 0xFB95, 0x483 },
    { 0xFB9E, 0xFB9F, 0x491 },
    { 0xFBA6, 0xFBB1, 0x493 },
    { 0xFBFC, 0xFBFF, 0x49F },
    { 0xFE80, 0xFEFC, 0x4A3 },
    { 0xFFFD, 0xFFFD, 0x520 },
};

static const uint16_t ubuntu_12_regularKernLeftCodepoints[] = {
    0x0022, 0x0027, 0x0028, 0x0029, 0x002A, 0x002C, 0x002D, 0x002E, 0x002F, 0x003A, 0x003B, 0x0040,
    0x0041, 0x0042, 0x0043, 0x0044, 0x0045, 0x0046, 0x0047, 0x004A, 0x004B, 0x004C, 0x004D, 0x004F,
    0x0050, 0x0051, 0x0052, 0x0054, 0x0055, 0x0056, 0x0057, 0x0058, 0x0059, 0x005A, 0x005B, 0x005D,
    0x0061, 0x0062, 0x0063, 0x0066, 0x0068, 0x006A, 0x006B, 0x006D, 0x006E, 0x006F, 0x0070, 0x0071,
    0x0072, 0x0074, 0x0076, 0x0077, 0x0078, 0x007A, 0x007B, 0x007D, 0x00A1, 0x00AB, 0x00BB, 0x00BF,
    0x00C0, 0x00C1, 0x00C2, 0x00C3, 0x00C4, 0x00C5, 0x00C6, 0x00C7, 0x00C8, 0x00C9, 0x00CA, 0x00CB,
    0x00D0, 0x00D2, 0x00D3, 0x00D4, 0x00D5, 0x00D6, 0x00D8, 0x00D9, 0x00DA, 0x00DB, 0x00DC, 0x00DD,
    0x00DE, 0x00DF, 0x00E0, 0x00E1, 0x00E2, 0x00E3, 0x00E4, 0x00E5, 0x00E7, 0x00F0, 0x00F1, 0x00F2,
    0x00F3, 0x00F4, 0x00F5, 0x00F6, 0x00F8, 0x00FE, 0x0100, 0x0101, 0x0102, 0x0103, 0x0104, 0x0105,
    0x0106, 0x0107, 0x0108, 0x0109, 0x010A, 0x010B, 0x010C, 0x010D, 0x010E, 0x010F, 0x0110, 0x0112,
    0x0114, 0x0116, 0x0118, 0x011A, 0x011C, 0x011E, 0x0120, 0x0122, 0x0125, 0x0127, 0x0132, 0x0133,
    0x0134, 0x0135, 0x0136, 0x0137, 0x0138, 0x0139, 0x013B, 0x013D, 0x013E, 0x013F, 0x0141, 0x0144,
    0x0146, 0x0148, 0x0149, 0x014A, 0x014B, 0x014C, 0x014D, 0x014E, 0x014F, 0x0150, 0x0151, 0x0152,
    0x0154, 0x0155, 0x0156, 0x0157, 0x0158, 0x0159, 0x0162, 0x0163, 0x0164, 0x0165, 0x0166, 0x0167,
    0x0168, 0x016A, 0x016C, 0x016E, 0x0170, 0x0172, 0x0174, 0x0175, 0x0176, 0x0178, 0x0179, 0x017A,
    0x017B, 0x017C, 0x017D, 0x017E, 0x017F, 0x018F, 0x01C4, 0x01C5, 0x01C6, 0x01C7, 0x01C8, 0x01C9,
    0x01CA, 0x01CB, 0x01CC, 0x01CD, 0x01CE, 0x01D1, 0x01D2, 0x01D3, 0x01D5, 0x01D7, 0x01D9, 0x01DB,
    0x01DD, 0x01DE, 0x01DF, 0x01E0, 0x01E1, 0x01E2, 0x01E4, 0x01E6, 0x01E8, 0x01E9, 0x01EA, 0x01EB,
    0x01EC, 0x01ED, 0x01EE, 0x01F0, 0x01F1, 0x01F2, 0x01F3, 0x01F4, 0x01F7, 0x01F9, 0x01FA, 0x01FB,
    0x01FC, 0x01FE, 0x01FF, 0x0200, 0x0201, 0x0202, 0x0203, 0x0204, 0x0206, 0x020C, 0x020D, 0x020E,
    0x020F, 0x0210, 0x0211, 0x0212, 0x0213, 0x0214, 0x0216, 0x021A, 0x021B, 0x021C, 0x021F, 0x0400,
    0x0401, 0x0402, 0x0403, 0x0404, 0x0405, 0x040B, 0x040C, 0x040E, 0x0410, 0x0411, 0x0412, 0x0413,
    0x0414, 0x0415, 0x0417, 0x041A, 0x041C, 0x041E, 0x0420, 0x0421, 0x0422, 0x0423, 0x0424, 0x0425,
    0x0426, 0x0429, 0x042D, 0x042E, 0x0430, 0x0431, 0x0432, 0x0433, 0x0434, 0x0435, 0x0436, 0x0437,
    0x043A, 0x043E, 0x0440, 0x0441, 0x0442, 0x0443, 0x0444, 0x0445, 0x0446, 0x0449, 0x044A, 0x044C,
    0x044D, 0x044E, 0x0450, 0x0451, 0x0452, 0x0453, 0x0454, 0x0455, 0x0459, 0x045A, 0x045B, 0x045C,
    0x045E, 0x0460, 0x0461, 0x0462, 0x0463, 0x0464, 0x0466, 0x0467, 0x0468, 0x0469, 0x046E, 0x0471,
    0x0472, 0x0473, 0x0474, 0x0475, 0x0476, 0x0477, 0x0478, 0x0479, 0x047A, 0x047B, 0x047C, 0x047D,
    0x047E, 0x047F, 0x0480, 0x048A, 0x048B, 0x048D, 0x048F, 0x0490, 0x0491, 0x0492, 0x0493, 0x0494,
    0x0495, 0x0497, 0x0498, 0x0499, 0x049A, 0x049B, 0x049C, 0x049D, 0x049E, 0x049F, 0x04A0, 0x04A1,
    0x04A2, 0x04A3, 0x04A4, 0x04A5, 0x04A7, 0x04A8, 0x04A9, 0x04AA, 0x04AB, 0x04AC, 0x04AD, 0x04AE,
    0x04AF, 0x04B0, 0x04B1, 0x04B2, 0x04B3, 0x04B4, 0x04B5, 0x04B6, 0x04B7, 0x04BA, 0x04BB, 0x04BC,
    0x04BD, 0x04BE, 0x04BF, 0x04C2, 0x04C4, 0x04C6, 0x04C8, 0x04C9, 0x04CA, 0x04CD, 0x04CE, 0x04D0,
    0x04D1, 0x04D2, 0x04D3, 0x04D5, 0x04D6, 0x04D7, 0x04D8, 0x04D9, 0x04DA, 0x04DB, 0x04DD, 0x04DE,
    0x04DF, 0x04E0, 0x04E1, 0x04E6, 0x04E7, 0x04E8, 0x04E9, 0x04EA, 0x04EB, 0x04EC, 0x04ED, 0x04EE,
    0x04EF, 0x04F0, 0x04F1, 0x04F2, 0x04F3, 0x04F6, 0x04F7, 0x04FA, 0x04FB, 0x04FC, 0x04FD, 0x04FE,
    0x04FF, 0x05D0, 0x05D1, 0x05D2, 0x05D3, 0x05D5, 0x05D6, 0x05D8, 0x05D9, 0x05DB, 0x05DC, 0x05DE,
    0x05E0, 0x05E1, 0x05E2, 0x05E4, 0x05E6, 0x05E8, 0x05E9, 0x05EA, 0x1EA0, 0x1EA2, 0x1EA4, 0x1EA6,
    0x1EA8, 0x1EAA, 0x1EAC, 0x1EAE, 0x1EB0, 0x1EB2, 0x1EB4, 0x1EB6, 0x1EB9, 0x1EBB, 0x1EBD, 0x1EBF,
    0x1EC1, 0x1EC3, 0x1EC5, 0x1EC7, 0x1ECC, 0x1ECD, 0x1ECE, 0x1ECF, 0x1ED0, 0x1ED1, 0x1ED2, 0x1ED3,
    0x1ED4, 0x1ED5, 0x1ED6, 0x1ED7, 0x1ED8, 0x1ED9, 0x1EDA, 0x1EDB, 0x1EDC, 0x1EDD, 0x1EDE, 0x1EDF,
    0x1EE0, 0x1EE1, 0x1EE2, 0x1EE3, 0x1EE4, 0x1EE6, 0x1EE8, 0x1EE9, 0x1EEA, 0x1EEB, 0x1EEC, 0x1EED,
    0x1EEE, 0x1EEF, 0x1EF0, 0x1EF1, 0x1EF2, 0x1EF4, 0x1EF6, 0x1EF8, 0x2013, 0x2014, 0x2018, 0x201A,
    0x201C, 0x201E, 0x2026, 0x2039, 0x203A, 0xFB00, 0xFB8C, 0xFEAD, 0xFEAE, 0xFEAF,
};

static const uint8_t ubuntu_12_regularKernLeftClassIds[] = {
      1,   1,   2,   3,   4,   5,   6,   5,   7,   8,   8,   9,  10,  11,  12,  13,
     14,  15,  16,  17,  18,  19,  20,  21,  22,  23,  24,  25,  26,  27,  28,  29,
     30,  31,  32,  33,  34,  35,  36,  37,  38,  39,  40,  41,  41,  42,  43,  44,
     45,  46,  47,  48,  49,  50,  51,  52,  53,  54,  55,  56,  10,  10,  10,  10,
     10,  10,  14,  12,  14,  14,  14,  14,  13,  21,  21,  21,  21,  21,  21,  26,
     26,  26,  26,  30,  57,  58,  34,  34,  34,  34,  34,  34,  36,  59,  41,  42,
     42,  42,  42,  42,  42,  60,  10,  34,  10,  34,  10,  34,  12,  36,  12,  36,
     12,  36,  12,  36,  13,  61,  13,  14,  14,  14,  14,  14,  16,  16,  16,  16,
     38,  38,  17,  39,  17,  39,  18,  40,  40,  19,  19,  19,  61,  19,  19,  41,
     41,  41,  41,  62,  63,  21,  42,  21,  42,  21,  42,  14,  24,  45,  24,  45,
     24,  45,  25,  46,  25,  46,  25,  46,  26,  26,  26,  26,  26,  26,  28,  48,
     30,  30,  31,  50,  31,  50,  31,  50,  37,  21,  31,  50,  50,  17,  39,  39,
     17,  39,  39,  10,  34,  21,  42,  26,  26,  26,  26,  26,  42,  10,  34,  10,
     34,  14,  16,  16,  18,  40,  21,  42,  21,  42,  64,  39,  31,  50,  50,  16,
     65,  41,  10,  34,  14,  21,  42,  10,  34,  10,  34,  14,  14,  21,  42,  21,
     42,  24,  45,  24,  45,  26,  26,  25,  46,  66,  38,  67,  67,  68,  69,  70,
     71,  72,  73,  74,  75,  68,  76,  69,  77,  67,  78,  73,  79,  80,  81,  70,
     82,  74,  83,  84,  85,  85,  86,  80,  87,  88,  89,  90,  91,  92,  93,  94,
     95,  96,  97,  98,  99, 100, 101, 102, 103, 103, 104, 104, 105, 106,  92,  92,
    107,  90, 108, 109, 104, 104, 110,  95, 100, 111, 112,  68, 113, 114, 115, 116,
    115, 116, 117, 118,  80,  96, 119, 120, 121, 112, 122, 122, 111, 118, 111, 118,
    111, 112, 114,  85, 103, 104,  97,  69,  90,  69,  90,  68, 123,  93,  78,  94,
     73,  95,  73,  95,  73,  95,  73,  95,  85, 103,  82,  90, 124, 125, 126,  70,
     98,  82,  99, 127, 128, 127, 128,  84, 102,  85, 103,  85, 103, 129, 130, 131,
    132, 131, 132,  93, 133, 103, 134,  85, 103,  85, 103,  75,  87,  75,  87, 135,
     67,  92, 136, 137, 136, 137,  93,  78,  94, 138, 139,  80,  96,  80,  96,  80,
     96,  86,  94,  74, 100,  74, 100,  74, 100,  69,  90, 140, 141, 114, 142, 143,
    142, 144, 145, 146, 147, 148, 149, 150, 151, 152, 153, 154, 155, 156, 157, 158,
    159, 160, 161, 162, 163, 163, 163, 163, 163, 163, 163, 163, 163, 163, 163, 163,
    164, 164, 164, 164, 164, 164, 164, 164, 165, 164, 165, 164, 165, 164, 165, 164,
    165, 164, 165, 164, 165, 164, 166, 167, 166, 167, 166, 167, 166, 167, 166, 167,
    168, 168, 169, 167, 169, 167, 169, 167, 169, 167, 169, 167,  30, 170, 170, 170,
      6,   6, 171, 172, 171, 172,   5,  54,  55,  37, 173, 173, 173, 173,
};

static const uint16_t ubuntu_12_regularKernRightCodepoints[] = {
    0x0021, 0x0022, 0x0027, 0x0028, 0x0029, 0x002A, 0x002C, 0x002D, 0x002E, 0x002F, 0x003A, 0x003B,
    0x003F, 0x0040, 0x0041, 0x0043, 0x0047, 0x004A, 0x004D, 0x004F, 0x0051, 0x0053, 0x0054, 0x0055,
    0x0056, 0x0057, 0x0058, 0x0059, 0x005A, 0x005B, 0x005C, 0x005D, 0x0061, 0x0062, 0x0063, 0x0064,
    0x0065, 0x0066, 0x0067, 0x0068, 0x0069, 0x006A, 0x006B, 0x006C, 0x006D, 0x006E, 0x006F, 0x0070,
    0x0071, 0x0072, 0x0073, 0x0074, 0x0075, 0x0076, 0x0077, 0x0078, 0x0079, 0x007A, 0x007B, 0x007D,
    0x00AB, 0x00BB, 0x00C0, 0x00C1, 0x00C2, 0x00C3, 0x00C4, 0x00C5, 0x00C6, 0x00C7, 0x00D2, 0x00D3,
    0x00D4, 0x00D5, 0x00D6, 0x00D8, 0x00D9, 0x00DA, 0x00DB, 0x00DC, 0x00DD, 0x00DF, 0x00E0, 0x00E1,
    0x00E2, 0x00E3, 0x00E4, 0x00E5, 0x00E6, 0x00E7, 0x00E8, 0x00E9, 0x00EA, 0x00EB, 0x00EC, 0x00ED,
    0x00EE, 0x00EF, 0x00F0, 0x00F1, 0x00F2, 0x00F3, 0x00F4, 0x00F5, 0x00F6, 0x00F8, 0x00F9, 0x00FA,
    0x00FB, 0x00FC, 0x00FD, 0x00FE, 0x00FF, 0x0100, 0x0101, 0x0102, 0x0103, 0x0104, 0x0105, 0x0106,
    0x0107, 0x0108, 0x0109, 0x010A, 0x010B, 0x010C, 0x010D, 0x010F, 0x0111, 0x0113, 0x0115, 0x0117,
    0x0119, 0x011B, 0x011C, 0x011D, 0x011E, 0x011F, 0x0120, 0x0121, 0x0122, 0x0123, 0x0125, 0x0127,
    0x0129, 0x012B, 0x012D, 0x012F, 0x0131, 0x0133, 0x0134, 0x0135, 0x0137, 0x013A, 0x013C, 0x013E,
    0x0140, 0x0142, 0x0144, 0x0146, 0x0148, 0x0149, 0x014A, 0x014B, 0x014C, 0x014D, 0x014E, 0x014F,
    0x0150, 0x0151, 0x0152, 0x0153, 0x0155, 0x0157, 0x0159, 0x015A, 0x015B, 0x015C, 0x015D, 0x015E,
    0x015F, 0x0160, 0x0161, 0x0162, 0x0163, 0x0164, 0x0165, 0x0166, 0x0167, 0x0168, 0x0169, 0x016A,
    0x016B, 0x016C, 0x016D, 0x016E, 0x016F, 0x0170, 0x0171, 0x0172, 0x0173, 0x0174, 0x0175, 0x0176,
    0x0177, 0x0178, 0x0179, 0x017A, 0x017B, 0x017C, 0x017D, 0x017E, 0x017F, 0x018F, 0x01A0, 0x01A1,
    0x01AF, 0x01B0, 0x01C6, 0x01C9, 0x01CC, 0x01CD, 0x01CE, 0x01D0, 0x01D1, 0x01D2, 0x01D3, 0x01D4,
    0x01D5, 0x01D6, 0x01D7, 0x01D8, 0x01D9, 0x01DA, 0x01DB, 0x01DC, 0x01DD, 0x01DE, 0x01DF, 0x01E0,
    0x01E1, 0x01E2, 0x01E3, 0x01E4, 0x01E5, 0x01E6, 0x01E7, 0x01E9, 0x01EA, 0x01EB, 0x01EC, 0x01ED,
    0x01EE, 0x01EF, 0x01F0, 0x01F3, 0x01F4, 0x01F5, 0x01F7, 0x01F9, 0x01FA, 0x01FB, 0x01FC, 0x01FD,
    0x01FE, 0x01FF, 0x0200, 0x0201, 0x0202, 0x0203, 0x0205, 0x0207, 0x0209, 0x020B, 0x020C, 0x020D,
    0x020E, 0x020F, 0x0211, 0x0213, 0x0214, 0x0215, 0x0216, 0x0217, 0x0218, 0x0219, 0x021A, 0x021B,
    0x021C, 0x021D, 0x021F, 0x0402, 0x0404, 0x0405, 0x0408, 0x0409, 0x040B, 0x040E, 0x0410, 0x0414,
    0x0416, 0x0417, 0x041B, 0x041C, 0x041E, 0x0421, 0x0422, 0x0423, 0x0424, 0x0425, 0x0427, 0x042A,
    0x042D, 0x042F, 0x0430, 0x0431, 0x0432, 0x0433, 0x0434, 0x0435, 0x0436, 0x0437, 0x0438, 0x0439,
    0x043A, 0x043B, 0x043C, 0x043D, 0x043E, 0x043F, 0x0440, 0x0441, 0x0442, 0x0443, 0x0444, 0x0445,
    0x0446, 0x0447, 0x0448, 0x0449, 0x044A, 0x044B, 0x044C, 0x044D, 0x044E, 0x044F, 0x0450, 0x0451,
    0x0452, 0x0453, 0x0454, 0x0455, 0x0456, 0x0457, 0x0458, 0x0459, 0x045A, 0x045B, 0x045C, 0x045D,
    0x045E, 0x045F, 0x0460, 0x0461, 0x0462, 0x0463, 0x0465, 0x0466, 0x0467, 0x0469, 0x046D, 0x046E,
    0x0470, 0x0472, 0x0473, 0x0474, 0x0475, 0x0476, 0x0477, 0x0478, 0x0479, 0x047A, 0x047B, 0x047C,
    0x047D, 0x047E, 0x047F, 0x0480, 0x0481, 0x048B, 0x048D, 0x048F, 0x0491, 0x0493, 0x0495, 0x0496,
    0x0497, 0x0498, 0x0499, 0x049B, 0x049D, 0x049F, 0x04A1, 0x04A3, 0x04A5, 0x04A7, 0x04A8, 0x04A9,
    0x04AA, 0x04AB, 0x04AC, 0x04AD, 0x04AE, 0x04AF, 0x04B0, 0x04B1, 0x04B2, 0x04B3, 0x04B4, 0x04B5,
    0x04B6, 0x04B7, 0x04B8, 0x04B9, 0x04BB, 0x04BC, 0x04BD, 0x04BE, 0x04BF, 0x04C1, 0x04C2, 0x04C4,
    0x04C5, 0x04C6, 0x04C8, 0x04CA, 0x04CB, 0x04CC, 0x04CE, 0x04D0, 0x04D1, 0x04D2, 0x04D3, 0x04D5,
    0x04D7, 0x04D8, 0x04D9, 0x04DA, 0x04DB, 0x04DC, 0x04DD, 0x04DE, 0x04DF, 0x04E0, 0x04E1, 0x04E3,
    0x04E5, 0x04E6, 0x04E7, 0x04E8, 0x04E9, 0x04EA, 0x04EB, 0x04EC, 0x04ED, 0x04EE, 0x04EF, 0x04F0,
    0x04F1, 0x04F2, 0x04F3, 0x04F4, 0x04F5, 0x04F7, 0x04F9, 0x04FA, 0x04FC, 0x04FD, 0x04FE, 0x04FF,
    0x05D0, 0x05D1, 0x05D2, 0x05D3, 0x05D4, 0x05D6, 0x05D7, 0x05D8, 0x05D9, 0x05DA, 0x05DB, 0x05DC,
    0x05DD, 0x05DE, 0x05E1, 0x05E2, 0x05E3, 0x05E4, 0x05E5, 0x05E7, 0x05E8, 0x05E9, 0x05EA, 0x06D5,
    0x1EA0, 0x1EA1, 0x1EA2, 0x1EA3, 0x1EA4, 0x1EA5, 0x1EA6, 0x1EA7, 0x1EA8, 0x1EA9, 0x1EAA, 0x1EAB,
    0x1EAC, 0x1EAD, 0x1EAE, 0x1EAF, 0x1EB0, 0x1EB1, 0x1EB2, 0x1EB3, 0x1EB4, 0x1EB5, 0x1EB6, 0x1EB7,
    0x1EB9, 0x1EBB, 0x1EBD, 0x1EBF, 0x1EC1, 0x1EC3, 0x1EC5, 0x1EC7, 0x1ECC, 0x1ECD, 0x1ECE, 0x1ECF,
    0x1ED0, 0x1ED1, 0x1ED2, 0x1ED3, 0x1ED4, 0x1ED5, 0x1ED6, 0x1ED7, 0x1ED8, 0x1ED9, 0x1EDA, 0x1EDB,
    0x1EDC, 0x1EDD, 0x1EDE, 0x1EDF, 0x1EE0, 0x1EE1, 0x1EE2, 0x1EE3, 0x1EE5, 0x1EE7, 0x1EE9, 0x1EEB,
    0x1EED, 0x1EEF, 0x1EF1, 0x1EF2, 0x1EF3, 0x1EF4, 0x1EF5, 0x1EF6, 0x1EF7, 0x1EF8, 0x1EF9, 0x2013,
    0x2014, 0x2018, 0x2019, 0x201A, 0x201C, 0x201D, 0x201E, 0x2026, 0x2039, 0x203A, 0xFB00, 0xFB01,
    0xFB02, 0xFB03, 0xFB04, 0xFB8E, 0xFBA6, 0xFBAA, 0xFE8D, 0xFEA3, 0xFEA9, 0xFEB1, 0xFEB3, 0xFEB9,
    0xFEBB, 0xFEC1, 0xFEC3, 0xFECB, 0xFEDB, 0xFEDF, 0xFEE1, 0xFEE3, 0xFEEB,
};

static const uint8_t ubuntu_12_regularKernRightClassIds[] = {
      1,   2,   2,   3,   4,   5,   6,   7,   6,   8,   9,   9,  10,  11,  12,  13,
     14,  15,  16,  17,  18,  19,  20,  21,  22,  23,  24,  25,  26,  27,  28,  29,
     30,  31,  32,  33,  34,  35,  36,  31,  37,  38,  31,  39,  40,  40,  41,  40,
     42,  40,  43,  44,  45,  46,  47,  48,  49,  50,  51,  52,  53,  54,  12,  12,
     12,  12,  12,  12,  55,  13,  17,  17,  17,  17,  17,  17,  21,  21,  21,  21,
     25,  56,  30,  30,  30,  30,  30,  30,  30,  32,  34,  34,  34,  34,  57,  37,
     58,  59,  60,  40,  41,  41,  41,  41,  41,  41,  45,  45,  45,  45,  49,  56,
     49,  12,  30,  12,  30,  12,  30,  13,  32,  13,  32,  13,  32,  13,  32,  33,
     33,  34,  34,  34,  34,  34,  14,  36,  14,  36,  14,  36,  14,  36,  31,  31,
     61,  62,  63,  37,  37,  37,  15,  38,  31,  39,  39,  39,  39,  39,  40,  40,
     40,  40,  64,  65,  17,  41,  17,  41,  17,  41,  17,  41,  40,  40,  40,  19,
     43,  19,  43,  19,  43,  19,  43,  20,  44,  20,  44,  20,  44,  21,  45,  21,
     45,  21,  45,  21,  45,  21,  45,  21,  45,  23,  47,  25,  49,  25,  26,  50,
     26,  50,  26,  50,  35,  66,  17,  41,  21,  45,  33,  39,  40,  12,  30,  37,
     17,  41,  21,  45,  21,  45,  21,  45,  21,  45,  21,  45,  67,  12,  30,  12,
     30,  55,  30,  14,  36,  14,  36,  31,  17,  41,  17,  41,  68,  69,  38,  33,
     14,  36,  56,  40,  12,  30,  55,  30,  17,  41,  12,  30,  12,  30,  34,  34,
     37,  37,  17,  41,  17,  41,  40,  40,  21,  45,  21,  45,  19,  43,  20,  44,
     70,  71,  31,  72,  73,  74,  75,  76,  72,  77,  78,  79,  80,  81,  76,  82,
     83,  73,  72,  77,  84,  85,  86,  72,  87,  88,  89,  90,  91,  92,  93,  94,
     95,  96,  92,  92,  92,  97,  98,  92,  99,  92, 100, 101, 102, 103, 104, 105,
     92, 106,  92, 107, 108,  92,  92, 109,  91, 110,  94,  94, 111,  92, 112, 113,
    114, 115, 116,  97,  92, 117,  92,  92, 103, 107, 118, 119,  72, 120, 121, 122,
    123, 121, 121, 124, 125,  83,  99,  77, 103, 126, 119, 118, 127, 118, 127, 118,
    127, 118, 119, 118, 127,  92, 128, 100,  92,  92,  92,  80,  95,  81,  96,  92,
     92,  92,  92,  92,  92,  92, 129, 130,  73, 101,  72, 102, 131, 132, 131, 132,
     85, 105,  72, 102,  86, 106,  86, 106, 133, 134, 135, 134, 135,  80,  95,  92,
     76,  97,  92,  92,  86, 106,  98,  78,  89,  78,  89, 136,  94, 137, 138, 137,
    138,  80,  95,  81, 139, 140, 141,  92,  92,  83,  99,  83,  99,  83,  99,  87,
    142,  77, 103,  77, 103,  77, 103,  86, 106,  92,  92, 143, 144, 145, 144, 145,
    146, 147, 148, 149, 150, 151, 152, 153, 154, 155, 156, 157, 158, 159, 160, 161,
    162, 163, 164, 165, 166, 167, 168, 169, 170, 171, 170, 171, 170, 171, 170, 171,
    170, 171, 170, 171, 170, 171, 170, 171, 170, 171, 170, 171, 170, 171, 170, 171,
    172, 172, 172, 172, 172, 172, 172, 172, 173, 172, 173, 172, 173, 172, 173, 172,
    173, 172, 173, 172, 173, 172, 173, 172, 173, 172, 173, 172, 173, 172, 173, 172,
    174, 174, 174, 174, 174, 174, 174,  25,  49, 175, 176, 175, 176, 175, 176,   7,
      7, 177, 178, 179, 177, 178, 179,   6,  53,  54,  35,  35,  35,  35,  35, 169,
    169, 169, 180, 169, 181, 181, 181, 181, 181, 181, 181, 180, 169, 180, 169, 169,
    169,
};

static const uint16_t ubuntu_12_regularKernRowOffsets[] = {
        0,    20,    40,    71,    87,   114,   137,   164,   179,   212,   256,   273,   309,   336,   369,   404,
      410,   422,   465,   506,   508,   535,   561,   584,   608,   656,   671,   719,   758,   794,   841,   876,
      911,   927,   937,   950,   962,   984,   995,   996,  1010,  1021,  1035,  1049,  1050,  1065,  1078,  1096,
     1110,  1121,  1135,  1158,  1183,  1189,  1194,  1220,  1235,  1258,  1271,  1275,  1289,  1320,  1322,  1329,
     1336,  1357,  1361,  1393,  1423,  1483,  1524,  1532,  1564,  1617,  1669,  1722,  1744,  1777,  1793,  1806,
     1844,  1871,  1932,  1976,  2015,  2048,  2082,  2091,  2105,  2111,  2130,  2143,  2160,  2180,  2186,  2204,
     2224,  2246,  2262,  2281,  2302,  2326,  2344,  2358,  2369,  2388,  2407,  2415,  2431,  2437,  2448,  2454,
     2455,  2466,  2467,  2470,  2472,  2473,  2477,  2537,  2558,  2563,  2567,  2572,  2581,  2618,  2629,  2681,
     2702,  2714,  2725,  2747,  2761,  2765,  2770,  2784,  2812,  2832,  2856,  2865,  2871,  2873,  2874,  2877,
     2883,  2888,  2895,  2906,  2912,  2913,  2922,  2933,  2939,  2949,  2954,  2957,  2964,  2966,  2973,  2980,
     2990,  2997,  3007,  3009,  3010,  3012,  3014,  3015,  3016,  3021,  3026,  3041,  3063,  3066,
};

static const uint8_t ubuntu_12_regularKernSparseCols[] = {
     11,  12,  13,  14,  16,  17,  21,  22,  25,  54,  72,  74,  75,  77,  78,  82,
     83, 128, 136, 139,   3,  12,  13,  16,  17,  18,  19,  20,  21,  24,  71,  72,
     73,  78,  82,  83, 128, 130, 133, 136,  11,  12,  13,  14,  16,  17,  18,  19,
     21,  22,  23,  24,  25,  54,  71,  72,  73,  76,  77,  79,  80,  82,  83,  84,
     85,  86,  87, 128, 130, 136, 139,  11,  12,  13,  14,  23,  54,  72,  74,  75,
     77,  78,  79,  80,  84, 136, 139,  11,  12,  13,  14,  16,  17,  18,  19,  20,
     21,  22,  23,  24,  25,  54,  71,  72,  77,  78,  82,  83,  84,  85, 128, 130,
    133, 136,  14,  19,  21,  23,  24,  25,  54,  71,  72,  73,  74,  75,  76,  78,
     79,  80,  82,  84,  86, 128, 130, 136, 139,  11,  12,  13,  14,  16,  17,  19,
     21,  22,  23,  24,  25,  54,  71,  72,  74,  75,  76,  77,  78,  79,  82,  83,
     84,  86, 128, 130,  12,  13,  16,  17,  19,  20,  21,  22,  24,  71,  72,  82,
     83, 130, 136,  11,  12,  13,  14,  16,  17,  18,  19,  20,  21,  22,  23,  24,
     25,  54,  71,  72,  73,  74,  75,  76,  77,  78,  79,  80,  82,  83,  84,  85,
     86,  87, 130, 139,   1,   2,   4,   5,   7,  10,  11,  12,  13,  14,  16,  17,
     18,  19,  20,  21,  22,  23,  24,  25,  28,  31,  32,  33,  35,  40,  41,  42,
     44,  45,  46,  47,  48,  49,  50,  51,  52,  54,  59,  65,  69, 176, 177, 178,
      1,   2,   3,   4,   5,   7,   8,   9,  21,  22,  23,  24,  28,  49,  51,  54,
     69,   2,   5,   6,   9,  10,  11,  12,  13,  14,  16,  17,  18,  19,  21,  23,
     24,  25,  26,  31,  32,  33,  35,  40,  41,  44,  45,  46,  47,  48,  50,  52,
     54,  59,  65, 177, 178,   0,   1,   2,   3,   5,   7,   9,  10,  11,  14,  18,
     19,  21,  22,  23,  24,  25,  26,  28,  29,  51,  54,  67,  69, 176, 177, 178,
      1,   2,   4,   5,  10,  11,  12,  13,  14,  16,  17,  20,  26,  28,  31,  32,
     33,  35,  40,  41,  43,  44,  45,  46,  47,  48,  50,  51,  52,  54,  59,  65,
    176,   0,   2,   5,   7,   8,   9,  10,  11,  12,  13,  14,  16,  17,  19,  21,
     24,  26,  28,  29,  31,  32,  33,  35,  39,  40,  41,  44,  47,  49,  53,  54,
     59,  64,  66, 178,   3,   4,  28,  45,  48,  51,   3,   5,   7,  11,  14,  25,
     28,  49,  51,  54,  67, 178,   2,   4,   5,   6,   7,   9,  10,  11,  12,  13,
     14,  16,  17,  19,  21,  22,  23,  24,  25,  28,  31,  32,  33,  35,  40,  41,
     42,  44,  45,  46,  47,  48,  49,  50,  52,  54,  58,  59,  60,  61,  65,  66,
    178,   1,   2,   4,   5,   6,   7,  11,  12,  13,  14,  16,  17,  18,  19,  20,
     21,  22,  23,  24,  25,  28,  31,  32,  33,  35,  40,  41,  45,  46,  47,  48,
     49,  50,  51,  52,  53,  54,  69, 176, 177, 178,  21,  24,   0,   1,   2,   3,
      5,   7,   9,  10,  11,  14,  18,  19,  21,  22,  23,  24,  25,  26,  28,  29,
     51,  54,  67,  69, 176, 177, 178,   0,   2,   3,   5,   7,  11,  14,  23,  26,
     28,  29,  31,  32,  33,  35,  40,  41,  45,  46,  48,  51,  52,  54,  59, 177,
    178,   0,   1,   2,   5,   9,  10,  11,  14,  18,  19,  21,  22,  23,  24,  25,
     26,  29,  37,  54,  67, 176, 177, 178,   2,   5,   7,   9,  10,  11,  12,  13,
     14,  16,  17,  21,  23,  24,  25,  28,  47,  49,  50,  51,  52,  54,  59, 178,
      2,   3,   5,   6,   7,   8,   9,  10,  11,  12,  13,  14,  16,  17,  19,  21,
     22,  23,  24,  28,  29,  31,  32,  33,  35,  39,  40,  41,  42,  44,  45,  46,
     47,  48,  49,  50,  52,  53,  54,  57,  58,  59,  60,  61,  62,  64,  66, 178,
      2,   5,   7,   8,  11,  14,  25,  28,  29,  49,  50,  51,  54,  67, 178,   1,
      2,   3,   5,   6,   7,   8,   9,  10,  11,  12,  13,  14,  15,  16,  17,  19,
     21,  22,  23,  24,  28,  29,  31,  32,  33,  35,  39,  40,  41,  42,  44,  49,
     50,  52,  53,  54,  56,  58,  59,  60,  61,  62,  64,  66, 176, 177, 178,   1,
      2,   5,   7,   8,   9,  10,  11,  12,  13,  14,  16,  17,  19,  21,  22,  23,
     24,  28,  29,  31,  32,  33,  35,  39,  40,  41,  42,  44,  50,  52,  54,  58,
     59,  60,  64, 176, 177, 178,   2,   4,   5,   6,   7,  10,  11,  12,  13,  14,
     16,  17,  19,  21,  23,  24,  25,  28,  31,  32,  33,  35,  40,  41,  44,  45,
     46,  47,  48,  50,  52,  54,  59,  65,  66, 178,   2,   3,   5,   6,   7,   8,
      9,  10,  11,  12,  13,  14,  15,  16,  17,  19,  21,  22,  23,  24,  25,  28,
     29,  31,  32,  33,  35,  39,  40,  41,  42,  44,  47,  49,  50,  52,  53,  54,
     58,  59,  60,  61,  64,  66, 176, 177, 178,   2,   5,   6,  10,  11,  12,  13,
     14,  16,  17,  20,  21,  24,  26,  28,  31,  32,  33,  35,  40,  41,  43,  44,
     45,  46,  47,  48,  50,  51,  52,  54,  58,  59,  60,  65,  11,  12,  13,  14,
     16,  17,  18,  19,  20,  21,  22,  23,  24,  25,  28,  54,  71,  72,  73,  74,
     75,  76,  77,  78,  79,  82,  83,  84,  85,  87, 128, 130, 133, 136, 139,  12,
     13,  16,  17,  22,  23,  25,  72,  73,  82,  83,  84,  85,  87, 128, 136,   1,
      3,   4,   9,  28,  45,  46,  48,  51, 177,   1,   3,   7,   9,  28,  45,  46,
     47,  48,  49,  51, 176, 177,   5,   6,  28,  32,  35,  40,  45,  46,  47,  48,
     50,  52,   3,   4,   5,   6,   7,   9,  28,  45,  46,  47,  48,  51,  52,  53,
     56,  58,  59,  60,  61,  62, 177, 178,   1,   3,   4,   9,  28,  45,  46,  48,
     51, 176, 177,  37,   6,   7,  10,  28,  31,  32,  33,  35,  40,  41,  47,  50,
     52,  59,   1,   3,   4,   9,  28,  45,  46,  48,  51, 176, 177,   1,   3,   4,
      7,   9,  28,  45,  46,  47,  48,  49,  51, 176, 177,   1,   3,   4,   7,   9,
     28,  45,  46,  47,  48,  49,  51, 176, 177,  37,   4,   5,   6,   7,   9,  28,
     41,  45,  46,  47,  48,  52,  59, 177, 178,   5,   6,  28,  31,  32,  33,  35,
     40,  41,  47,  50,  52,  59,   4,   5,   7,   9,  28,  31,  32,  33,  35,  40,
     41,  45,  46,  47,  48,  59, 177, 178,   4,   5,   7,   9,  28,  31,  40,  45,
     46,  47,  48,  59, 177, 178,  28,  31,  32,  33,  35,  40,  41,  47,  50,  52,
     59,  28,  31,  32,  33,  34,  35,  40,  41,  43,  44,  50,  51,  52,  59,  11,
     12,  13,  14,  16,  17,  18,  20,  25,  51,  54,  72,  73,  77,  78,  82,  83,
     85,  87, 128, 133, 136, 139,  11,  14,  18,  19,  20,  21,  22,  23,  24,  25,
     54,  71,  73,  74,  75,  76,  77,  78,  79,  80,  84,  86,  87, 130, 139,  19,
     20,  21,  22,  24,  25,  19,  21,  24,  71, 130,  11,  14,  18,  19,  21,  22,
     23,  24,  25,  54,  71,  73,  74,  75,  76,  77,  78,  79,  80,  84,  85,  86,
     87, 130, 133, 139,  11,  12,  13,  14,  16,  17,  18,  19,  20,  21,  22,  23,
     24,  25,  54,   0,   1,   3,   5,   7,   9,  11,  14,  19,  21,  23,  24,  25,
     26,  28,  29,  51,  54,  67,  69, 176, 177, 178,   1,   3,   4,   9,  28,  45,
     46,  48,  51,  68,  70, 176, 177,   7,   9,  28,  51,   1,   3,   4,   7,   9,
     28,  45,  46,  47,  48,  49,  51, 176, 177,   1,   3,   5,   6,   8,   9,  27,
     28,  29,  30,  31,  32,  33,  35,  36,  37,  38,  39,  40,  41,  42,  43,  44,
     51,  56,  57,  58,  60,  61,  62, 177,  37,  49,   1,   4,   9,  45,  46, 176,
    177,  37,  45,  46,  47,  48,  68,  70,  11,  14,  23,  24,  25,  29,  30,  34,
     36,  37,  39,  54,  55,  56,  57,  58,  60,  61,  62,  63,  67,  21,  24,  63,
     69,   1,   2,   4,   5,  10,  26,  28,  50,  51,  52,  72,  74,  77,  82,  83,
     89,  93,  98, 100, 101, 102, 103, 104, 105, 107, 119, 128, 129, 131, 136, 140,
    176,   0,   1,   3,   4,   5,   6,   7,   8,   9,  26,  28,  51,  76,  79,  84,
     85,  87,  94,  95, 101, 102, 104, 107, 119, 127, 131, 133, 138, 140, 141,   2,
      3,   5,   6,   7,   8,   9,  10,  28,  50,  52,  53,  71,  72,  74,  75,  76,
     77,  78,  82,  83,  84,  86,  88,  90,  91,  92,  93,  94,  95,  96,  97,  98,
     99, 100, 101, 102, 103, 104, 105, 106, 107, 108, 109, 110, 111, 112, 114, 116,
    127, 128, 129, 131, 134, 135, 137, 138, 140, 141, 178,   2,   5,   6,   9,  10,
     26,  50,  52,  71,  72,  74,  75,  77,  78,  82,  83,  84,  89,  92,  93,  94,
     96,  98, 100, 101, 102, 103, 104, 105, 107, 110, 116, 128, 129, 130, 131, 134,
    136, 140, 177, 178,   1,   4, 101, 102, 107, 119, 131, 140,   0,   1,   2,   3,
      4,   9,  10,  26,  28,  51,  71,  72,  82,  83,  85,  89, 101, 102, 107, 110,
    113, 114, 115, 116, 119, 127, 128, 131, 132, 133, 136, 140,   2,   4,   5,   6,
      7,   9,  10,  28,  50,  52,  71,  72,  74,  75,  77,  78,  79,  80,  82,  83,
     84,  86,  87,  89,  92,  93,  94,  96,  98, 100, 101, 102, 103, 104, 105, 107,
    108, 109, 110, 111, 112, 116, 119, 128, 129, 131, 133, 134, 136, 137, 139, 140,
    178,   1,   2,   3,   5,   6,   7,   8,   9,  10,  28,  50,  52,  53,  71,  72,
     74,  75,  76,  77,  78,  79,  81,  82,  83,  84,  86,  88,  89,  90,  91,  92,
     93,  96,  97,  98,  99, 100, 103, 106, 109, 110, 111, 112, 114, 116, 128, 129,
    135, 137, 176, 177, 178,   1,   2,   4,   5,   7,  10,  28,  50,  51,  52,  71,
     72,  73,  74,  75,  77,  78,  79,  80,  82,  83,  84,  85,  86,  87,  89,  92,
     93,  94,  96,  98, 100, 101, 102, 103, 104, 105, 107, 108, 109, 112, 119, 128,
    130, 131, 133, 134, 136, 139, 140, 176, 177, 178,   1,   2,   3,   4,   5,   7,
      8,   9,  26,  28,  51,  76,  79,  83,  84,  85,  87,  95, 115, 130, 138, 141,
      1,   3,   4,   5,   7,  28,  50,  51,  52,  72,  74,  75,  77,  78,  79,  80,
     82,  83,  84,  85,  86,  92,  94,  96, 102, 104, 105, 109, 115, 128, 136, 139,
    140,   1,   2,   3,   7,   8,   9,  26,  28,  51,  76,  79,  83,  84,  85,  87,
    115,   1,   2,   3,   4,   9,  10,  26,  28,  51,  76, 103, 105, 130,   0,   1,
      2,   3,   5,   6,   7,   9,  10,  26,  28,  51,  71,  74,  75,  76,  77,  78,
     79,  80,  84,  86,  88,  92,  94,  95,  96, 110, 113, 114, 115, 130, 138, 139,
    141, 176, 177, 178,   0,   2,   3,   5,   7,  26,  28,  51,  52,  74,  75,  77,
     78,  79,  80,  84,  88,  92,  96,  97, 102, 127, 131, 133, 135, 177, 178,   2,
      3,   5,   6,   7,   8,   9,  10,  28,  50,  52,  53,  71,  72,  74,  75,  76,
     77,  78,  82,  83,  84,  86,  88,  90,  91,  92,  93,  94,  95,  96,  97,  98,
     99, 100, 101, 102, 103, 104, 105, 106, 107, 108, 109, 110, 111, 112, 114, 116,
    127, 128, 129, 130, 131, 134, 135, 137, 138, 140, 141, 178,   0,   1,   2,   3,
      5,   7,   9,  10,  26,  28,  51,  71,  74,  75,  76,  77,  78,  79,  80,  84,
     86,  88,  90,  91,  92,  94,  95,  96,  97,  99, 106, 110, 113, 114, 115, 116,
    132, 135, 138, 139, 141, 176, 177, 178,   2,   4,   5,   6,   7,  10,  28,  50,
     52,  71,  72,  77,  82,  83,  84,  89,  92,  93,  94,  96,  98, 100, 101, 102,
    103, 104, 105, 107, 110, 111, 116, 119, 129, 130, 131, 134, 137, 140, 178,   1,
      3,   4,   5,   7,  28,  50,  51,  52,  72,  74,  75,  77,  78,  79,  80,  82,
     83,  84,  85,  86,  92,  94,  96, 102, 104, 105, 109, 115, 128, 136, 139, 140,
      0,   1,   2,   3,   5,   6,   7,   9,  10,  26,  28,  51,  71,  74,  75,  76,
     77,  78,  79,  80,  84,  86,  92,  95,  96, 113, 114, 115, 138, 139, 141, 176,
    177, 178,   1,   3,   4,   9,  28,  51, 102, 131, 177,   0,   1,   2,   4,   5,
      6,   7,   8,  26,  94,  95, 104, 138, 141,   1,   3,   4,   9,  28,  51,   3,
      5,   6,   7,   9,  28,  50,  51,  52,  92,  96, 101, 102, 104, 107, 127, 131,
    134, 140,   1,   3,   7,  28,  51,  92,  94,  96, 102, 103, 104, 105, 140,   1,
      3,   4,   5,   6,   7,   8,   9,  26,  28,  51,  95, 102, 131, 138, 141, 177,
      1,   2,   6,   7,  10,  28,  50,  52,  92,  93,  94,  96,  98, 100, 103, 104,
    109, 111, 129, 137,   1,   3,   4,   9,  28,  51,   2,   6,   7,  10,  28,  50,
     52,  92,  93,  94,  96,  98, 100, 103, 104, 109, 111, 129,   1,   3,   4,   5,
      6,   7,   8,   9,  28,  51,  94,  95, 102, 104, 108, 131, 138, 141, 176, 177,
      1,   2,   3,   4,   5,   6,   7,   8,   9,  26,  28,  51,  94,  95, 102, 104,
    110, 131, 138, 141, 176, 177,   5,   6,  28,  50,  51,  52,  92,  94,  96,  98,
    101, 102, 103, 104, 107, 131,   3,   5,   6,   7,   9,  28,  50,  51,  52,  92,
     96, 101, 102, 104, 107, 127, 131, 134, 140,   3,   5,   7,   9,  28,  51,  92,
     93,  96,  98, 100, 101, 102, 103, 104, 107, 127, 131, 140, 177, 178,   0,   1,
      3,   4,   5,   6,   7,   8,   9,  26,  28,  51,  94,  95,  96, 102, 104, 108,
    110, 138, 140, 141, 176, 177,   2,   6,   9,  10,  28,  50,  51,  52,  92,  93,
     94,  96,  98, 100, 103, 104, 111, 129,   1,   3,   7,  28,  51,  92,  94,  96,
    102, 103, 104, 105, 115, 140,   1,   3,   4,   9,  28,  51, 101, 102, 107, 131,
    140,   1,   3,   4,   5,   6,   7,   8,   9,  28,  51,  94,  95, 102, 104, 108,
    138, 141, 176, 177,   1,   3,   4,   5,   6,   7,   8,   9,  28,  51,  94,  95,
    102, 104, 108, 138, 141, 176, 177,   1,   2,   4,   9,  10,  26,  89, 110,   1,
      2,   6,   9,  10,  26,  28,  50,  51,  52,  93,  98, 100, 103, 111, 129,   1,
      3,   9,  28,  50,  51,   1,   2,   3,   4,   9,  10,  26,  28,  51,  89, 110,
    121, 122, 123, 125, 143, 144, 122,   1,   3,   4,   9,  28,  51, 101, 102, 107,
    131, 140, 117, 124, 125, 142, 118, 126, 125, 121, 122, 143, 144,   2,   3,   6,
      7,   8,   9,  10,  28,  51,  52,  53,  71,  72,  75,  76,  77,  78,  79,  80,
     82,  83,  84,  85,  86,  88,  90,  91,  92,  93,  94,  95,  96,  97,  98,  99,
    100, 101, 102, 103, 104, 105, 106, 107, 108, 109, 110, 111, 112, 116, 127, 128,
    129, 131, 134, 135, 137, 138, 139, 140, 141,   4,   5,   6,   7,   9,  28,  52,
     53,  92,  94,  96, 101, 102, 104, 105, 107, 108, 127, 131, 134, 140, 117, 121,
    122, 126, 144, 121, 122, 126, 143,   1,   2,   4,   9, 105,   1,   4,   9,  96,
    101, 105, 107, 131, 134,   0,   1,   2,   4,   5,   6,   8,   9,  26,  71,  73,
     74,  75,  76,  77,  79,  80,  84,  85,  86,  87,  94,  95,  96,  99, 104, 106,
    108, 110, 113, 114, 115, 116, 132, 138, 139, 141,   1,   4,   5,   8,   9,  26,
     94, 101, 104, 107, 131,   2,   3,   5,   6,   7,   8,   9,  10,  28,  50,  52,
     53,  71,  72,  77,  81,  82,  84,  88,  89,  90,  91,  92,  93,  94,  95,  96,
     97,  98,  99, 100, 103, 104, 105, 106, 108, 109, 110, 111, 112, 116, 127, 129,
    130, 134, 135, 137, 138, 141, 176, 177, 178,   3,   4,   5,   7,   9,  28,  51,
     92,  93,  96,  98, 100, 101, 102, 104, 107, 127, 131, 140, 177, 178,   0,   1,
      2,   3,   4,   9,  26,  28,  51,  71,  85, 133,   1,   2,   3,   4,   9,  10,
     26,  28,  51,  89, 110,   1,   2,   3,   5,   7,   9,  26,  28,  51,  76,  79,
     80,  84,  86,  88,  97, 113, 114, 115, 135, 137, 139,   1,   3,   4,   5,   6,
      7,   8,   9,  26,  28,  51,  95, 138, 141,   2,   9,  50,  52,   1,   2,   9,
    103, 129,   1,   3,   4,   5,   6,   7,   8,   9,  26,  28,  51,  95, 138, 141,
      0,   1,   2,   3,   5,   6,   7,   9,  10,  26,  28,  51,  71,  77,  84,  88,
     92,  95,  96, 113, 114, 115, 130, 138, 141, 176, 177, 178,   1,   3,   4,   5,
      6,   7,   8,   9,  28,  51,  94,  95, 102, 104, 108, 131, 138, 141, 176, 177,
      2,   4,   5,   7,   8,  26,  28,  51,  83,  87,  94, 101, 102, 104, 107, 109,
    113, 114, 115, 119, 127, 131, 133, 140,   1,   2,   9,  10,  50,  52,  98, 103,
    129, 117, 120, 121, 122, 126, 144, 122, 126, 126, 117, 124, 126, 153, 155, 156,
    162, 164, 166, 148, 154, 159, 162, 165, 146, 152, 153, 155, 156, 158, 162, 146,
    149, 152, 154, 155, 157, 158, 159, 161, 162, 165, 146, 152, 157, 159, 162, 165,
    146, 148, 152, 154, 155, 161, 162, 163, 164, 165, 146, 149, 151, 152, 155, 157,
    158, 159, 162, 165, 167, 152, 155, 158, 159, 161, 162, 146, 147, 152, 154, 155,
    159, 161, 162, 166, 167, 155, 157, 158, 159, 162, 152, 153, 155, 152, 154, 156,
    159, 161, 162, 165, 152, 159, 154, 155, 156, 159, 161, 162, 166, 145, 146, 148,
    153, 157, 159, 162, 146, 152, 154, 155, 158, 159, 161, 162, 165, 167, 146, 152,
    155, 157, 159, 162, 165, 148, 150, 153, 155, 156, 158, 159, 160, 162, 166, 172,
    174, 175, 169, 174, 169, 174, 175, 169, 169, 170, 171, 172, 174, 169, 170, 171,
    172, 173,  11,  12,  13,  14,  16,  17,  21,  22,  24,  54,  72,  77,  82,  83,
    130,  11,  12,  13,  14,  16,  17,  18,  19,  20,  21,  22,  23,  24,  25,  54,
     71,  72,  77,  82,  83,  84, 130, 168, 179, 180,
};

static const int8_t ubuntu_12_regularKernSparseValues[] = {
     -32,  -10,  -10,  -49,  -10,  -10,    5,    4,   -5,  -54,  -10,  -46,  -29,  -32,  -28,  -10,
     -10,  -11,  -14,   -4,   32,  -12,  -12,  -12,  -12,   -7,    4,   -4,    6,    7,    4,  -12,
      -5,   11,  -12,  -12,  -18,    7,   -5,   -8,   -8,   -5,   -5,   -5,   -5,   -5,   -5,  -11,
     -14,   -7,  -11,  -17,   -9,   -8,  -11,   -5,   -6,  -10,   -8,   -9,   -8,   -5,   -5,  -11,
      -8,   -7,   -7,   -6,  -17,   -5,   -7,  -26,   -4,   -4,  -49,  -10,  -39,   -4,  -45,  -30,
     -26,  -29,  -12,   -6,  -10,   -7,   -7,   10,  -12,  -12,   11,  -13,  -13,    6,  -28,   -9,
     -31,  -16,    4,  -32,    8,    8,  -28,  -12,   10,    7,  -13,  -13,    4,  -47,  -17,  -32,
     -40,  -12,  -11,  -20,   -5,  -12,  -20,   -6,   -6,  -20,    6,   -4,   -9,  -14,  -16,   -9,
     -16,   -6,    6,  -12,   -7,    6,  -20,    6,   -9,  -20,  -11,  -11,  -28,  -10,  -10,   12,
      13,    9,    8,   14,    4,  -31,   12,  -11,  -25,  -24,   10,  -20,  -24,    7,  -10,  -10,
       8,    8,   -8,   14,   -4,   -4,   -4,   -4,  -34,   -5,   -8,   -5,  -16,  -34,   -4,   -4,
      -4,  -16,   -9,  -10,   -4,   -4,  -10,   -4,   -4,   -7,  -18,   -5,  -14,   -9,  -16,  -22,
     -14,  -15,  -18,   -4,   -6,   -9,   -9,  -16,  -10,   -8,  -18,  -12,   -4,   -4,  -16,   -5,
     -11,   -6,  -22,  -11,  -31,   -8,  -25,   10,    7,   -6,   13,   -8,   -8,   12,   -8,   -8,
       6,  -26,   -4,  -25,   -7,   10,  -32,    8,  -11,   -5,   -5,   -5,   -6,   -5,   -5,    5,
      -6,   -8,   -8,   10,   -6,    6,   -8,   -4,   -8,   14,   -5,   -6,  -21,  -28,  -27,   10,
      -4,   -4,  -10,   -4,   -4,   -8,   -4,   -8,   -8,   -5,   -8,  -10,  -14,   -5,   -9,   -5,
      -6,   -9,    9,  -12,    6,   -7,    9,   -8,   -8,    9,   -8,   -8,    4,    7,    7,    5,
       7,    4,   -4,   -6,   -6,   -6,   -6,   -6,   -6,   -8,   -6,   -7,    6,   -6,  -11,  -18,
       9,   -6,   -5,    5,    7,   -6,  -10,   -5,  -13,  -13,  -17,  -16,   -4,   -8,  -10,   -4,
     -11,   -7,   -7,  -10,  -16,   -6,   -4,  -17,   -6,  -12,  -17,  -12,  -12,   -8,   -5,  -14,
      -6,   -8,   -5,    4,   -6,    7,  -11,  -11,    7,  -11,  -11,   -9,   -7,  -17,   -6,   -7,
      -6,   -9,   -7,   -6,   -6,   -8,  -10,  -10,    4,  -10,   -8,   -9,   -9,    7,   -6,   -8,
      -5,   -4,  -10,  -26,  -24,   -7,    5,   -7,  -18,   -5,   -5,  -32,   -5,   -5,    6,    7,
       8,   -6,  -16,  -20,   -6,   -6,   -6,   -6,  -11,   -6,   -6,  -10,  -14,  -10,   -8,  -30,
      -6,  -10,   -7,  -41,   -4,  -10,   -4,   -7,   -7,   -4,   -4,   -4,  -14,   -4,   -6,   -7,
     -14,   -7,   -8,  -10,   -6,   -5,   -7,  -13,    6,  -19,    7,    4,   -8,   14,  -14,  -14,
      11,  -14,  -14,    7,    8,    4,   10,    9,    8,  -10,   -8,   -8,   -8,   -8,   -8,   -8,
       6,   -5,   -6,  -19,   11,   -4,    6,   -8,  -24,   14,    8,  -10,    4,    4,   -7,   -5,
       6,  -50,   -4,  -56,    9,  -28,    5,   11,  -18,  -18,   11,  -18,  -18,    6,  -46,   -7,
     -40,  -18,    8,  -46,    6,  -13,   -5,   -5,   -5,   -5,   -5,   -5,  -16,  -15,    8,   -8,
       4,  -10,   -6,  -16,    4,   12,  -34,  -48,  -47,    6,   -2,   -3,   -6,   -9,   -5,  -11,
     -13,  -17,  -14,   -4,   -8,  -10,   -4,  -11,   -7,   -6,  -10,  -16,   -6,   -4,  -17,   -5,
     -12,  -16,  -11,  -10,   -6,   -4,  -12,   -4,   -5,  -10,  -36,  -25,  -20,  -38,   -7,   -6,
     -16,   -8,   -8,   -8,  -13,   -8,   -8,   -4,    4,    4,    4,  -10,   -7,  -34,   -6,    4,
     -46,   -6,   -9,   -5,  -13,  -14,   -4,   -8,  -10,   -4,  -11,   -7,   -6,  -10,  -16,   -6,
      -4,   -6,    6,  -16,  -11,   -6,   -4,   -8,   -5,    6,    5,   -5,   -6,   11,   -4,   -4,
       9,   -4,   -4,   -4,    8,   -8,    6,  -13,    8,    4,   -7,   -6,   -8,   12,   -6,    6,
     -11,    5,  -30,  -20,  -34,  -34,    9,  -20,  -26,  -11,  -11,  -36,  -11,  -11,   10,   11,
       7,    6,   12,  -13,  -18,  -22,  -22,  -22,  -22,  -16,  -22,  -22,  -18,  -14,   -9,  -32,
      -7,   -9,  -12,  -10,  -34,  -30,  -29,    8,   12,  -32,   20,    8,    4,  -29,  -26,  -27,
      -4,   -4,  -16,   -4,   -4,   -6,   -6,  -15,   -6,   -7,   -4,   -9,  -14,   -6,   -8,    6,
     -13,    6,  -30,   -4,  -27,   -8,   10,  -15,  -25,   -7,   -7,  -38,   -2,   -7,   -7,   11,
      12,    8,    8,   13,  -11,  -10,  -18,  -18,  -18,  -18,  -12,  -18,  -18,   -6,  -10,   -1,
     -10,  -17,   -4,  -33,    4,   13,  -20,   16,   12,    4,  -10,  -10,    8,   10,  -30,    5,
      -6,  -15,  -19,   -4,    6,   -8,   -7,   -6,   -6,  -24,   -6,   -6,    8,    9,    5,    4,
      10,  -15,  -12,   -9,   -9,   -9,  -10,   -8,   -9,   -9,   -7,   -8,   -7,   -8,  -20,    7,
     -10,    4,   -6,    7,   10,  -15,  -10,  -10,    5,  -11,    4,  -10,   11,  -10,  -10,    8,
     -10,  -10,    5,    7,    7,    8,    5,  -14,   -7,   -7,   -7,   -7,   -7,   -7,   -4,   -4,
     -15,    8,   -3,  -10,  -19,   11,  -12,   -8,   -7,    4,  -17,    7,  -26,  -20,  -33,  -15,
      10,  -23,  -32,  -16,  -16,  -46,   -3,  -16,  -16,   12,   13,    9,    8,   14,    4,  -10,
     -16,  -20,  -20,  -20,  -20,  -16,  -20,  -20,   -8,  -14,   -6,  -11,   -9,  -30,  -13,  -32,
      16,  -31,   16,   13,  -17,  -16,    4,    7,  -31,   -8,    4,  -24,   -6,    7,  -14,  -14,
       7,  -14,  -14,   -6,    4,    5,   -7,  -17,   -6,   -7,   -6,   -9,   -7,   -6,   -5,   -8,
      -9,  -10,    4,   -9,  -14,   -6,  -20,    7,    4,   -6,    5,   -8,  -11,  -17,  -17,  -11,
     -17,  -17,  -10,  -13,  -15,  -12,  -15,  -14,  -11,  -16,   32,  -11,  -13,  -17,   -8,   -9,
     -10,  -12,  -11,   10,  -12,  -17,  -17,  -14,  -19,  -15,  -19,  -11,  -10,   -6,  -12,   -4,
      -4,   -4,   -4,   -4,   -4,   -6,   -4,   -4,   -4,   -4,   -4,   -8,   -5,   -9,   -8,  -11,
     -10,   -8,  -11,  -12,   -6,   -5,   -6,   -8,  -10,  -15,  -11,   -9,  -11,  -12,   -5,   -5,
      -7,   -5,   -8,   -8,  -13,  -13,    4,  -13,  -11,   -5,   -6,   -5,    4,    4,    6,    4,
      -8,  -12,   16,    4,  -21,  -14,  -17,   10,   16,    8,    7,    6,    8,   16,   -8,    4,
      12,   16,   -7,   16,   12,   16,    8,  -21,  -15,  -10,   -8,  -11,  -12,   -6,   -5,   -7,
      -8,  -12,  -12,    4,  -11,    4,   -8,  -10,  -10,  -10,  -10,  -12,  -12,  -10,    8,   -8,
     -14,  -11,  -12,  -10,   -9,  -11,  -12,   -6,   -6,   -7,   -8,   -9,  -10,  -13,  -11,   -8,
      -9,  -12,  -12,   -6,   -5,   -7,   -6,   -8,   -8,   -9,  -11,  -13,  -11,   -8,   -9,  -11,
     -12,   -6,   -5,   -7,   -6,   -7,   -8,   -9,  -11,   12,    5,  -22,  -13,  -18,  -17,  -10,
      -5,    8,    8,    6,    8,   -8,   -8,    6,  -21,    4,  -16,  -11,   -5,   -6,   -4,   -4,
      -6,   -5,    7,   -8,  -11,   -5,    4,  -14,  -13,  -16,  -10,   -6,   -6,   -6,   -5,   -6,
      -6,    7,    7,    6,    7,   -7,    5,  -14,    4,  -13,  -11,  -14,  -10,   -5,   -5,    7,
       7,    6,    7,   -6,    5,  -12,  -11,   -8,   -8,   -8,   -8,   -8,   -8,    7,   -8,  -12,
     -10,  -14,   -8,   -8,   -8,   -5,   -9,   -8,   -7,   -5,   -5,  -11,   -8,  -13,   -7,   -5,
     -10,  -12,   -5,  -12,  -12,   -8,   -9,   -7,   32,   -4,  -10,   -7,   -5,   11,  -12,  -12,
      -4,   -8,  -13,   -4,   -6,   -4,   -8,   -8,   -7,  -10,   -4,  -10,   -8,  -12,  -10,  -14,
      -8,  -10,   -8,   -6,   -7,  -10,   -8,   -8,   -9,  -10,  -12,   -9,   -6,  -10,   -9,  -33,
      -4,  -12,   -8,  -19,   -4,  -31,   -5,  -13,  -31,  -13,   -8,  -17,   -8,  -34,  -18,   -8,
     -20,  -31,  -17,  -18,  -34,  -10,  -14,  -14,  -22,   -8,  -13,  -23,  -15,  -20,   -6,  -16,
      -9,  -31,   -4,  -16,  -18,  -15,  -15,  -25,  -15,  -15,  -12,  -44,  -18,  -19,  -16,  -28,
     -26,  -27,  -28,   -6,  -13,  -16,  -24,  -16,  -14,  -11,  -22,  -18,   -8,  -17,  -17,  -19,
      -6,  -17,   -6,  -11,  -20,  -16,   -9,  -10,   -6,  -23,  -16,  -11,  -13,   -8,   -8,  -11,
     -10,  -11,   -8,  -14,   -8,  -12,  -12,   -8,    6,    5,    5,  -16,  -11,   -8,   -9,  -11,
     -12,   -6,   -5,   -7,   -6,   -7,   -8,  -14,  -14,    7,   24,   -4,   -4,   -4,   18,   36,
      28,   -4,    6,   -4,   -4,   -4,   -4,    3,    3,    6,   -4,   -4,   -4,   -4,    4,   -4,
      28,   28,   38,   44,   44,   44,   34,    8,    8,   -5,  -17,   -8,  -10,   -6,   -5,  -14,
     -14,   -6,   -9,   -8,   -6,   -9,  -13,  -10,  -14,  -25,  -12,   -6,   -6,   -9,   -5,   -5,
      -5,   -5,   -5,  -23,   -5,   -5,   -5,   -5,   -5,   -5,   -5,   -5,   -7,   -6,   -8,   -5,
      -6,   -6,   -8,   -5,    4,   -6,   -7,  -17,   -8,   -9,   -9,  -11,    6,    7,  -11,  -11,
      -6,   -6,   -7,   -6,   -6,  -10,   -7,    4,   -7,   -6,   -6,   -9,   -4,  -10,   -8,   -7,
      -5,   -5,  -15,   -7,  -12,   -5,    6,   -6,   -5,   -4,   -7,  -16,  -10,   -4,   -8,   -7,
      -9,   -8,   -7,   -4,  -14,   -6,   -6,  -14,  -13,   -4,   -6,   -7,   -4,  -12,   -4,  -11,
       5,  -30,  -20,  -34,  -34,    9,  -20,  -13,  -10,  -34,  -30,   10,  -11,  -44,  -26,    8,
     -26,  -26,  -11,  -11,    6,    7,  -39,  -36,  -37,  -46,  -46,  -30,  -32,  -45,  -42,  -46,
     -37,  -46,  -25,  -25,  -32,  -26,  -30,  -37,  -25,  -31,  -44,   11,  -46,  -42,   17,   11,
     -30,   -9,  -48,  -25,  -37,  -39,  -39,  -53,  -26,  -45,  -27,   -9,    9,  -12,    6,   -7,
      -4,  -11,  -18,    7,   -8,    8,    7,    9,    7,   -8,   -8,    5,   -6,    7,   -6,    6,
       8,   -6,   -6,  -13,   -6,   -6,    6,  -19,  -13,    8,    8,  -12,   -4,    7,   -6,  -20,
      -5,  -14,    5,    7,   -5,   -7,  -18,   -6,  -13,  -10,   -6,   -8,   -6,  -30,   -8,   -9,
     -14,  -12,   -5,   -8,  -21,  -14,  -20,   -5,   -5,   -6,  -12,   -5,  -15,   -9,  -14,   -6,
      -8,   -8,   -8,   -6,  -15,   -4,   -5,   -8,   -5,   -8,   -4,  -15,   -7,  -13,    6,  -19,
       7,    4,   -8,  -10,   -8,  -24,    7,  -14,   10,   10,   14,   11,    9,    6,  -14,  -14,
      10,    8,    7,  -10,   11,   -8,   11,   10,   -8,   -8,  -16,  -19,  -11,   11,  -24,   -9,
       8,    8,    8,   -8,    6,    8,   -9,  -17,   -8,  -19,  -15,  -24,   -8,   -6,    7,  -20,
       6,    6,  -13,    6,  -30,   -4,  -27,   -8,   10,  -15,  -11,  -10,  -17,   -4,   11,   -7,
     -32,  -25,   10,  -25,  -24,    6,   -2,   -7,   -7,    8,    8,  -10,   -7,   -7,   -8,  -25,
     -15,  -25,  -12,  -15,   -8,  -15,  -16,   -8,  -12,   13,  -15,   -8,   16,   13,   -8,  -15,
     -10,  -10,    8,   10,  -30,  -31,   -8,  -25,   10,    7,   -6,  -11,   -8,   -4,   -8,  -26,
      -8,    6,   10,   10,   13,   10,    9,    6,   -8,   -8,   10,  -20,    8,    6,   -6,   10,
      -5,   11,   10,   -5,   -5,  -15,   -6,   -5,   10,  -11,  -10,    7,    8,    6,  -10,   -9,
     -32,   -8,  -14,   -7,   -6,    8,  -14,  -28,  -27,   10,   -4,   -4,  -10,   -4,   -4,   -8,
      -4,   -8,   -5,  -14,   -9,   -5,   -8,   -4,   -8,   -7,   -6,   -4,   -4,  -10,   -4,   -4,
      -5,   10,   -7,    7,   17,   10,   -6,   10,   -6,   -7,   10,    9,   10,    8,    7,    6,
      -7,  -10,    7,  -11,    7,    8,    8,    9,   12,    8,   -8,    6,   26,  -10,   -4,    7,
      12,   -5,   -5,  -10,   -6,   -4,   -5,   -5,  -15,  -11,   -4,   -6,   -5,   -6,   -6,   -6,
      -4,   -6,   -6,   -8,   -6,   -5,   -5,   -4,  -14,   -9,   -2,   -4,   -5,   -3,   -6,   -9,
      -5,  -11,  -13,    6,  -17,  -14,   -4,   -4,  -17,  -12,  -11,   -9,   -9,  -14,   -8,   -8,
     -19,  -12,  -10,  -12,   -5,  -10,   -4,   -5,  -11,   -4,   -5,   -5,   -6,  -16,   -5,  -11,
      -5,   -6,   -4,  -12,   -4,   -5,  -10,  -36,  -25,   -6,  -16,  -10,   -7,  -37,  -29,  -20,
     -28,  -11,   -6,   -7,   -8,  -18,  -19,   -5,    4,    6,    4,    6,   -5,    4,  -46,  -11,
       5,  -30,  -20,  -34,  -34,    9,  -20,  -13,  -10,  -34,  -30,   10,  -11,  -26,  -26,    8,
     -26,  -26,  -11,  -11,    6,    7,  -18,  -30,  -30,  -28,  -22,  -28,  -33,  -27,  -30,  -22,
     -16,  -22,  -25,   -9,  -22,   -7,  -30,  -30,  -25,  -31,  -30,   11,  -31,  -31,   17,   11,
     -27,   -9,  -31,   12,   -9,  -27,  -32,  -32,  -54,  -26,  -45,  -27,   -6,   -9,   -5,  -11,
     -13,  -17,  -14,   -4,   -4,  -17,  -12,  -11,  -22,  -23,  -15,   -8,  -22,  -24,  -18,  -10,
     -16,   -7,   -6,   -5,  -16,   -4,   -4,  -17,   -7,   -6,   -5,   -6,   -6,   -6,   -6,   -6,
      -6,   -7,   -4,  -23,   -4,   -6,   -4,  -12,  -10,  -10,    5,  -11,    4,  -10,  -14,  -10,
     -19,    5,  -10,   11,  -10,  -10,    7,  -11,    8,   -7,    8,    8,   -7,   -7,  -12,   -3,
      -7,    8,  -18,  -12,    7,   -8,    7,  -11,   -9,    8,   -4,  -19,   -7,  -13,    4,   -5,
      10,   -7,    7,   17,   10,   -6,   10,   -6,   -7,   10,    9,   10,    8,    7,    6,   -7,
     -10,    7,  -11,    7,    8,    8,    9,   12,    8,   -8,    6,   28,  -10,   -4,    7,   12,
      -6,   -9,   -5,  -11,  -13,    6,  -17,  -14,   -4,   -4,  -17,  -12,  -11,   -9,   -8,  -14,
      -8,   -8,  -18,  -12,  -10,  -11,   -9,   -4,  -10,   -5,   -5,   -6,   -4,  -11,   -4,   -6,
      -4,  -12,  -11,  -10,   -8,  -11,  -12,   -8,   -6,   -6,  -10,   -5,   -9,   -4,   -8,   -8,
       7,   -8,   -7,   -7,   -9,   -6,   -5,   -6,   -6,  -14,   -9,   -6,   -8,  -11,   -7,   -6,
     -32,  -22,  -18,  -20,  -10,   -7,   -4,   -8,  -18,  -15,    9,    9,    7,    9,    9,    9,
       9,    8,  -12,   10,   14,    9,    9,    8,    8,    8,   10,   -4,    8,   -5,   12,  -10,
     -11,   -7,   -5,    6,   -4,   -5,  -12,   -4,  -12,   -9,   -5,   -5,   -5,   -5,   -5,  -10,
      -4,   -7,  -11,    4,   -8,  -10,   -8,  -14,    9,  -10,    9,    8,  -12,  -10,  -12,    8,
       6,   -9,   -9,   -4,  -15,  -10,   -7,  -10,  -13,   -9,   -6,  -11,    4,   -8,  -10,   -8,
     -14,    9,  -10,    9,    8,  -12,  -10,  -12,    8,    6,   -9,  -10,  -13,  -11,   -8,   -8,
       7,   -9,   -7,  -12,  -12,   -8,   -9,   -7,   -6,   -7,   -4,   -6,   -7,   -7,   -9,  -11,
     -13,   -4,  -11,   -8,   -8,    7,   -9,   -7,  -11,   -8,  -12,   -8,   -9,   -6,   -6,   -7,
      -4,   -6,   -6,   -6,   -9,  -11,    4,  -13,  -11,   -8,   -5,  -12,    8,    8,    8,   -5,
       6,    4,   -5,    6,    6,    4,   -5,  -20,  -12,  -18,  -20,  -10,   -7,   -4,   -8,  -14,
     -15,    9,    9,    7,    9,    9,    9,    9,    8,   -6,   -9,  -12,  -13,  -11,   -4,  -10,
      -5,  -11,   -5,   -5,    8,    7,   -5,    5,    8,    7,    7,    8,    4,  -12,   -8,  -13,
     -11,   -8,  -10,    7,   -9,   -9,  -12,   -7,  -12,   -8,  -11,   -9,   -5,   -6,   -7,   -6,
      -4,   -9,   -4,   -9,   -9,  -11,   -6,   -6,   -4,   -5,  -11,   -8,   -4,  -12,    8,   -8,
       9,    8,   -8,   -8,   -8,    7,   -6,   -6,  -12,   10,   14,    9,    9,    8,    8,    8,
      10,   -4,    8,   -5,   34,   12,  -32,  -10,  -21,   -7,  -13,   -7,  -19,   -8,  -14,   -7,
      -8,  -13,  -11,   -8,   -8,    7,   -9,   -6,  -12,  -12,   -8,   -9,   -6,   -6,   -7,   -4,
      -6,   -6,   -9,  -11,  -13,  -11,   -8,   -8,    7,   -9,   -7,  -12,  -12,   -8,   -9,   -7,
      -6,   -7,   -4,   -7,   -7,   -9,  -11,  -23,   -8,  -10,  -12,   -5,   -5,   -4,   -7,   -5,
      -8,   -6,   -6,   -5,   -4,  -14,   -9,   -8,  -12,   -4,   -4,   -4,   -6,   -4,   -4,   -9,
     -10,   -8,  -14,   -4,   -9,  -23,   -7,   -9,  -10,  -12,   -5,   -5,  -17,  -13,   -4,   -4,
      -8,   -4,   -4,   -4,   -8,   -6,   -8,  -30,  -10,  -20,   -7,  -13,   -7,  -16,   -8,  -12,
      -7,   -8,   -8,  -24,  -16,   -8,   -8,   -8,   -4,   -4,   -4,   -8,   -8,   -7,    8,  -27,
     -28,  -19,   15,  -16,    9,    9,  -36,  -18,   15,   -8,  -20,   13,  -27,  -20,    8,    8,
      -8,  -12,   10,    7,   13,  -22,  -18,  -20,  -42,  -35,  -13,  -16,  -38,  -25,  -35,  -20,
     -36,   -8,   -8,  -31,   -9,  -14,  -20,   -8,  -14,  -30,   18,  -35,  -25,   18,  -13,   -8,
     -36,   -8,  -20,  -22,  -22,  -16,    7,   -9,  -16,    9,  -31,   -8,  -18,  -14,   -6,   -6,
       7,  -11,    8,  -11,   13,   13,   12,    7,   13,    7,   12,   13,   10,   12,   -4,  -48,
     -40,  -20,  -12,   -8,  -20,   -4,   -4,  -17,   -4,   -7,   -6,   -8,  -38,  -26,   -5,    6,
     -20,   -6,  -14,  -11,   -6,   -7,  -23,   -5,   -8,  -14,    7,   -6,  -14,   -8,  -25,   -8,
      -6,   -7,  -14,   -6,  -16,   -9,  -15,   -5,   -8,   -7,  -12,   -8,   -8,   -4,   -8,   -6,
      -8,   -6,   -6,   -6,   10,   -6,   -6,   -8,   -8,   -8,  -26,  -12,   -5,   -5,  -12,   -6,
      -6,  -14,   -6,  -14,   -6,  -17,    7,  -26,  -20,  -33,  -15,   10,  -23,  -10,   -9,  -30,
     -13,   12,  -16,  -32,   -3,  -16,    8,  -16,  -10,  -14,  -15,  -30,  -20,   -7,  -10,  -30,
     -19,  -20,  -16,  -20,  -28,   -6,   -8,  -15,   -8,  -22,   13,  -26,  -17,   13,   -5,  -26,
      14,  -10,  -17,  -16,  -10,  -10,    4,    7,  -31,   -5,    4,  -14,  -13,  -16,  -10,   -4,
     -11,   -6,  -14,   -6,   -6,    9,    7,    6,    9,    8,    7,    8,    5,  -14,   -4,  -35,
      -6,   -7,  -11,  -10,   -7,  -19,  -13,  -33,   -9,   -4,  -23,   -7,   -9,  -10,  -12,   -5,
      -6,  -18,  -14,   -4,   -4,   -7,   -5,  -13,   -8,   -8,   -8,   -7,  -18,  -12,   -8,   -5,
      -5,   -5,   -4,   -8,   -5,   -6,   -6,   -6,   -8,   -6,   -4,  -18,  -12,   -7,   -5,    6,
      -4,   -5,  -13,   -4,  -16,  -11,   -5,   -5,   -5,   -4,   -5,   -7,   -6,  -10,   -5,  -10,
      -4,   -4,  -17,  -12,   -7,   -6,    6,   -4,   -5,  -12,   -4,  -15,  -11,   -5,   -5,   -5,
      -6,   -9,   -5,  -11,  -13,    6,  -17,  -14,   -4,   -4,  -17,  -12,  -11,   -8,  -10,   -5,
      -9,   -4,  -10,   -5,   -5,   -5,  -16,   -4,   -4,   -6,   -4,  -12,  -13,  -11,   -8,   -8,
       7,   -9,   -6,  -12,  -12,   -8,   -9,   -7,   -6,   -7,   -4,   -6,   -7,   -7,   -9,  -11,
      -4,   -8,   -4,   -6,   -4,   -6,  -17,   -6,   -4,   -7,   -6,  -13,   -8,   -4,  -13,   -5,
      -4,   -4,   -4,  -10,   -4,   -8,  -10,  -12,   -8,   -8,   -6,   -5,   -9,   -9,   -4,   -5,
      -4,   -8,  -12,  -24,  -20,  -16,   -8,  -12,   -8,   -4,   -8,   -4,   -4,   -8,   -2,   -2,
      -8,   -4,   -8,   -5,   -8,  -13,  -13,  -10,    2,   -8,  -13,   -5,   -6,   -9,  -10,  -16,
      -8,   -8,  -20,  -14,  -10,   -5,  -13,  -20,  -14,  -14,   -2,   -6,   -4,   -3,   -8,   -4,
      -8,   -5,   -8,   -8,   -2,   -4,   -9,   -8,   -8,   -5,  -26,   -8,   -3,   -3,   -3,  -12,
      -3,   -3,   -9,   -8,   -8,   -8,   -5,   -6,   -6,  -10,  -10,  -16,   -2,   -8,  -12,  -10,
      -8,  -15,   -6,    8,   -2,   -8,   -5,   -8,   -9,  -11,   -6,   -6,  -10,   -2,  -12,   -2,
      -2,  -12,   -5,   -4,   -3,  -10,   -3,   -8,   -3,   -3,  -11,   -2,   -3,   -5,  -10,   -8,
      -8,  -10,  -13,  -10,  -16,   -8,   -6,   -8,   -3,   -4,  -12,   -4,   -8,   -9,  -10,   -2,
     -10,   -3,   -4,   -3,   -3,  -18,  -20,   -6,   -8,   -2,  -14,  -16,  -16,  -10,   -8,   -8,
     -24,   -8,   -8,   -4,   -8,   24,   20,   -4,  -12,  -12,   -8,   -4,   24,  -24,  -20,  -20,
      -8,  -12,  -30,   -8,   -8,  -46,   -8,   -8,    8,    7,    5,  -53,   -8,  -30,   -8,   -8,
       5,   10,  -10,  -10,   11,  -11,  -12,    6,  -27,   -8,  -30,  -14,    5,  -31,    8,    8,
     -27,  -10,   10,  -11,  -11,    5,  -31,  -16,  -10,  -12,
};

static const EpdLigaturePair ubuntu_12_regularLigaturePairs[] = {
    { 0x00660066, 0xFB00 }, // f f -> U+FB00
    { 0x00660069, 0xFB01 }, // f i -> U+FB01
    { 0x0066006C, 0xFB02 }, // f l -> U+FB02
    { 0xFB000069, 0xFB03 }, // U+FB00 i -> U+FB03
    { 0xFB00006C, 0xFB04 }, // U+FB00 l -> U+FB04
};

static const EpdFontData ubuntu_12_regular = {
    ubuntu_12_regularBitmaps,
    ubuntu_12_regularGlyphs,
    ubuntu_12_regularIntervals,
    51,
    29,
    24,
    -5,
    false,
    nullptr,
    0,
    nullptr,
    nullptr,  // kernLeftClasses: built-in fonts use the split arrays below
    nullptr,  // kernRightClasses
    ubuntu_12_regularKernLeftCodepoints,
    ubuntu_12_regularKernLeftClassIds,
    ubuntu_12_regularKernRightCodepoints,
    ubuntu_12_regularKernRightClassIds,
    nullptr,  // kernMatrix: built-in fonts use the sparse form below
    ubuntu_12_regularKernRowOffsets,
    ubuntu_12_regularKernSparseCols,
    ubuntu_12_regularKernSparseValues,
    526,
    609,
    173,
    181,
    ubuntu_12_regularLigaturePairs,
    5,
};
