/**
 * generated by fontconvert.py
 * name: ubuntu_10_regular
 * size: 10
 * mode: 1-bit
 * Command used: fontconvert.py ubuntu_10_regular 10 ../builtinFonts/source/Ubuntu/Ubuntu-Regular.ttf ../builtinFonts/source/NotoSans/NotoSans-Regular.ttf ../builtinFonts/source/NotoSansHebrew/NotoSansHebrew-Regular.ttf ../builtinFonts/source/NotoSansArabic/NotoSansArabic-Regular.ttf ../builtinFonts/source/Ubuntu/Ubuntu-Vietnamese-Regular.ttf --additional-intervals 0x05D0,0x05EA --additional-intervals 0x060C,0x060C --additional-intervals 0x061B,0x061B --additional-intervals 0x061F,0x061F --additional-intervals 0x0621,0x0621 --additional-intervals 0x0640,0x0640 --additional-intervals 0x0654,0x0654 --additional-intervals 0x0660,0x0669 --additional-intervals 0x06BA,0x06BA --additional-intervals 0x06D4,0x06D4 --additional-intervals 0x06D5,0x06D5 --additional-intervals 0x06F0,0x06F9 --additional-intervals 0xFB56,0xFB59 --additional-intervals 0xFB66,0xFB69 --additional-intervals 0xFB7A,0xFB7D --additional-intervals 0xFB88,0xFB95 --additional-intervals 0xFB9E,0xFB9F --additional-intervals 0xFBA6,0xFBB1 --additional-intervals 0xFBFC,0xFBFF --additional-intervals 0xFE80,0xFEFC
 */
#pragma once
#include "EpdFontData.h"

static const uint8_t ubuntu_10_regularBitmaps[27380] = {
    0xEE, 0xEE, 0xE6, 0x66, 0x66, 0x00, 0xEF, 0xE0, 0xEF, 0xDF, 0xBF, 0x6E, 0xC0, 0x1C, 0x61, 0xCE,
    0x1C, 0xE1, 0x8E, 0xFF, 0xFF, 0xFF, 0x38, 0xC3, 0x9C, 0x31, 0xCF, 0xFF, 0xFF, 0xF7, 0x18, 0x73,
    0x87, 0x38, 0x63, 0x80, 0x0C, 0x03, 0x03, 0xF9, 0xFE, 0xF1, 0xB8, 0x0E, 0x01, 0xE0, 0x7E, 0x07,
    0xE0, 0x78, 0x07, 0x01, 0xF8, 0xFF, 0xFB, 0xFC, 0x0C, 0x03, 0x00, 0xC0, 0x7C, 0x38, 0xEE, 0x38,
    0xC6, 0x70, 0xC6, 0x70, 0xC6, 0xE0, 0xEE, 0xC0, 0x7D, 0xC0, 0x01, 0x80, 0x03, 0xBE, 0x03, 0x77,
    0x07, 0x63, 0x0E, 0x63, 0x0E, 0x63, 0x1C, 0x77, 0x1C, 0x3E, 0x0F, 0x80, 0x7F, 0x03, 0xDC, 0x0E,
    0x30, 0x39, 0xC0, 0x6E, 0x01, 0xF8, 0x07, 0x80, 0x3F, 0x19, 0xCE, 0xE6, 0x1F, 0x18, 0x3C, 0x78,
    0xF1, 0xFF, 0xE3, 0xF9, 0xC0, 0xFF, 0xFE, 0x1C, 0x73, 0x8C, 0x71, 0xC6, 0x38, 0xE3, 0x8E, 0x38,
    0xE1, 0x87, 0x1C, 0x30, 0xE1, 0xC7, 0xC3, 0x87, 0x1C, 0x38, 0xE3, 0x86, 0x18, 0x71, 0xC6, 0x18,
    0xE3, 0x8E, 0x71, 0xCE, 0x30, 0x0C, 0x03, 0x06, 0xD9, 0xFE, 0x1E, 0x07, 0x83, 0xF0, 0xCC, 0x0C,
    0x03, 0x00, 0xC0, 0x30, 0xFF, 0xFF, 0xF0, 0xC0, 0x30, 0x0C, 0x03, 0x00, 0x77, 0x76, 0x60, 0xFF,
    0xF0, 0xFF, 0x80, 0x01, 0xC0, 0x60, 0x38, 0x0E, 0x03, 0x01, 0xC0, 0x70, 0x18, 0x0E, 0x03, 0x81,
    0xC0, 0x70, 0x1C, 0x0E, 0x03, 0x80, 0xC0, 0x70, 0x1C, 0x06, 0x03, 0x80, 0x3F, 0x1F, 0xE7, 0x3B,
    0x87, 0xE1, 0xF8, 0x7E, 0x1F, 0x07, 0xE1, 0xF8, 0x7E, 0x1F, 0x87, 0x73, 0x9F, 0xE3, 0xF0, 0x0E,
    0x3D, 0xFB, 0xF7, 0xE1, 0xC3, 0x87, 0x0E, 0x1C, 0x38, 0x70, 0xE1, 0xC3, 0x80, 0x7E, 0x3F, 0xCE,
    0x78, 0x0E, 0x03, 0x80, 0xE0, 0x70, 0x3C, 0x1E, 0x0F, 0x03, 0x81, 0xC0, 0xE0, 0x3F, 0xFF, 0xFC,
    0x7E, 0x3F, 0xC6, 0x78, 0x0E, 0x03, 0x81, 0xE3, 0xF0, 0xFC, 0x07, 0x80, 0x60, 0x1C, 0x07, 0xC7,
    0xBF, 0xEF, 0xE0, 0x03, 0xC0, 0x78, 0x1F, 0x07, 0xE1, 0xDC, 0x3B, 0x8E, 0x73, 0x8E, 0x61, 0xDF,
    0xFF, 0xFF, 0x80, 0xE0, 0x1C, 0x03, 0x80, 0x70, 0x7F, 0x9F, 0xE7, 0x01, 0xC0, 0x70, 0x1F, 0x87,
    0xF0, 0x7E, 0x03, 0x80, 0x70, 0x1C, 0x07, 0xE7, 0xBF, 0xEF, 0xE0, 0x07, 0x87, 0xE3, 0xF1, 0xC0,
    0x60, 0x3F, 0xCF, 0xFB, 0xCF, 0xE1, 0xF8, 0x7E, 0x1F, 0x87, 0x73, 0xDF, 0xE3, 0xF0, 0xFF, 0xFF,
    0xF0, 0x1C, 0x0E, 0x07, 0x01, 0xC0, 0xE0, 0x38, 0x0C, 0x07, 0x01, 0xC0, 0x60, 0x38, 0x0E, 0x03,
    0x80, 0x3F, 0x1F, 0xEF, 0x3B, 0x87, 0xE1, 0xFC, 0xE7, 0xF8, 0xFC, 0x7F, 0xB8, 0xFE, 0x1F, 0x87,
    0xF3, 0xDF, 0xE3, 0xF0, 0x3F, 0x1F, 0xEF, 0x7B, 0x87, 0xE1, 0xF8, 0x7F, 0x3D, 0xFF, 0x3F, 0xC0,
    0x60, 0x38, 0x1E, 0x1F, 0x1F, 0x87, 0x80, 0xFF, 0x80, 0x00, 0xFF, 0x80, 0x77, 0x70, 0x00, 0x00,
    0x07, 0x77, 0x66, 0x01, 0xC3, 0xF7, 0xFB, 0xF0, 0xF0, 0x3F, 0x07, 0xF8, 0x3F, 0x01, 0xC0, 0xFF,
    0xFF, 0xF0, 0x00, 0x00, 0x00, 0x3F, 0xFF, 0xFC, 0xE0, 0x3F, 0x07, 0xF8, 0x3F, 0x03, 0xC3, 0xF7,
    0xFB, 0xF0, 0xE0, 0x00, 0xFE, 0xFF, 0x6F, 0x07, 0x07, 0x06, 0x0E, 0x1C, 0x38, 0x38, 0x00, 0x00,
    0x38, 0x38, 0x38, 0x07, 0xF8, 0x03, 0xFF, 0x81, 0xF3, 0xF0, 0xE0, 0x1C, 0x70, 0x03, 0x9C, 0x7E,
    0x6E, 0x7F, 0x9F, 0x9E, 0xE7, 0xE6, 0x19, 0xFB, 0x86, 0x7E, 0xE1, 0x9F, 0xB8, 0x67, 0xE7, 0xBB,
    0xB9, 0xFF, 0xE7, 0x3F, 0xF1, 0xC0, 0x00, 0x38, 0x00, 0x07, 0xC6, 0x00, 0xFF, 0x80, 0x1F, 0xE0,
    0x07, 0x00, 0x1E, 0x00, 0x78, 0x03, 0xF0, 0x0D, 0xC0, 0x73, 0x01, 0xCE, 0x06, 0x18, 0x38, 0x70,
    0xFF, 0xC7, 0xFF, 0x1C, 0x0E, 0x60, 0x3B, 0x80, 0x7E, 0x01, 0xC0, 0x7F, 0x8F, 0xFC, 0xE3, 0xEE,
    0x0E, 0xE0, 0xEE, 0x3E, 0xFF, 0xCF, 0xFE, 0xE1, 0xEE, 0x07, 0xE0, 0x7E, 0x07, 0xE1, 0xEF, 0xFE,
    0x7F, 0x80, 0x0F, 0xE3, 0xFF, 0x7C, 0x67, 0x00, 0xE0, 0x0E, 0x00, 0xE0, 0x0E, 0x00, 0xE0, 0x0E,
    0x00, 0xE0, 0x07, 0x00, 0x7C, 0x63, 0xFF, 0x0F, 0xE0, 0x7F, 0x87, 0xFF, 0x38, 0xFD, 0xC0, 0xEE,
    0x07, 0xF0, 0x1F, 0x80, 0xFC, 0x07, 0xE0, 0x3F, 0x01, 0xF8, 0x0F, 0xC0, 0xEE, 0x3F, 0x7F, 0xF1,
    0xFE, 0x00, 0xFF, 0xDF, 0xFB, 0x80, 0x70, 0x0E, 0x01, 0xC0, 0x3F, 0xE7, 0xFC, 0xE0, 0x1C, 0x03,
    0x80, 0x70, 0x0E, 0x01, 0xFF, 0xFF, 0xF8, 0xFF, 0xFF, 0xFE, 0x03, 0x80, 0xE0, 0x38, 0x0F, 0xFB,
    0xFE, 0xE0, 0x38, 0x0E, 0x03, 0x80, 0xE0, 0x38, 0x0E, 0x00, 0x0F, 0xE3, 0xFF, 0x7C, 0x77, 0x00,
    0xE0, 0x0E, 0x00, 0xE0, 0x0E, 0x00, 0xE0, 0x7E, 0x07, 0xE0, 0x77, 0x07, 0x7C, 0x73, 0xFF, 0x0F,
    0xF0, 0xE0, 0x3E, 0x03, 0xE0, 0x3E, 0x03, 0xE0, 0x3E, 0x03, 0xFF, 0xFF, 0xFF, 0xE0, 0x3E, 0x03,
    0xE0, 0x3E, 0x03, 0xE0, 0x3E, 0x03, 0xE0, 0x30, 0xFF, 0xFF, 0xFF, 0xFF, 0xFF, 0xF8, 0x03, 0x81,
    0xC0, 0xE0, 0x70, 0x38, 0x1C, 0x0E, 0x07, 0x03, 0x81, 0xC0, 0xE0, 0x7E, 0x7F, 0xF9, 0xF8, 0xE0,
    0xF7, 0x07, 0x38, 0x71, 0xC7, 0x0E, 0x70, 0x77, 0x03, 0xF0, 0x1F, 0x80, 0xFE, 0x07, 0x78, 0x39,
    0xE1, 0xC7, 0x8E, 0x1E, 0x70, 0x7B, 0x81, 0xC0, 0xE0, 0x38, 0x0E, 0x03, 0x80, 0xE0, 0x38, 0x0E,
    0x03, 0x80, 0xE0, 0x38, 0x0E, 0x03, 0x80, 0xE0, 0x3F, 0xFF, 0xFC, 0x70, 0x0E, 0x70, 0x0E, 0x78,
    0x1E, 0x78, 0x1F, 0x6C, 0x3F, 0x6C, 0x37, 0x66, 0x37, 0xE6, 0x67, 0xE7, 0x67, 0xE3, 0xE7, 0xE3,
    0xC7, 0xE3, 0xC7, 0xE1, 0xC7, 0xE0, 0x07, 0xE0, 0x03, 0xE0, 0x3F, 0x81, 0xFE, 0x0F, 0xF8, 0x7F,
    0xC3, 0xF7, 0x1F, 0x9C, 0xFC, 0x77, 0xE3, 0xBF, 0x0F, 0xF8, 0x3F, 0xC1, 0xFE, 0x07, 0xF0, 0x3F,
    0x80, 0xE0, 0x0F, 0xE0, 0x7F, 0xE1, 0xF3, 0xE3, 0x81, 0xEE, 0x01, 0xDC, 0x03, 0xB8, 0x07, 0x70,
    0x06, 0xE0, 0x1D, 0xC0, 0x3B, 0x80, 0x73, 0x81, 0xE7, 0xCF, 0x87, 0xFE, 0x03, 0xF8, 0x00, 0x7F,
    0x8F, 0xFC, 0xE3, 0xEE, 0x0E, 0xE0, 0xEE, 0x0E, 0xE3, 0xEF, 0xFC, 0xFF, 0x8E, 0x00, 0xE0, 0x0E,
    0x00, 0xE0, 0x0E, 0x00, 0xE0, 0x00, 0x0F, 0xE0, 0x7F, 0xE1, 0xF3, 0xE3, 0x81, 0xEE, 0x01, 0xDC,
    0x03, 0xB8, 0x07, 0x70, 0x06, 0xE0, 0x1D, 0xC0, 0x3B, 0x80, 0x73, 0x81, 0xE7, 0xCF, 0x87, 0xFE,
    0x03, 0xF8, 0x01, 0xC0, 0x01, 0xF0, 0x01, 0xF0, 0x01, 0xE0, 0x7F, 0x8F, 0xFC, 0xE3, 0xEE, 0x0E,
    0xE0, 0xEE, 0x0E, 0xE3, 0xEF, 0xFC, 0xFF, 0x8E, 0x38, 0xE3, 0xCE, 0x1C, 0xE0, 0xEE, 0x0E, 0xE0,
    0x70, 0x1F, 0xCF, 0xF9, 0xE7, 0x38, 0x07, 0x00, 0xE0, 0x1F, 0x80, 0xFC, 0x07, 0xC0, 0x3C, 0x03,
    0x80, 0x77, 0x3F, 0xFF, 0x9F, 0xE0, 0xFF, 0xFF, 0xFF, 0x06, 0x00, 0x60, 0x06, 0x00, 0x60, 0x06,
    0x00, 0x60, 0x06, 0x00, 0x60, 0x06, 0x00, 0x60, 0x06, 0x00, 0x60, 0x06, 0x00, 0xE0, 0x7E, 0x07,
    0xE0, 0x7E, 0x07, 0xE0, 0x7E, 0x07, 0xE0, 0x7E, 0x07, 0xE0, 0x7E, 0x07, 0xE0, 0x77, 0x07, 0x79,
    0xE3, 0xFE, 0x1F, 0xC0, 0xE0, 0x1F, 0x80, 0xE7, 0x03, 0x9C, 0x0E, 0x70, 0x70, 0xE1, 0xC3, 0x87,
    0x0E, 0x38, 0x1C, 0xE0, 0x73, 0x80, 0xFC, 0x03, 0xF0, 0x0F, 0x80, 0x1E, 0x00, 0x70, 0x00, 0xE0,
    0x00, 0xFC, 0x00, 0x1D, 0xC3, 0x83, 0xB8, 0x78, 0x77, 0x0F, 0x0C, 0xE3, 0xE3, 0x9C, 0x7E, 0x71,
    0xCD, 0xCE, 0x3B, 0x99, 0xC7, 0x73, 0xB0, 0xEC, 0x7E, 0x0F, 0x87, 0xC1, 0xF0, 0xF8, 0x3C, 0x1E,
    0x03, 0x81, 0xC0, 0x70, 0x7B, 0x83, 0x8E, 0x38, 0x3B, 0xC1, 0xDC, 0x07, 0xC0, 0x1E, 0x00, 0xE0,
    0x0F, 0x80, 0x7E, 0x07, 0x70, 0x71, 0xC3, 0x87, 0x38, 0x3B, 0x80, 0xE0, 0xE0, 0x3B, 0x83, 0x9C,
    0x38, 0x71, 0xC3, 0x9C, 0x0E, 0xE0, 0x7E, 0x01, 0xF0, 0x07, 0x00, 0x38, 0x01, 0xC0, 0x0E, 0x00,
    0x70, 0x03, 0x80, 0x1C, 0x00, 0x7F, 0xE7, 0xFE, 0x00, 0xE0, 0x1C, 0x03, 0x80, 0x78, 0x07, 0x00,
    0xE0, 0x1C, 0x01, 0xC0, 0x38, 0x07, 0x00, 0x70, 0x0F, 0xFF, 0xFF, 0xF0, 0xFF, 0xF1, 0x8C, 0x63,
    0x18, 0xC6, 0x31, 0x8C, 0x63, 0x18, 0xC6, 0x3F, 0xF0, 0xE0, 0x18, 0x07, 0x01, 0xC0, 0x30, 0x0E,
    0x03, 0x80, 0x60, 0x1C, 0x07, 0x00, 0xE0, 0x38, 0x06, 0x01, 0xC0, 0x70, 0x0C, 0x03, 0x80, 0xE0,
    0x18, 0x07, 0xFF, 0xC6, 0x31, 0x8C, 0x63, 0x18, 0xC6, 0x31, 0x8C, 0x63, 0x18, 0xFF, 0xF0, 0x0E,
    0x01, 0xE0, 0x7E, 0x0D, 0xC3, 0x9C, 0x63, 0x9C, 0x3B, 0x03, 0x7F, 0xF7, 0xFF, 0xC7, 0x1C, 0x60,
    0x3F, 0x0F, 0xE3, 0x3C, 0x07, 0x3F, 0xDF, 0xF7, 0x9D, 0x87, 0x71, 0xDF, 0xF3, 0xFC, 0xE0, 0x1C,
    0x03, 0x80, 0x70, 0x0E, 0x01, 0xFE, 0x3F, 0xE7, 0x9E, 0xE1, 0xDC, 0x1F, 0x83, 0xF0, 0x7E, 0x1D,
    0xC7, 0xBF, 0xE7, 0xF8, 0x3F, 0x3F, 0xBE, 0x5C, 0x0E, 0x07, 0x03, 0x81, 0xC0, 0xF9, 0x3F, 0xCF,
    0xE0, 0x01, 0xC0, 0x70, 0x1C, 0x07, 0x01, 0xCF, 0xF7, 0xFF, 0xCF, 0xE1, 0xF8, 0x7E, 0x1F, 0x87,
    0xE1, 0xFE, 0x77, 0xFC, 0xFF, 0x3F, 0x1F, 0xEF, 0x3F, 0x87, 0xFF, 0xFF, 0xFE, 0x03, 0x80, 0xF9,
    0x9F, 0xE3, 0xF8, 0x3F, 0x7E, 0x72, 0xE0, 0xE0, 0xFE, 0xFE, 0xE0, 0xE0, 0xE0, 0xE0, 0xE0, 0xE0,
    0xE0, 0xE0, 0xE0, 0x3F, 0xDF, 0xFF, 0x9F, 0x87, 0xE1, 0xF8, 0x7E, 0x1F, 0x87, 0xF3, 0xDF, 0xF3,
    0xFC, 0x07, 0x63, 0xBF, 0xEF, 0xF0, 0xE0, 0x38, 0x0E, 0x03, 0x80, 0xE0, 0x3F, 0xCF, 0xFB, 0xCF,
    0xE1, 0xF8, 0x7E, 0x1F, 0x87, 0xE1, 0xF8, 0x7E, 0x1F, 0x87, 0xFC, 0x01, 0xFF, 0xFF, 0xFF, 0xFF,
    0x1C, 0x70, 0x00, 0x00, 0x71, 0xC7, 0x1C, 0x71, 0xC7, 0x1C, 0x71, 0xC7, 0x1C, 0xFF, 0xBE, 0xE0,
    0x38, 0x0E, 0x03, 0x80, 0xE0, 0x38, 0xEE, 0x73, 0xBC, 0xEE, 0x3F, 0x0F, 0x83, 0xF0, 0xEE, 0x39,
    0xCE, 0x3B, 0x87, 0xE7, 0x39, 0xCE, 0x73, 0x9C, 0xE7, 0x39, 0xCE, 0x79, 0xEE, 0xFF, 0xFC, 0xFF,
    0xFE, 0xE7, 0xCF, 0xE3, 0x87, 0xE1, 0x87, 0xE1, 0x87, 0xE1, 0x87, 0xE1, 0x87, 0xE1, 0x87, 0xE1,
    0x87, 0xE1, 0x87, 0xFF, 0x3F, 0xEE, 0x3F, 0x87, 0xE1, 0xF8, 0x7E, 0x1F, 0x87, 0xE1, 0xF8, 0x7E,
    0x1C, 0x3F, 0x0F, 0xF3, 0xEF, 0x70, 0xEE, 0x0F, 0xC1, 0xF8, 0x3F, 0x0E, 0xF3, 0xCF, 0xF0, 0xFC,
    0x00, 0xFF, 0x1F, 0xF3, 0x8F, 0x70, 0xEE, 0x0F, 0xC1, 0xF8, 0x3F, 0x0E, 0xF3, 0xDF, 0xF3, 0xFC,
    0x70, 0x0E, 0x01, 0xC0, 0x38, 0x00, 0x3F, 0xDF, 0xFF, 0x9F, 0x87, 0xE1, 0xF8, 0x7E, 0x1F, 0x87,
    0xF3, 0xDF, 0xF3, 0xFC, 0x07, 0x01, 0xC0, 0x70, 0x1C, 0x7F, 0xFF, 0x8F, 0x0E, 0x1C, 0x38, 0x70,
    0xE1, 0xC3, 0x80, 0x3F, 0x3F, 0x9C, 0xCE, 0x07, 0xC1, 0xF8, 0x3E, 0x07, 0x47, 0xBF, 0xDF, 0xC0,
    0xE0, 0xE0, 0xE0, 0xFE, 0xFE, 0xE0, 0xE0, 0xE0, 0xE0, 0xE0, 0xE0, 0xF2, 0x7E, 0x7E, 0xE1, 0xF8,
    0x7E, 0x1F, 0x87, 0xE1, 0xF8, 0x7E, 0x1F, 0x87, 0x71, 0xDF, 0xF3, 0xFC, 0xE0, 0xDC, 0x39, 0x87,
    0x38, 0xE7, 0x38, 0x67, 0x0E, 0xC0, 0xF8, 0x1F, 0x03, 0xC0, 0x38, 0x00, 0xE1, 0xC7, 0xE1, 0xC7,
    0x63, 0xC7, 0x73, 0xC6, 0x73, 0xEE, 0x33, 0xEE, 0x3F, 0x6C, 0x3E, 0x7C, 0x1E, 0x7C, 0x1E, 0x38,
    0x1C, 0x38, 0xE1, 0xCE, 0x70, 0xEE, 0x0F, 0x81, 0xE0, 0x1C, 0x07, 0xC1, 0xF8, 0x73, 0x8E, 0x3B,
    0x83, 0x00, 0xE0, 0xDC, 0x39, 0xC7, 0x38, 0xC7, 0x18, 0x77, 0x0E, 0xE0, 0xD8, 0x1F, 0x01, 0xC0,
    0x38, 0x07, 0x01, 0xC1, 0xF8, 0x3E, 0x00, 0x7F, 0x9F, 0xE0, 0x38, 0x1C, 0x0E, 0x07, 0x03, 0x81,
    0xE0, 0x70, 0x3F, 0xEF, 0xF8, 0x0E, 0x3C, 0x71, 0xC3, 0x87, 0x0E, 0x1C, 0x79, 0xE3, 0xE3, 0xC3,
    0x87, 0x0E, 0x1C, 0x38, 0x38, 0x78, 0x70, 0xFF, 0xFF, 0xFF, 0xFF, 0xFF, 0xE1, 0xE1, 0xC1, 0xC3,
    0x87, 0x0E, 0x1C, 0x3C, 0x3C, 0xF9, 0xE3, 0x87, 0x0E, 0x1C, 0x38, 0xE3, 0xC7, 0x00, 0x3C, 0x6F,
    0xFD, 0xBF, 0xB1, 0xE0, 0xEF, 0xE0, 0x06, 0x66, 0x66, 0xEE, 0xEE, 0xE0, 0x0E, 0x03, 0x80, 0xE0,
    0x7E, 0x3F, 0x9E, 0x67, 0x01, 0x80, 0xE0, 0x18, 0x07, 0x01, 0xE2, 0x3F, 0x87, 0xE0, 0xE0, 0x38,
    0x0E, 0x00, 0x0F, 0xC7, 0xF3, 0xC8, 0xE0, 0x38, 0x0E, 0x03, 0x83, 0xFE, 0xFF, 0x8E, 0x03, 0x00,
    0xC0, 0x30, 0x1F, 0xF7, 0xFC, 0x60, 0x6F, 0xFC, 0xFF, 0x1C, 0xE3, 0x0C, 0x61, 0x8E, 0x71, 0xFE,
    0x7F, 0xEC, 0x0C, 0xE0, 0x77, 0x0E, 0x70, 0xE3, 0x9C, 0x1B, 0x81, 0xF8, 0x0F, 0x07, 0xFE, 0x7F,
    0xE0, 0x60, 0x06, 0x07, 0xFE, 0x7F, 0xE0, 0x60, 0x06, 0x00, 0xFF, 0xFF, 0x00, 0xFF, 0xFF, 0x1F,
    0x8F, 0xE7, 0x99, 0xC0, 0x38, 0x0F, 0x87, 0xF9, 0x8F, 0x61, 0xD8, 0x77, 0x98, 0xFE, 0x1F, 0x00,
    0xE0, 0x19, 0x8E, 0x7F, 0x9F, 0xC0, 0x66, 0x66, 0x0F, 0xE0, 0x3F, 0xF0, 0xF1, 0xE3, 0x80, 0xE6,
    0x7E, 0xFD, 0xC9, 0xF3, 0x01, 0xEE, 0x03, 0xCC, 0x07, 0xDC, 0x9D, 0x9F, 0xBB, 0x80, 0xE3, 0xC7,
    0x83, 0xFF, 0x03, 0xF8, 0x00, 0x7C, 0x2E, 0x06, 0x7E, 0x66, 0xE6, 0x66, 0x7E, 0x19, 0xCE, 0x73,
    0xB9, 0xDC, 0xE7, 0x1D, 0xC3, 0xB8, 0xE7, 0x19, 0xC0, 0xFF, 0xFF, 0xF0, 0x0C, 0x03, 0x00, 0xC0,
    0x30, 0x0C, 0x03, 0xFF, 0xF0, 0x0F, 0xE0, 0x3F, 0xF0, 0xF1, 0xE3, 0x80, 0xE6, 0xFC, 0xFD, 0x9D,
    0xF3, 0x39, 0xE7, 0xE3, 0xCD, 0xC7, 0xD9, 0xDD, 0xB1, 0xBB, 0x80, 0xE3, 0xC7, 0x83, 0xFF, 0x03,
    0xF8, 0x00, 0x7E, 0xFC, 0x7C, 0xFB, 0xBF, 0x77, 0xCF, 0x80, 0x0C, 0x03, 0x00, 0xC0, 0x30, 0xFF,
    0xFF, 0xF0, 0xC0, 0x30, 0x0C, 0x03, 0x00, 0x03, 0xFF, 0xFF, 0xC0, 0x7C, 0xD8, 0x38, 0xE3, 0xCF,
    0x18, 0x3F, 0x7C, 0xD8, 0x31, 0xE0, 0xE0, 0xD3, 0xFE, 0x39, 0xDC, 0xC0, 0xE1, 0xF8, 0x7E, 0x1F,
    0x87, 0xE1, 0xF8, 0x7E, 0x1F, 0x87, 0xF9, 0xFF, 0xFF, 0xFF, 0x80, 0xE0, 0x38, 0x0E, 0x00, 0x1F,
    0xF3, 0xF7, 0x7F, 0x77, 0xF7, 0x7F, 0x77, 0xF7, 0x7F, 0x77, 0xF7, 0x3F, 0x70, 0xF7, 0x07, 0x70,
    0x77, 0x07, 0x70, 0x77, 0x07, 0x70, 0x77, 0x07, 0x70, 0x77, 0x07, 0x70, 0xFF, 0x80, 0x33, 0x8F,
    0xE0, 0x3F, 0xF3, 0x33, 0x33, 0x3E, 0x3B, 0x98, 0xEC, 0x76, 0x3B, 0x1D, 0xDC, 0x7C, 0x66, 0x1D,
    0xC3, 0x38, 0xE7, 0x1D, 0xCE, 0x73, 0x39, 0xDC, 0x66, 0x00, 0x30, 0x18, 0x78, 0x1C, 0x3C, 0x0C,
    0x06, 0x0E, 0x03, 0x0E, 0x01, 0x87, 0x00, 0xC7, 0x00, 0x63, 0x0E, 0x03, 0x87, 0x01, 0x87, 0x81,
    0xC6, 0xC0, 0xC7, 0x60, 0xE3, 0xF8, 0x60, 0x18, 0x70, 0x0C, 0x30, 0x38, 0x78, 0x18, 0x3C, 0x1C,
    0x06, 0x0C, 0x03, 0x0E, 0x01, 0x8E, 0x00, 0xC7, 0x00, 0x67, 0x3E, 0x03, 0x3B, 0x03, 0x81, 0x81,
    0x81, 0xC1, 0xC1, 0xC0, 0xC1, 0xC0, 0xE0, 0xC0, 0x60, 0xFE, 0x7C, 0x0E, 0x1B, 0x07, 0x00, 0xC1,
    0xC0, 0xF0, 0xE0, 0x0E, 0x30, 0x01, 0x9C, 0x04, 0xE6, 0x03, 0xF3, 0x8E, 0x00, 0xC3, 0x80, 0x71,
    0xE0, 0x38, 0xD8, 0x0E, 0x76, 0x07, 0x1F, 0xC1, 0x80, 0x60, 0xE0, 0x18, 0x1C, 0x0F, 0x07, 0x00,
    0x00, 0x00, 0x60, 0x30, 0x38, 0x38, 0x38, 0x18, 0x1C, 0x0F, 0x33, 0xF8, 0xFC, 0x06, 0x00, 0x3C,
    0x00, 0x70, 0x00, 0xC0, 0x00, 0x00, 0x1C, 0x00, 0x78, 0x01, 0xE0, 0x0F, 0xC0, 0x37, 0x01, 0xCC,
    0x07, 0x38, 0x18, 0x60, 0xE1, 0xC3, 0xFF, 0x1F, 0xFC, 0x70, 0x39, 0x80, 0xEE, 0x01, 0xF8, 0x07,
    0x01, 0xC0, 0x07, 0x00, 0x38, 0x00, 0xC0, 0x00, 0x00, 0x1C, 0x00, 0x78, 0x01, 0xE0, 0x0F, 0xC0,
    0x37, 0x01, 0xCC, 0x07, 0x38, 0x18, 0x60, 0xE1, 0xC3, 0xFF, 0x1F, 0xFC, 0x70, 0x39, 0x80, 0xEE,
    0x01, 0xF8, 0x07, 0x03, 0x00, 0x1E, 0x00, 0xFC, 0x03, 0x30, 0x00, 0x00, 0x1C, 0x00, 0x78, 0x01,
    0xE0, 0x0F, 0xC0, 0x37, 0x01, 0xCC, 0x07, 0x38, 0x18, 0x60, 0xE1, 0xC3, 0xFF, 0x1F, 0xFC, 0x70,
    0x39, 0x80, 0xEE, 0x01, 0xF8, 0x07, 0x0F, 0x60, 0x3F, 0x01, 0xBC, 0x00, 0x00, 0x07, 0x00, 0x1E,
    0x00, 0x78, 0x03, 0xF0, 0x0D, 0xC0, 0x73, 0x01, 0xCE, 0x06, 0x18, 0x38, 0x70, 0xFF, 0xC7, 0xFF,
    0x1C, 0x0E, 0x60, 0x3B, 0x80, 0x7E, 0x01, 0xC0, 0x0C, 0xC0, 0x33, 0x00, 0x00, 0x01, 0xC0, 0x07,
    0x80, 0x1E, 0x00, 0xFC, 0x03, 0x70, 0x1C, 0xC0, 0x73, 0x81, 0x86, 0x0E, 0x1C, 0x3F, 0xF1, 0xFF,
    0xC7, 0x03, 0x98, 0x0E, 0xE0, 0x1F, 0x80, 0x70, 0x07, 0x80, 0x1E, 0x00, 0xD8, 0x01, 0xE0, 0x07,
    0x80, 0x1E, 0x00, 0xFC, 0x03, 0xF0, 0x1C, 0xC0, 0x73, 0x81, 0x8E, 0x0E, 0x1C, 0x3F, 0xF1, 0xFF,
    0xC7, 0x03, 0x98, 0x0E, 0xE0, 0x1F, 0x80, 0x70, 0x00, 0xFF, 0xE0, 0x1F, 0xFC, 0x07, 0xC0, 0x01,
    0xD8, 0x00, 0x3B, 0x00, 0x0E, 0x60, 0x01, 0x8F, 0xF0, 0x71, 0xFE, 0x1C, 0x30, 0x03, 0xFE, 0x00,
    0xFF, 0xC0, 0x18, 0x18, 0x07, 0x03, 0x00, 0xC0, 0x7F, 0xF8, 0x0F, 0xF8, 0x0F, 0xE3, 0xFF, 0x7C,
    0x67, 0x00, 0xE0, 0x0E, 0x00, 0xE0, 0x0E, 0x00, 0xE0, 0x0E, 0x00, 0xE0, 0x07, 0x00, 0x7C, 0x63,
    0xFF, 0x1F, 0xE0, 0x70, 0x03, 0x80, 0xF0, 0x18, 0x03, 0x80, 0x38, 0x03, 0x00, 0x01, 0xFF, 0xBF,
    0xF7, 0x00, 0xE0, 0x1C, 0x03, 0x80, 0x7F, 0xCF, 0xF9, 0xC0, 0x38, 0x07, 0x00, 0xE0, 0x1C, 0x03,
    0xFF, 0xFF, 0xF0, 0x03, 0x00, 0xE0, 0x38, 0x06, 0x00, 0x01, 0xFF, 0xBF, 0xF7, 0x00, 0xE0, 0x1C,
    0x03, 0x80, 0x7F, 0xCF, 0xF9, 0xC0, 0x38, 0x07, 0x00, 0xE0, 0x1C, 0x03, 0xFF, 0xFF, 0xF0, 0x0C,
    0x03, 0xC0, 0xFC, 0x19, 0x80, 0x01, 0xFF, 0xBF, 0xF7, 0x00, 0xE0, 0x1C, 0x03, 0x80, 0x7F, 0xCF,
    0xF9, 0xC0, 0x38, 0x07, 0x00, 0xE0, 0x1C, 0x03, 0xFF, 0xFF, 0xF0, 0x3B, 0x87, 0x70, 0x00, 0x7F,
    0xEF, 0xFD, 0xC0, 0x38, 0x07, 0x00, 0xE0, 0x1F, 0xF3, 0xFE, 0x70, 0x0E, 0x01, 0xC0, 0x38, 0x07,
    0x00, 0xFF, 0xFF, 0xFC, 0xC7, 0x1C, 0x60, 0x39, 0xCE, 0x73, 0x9C, 0xE7, 0x39, 0xCE, 0x73, 0x9C,
    0xE0, 0x33, 0xB9, 0x80, 0x73, 0x9C, 0xE7, 0x39, 0xCE, 0x73, 0x9C, 0xE7, 0x39, 0xC0, 0x18, 0x79,
    0xFB, 0x30, 0x07, 0x0E, 0x1C, 0x38, 0x70, 0xE1, 0xC3, 0x87, 0x0E, 0x1C, 0x38, 0x70, 0xE1, 0xC0,
    0xEE, 0xEE, 0x00, 0x38, 0x38, 0x38, 0x38, 0x38, 0x38, 0x38, 0x38, 0x38, 0x38, 0x38, 0x38, 0x38,
    0x38, 0x38, 0x3F, 0xC0, 0x7F, 0xE0, 0xE3, 0xE1, 0x81, 0xC3, 0x01, 0xC6, 0x03, 0xBF, 0x87, 0x7F,
    0x0E, 0x30, 0x1C, 0x60, 0x38, 0xC0, 0x71, 0x81, 0xC3, 0x8F, 0x87, 0xFE, 0x0F, 0xF0, 0x00, 0x0F,
    0xC0, 0xFE, 0x06, 0xE0, 0x00, 0x0E, 0x03, 0xF8, 0x1F, 0xE0, 0xFF, 0x87, 0xFC, 0x3F, 0x71, 0xF9,
    0xCF, 0xC7, 0x7E, 0x3B, 0xF0, 0xFF, 0x83, 0xFC, 0x1F, 0xE0, 0x7F, 0x03, 0xF8, 0x0E, 0x06, 0x00,
    0x0E, 0x00, 0x0E, 0x00, 0x0C, 0x00, 0x00, 0x01, 0xFC, 0x0F, 0xFC, 0x3E, 0x7C, 0x70, 0x3D, 0xC0,
    0x3B, 0x80, 0x77, 0x00, 0xEE, 0x00, 0xDC, 0x03, 0xB8, 0x07, 0x70, 0x0E, 0x70, 0x3C, 0xF9, 0xF0,
    0xFF, 0xC0, 0x7F, 0x00, 0x00, 0xC0, 0x03, 0x80, 0x0E, 0x00, 0x18, 0x00, 0x00, 0x01, 0xFC, 0x0F,
    0xFC, 0x3E, 0x7C, 0x70, 0x3D, 0xC0, 0x3B, 0x80, 0x77, 0x00, 0xEE, 0x00, 0xDC, 0x03, 0xB8, 0x07,
    0x70, 0x0E, 0x70, 0x3C, 0xF9, 0xF0, 0xFF, 0xC0, 0x7F, 0x00, 0x03, 0x00, 0x0F, 0x00, 0x3F, 0x00,
    0x66, 0x00, 0x00, 0x01, 0xFC, 0x0F, 0xFC, 0x3E, 0x7C, 0x70, 0x3D, 0xC0, 0x3B, 0x80, 0x77, 0x00,
    0xEE, 0x00, 0xDC, 0x03, 0xB8, 0x07, 0x70, 0x0E, 0x70, 0x3C, 0xF9, 0xF0, 0xFF, 0xC0, 0x7F, 0x00,
    0x0F, 0x60, 0x1F, 0xC0, 0x3F, 0x00, 0x00, 0x00, 0xFE, 0x07, 0xFE, 0x1F, 0x3E, 0x38, 0x1E, 0xE0,
    0x1D, 0xC0, 0x3B, 0x80, 0x77, 0x00, 0x6E, 0x01, 0xDC, 0x03, 0xB8, 0x07, 0x38, 0x1E, 0x7C, 0xF8,
    0x7F, 0xE0, 0x3F, 0x80, 0x0E, 0xE0, 0x1D, 0xC0, 0x00, 0x00, 0x7F, 0x03, 0xFF, 0x0F, 0x9F, 0x1C,
    0x0F, 0x70, 0x0E, 0xE0, 0x1D, 0xC0, 0x3B, 0x80, 0x37, 0x00, 0xEE, 0x01, 0xDC, 0x03, 0x9C, 0x0F,
    0x3E, 0x7C, 0x3F, 0xF0, 0x1F, 0xC0, 0x41, 0x18, 0xE7, 0xF8, 0xFC, 0x1E, 0x0F, 0xC7, 0xF9, 0x8E,
    0x41, 0x00, 0x0F, 0xFC, 0x7F, 0xF9, 0xF3, 0xE3, 0x83, 0xEE, 0x0F, 0xDC, 0x3B, 0xB8, 0x77, 0x71,
    0xC6, 0xE7, 0x0D, 0xDC, 0x3B, 0xF0, 0x73, 0xC1, 0xE7, 0xCF, 0x8F, 0xFE, 0x1B, 0xF8, 0x00, 0x0C,
    0x00, 0xE0, 0x07, 0x00, 0x30, 0x00, 0x0E, 0x07, 0xE0, 0x7E, 0x07, 0xE0, 0x7E, 0x07, 0xE0, 0x7E,
    0x07, 0xE0, 0x7E, 0x07, 0xE0, 0x7E, 0x07, 0x70, 0x77, 0x9E, 0x3F, 0xE1, 0xFC, 0x01, 0x80, 0x38,
    0x07, 0x00, 0x60, 0x00, 0x0E, 0x07, 0xE0, 0x7E, 0x07, 0xE0, 0x7E, 0x07, 0xE0, 0x7E, 0x07, 0xE0,
    0x7E, 0x07, 0xE0, 0x7E, 0x07, 0x70, 0x77, 0x9E, 0x3F, 0xE1, 0xFC, 0x06, 0x00, 0xF0, 0x1F, 0x81,
    0x98, 0x00, 0x0E, 0x07, 0xE0, 0x7E, 0x07, 0xE0, 0x7E, 0x07, 0xE0, 0x7E, 0x07, 0xE0, 0x7E, 0x07,
    0xE0, 0x7E, 0x07, 0x70, 0x77, 0x9E, 0x3F, 0xE1, 0xFC, 0x1D, 0xC1, 0xDC, 0x00, 0x0E, 0x07, 0xE0,
    0x7E, 0x07, 0xE0, 0x7E, 0x07, 0xE0, 0x7E, 0x07, 0xE0, 0x7E, 0x07, 0xE0, 0x7E, 0x07, 0x70, 0x77,
    0x9E, 0x3F, 0xE1, 0xFC, 0x01, 0x80, 0x1C, 0x01, 0xC0, 0x0C, 0x00, 0x00, 0x70, 0x1D, 0xC1, 0xCE,
    0x1C, 0x38, 0xE1, 0xCE, 0x07, 0x70, 0x3F, 0x00, 0xF8, 0x03, 0x80, 0x1C, 0x00, 0xE0, 0x07, 0x00,
    0x38, 0x01, 0xC0, 0x0E, 0x00, 0xE0, 0x0E, 0x00, 0xFF, 0x8F, 0xFC, 0xE3, 0xEE, 0x0E, 0xE0, 0xEE,
    0x0E, 0xE0, 0xEE, 0x3E, 0xFF, 0xCF, 0xF8, 0xE0, 0x0E, 0x00, 0xE0, 0x00, 0x3F, 0x07, 0xF8, 0x7B,
    0xCE, 0x1C, 0xE1, 0x8E, 0x38, 0xE7, 0x0E, 0x60, 0xEF, 0x0E, 0x7C, 0xE3, 0xEE, 0x1E, 0xE0, 0x7E,
    0xCF, 0xEF, 0xEE, 0xFC, 0x18, 0x07, 0x00, 0xE0, 0x18, 0x00, 0x0F, 0xC3, 0xF8, 0xCF, 0x01, 0xCF,
    0xF7, 0xFD, 0xE7, 0x61, 0xDC, 0x77, 0xFC, 0xFF, 0x03, 0x01, 0xC0, 0xE0, 0x30, 0x00, 0x0F, 0xC3,
    0xF8, 0xCF, 0x01, 0xCF, 0xF7, 0xFD, 0xE7, 0x61, 0xDC, 0x77, 0xFC, 0xFF, 0x04, 0x03, 0x81, 0xF0,
    0x64, 0x00, 0x0F, 0xC3, 0xF8, 0xCF, 0x01, 0xCF, 0xF7, 0xFD, 0xE7, 0x61, 0xDC, 0x77, 0xFC, 0xFF,
    0x1D, 0x8F, 0xE3, 0x70, 0x00, 0x00, 0x0F, 0xC3, 0xF8, 0xCF, 0x01, 0xCF, 0xF7, 0xFD, 0xE7, 0x61,
    0xDC, 0x77, 0xFC, 0xFF, 0x3B, 0x8E, 0xE0, 0x00, 0x00, 0x3F, 0x0F, 0xE3, 0x3C, 0x07, 0x3F, 0xDF,
    0xF7, 0x9D, 0x87, 0x71, 0xDF, 0xF3, 0xFC, 0x0E, 0x06, 0xC1, 0xB0, 0x38, 0x00, 0x0F, 0xC3, 0xF8,
    0xCF, 0x01, 0xCF, 0xF7, 0xFD, 0xE7, 0x61, 0xDC, 0x77, 0xFC, 0xFF, 0x3F, 0x3E, 0x1F, 0xFF, 0x8C,
    0xFD, 0xE0, 0x38, 0x73, 0xFF, 0xFB, 0xFF, 0xFD, 0xE7, 0x00, 0xC3, 0x80, 0x71, 0xF1, 0x3F, 0xFF,
    0x8F, 0xFF, 0xC0, 0x3F, 0x3F, 0xBE, 0x5C, 0x0E, 0x07, 0x03, 0x81, 0xC0, 0xF9, 0x3F, 0xCF, 0xE1,
    0x80, 0xE0, 0x70, 0xF8, 0x18, 0x0F, 0x01, 0xC0, 0x30, 0x00, 0x0F, 0xC7, 0xFB, 0xCF, 0xE1, 0xFF,
    0xFF, 0xFF, 0x80, 0xE0, 0x3E, 0x67, 0xF8, 0xFE, 0x06, 0x03, 0xC0, 0xE0, 0x30, 0x00, 0x0F, 0xC7,
    0xFB, 0xCF, 0xE1, 0xFF, 0xFF, 0xFF, 0x80, 0xE0, 0x3E, 0x67, 0xF8, 0xFE, 0x0C, 0x07, 0x83, 0xF0,
    0xCC, 0x00, 0x0F, 0xC7, 0xFB, 0xCF, 0xE1, 0xFF, 0xFF, 0xFF, 0x80, 0xE0, 0x3E, 0x67, 0xF8, 0xFE,
    0x33, 0x0C, 0xC0, 0x00, 0x00, 0x3F, 0x1F, 0xEF, 0x3F, 0x87, 0xFF, 0xFF, 0xFE, 0x03, 0x80, 0xF9,
    0x9F, 0xE3, 0xF8, 0xC7, 0x1C, 0x60, 0x39, 0xCE, 0x73, 0x9C, 0xE7, 0x39, 0xCE, 0x33, 0xB9, 0x80,
    0x73, 0x9C, 0xE7, 0x39, 0xCE, 0x73, 0x9C, 0x18, 0x79, 0xF3, 0x30, 0x07, 0x0E, 0x1C, 0x38, 0x70,
    0xE1, 0xC3, 0x87, 0x0E, 0x1C, 0xEF, 0xDC, 0x00, 0x03, 0x87, 0x0E, 0x1C, 0x38, 0x70, 0xE1, 0xC3,
    0x87, 0x0E, 0x00, 0x07, 0xE1, 0xFC, 0x3E, 0x07, 0xE0, 0x1C, 0x7F, 0x9F, 0xF7, 0x9E, 0xE0, 0xFC,
    0x1B, 0x03, 0x70, 0xEE, 0x1D, 0xE7, 0x9F, 0xE1, 0xF8, 0x3D, 0x8F, 0xE7, 0xF0, 0x00, 0x00, 0x3F,
    0xCF, 0xFB, 0x8F, 0xE1, 0xF8, 0x7E, 0x1F, 0x87, 0xE1, 0xF8, 0x7E, 0x1F, 0x87, 0x18, 0x03, 0x80,
    0x38, 0x03, 0x00, 0x00, 0x7E, 0x1F, 0xE7, 0xDE, 0xE1, 0xDC, 0x1F, 0x83, 0xF0, 0x7E, 0x1D, 0xE7,
    0x9F, 0xE1, 0xF8, 0x03, 0x00, 0xE0, 0x38, 0x06, 0x00, 0x00, 0x7E, 0x1F, 0xE7, 0xDE, 0xE1, 0xDC,
    0x1F, 0x83, 0xF0, 0x7E, 0x1D, 0xE7, 0x9F, 0xE1, 0xF8, 0x0C, 0x03, 0xC0, 0xFC, 0x19, 0x80, 0x00,
    0x7E, 0x1F, 0xE7, 0xDE, 0xE1, 0xDC, 0x1F, 0x83, 0xF0, 0x7E, 0x1D, 0xE7, 0x9F, 0xE1, 0xF8, 0x3D,
    0x87, 0xF0, 0xFC, 0x00, 0x00, 0x00, 0x7E, 0x1F, 0xE7, 0xDE, 0xE1, 0xDC, 0x1F, 0x83, 0xF0, 0x7E,
    0x1D, 0xE7, 0x9F, 0xE1, 0xF8, 0x3B, 0x87, 0x70, 0x00, 0x00, 0x03, 0xF0, 0xFF, 0x3E, 0xF7, 0x0E,
    0xE0, 0xFC, 0x1F, 0x83, 0xF0, 0xEF, 0x3C, 0xFF, 0x0F, 0xC0, 0x0C, 0x07, 0x80, 0xC0, 0x00, 0x00,
    0x3F, 0xFF, 0xFC, 0x00, 0x00, 0x03, 0x01, 0xE0, 0x30, 0x3F, 0xCF, 0xFB, 0xCF, 0x71, 0xEE, 0x7F,
    0x9D, 0xFF, 0x3F, 0xCE, 0x73, 0xDF, 0xF3, 0xFC, 0x00, 0x18, 0x0F, 0x01, 0xC0, 0x30, 0x00, 0x38,
    0x7E, 0x1F, 0x87, 0xE1, 0xF8, 0x7E, 0x1F, 0x87, 0xE1, 0xDC, 0x77, 0xFC, 0xFF, 0x06, 0x03, 0xC0,
    0xE0, 0x30, 0x00, 0x38, 0x7E, 0x1F, 0x87, 0xE1, 0xF8, 0x7E, 0x1F, 0x87, 0xE1, 0xDC, 0x77, 0xFC,
    0xFF, 0x0C, 0x07, 0x83, 0xF0, 0xCC, 0x00, 0x38, 0x7E, 0x1F, 0x87, 0xE1, 0xF8, 0x7E, 0x1F, 0x87,
    0xE1, 0xDC, 0x77, 0xFC, 0xFF, 0x33, 0x0C, 0xC0, 0x00, 0x00, 0xE1, 0xF8, 0x7E, 0x1F, 0x87, 0xE1,
    0xF8, 0x7E, 0x1F, 0x87, 0x71, 0xDF, 0xF3, 0xFC, 0x03, 0x00, 0xE0, 0x38, 0x06, 0x00, 0x01, 0xC1,
    0xB8, 0x73, 0x8E, 0x71, 0x8E, 0x30, 0xEE, 0x1D, 0xC1, 0xB0, 0x3E, 0x03, 0x80, 0x70, 0x0E, 0x03,
    0x83, 0xF0, 0x7C, 0x00, 0xE0, 0x1C, 0x03, 0x80, 0x70, 0x0E, 0x01, 0xFE, 0x3F, 0xE7, 0x9E, 0xE1,
    0xDC, 0x1F, 0x83, 0xF0, 0x7E, 0x1D, 0xE7, 0xBF, 0xE7, 0xF8, 0xE0, 0x1C, 0x03, 0x80, 0x70, 0x00,
    0x3B, 0x87, 0x70, 0x00, 0x00, 0x0E, 0x0D, 0xC3, 0x9C, 0x73, 0x8C, 0x71, 0x87, 0x70, 0xEE, 0x0D,
    0x81, 0xF0, 0x1C, 0x03, 0x80, 0x70, 0x1C, 0x1F, 0x83, 0xE0, 0x00, 0x0F, 0xC0, 0x3F, 0x00, 0x00,
    0x01, 0xC0, 0x07, 0x80, 0x1E, 0x00, 0xFC, 0x03, 0x70, 0x1C, 0xC0, 0x73, 0x81, 0x86, 0x0E, 0x1C,
    0x3F, 0xF1, 0xFF, 0xC7, 0x03, 0x98, 0x0E, 0xE0, 0x1F, 0x80, 0x70, 0x3F, 0x8F, 0xE0, 0x00, 0x00,
    0x3F, 0x0F, 0xE3, 0x3C, 0x07, 0x3F, 0xDF, 0xF7, 0x9D, 0x87, 0x71, 0xDF, 0xF3, 0xFC, 0x0C, 0xC0,
    0x3F, 0x00, 0x78, 0x00, 0x00, 0x07, 0x00, 0x1E, 0x00, 0x78, 0x03, 0xF0, 0x0D, 0xC0, 0x73, 0x01,
    0xCE, 0x06, 0x18, 0x38, 0x70, 0xFF, 0xC7, 0xFF, 0x1C, 0x0E, 0x60, 0x3B, 0x80, 0x7E, 0x01, 0xC0,
    0x3B, 0x87, 0xC1, 0xF0, 0x00, 0x00, 0x0F, 0xC3, 0xF8, 0xCF, 0x01, 0xCF, 0xF7, 0xFD, 0xE7, 0x61,
    0xDC, 0x77, 0xFC, 0xFF, 0x07, 0x00, 0x1E, 0x00, 0x78, 0x03, 0xF0, 0x0D, 0xC0, 0x73, 0x01, 0xCE,
    0x06, 0x18, 0x38, 0x70, 0xFF, 0xC7, 0xFF, 0x1C, 0x0E, 0x60, 0x3B, 0x80, 0x7E, 0x01, 0xC0, 0x07,
    0x00, 0x38, 0x00, 0xE0, 0x03, 0xC0, 0x3F, 0x0F, 0xE3, 0x3C, 0x07, 0x3F, 0xDF, 0xF7, 0x9D, 0x87,
    0x71, 0xDF, 0xF3, 0xFC, 0x0E, 0x07, 0x00, 0xF0, 0x01, 0x80, 0x38, 0x07, 0x00, 0x60, 0x00, 0x00,
    0xFE, 0x3F, 0xF7, 0xC6, 0x70, 0x0E, 0x00, 0xE0, 0x0E, 0x00, 0xE0, 0x0E, 0x00, 0xE0, 0x0E, 0x00,
    0x70, 0x07, 0xC6, 0x3F, 0xF0, 0xFE, 0x07, 0x07, 0x83, 0x81, 0x80, 0x01, 0xF9, 0xFD, 0xF2, 0xE0,
    0x70, 0x38, 0x1C, 0x0E, 0x07, 0xC9, 0xFE, 0x7F, 0x03, 0x00, 0x78, 0x0F, 0xC0, 0xCC, 0x00, 0x00,
    0xFE, 0x3F, 0xF7, 0xC6, 0x70, 0x0E, 0x00, 0xE0, 0x0E, 0x00, 0xE0, 0x0E, 0x00, 0xE0, 0x0E, 0x00,
    0x70, 0x07, 0xC6, 0x3F, 0xF0, 0xFE, 0x0C, 0x0F, 0x0F, 0xC6, 0x60, 0x01, 0xF9, 0xFD, 0xF2, 0xE0,
    0x70, 0x38, 0x1C, 0x0E, 0x07, 0xC9, 0xFE, 0x7F, 0x07, 0x00, 0x70, 0x07, 0x00, 0x00, 0x0F, 0xE3,
    0xFF, 0x7C, 0x67, 0x00, 0xE0, 0x0E, 0x00, 0xE0, 0x0E, 0x00, 0xE0, 0x0E, 0x00, 0xE0, 0x07, 0x00,
    0x7C, 0x63, 0xFF, 0x0F, 0xE0, 0x0C, 0x0F, 0x03, 0x00, 0x00, 0x01, 0xF9, 0xFD, 0xF2, 0xE0, 0x70,
    0x38, 0x1C, 0x0E, 0x07, 0xC9, 0xFE, 0x7F, 0x0C, 0xC0, 0xFC, 0x07, 0x80, 0x30, 0x00, 0x00, 0xFE,
    0x3F, 0xF7, 0xC6, 0x70, 0x0E, 0x00, 0xE0, 0x0E, 0x00, 0xE0, 0x0E, 0x00, 0xE0, 0x0E, 0x00, 0x70,
    0x07, 0xC6, 0x3F, 0xF0, 0xFE, 0x33, 0x1F, 0x87, 0x81, 0x80, 0x01, 0xF9, 0xFD, 0xF2, 0xE0, 0x70,
    0x38, 0x1C, 0x0E, 0x07, 0xC9, 0xFE, 0x7F, 0x19, 0x80, 0xFC, 0x03, 0xC0, 0x0C, 0x00, 0x00, 0x3F,
    0xC3, 0xFF, 0x9C, 0x7E, 0xE0, 0x77, 0x03, 0xF8, 0x0F, 0xC0, 0x7E, 0x03, 0xF0, 0x1F, 0x80, 0xFC,
    0x07, 0xE0, 0x77, 0x1F, 0xBF, 0xF8, 0xFF, 0x00, 0x01, 0xD8, 0x07, 0x60, 0x1D, 0x80, 0x76, 0x01,
    0xD8, 0xFF, 0x07, 0xFC, 0x3C, 0xF0, 0xE1, 0xC3, 0x87, 0x0E, 0x1C, 0x38, 0x70, 0xE1, 0xC3, 0xE7,
    0x07, 0xFC, 0x0F, 0xF0, 0x3F, 0xC0, 0x7F, 0xE0, 0xE3, 0xE1, 0x81, 0xC3, 0x01, 0xC6, 0x03, 0xBF,
    0x87, 0x7F, 0x0E, 0x30, 0x1C, 0x60, 0x38, 0xC0, 0x71, 0x81, 0xC3, 0x8F, 0x87, 0xFE, 0x0F, 0xF0,
    0x00, 0x01, 0xC0, 0xFF, 0x0F, 0xF0, 0x1C, 0x01, 0xC3, 0xFC, 0x7F, 0xCF, 0x3C, 0xE1, 0xCE, 0x1C,
    0xE1, 0xCE, 0x1C, 0xE1, 0xCF, 0x9C, 0x7F, 0xC3, 0xFC, 0x3F, 0x87, 0xF0, 0x00, 0x7F, 0xEF, 0xFD,
    0xC0, 0x38, 0x07, 0x00, 0xE0, 0x1F, 0xF3, 0xFE, 0x70, 0x0E, 0x01, 0xC0, 0x38, 0x07, 0x00, 0xFF,
    0xFF, 0xFC, 0x7F, 0x1F, 0xC0, 0x00, 0x00, 0x3F, 0x1F, 0xEF, 0x3F, 0x87, 0xFF, 0xFF, 0xFE, 0x03,
    0x80, 0xF9, 0x9F, 0xE3, 0xF8, 0x33, 0x07, 0xE0, 0x78, 0x00, 0x0F, 0xFD, 0xFF, 0xB8, 0x07, 0x00,
    0xE0, 0x1C, 0x03, 0xFE, 0x7F, 0xCE, 0x01, 0xC0, 0x38, 0x07, 0x00, 0xE0, 0x1F, 0xFF, 0xFF, 0x80,
    0x33, 0x0F, 0xC1, 0xE0, 0x00, 0x00, 0x0F, 0xC7, 0xFB, 0xCF, 0xE1, 0xFF, 0xFF, 0xFF, 0x80, 0xE0,
    0x3E, 0x67, 0xF8, 0xFE, 0x0E, 0x01, 0xC0, 0x38, 0x00, 0x0F, 0xFD, 0xFF, 0xB8, 0x07, 0x00, 0xE0,
    0x1C, 0x03, 0xFE, 0x7F, 0xCE, 0x01, 0xC0, 0x38, 0x07, 0x00, 0xE0, 0x1F, 0xFF, 0xFF, 0x80, 0x0C,
    0x07, 0x80, 0xC0, 0x00, 0x00, 0x0F, 0xC7, 0xFB, 0xCF, 0xE1, 0xFF, 0xFF, 0xFF, 0x80, 0xE0, 0x3E,
    0x67, 0xF8, 0xFE, 0xFF, 0xDF, 0xFB, 0x80, 0x70, 0x0E, 0x01, 0xC0, 0x3F, 0xE7, 0xFC, 0xE0, 0x1C,
    0x03, 0x80, 0x70, 0x0E, 0x01, 0xFF, 0xFF, 0xF8, 0x0E, 0x03, 0x80, 0x70, 0x07, 0x80, 0x3F, 0x1F,
    0xEF, 0x3F, 0x87, 0xFF, 0xFF, 0xFE, 0x03, 0x80, 0xF9, 0x9F, 0xE3, 0xF8, 0x1C, 0x06, 0x01, 0xE0,
    0x33, 0x07, 0xE0, 0x78, 0x06, 0x00, 0x01, 0xFF, 0xBF, 0xF7, 0x00, 0xE0, 0x1C, 0x03, 0x80, 0x7F,
    0xCF, 0xF9, 0xC0, 0x38, 0x07, 0x00, 0xE0, 0x1C, 0x03, 0xFF, 0xFF, 0xF0, 0x33, 0x0F, 0xC1, 0xE0,
    0x30, 0x00, 0x00, 0x03, 0xF1, 0xFE, 0xF3, 0xF8, 0x7F, 0xFF, 0xFF, 0xE0, 0x38, 0x0F, 0x99, 0xFE,
    0x3F, 0x80, 0x03, 0x00, 0x78, 0x0F, 0xC0, 0xCC, 0x00, 0x00, 0xFE, 0x3F, 0xF7, 0xC7, 0x70, 0x0E,
    0x00, 0xE0, 0x0E, 0x00, 0xE0, 0x0E, 0x07, 0xE0, 0x7E, 0x07, 0x70, 0x77, 0xC7, 0x3F, 0xF0, 0xFF,
    0x0C, 0x07, 0x81, 0xF0, 0xCC, 0x00, 0x0F, 0xF7, 0xFF, 0xE7, 0xE1, 0xF8, 0x7E, 0x1F, 0x87, 0xE1,
    0xFC, 0xF7, 0xFC, 0xFF, 0x01, 0xD8, 0xEF, 0xFB, 0xFC, 0x0C, 0xC0, 0xFC, 0x07, 0x80, 0x00, 0x0F,
    0xE3, 0xFF, 0x7C, 0x77, 0x00, 0xE0, 0x0E, 0x00, 0xE0, 0x0E, 0x00, 0xE0, 0x7E, 0x07, 0xE0, 0x77,
    0x07, 0x7C, 0x73, 0xFF, 0x0F, 0xF0, 0x3B, 0x07, 0xC1, 0xF0, 0x00, 0x00, 0x0F, 0xF7, 0xFF, 0xE7,
    0xE1, 0xF8, 0x7E, 0x1F, 0x87, 0xE1, 0xFC, 0xF7, 0xFC, 0xFF, 0x01, 0xD8, 0xEF, 0xFB, 0xFC, 0x03,
    0x00, 0x70, 0x03, 0x00, 0x00, 0x0F, 0xE3, 0xFF, 0x7C, 0x77, 0x00, 0xE0, 0x0E, 0x00, 0xE0, 0x0E,
    0x00, 0xE0, 0x7E, 0x07, 0xE0, 0x77, 0x07, 0x7C, 0x73, 0xFF, 0x0F, 0xF0, 0x0E, 0x03, 0x80, 0xE0,
    0x00, 0x00, 0x0F, 0xF7, 0xFF, 0xE7, 0xE1, 0xF8, 0x7E, 0x1F, 0x87, 0xE1, 0xFC, 0xF7, 0xFC, 0xFF,
    0x01, 0xD8, 0xEF, 0xFB, 0xFC, 0x0F, 0xE3, 0xFF, 0x7C, 0x77, 0x00, 0xE0, 0x0E, 0x00, 0xE0, 0x0E,
    0x00, 0xE0, 0x7E, 0x07, 0xE0, 0x77, 0x07, 0x7C, 0x73, 0xFF, 0x0F, 0xF0, 0x00, 0x07, 0x00, 0xF0,
    0x0F, 0x00, 0x07, 0x03, 0x80, 0xE0, 0x38, 0x00, 0x00, 0x03, 0xFD, 0xFF, 0xF9, 0xF8, 0x7E, 0x1F,
    0x87, 0xE1, 0xF8, 0x7F, 0x3D, 0xFF, 0x3F, 0xC0, 0x76, 0x3B, 0xFE, 0xFF, 0x00, 0x06, 0x00, 0x70,
    0x0F, 0x81, 0x98, 0x00, 0x0E, 0x03, 0xE0, 0x3E, 0x03, 0xE0, 0x3E, 0x03, 0xE0, 0x3F, 0xFF, 0xFF,
    0xFE, 0x03, 0xE0, 0x3E, 0x03, 0xE0, 0x3E, 0x03, 0xE0, 0x3E, 0x03, 0x30, 0x3E, 0x0D, 0x80, 0x00,
    0xE0, 0x38, 0x0E, 0x03, 0x80, 0xE0, 0x3F, 0xCF, 0xFB, 0xCF, 0xE1, 0xF8, 0x7E, 0x1F, 0x87, 0xE1,
    0xF8, 0x7E, 0x1F, 0x87, 0x30, 0x1D, 0xFF, 0xFF, 0xFF, 0xF9, 0x80, 0xE3, 0x01, 0xC6, 0x03, 0x8F,
    0xFF, 0x1F, 0xFE, 0x30, 0x1C, 0x60, 0x38, 0xC0, 0x71, 0x80, 0xE3, 0x01, 0xC6, 0x03, 0x8C, 0x07,
    0x00, 0x70, 0x1F, 0xE3, 0xFC, 0x38, 0x07, 0x00, 0xFF, 0x1F, 0xF3, 0xCF, 0x70, 0xEE, 0x1D, 0xC3,
    0xB8, 0x77, 0x0E, 0xE1, 0xDC, 0x3B, 0x87, 0x7E, 0xFE, 0xDE, 0x00, 0x38, 0x38, 0x38, 0x38, 0x38,
    0x38, 0x38, 0x38, 0x38, 0x38, 0x38, 0x38, 0x38, 0x38, 0x38, 0x7E, 0xFE, 0xDC, 0x00, 0x00, 0x38,
    0x38, 0x38, 0x38, 0x38, 0x38, 0x38, 0x38, 0x38, 0x38, 0x38, 0xFF, 0xFC, 0x01, 0xC3, 0x87, 0x0E,
    0x1C, 0x38, 0x70, 0xE1, 0xC3, 0x87, 0x0E, 0x1C, 0x38, 0x70, 0xFF, 0xFC, 0x00, 0x03, 0x87, 0x0E,
    0x1C, 0x38, 0x70, 0xE1, 0xC3, 0x87, 0x0E, 0x00, 0xCF, 0xF7, 0x80, 0x71, 0xC7, 0x1C, 0x71, 0xC7,
    0x1C, 0x71, 0xC7, 0x1C, 0x71, 0xC7, 0x00, 0x6E, 0xFD, 0xF0, 0x00, 0x07, 0x0E, 0x1C, 0x38, 0x70,
    0xE1, 0xC3, 0x87, 0x0E, 0x1C, 0x73, 0x9C, 0xE7, 0x39, 0xCE, 0x73, 0x9C, 0xE7, 0x39, 0xCE, 0xE7,
    0x3C, 0x77, 0x00, 0x07, 0x77, 0x77, 0x77, 0x77, 0x77, 0x7E, 0xEF, 0xEE, 0xE0, 0xEE, 0xEE, 0xEE,
    0xEE, 0xEE, 0xEE, 0xEE, 0xE0, 0xFF, 0xFF, 0xFF, 0xFF, 0x80, 0xE0, 0x1F, 0x80, 0x7E, 0x01, 0xF8,
    0x07, 0xE0, 0x1F, 0x80, 0x7E, 0x01, 0xF8, 0x07, 0xE0, 0x1F, 0x80, 0x7E, 0x01, 0xF8, 0x07, 0xE7,
    0x7B, 0x9F, 0xEE, 0x7F, 0x00, 0xE3, 0x71, 0xC0, 0x00, 0x00, 0x07, 0x1B, 0x8D, 0xC6, 0xE3, 0x71,
    0xB8, 0xDC, 0x6E, 0x37, 0x1B, 0x8D, 0xC6, 0x03, 0x03, 0x87, 0xC3, 0xC0, 0x01, 0x80, 0x78, 0x1F,
    0x83, 0x30, 0x00, 0x07, 0x00, 0xE0, 0x1C, 0x03, 0x80, 0x70, 0x0E, 0x01, 0xC0, 0x38, 0x07, 0x00,
    0xE0, 0x1C, 0x03, 0x9C, 0xF3, 0xFC, 0x3F, 0x00, 0x0C, 0x1E, 0x3E, 0x33, 0x00, 0x1C, 0x1C, 0x1C,
    0x1C, 0x1C, 0x1C, 0x1C, 0x1C, 0x1C, 0x1C, 0x1C, 0x1C, 0x3C, 0xF8, 0xF8, 0xE0, 0xF7, 0x07, 0x38,
    0x71, 0xC7, 0x0E, 0x70, 0x77, 0x03, 0xF0, 0x1F, 0x80, 0xFE, 0x07, 0x78, 0x39, 0xE1, 0xC7, 0x8E,
    0x1E, 0x70, 0x7B, 0x81, 0xC0, 0x00, 0x06, 0x00, 0xF0, 0x07, 0x80, 0xE0, 0x38, 0x0E, 0x03, 0x80,
    0xE0, 0x38, 0xEE, 0x73, 0xBC, 0xEE, 0x3F, 0x0F, 0x83, 0xF0, 0xEE, 0x39, 0xCE, 0x3B, 0x87, 0x00,
    0x07, 0x03, 0xC0, 0xE0, 0xE3, 0xF9, 0xEE, 0x73, 0xB8, 0xFC, 0x3E, 0x0F, 0xE3, 0xBC, 0xE7, 0xB8,
    0xEE, 0x1C, 0x18, 0x0E, 0x07, 0x01, 0x80, 0x00, 0x38, 0x0E, 0x03, 0x80, 0xE0, 0x38, 0x0E, 0x03,
    0x80, 0xE0, 0x38, 0x0E, 0x03, 0x80, 0xE0, 0x38, 0x0F, 0xFF, 0xFF, 0x37, 0xBC, 0x0E, 0x73, 0x9C,
    0xE7, 0x39, 0xCE, 0x73, 0x9C, 0xE7, 0x9E, 0xE0, 0xE0, 0x38, 0x0E, 0x03, 0x80, 0xE0, 0x38, 0x0E,
    0x03, 0x80, 0xE0, 0x38, 0x0E, 0x03, 0x80, 0xE0, 0x3F, 0xFF, 0xFC, 0x00, 0x0E, 0x07, 0x01, 0xC0,
    0x71, 0xC7, 0x1C, 0x71, 0xC7, 0x1C, 0x71, 0xC7, 0x1C, 0x71, 0xE3, 0xCE, 0x00, 0xCF, 0x3C, 0xEE,
    0x3B, 0x8E, 0xE3, 0xB8, 0xEC, 0x38, 0x0E, 0x03, 0x80, 0xE0, 0x38, 0x0E, 0x03, 0x80, 0xE0, 0x3F,
    0xFF, 0xFC, 0xEF, 0xBE, 0xFB, 0xEF, 0x8E, 0x38, 0xE3, 0x8E, 0x38, 0xE3, 0xC7, 0x9C, 0xE0, 0x38,
    0x0E, 0x03, 0x80, 0xE0, 0x38, 0x0E, 0x3B, 0x8E, 0xE3, 0xB8, 0x0E, 0x03, 0x80, 0xE0, 0x3F, 0xFF,
    0xFC, 0xE1, 0xC3, 0x87, 0x0E, 0x1C, 0x38, 0x77, 0xEF, 0xDF, 0x87, 0x0E, 0x1E, 0x1E, 0x38, 0x1C,
    0x01, 0xC0, 0x1C, 0x01, 0xC0, 0x1D, 0x01, 0xF0, 0x1F, 0x03, 0xC0, 0x7C, 0x07, 0xC0, 0x1C, 0x01,
    0xC0, 0x1C, 0x01, 0xFF, 0x1F, 0xF0, 0x30, 0x60, 0xC1, 0x83, 0x06, 0x8F, 0x3C, 0xF1, 0xE0, 0xC1,
    0x83, 0x07, 0x0F, 0x1E, 0x01, 0x80, 0x1C, 0x01, 0xC0, 0x0C, 0x00, 0x00, 0x70, 0x1F, 0xC0, 0xFF,
    0x07, 0xFC, 0x3F, 0xE1, 0xFB, 0x8F, 0xCE, 0x7E, 0x3B, 0xF1, 0xDF, 0x87, 0xFC, 0x1F, 0xE0, 0xFF,
    0x03, 0xF8, 0x1F, 0xC0, 0x70, 0x07, 0x01, 0xC0, 0xE0, 0x30, 0x00, 0x3F, 0xCF, 0xFB, 0x8F, 0xE1,
    0xF8, 0x7E, 0x1F, 0x87, 0xE1, 0xF8, 0x7E, 0x1F, 0x87, 0xE0, 0x3F, 0x81, 0xFE, 0x0F, 0xF8, 0x7F,
    0xC3, 0xF7, 0x1F, 0x9C, 0xFC, 0x77, 0xE3, 0xBF, 0x0F, 0xF8, 0x3F, 0xC1, 0xFE, 0x07, 0xF0, 0x3F,
    0x80, 0xE0, 0x00, 0x07, 0x00, 0x78, 0x03, 0x80, 0xFF, 0x3F, 0xEE, 0x3F, 0x87, 0xE1, 0xF8, 0x7E,
    0x1F, 0x87, 0xE1, 0xF8, 0x7E, 0x1C, 0x00, 0x0C, 0x0F, 0x01, 0xC0, 0x0C, 0xC0, 0x7C, 0x01, 0xE0,
    0x06, 0x00, 0x00, 0x70, 0x1F, 0xC0, 0xFF, 0x07, 0xFC, 0x3F, 0xE1, 0xFB, 0x8F, 0xCE, 0x7E, 0x3B,
    0xF1, 0xDF, 0x87, 0xFC, 0x1F, 0xE0, 0xFF, 0x03, 0xF8, 0x1F, 0xC0, 0x70, 0x33, 0x0F, 0xC1, 0xE0,
    0x30, 0x00, 0x3F, 0xCF, 0xFB, 0x8F, 0xE1, 0xF8, 0x7E, 0x1F, 0x87, 0xE1, 0xF8, 0x7E, 0x1F, 0x87,
    0x60, 0x1C, 0x03, 0x80, 0x60, 0x00, 0x00, 0xFF, 0x1F, 0xF3, 0x8F, 0x70, 0xEE, 0x1D, 0xC3, 0xB8,
    0x77, 0x0E, 0xE1, 0xDC, 0x3B, 0x87, 0xE0, 0x3F, 0x81, 0xFE, 0x0F, 0xF8, 0x7F, 0xC3, 0xF7, 0x1F,
    0x9C, 0xFC, 0x77, 0xE3, 0xBF, 0x0F, 0xF8, 0x3F, 0xC1, 0xFE, 0x07, 0xF0, 0x1F, 0x80, 0xE0, 0x07,
    0x00, 0x38, 0x07, 0x80, 0x3C, 0xFF, 0x3F, 0xEE, 0x3F, 0x87, 0xE1, 0xF8, 0x7E, 0x1F, 0x87, 0xE1,
    0xF8, 0x7E, 0x1C, 0x07, 0x01, 0xC1, 0xE0, 0x78, 0x0F, 0xE0, 0x1F, 0xC0, 0x00, 0x00, 0x7F, 0x03,
    0xFF, 0x0F, 0x9F, 0x1C, 0x0F, 0x70, 0x0E, 0xE0, 0x1D, 0xC0, 0x3B, 0x80, 0x37, 0x00, 0xEE, 0x01,
    0xDC, 0x03, 0x9C, 0x0F, 0x3E, 0x7C, 0x3F, 0xF0, 0x1F, 0xC0, 0x3F, 0x87, 0xF0, 0x00, 0x00, 0x03,
    0xF0, 0xFF, 0x3E, 0xF7, 0x0E, 0xE0, 0xFC, 0x1F, 0x83, 0xF0, 0xEF, 0x3C, 0xFF, 0x0F, 0xC0, 0x0C,
    0xC0, 0x1F, 0x80, 0x1E, 0x00, 0x00, 0x00, 0xFE, 0x07, 0xFE, 0x1F, 0x3E, 0x38, 0x1E, 0xE0, 0x1D,
    0xC0, 0x3B, 0x80, 0x77, 0x00, 0x6E, 0x01, 0xDC, 0x03, 0xB8, 0x07, 0x38, 0x1E, 0x7C, 0xF8, 0x7F,
    0xE0, 0x3F, 0x80, 0x3B, 0x07, 0xE0, 0x78, 0x00, 0x00, 0x00, 0x7E, 0x1F, 0xE7, 0xDE, 0xE1, 0xDC,
    0x1F, 0x83, 0xF0, 0x7E, 0x1D, 0xE7, 0x9F, 0xE1, 0xF8, 0x03, 0x30, 0x0E, 0xE0, 0x3B, 0x80, 0x26,
    0x00, 0x00, 0x01, 0xFC, 0x0F, 0xFC, 0x3E, 0x7C, 0x70, 0x3D, 0xC0, 0x3B, 0x80, 0x77, 0x00, 0xEE,
    0x00, 0xDC, 0x03, 0xB8, 0x07, 0x70, 0x0E, 0x70, 0x3C, 0xF9, 0xF0, 0xFF, 0xC0, 0x7F, 0x00, 0x0C,
    0xC3, 0xB8, 0xEE, 0x09, 0x80, 0x00, 0x7E, 0x1F, 0xE7, 0xDE, 0xE1, 0xDC, 0x1F, 0x83, 0xF0, 0x7E,
    0x1D, 0xE7, 0x9F, 0xE1, 0xF8, 0x0F, 0xFF, 0xE3, 0xFF, 0xFE, 0x7E, 0x30, 0x07, 0x03, 0x00, 0xF0,
    0x30, 0x0E, 0x03, 0x00, 0xE0, 0x3F, 0xCE, 0x03, 0xFC, 0xE0, 0x30, 0x0E, 0x03, 0x00, 0xF0, 0x30,
    0x07, 0x03, 0x00, 0x7E, 0x30, 0x03, 0xFF, 0xFE, 0x0F, 0xFF, 0xE0, 0x3F, 0x3F, 0x1F, 0xFF, 0xEF,
    0xBF, 0x3F, 0x87, 0x87, 0xE0, 0xFF, 0xF8, 0x3F, 0xFE, 0x0E, 0x03, 0x87, 0x80, 0xF3, 0xF9, 0x9F,
    0xFF, 0xE3, 0xF1, 0xF8, 0x03, 0x00, 0x70, 0x0E, 0x00, 0xC0, 0x00, 0x07, 0xF8, 0xFF, 0xCE, 0x3E,
    0xE0, 0xEE, 0x0E, 0xE0, 0xEE, 0x3E, 0xFF, 0xCF, 0xF8, 0xE3, 0x8E, 0x3C, 0xE1, 0xCE, 0x0E, 0xE0,
    0xEE, 0x07, 0x0C, 0x38, 0xE1, 0x80, 0x0F, 0xFF, 0xF1, 0xE1, 0xC3, 0x87, 0x0E, 0x1C, 0x38, 0x70,
    0x7F, 0x8F, 0xFC, 0xE3, 0xEE, 0x0E, 0xE0, 0xEE, 0x0E, 0xE3, 0xEF, 0xFC, 0xFF, 0x8E, 0x38, 0xE3,
    0xCE, 0x1C, 0xE0, 0xEE, 0x0E, 0xE0, 0x70, 0x00, 0x0E, 0x01, 0xE0, 0x1E, 0x00, 0x3F, 0x7F, 0x71,
    0x70, 0x70, 0x70, 0x70, 0x70, 0x70, 0x70, 0x70, 0x00, 0x70, 0xF0, 0xE0, 0x33, 0x03, 0xF0, 0x1E,
    0x00, 0xC0, 0x00, 0x07, 0xF8, 0xFF, 0xCE, 0x3E, 0xE0, 0xEE, 0x0E, 0xE0, 0xEE, 0x3E, 0xFF, 0xCF,
    0xF8, 0xE3, 0x8E, 0x3C, 0xE1, 0xCE, 0x0E, 0xE0, 0xEE, 0x07, 0x66, 0xFC, 0xF0, 0xC0, 0x0F, 0xFF,
    0xF1, 0xE1, 0xC3, 0x87, 0x0E, 0x1C, 0x38, 0x70, 0x03, 0x00, 0xE0, 0x38, 0x06, 0x00, 0x00, 0x3F,
    0x9F, 0xF3, 0xCE, 0x70, 0x0E, 0x01, 0xC0, 0x3F, 0x01, 0xF8, 0x0F, 0x80, 0x78, 0x07, 0x00, 0xEE,
    0x7F, 0xFF, 0x3F, 0xC0, 0x06, 0x07, 0x07, 0x03, 0x00, 0x01, 0xF9, 0xFC, 0xE6, 0x70, 0x3E, 0x0F,
    0xC1, 0xF0, 0x3A, 0x3D, 0xFE, 0xFE, 0x06, 0x01, 0xE0, 0x7E, 0x0C, 0xC0, 0x00, 0x3F, 0x9F, 0xF3,
    0xCE, 0x70, 0x0E, 0x01, 0xC0, 0x3F, 0x01, 0xF8, 0x0F, 0x80, 0x78, 0x07, 0x00, 0xEE, 0x7F, 0xFF,
    0x3F, 0xC0, 0x0C, 0x0F, 0x0F, 0xC6, 0x60, 0x01, 0xF9, 0xFC, 0xE6, 0x70, 0x3E, 0x0F, 0xC1, 0xF0,
    0x3A, 0x3D, 0xFE, 0xFE, 0x1F, 0xCF, 0xF9, 0xE7, 0x38, 0x07, 0x00, 0xE0, 0x1F, 0x80, 0xFC, 0x07,
    0xC0, 0x3C, 0x03, 0x80, 0x77, 0x3F, 0xFF, 0x9F, 0xE0, 0x70, 0x06, 0x03, 0xC0, 0x3F, 0x3F, 0x9C,
    0xCE, 0x07, 0xC1, 0xF8, 0x3E, 0x07, 0x47, 0xBF, 0x9F, 0xC3, 0x80, 0xC1, 0xE0, 0x19, 0x83, 0xF0,
    0x3C, 0x03, 0x00, 0x00, 0x3F, 0x9F, 0xF3, 0xCE, 0x70, 0x0E, 0x01, 0xC0, 0x3F, 0x01, 0xF8, 0x0F,
    0x80, 0x78, 0x07, 0x00, 0xEE, 0x7F, 0xFF, 0x3F, 0xC0, 0x33, 0x1F, 0x07, 0x81, 0x80, 0x01, 0xF9,
    0xFC, 0xE6, 0x70, 0x3E, 0x0F, 0xC1, 0xF0, 0x3A, 0x3D, 0xFE, 0xFE, 0xFF, 0xFF, 0xFF, 0x06, 0x00,
    0x60, 0x06, 0x00, 0x60, 0x06, 0x00, 0x60, 0x06, 0x00, 0x60, 0x06, 0x00, 0x60, 0x06, 0x00, 0x60,
    0x06, 0x00, 0xE0, 0x07, 0x01, 0xE0, 0xE0, 0xE0, 0xE0, 0xFE, 0xFE, 0xE0, 0xE0, 0xE0, 0xE0, 0xE0,
    0xE0, 0xF2, 0x7E, 0x7E, 0x18, 0x1C, 0x3C, 0x19, 0x81, 0xF8, 0x0F, 0x00, 0x60, 0x00, 0x0F, 0xFF,
    0xFF, 0xF0, 0x60, 0x06, 0x00, 0x60, 0x06, 0x00, 0x60, 0x06, 0x00, 0x60, 0x06, 0x00, 0x60, 0x06,
    0x00, 0x60, 0x06, 0x00, 0x60, 0x0C, 0x0C, 0xEC, 0xEC, 0xE0, 0xFE, 0xFE, 0xE0, 0xE0, 0xE0, 0xE0,
    0xE0, 0xE0, 0xF2, 0x7E, 0x7E, 0xFF, 0xFF, 0xFF, 0x06, 0x00, 0x60, 0x06, 0x00, 0x60, 0x06, 0x03,
    0xFC, 0x3F, 0xC0, 0x60, 0x06, 0x00, 0x60, 0x06, 0x00, 0x60, 0x06, 0x00, 0xE0, 0xE0, 0xE0, 0xFE,
    0xFE, 0xE0, 0xE0, 0xE0, 0xFE, 0xFE, 0xE0, 0xF2, 0x7E, 0x7E, 0x1E, 0xC1, 0xFC, 0x1F, 0x80, 0x00,
    0xE0, 0x7E, 0x07, 0xE0, 0x7E, 0x07, 0xE0, 0x7E, 0x07, 0xE0, 0x7E, 0x07, 0xE0, 0x7E, 0x07, 0xE0,
    0x77, 0x07, 0x79, 0xE3, 0xFE, 0x1F, 0xC0, 0x3D, 0x8F, 0xC6, 0xF0, 0x00, 0x00, 0x38, 0x7E, 0x1F,
    0x87, 0xE1, 0xF8, 0x7E, 0x1F, 0x87, 0xE1, 0xDC, 0x77, 0xFC, 0xFF, 0x1F, 0xC1, 0xFC, 0x00, 0x0E,
    0x07, 0xE0, 0x7E, 0x07, 0xE0, 0x7E, 0x07, 0xE0, 0x7E, 0x07, 0xE0, 0x7E, 0x07, 0xE0, 0x7E, 0x07,
    0x70, 0x77, 0x9E, 0x3F, 0xE1, 0xFC, 0x3F, 0x0F, 0xC0, 0x00, 0x00, 0xE1, 0xF8, 0x7E, 0x1F, 0x87,
    0xE1, 0xF8, 0x7E, 0x1F, 0x87, 0x71, 0xDF, 0xF3, 0xFC, 0x1D, 0x81, 0xF8, 0x0F, 0x00, 0x00, 0xE0,
    0x7E, 0x07, 0xE0, 0x7E, 0x07, 0xE0, 0x7E, 0x07, 0xE0, 0x7E, 0x07, 0xE0, 0x7E, 0x07, 0xE0, 0x77,
    0x07, 0x79, 0xE3, 0xFE, 0x1F, 0xC0, 0x33, 0x0F, 0xC1, 0xE0, 0x00, 0x00, 0x38, 0x7E, 0x1F, 0x87,
    0xE1, 0xF8, 0x7E, 0x1F, 0x87, 0xE1, 0xDC, 0x77, 0xFC, 0xFF, 0x0F, 0x00, 0xD8, 0x0D, 0x80, 0xF0,
    0xE0, 0x7E, 0x07, 0xE0, 0x7E, 0x07, 0xE0, 0x7E, 0x07, 0xE0, 0x7E, 0x07, 0xE0, 0x7E, 0x07, 0xE0,
    0x77, 0x07, 0x79, 0xE3, 0xFE, 0x1F, 0xC0, 0x1E, 0x07, 0x81, 0xE0, 0x78, 0x00, 0x38, 0x7E, 0x1F,
    0x87, 0xE1, 0xF8, 0x7E, 0x1F, 0x87, 0xE1, 0xDC, 0x77, 0xFC, 0xFF, 0x06, 0x60, 0xEE, 0x0D, 0xC0,
    0x98, 0x00, 0x0E, 0x07, 0xE0, 0x7E, 0x07, 0xE0, 0x7E, 0x07, 0xE0, 0x7E, 0x07, 0xE0, 0x7E, 0x07,
    0xE0, 0x7E, 0x07, 0x70, 0x77, 0x9E, 0x3F, 0xE1, 0xFC, 0x0D, 0x87, 0x63, 0xB8, 0xCC, 0x00, 0x38,
    0x7E, 0x1F, 0x87, 0xE1, 0xF8, 0x7E, 0x1F, 0x87, 0xE1, 0xDC, 0x77, 0xFC, 0xFF, 0xE0, 0x7E, 0x07,
    0xE0, 0x7E, 0x07, 0xE0, 0x7E, 0x07, 0xE0, 0x7E, 0x07, 0xE0, 0x7E, 0x07, 0xE0, 0x77, 0x07, 0x79,
    0xE3, 0xFE, 0x1F, 0x80, 0x70, 0x07, 0x00, 0x78, 0xE1, 0xF8, 0x7E, 0x1F, 0x87, 0xE1, 0xF8, 0x7E,
    0x1F, 0x87, 0x71, 0xDF, 0xF3, 0xFC, 0x0E, 0x07, 0x00, 0xF0, 0x00, 0x60, 0x00, 0x1E, 0x00, 0x07,
    0xE0, 0x00, 0xCC, 0x00, 0x00, 0x01, 0xC0, 0x01, 0xF8, 0x00, 0x3B, 0x87, 0x07, 0x70, 0xF0, 0xEE,
    0x1E, 0x19, 0xC7, 0xC7, 0x38, 0xFC, 0xE3, 0x9B, 0x9C, 0x77, 0x33, 0x8E, 0xE7, 0x61, 0xD8, 0xFC,
    0x1F, 0x0F, 0x83, 0xE1, 0xF0, 0x78, 0x3C, 0x07, 0x03, 0x80, 0x01, 0x80, 0x03, 0xC0, 0x07, 0xE0,
    0x06, 0x60, 0x00, 0x00, 0xE1, 0xC7, 0xE1, 0xC7, 0x63, 0xC7, 0x73, 0xC6, 0x73, 0xEE, 0x33, 0xEE,
    0x3F, 0x6C, 0x3E, 0x7C, 0x1E, 0x7C, 0x1E, 0x38, 0x1C, 0x38, 0x06, 0x00, 0x78, 0x07, 0xE0, 0x33,
    0x00, 0x00, 0x70, 0x1D, 0xC1, 0xCE, 0x1C, 0x38, 0xE1, 0xCE, 0x07, 0x70, 0x3F, 0x00, 0xF8, 0x03,
    0x80, 0x1C, 0x00, 0xE0, 0x07, 0x00, 0x38, 0x01, 0xC0, 0x0E, 0x00, 0x04, 0x01, 0xC0, 0x7C, 0x08,
    0x80, 0x01, 0xC1, 0xB8, 0x73, 0x8E, 0x71, 0x8E, 0x30, 0xEE, 0x1D, 0xC1, 0xB0, 0x3E, 0x03, 0x80,
    0x70, 0x0E, 0x03, 0x83, 0xF0, 0x7C, 0x00, 0x1D, 0xC0, 0xEE, 0x00, 0x01, 0xC0, 0x77, 0x07, 0x38,
    0x70, 0xE3, 0x87, 0x38, 0x1D, 0xC0, 0xFC, 0x03, 0xE0, 0x0E, 0x00, 0x70, 0x03, 0x80, 0x1C, 0x00,
    0xE0, 0x07, 0x00, 0x38, 0x00, 0x03, 0x80, 0x38, 0x07, 0x00, 0x60, 0x00, 0x07, 0xFE, 0x7F, 0xE0,
    0x0E, 0x01, 0xC0, 0x38, 0x07, 0x80, 0x70, 0x0E, 0x01, 0xC0, 0x1C, 0x03, 0x80, 0x70, 0x07, 0x00,
    0xFF, 0xFF, 0xFF, 0x06, 0x03, 0x81, 0xC0, 0x60, 0x00, 0x1F, 0xE7, 0xF8, 0x0E, 0x07, 0x03, 0x81,
    0xC0, 0xE0, 0x78, 0x1C, 0x0F, 0xFB, 0xFE, 0x06, 0x00, 0x70, 0x06, 0x00, 0x00, 0x7F, 0xE7, 0xFE,
    0x00, 0xE0, 0x1C, 0x03, 0x80, 0x78, 0x07, 0x00, 0xE0, 0x1C, 0x01, 0xC0, 0x38, 0x07, 0x00, 0x70,
    0x0F, 0xFF, 0xFF, 0xF0, 0x1C, 0x07, 0x01, 0xC0, 0x00, 0x00, 0x1F, 0xE7, 0xF8, 0x0E, 0x07, 0x03,
    0x81, 0xC0, 0xE0, 0x78, 0x1C, 0x0F, 0xFB, 0xFE, 0x19, 0x81, 0xF8, 0x0F, 0x00, 0x60, 0x00, 0x07,
    0xFE, 0x7F, 0xE0, 0x0E, 0x01, 0xC0, 0x38, 0x07, 0x80, 0x70, 0x0E, 0x01, 0xC0, 0x1C, 0x03, 0x80,
    0x70, 0x07, 0x00, 0xFF, 0xFF, 0xFF, 0x33, 0x0F, 0xC1, 0xE0, 0x30, 0x00, 0x1F, 0xE7, 0xF8, 0x0E,
    0x07, 0x03, 0x81, 0xC0, 0xE0, 0x78, 0x1C, 0x0F, 0xFB, 0xFE, 0x3F, 0x7E, 0x70, 0xE0, 0xE0, 0xE0,
    0xE0, 0xE0, 0xE0, 0xE0, 0xE0, 0xE0, 0xE0, 0xE0, 0xE0, 0xE0, 0x7F, 0x83, 0xFF, 0x1C, 0x7C, 0x00,
    0xE0, 0x07, 0x80, 0x1C, 0x00, 0xFF, 0xFF, 0xFF, 0xFF, 0x01, 0xF8, 0x0F, 0xC0, 0xE7, 0x9F, 0x1F,
    0xF0, 0x7E, 0x00, 0x00, 0x0E, 0x00, 0x18, 0x3F, 0xF1, 0xFF, 0xE7, 0xCF, 0x8E, 0x07, 0xB8, 0x07,
    0x70, 0x0E, 0xE0, 0x1D, 0xC0, 0x1B, 0x80, 0x77, 0x00, 0xEE, 0x01, 0xCE, 0x07, 0x9F, 0x3E, 0x1F,
    0xF8, 0x0F, 0xE0, 0x00, 0x70, 0x06, 0x3F, 0x67, 0xFE, 0xFB, 0xCE, 0x1C, 0xE0, 0xEE, 0x0E, 0xE0,
    0xEE, 0x1C, 0xF3, 0xC7, 0xF8, 0x3F, 0x00, 0x00, 0x0E, 0x00, 0x1F, 0x81, 0xF7, 0x03, 0x8E, 0x07,
    0x1C, 0x0E, 0x38, 0x1C, 0x70, 0x38, 0xE0, 0x71, 0xC0, 0xE3, 0x81, 0xC7, 0x03, 0x8E, 0x07, 0x0E,
    0x0E, 0x1E, 0x78, 0x1F, 0xF0, 0x1F, 0x80, 0x00, 0x30, 0x07, 0xE1, 0xFE, 0x1E, 0xE1, 0xCE, 0x1C,
    0xE1, 0xCE, 0x1C, 0xE1, 0xCE, 0x1C, 0x71, 0xC7, 0xFC, 0x3F, 0xC0, 0x00, 0x00, 0x66, 0x00, 0x00,
    0x1F, 0x80, 0x00, 0x03, 0xC0, 0x00, 0x00, 0x60, 0x7F, 0x81, 0xFF, 0xBF, 0xF8, 0x7F, 0xEE, 0x3F,
    0x00, 0x3B, 0x81, 0xC0, 0x1C, 0xE0, 0x78, 0x0F, 0x38, 0x0E, 0x03, 0x8E, 0x03, 0x81, 0xC3, 0x80,
    0xE0, 0xE0, 0xE0, 0x38, 0x70, 0x38, 0x0E, 0x1C, 0x0E, 0x03, 0x8E, 0x03, 0x81, 0xC7, 0x00, 0xE3,
    0xF1, 0xC0, 0x3F, 0xF8, 0xFF, 0xF7, 0xF8, 0x3F, 0xFC, 0x00, 0x00, 0xCC, 0x7F, 0x80, 0xFC, 0xFF,
    0xE0, 0x78, 0xE3, 0xF0, 0x30, 0xE0, 0x70, 0x00, 0xE0, 0x79, 0xFE, 0xE0, 0x39, 0xFE, 0xE0, 0x38,
    0x0E, 0xE0, 0x38, 0x1C, 0xE0, 0x38, 0x38, 0xE0, 0x38, 0x70, 0xE0, 0x38, 0xE0, 0xE0, 0x71, 0xE0,
    0xE3, 0xF1, 0xC0, 0xFF, 0xE3, 0xFF, 0x7F, 0x83, 0xFF, 0x01, 0xC6, 0x60, 0x0E, 0x3F, 0x00, 0x70,
    0xF0, 0x03, 0x83, 0x00, 0x1C, 0x00, 0x1F, 0xE7, 0xFD, 0xFF, 0x3F, 0xFE, 0x78, 0x0E, 0xE1, 0xC0,
    0xE7, 0x0E, 0x0F, 0x38, 0x70, 0xF1, 0xC3, 0x87, 0x0E, 0x1C, 0x70, 0x7C, 0xE7, 0x01, 0xFF, 0x3F,
    0xE7, 0xF9, 0xFF, 0xE0, 0x00, 0xFC, 0x00, 0x1F, 0x80, 0x03, 0xF0, 0x00, 0x7E, 0x00, 0x0F, 0xC0,
    0x01, 0xF8, 0x00, 0x3F, 0x00, 0x07, 0xE0, 0x00, 0xFC, 0x00, 0x1F, 0x80, 0x03, 0xF0, 0x00, 0x7E,
    0x03, 0x9F, 0xFF, 0xFF, 0xBF, 0xF7, 0xE0, 0x00, 0x1F, 0x80, 0x7E, 0x00, 0x38, 0x00, 0xE0, 0x03,
    0x80, 0x7E, 0x01, 0xF8, 0x07, 0xE0, 0x1F, 0x80, 0x7E, 0x01, 0xF8, 0x07, 0xE0, 0x1F, 0x80, 0x7F,
    0xFD, 0xFF, 0xF7, 0x00, 0x1C, 0x00, 0xF0, 0x0F, 0x80, 0x3E, 0xE3, 0xF1, 0xF8, 0x1C, 0x0E, 0x07,
    0x1F, 0x8F, 0xC7, 0xE3, 0xF1, 0xF8, 0xFC, 0x7E, 0x3F, 0x9D, 0xEE, 0xE7, 0x03, 0x83, 0xC7, 0xC3,
    0xC0, 0xE0, 0x38, 0x07, 0xF0, 0x38, 0x07, 0xF8, 0x38, 0x07, 0xFC, 0x38, 0x07, 0xFC, 0x38, 0x07,
    0xEE, 0x38, 0x07, 0xE7, 0x38, 0x07, 0xE3, 0xB8, 0x07, 0xE3, 0xB8, 0x07, 0xE1, 0xF8, 0x07, 0xE0,
    0xF8, 0x06, 0xE0, 0xF8, 0x0E, 0xE0, 0x79, 0x9E, 0xE0, 0x7B, 0xFE, 0xE0, 0x39, 0xFC, 0x00, 0x00,
    0xDC, 0x07, 0x1B, 0xC0, 0xE0, 0x7C, 0x1C, 0x0F, 0xC3, 0x81, 0xF8, 0x71, 0xBB, 0x8E, 0x37, 0x39,
    0xC6, 0xE3, 0xB8, 0xDC, 0x77, 0x1B, 0x87, 0xE3, 0x70, 0x7C, 0x6E, 0x0F, 0x8D, 0xC0, 0xF1, 0xB8,
    0x1E, 0x37, 0x01, 0xC6, 0x00, 0x00, 0xC0, 0x00, 0x38, 0x00, 0x1F, 0x00, 0x03, 0xC0, 0x00, 0x0E,
    0x00, 0x0E, 0x00, 0x00, 0x00, 0x00, 0x00, 0x00, 0xFF, 0x0E, 0xFF, 0x8E, 0xE3, 0xCE, 0xE1, 0xCE,
    0xE1, 0xCE, 0xE1, 0xCE, 0xE1, 0xCE, 0xE1, 0xCE, 0xE1, 0xCE, 0xE1, 0xCE, 0xE1, 0xCE, 0x00, 0x0E,
    0x00, 0x0E, 0x00, 0x3E, 0x00, 0x7C, 0x0C, 0xC0, 0x3F, 0x00, 0x78, 0x00, 0xC0, 0x00, 0x00, 0x1C,
    0x00, 0x78, 0x01, 0xE0, 0x0F, 0xC0, 0x37, 0x01, 0xCC, 0x07, 0x38, 0x18, 0x60, 0xE1, 0xC3, 0xFF,
    0x1F, 0xFC, 0x70, 0x39, 0x80, 0xEE, 0x01, 0xF8, 0x07, 0x11, 0x07, 0xC0, 0xE0, 0x10, 0x00, 0x0F,
    0xC3, 0xF8, 0xCF, 0x01, 0xCF, 0xF7, 0xFD, 0xE7, 0x61, 0xDC, 0x77, 0xFC, 0xFF, 0xCF, 0xF7, 0x8C,
    0x01, 0xC7, 0x1C, 0x71, 0xC7, 0x1C, 0x71, 0xC7, 0x1C, 0x71, 0xC7, 0x1C, 0x66, 0xFC, 0xF0, 0xC0,
    0x07, 0x0E, 0x1C, 0x38, 0x70, 0xE1, 0xC3, 0x87, 0x0E, 0x1C, 0x0C, 0xC0, 0x1F, 0x80, 0x1E, 0x00,
    0x18, 0x00, 0x00, 0x01, 0xFC, 0x0F, 0xFC, 0x3E, 0x7C, 0x70, 0x3D, 0xC0, 0x3B, 0x80, 0x77, 0x00,
    0xEE, 0x00, 0xDC, 0x03, 0xB8, 0x07, 0x70, 0x0E, 0x70, 0x3C, 0xF9, 0xF0, 0xFF, 0xC0, 0x7F, 0x00,
    0x33, 0x07, 0xE0, 0x78, 0x06, 0x00, 0x00, 0x7E, 0x1F, 0xE7, 0xDE, 0xE1, 0xDC, 0x1F, 0x83, 0xF0,
    0x7E, 0x1D, 0xE7, 0x9F, 0xE1, 0xF8, 0x19, 0x81, 0xF8, 0x0F, 0x00, 0x60, 0x00, 0x0E, 0x07, 0xE0,
    0x7E, 0x07, 0xE0, 0x7E, 0x07, 0xE0, 0x7E, 0x07, 0xE0, 0x7E, 0x07, 0xE0, 0x7E, 0x07, 0x70, 0x77,
    0x9E, 0x3F, 0xE1, 0xFC, 0x33, 0x0F, 0xC1, 0xE0, 0x30, 0x00, 0x38, 0x7E, 0x1F, 0x87, 0xE1, 0xF8,
    0x7E, 0x1F, 0x87, 0xE1, 0xDC, 0x77, 0xFC, 0xFF, 0x1F, 0x81, 0xF8, 0x00, 0x01, 0x9C, 0x19, 0xC0,
    0x00, 0xE0, 0x7E, 0x07, 0xE0, 0x7E, 0x07, 0xE0, 0x7E, 0x07, 0xE0, 0x7E, 0x07, 0xE0, 0x7E, 0x07,
    0xE0, 0x77, 0x07, 0x79, 0xE3, 0xFE, 0x1F, 0xC0, 0x3F, 0x0F, 0xC0, 0x01, 0xCC, 0x73, 0x00, 0x0E,
    0x1F, 0x87, 0xE1, 0xF8, 0x7E, 0x1F, 0x87, 0xE1, 0xF8, 0x77, 0x1D, 0xFF, 0x3F, 0xC0, 0x03, 0x00,
    0x30, 0x07, 0x03, 0xEC, 0x38, 0xC0, 0x00, 0xE0, 0x7E, 0x07, 0xE0, 0x7E, 0x07, 0xE0, 0x7E, 0x07,
    0xE0, 0x7E, 0x07, 0xE0, 0x7E, 0x07, 0xE0, 0x77, 0x07, 0x79, 0xE3, 0xFE, 0x1F, 0xC0, 0x06, 0x01,
    0x80, 0xE0, 0x30, 0x73, 0x9C, 0xE0, 0x03, 0x87, 0xE1, 0xF8, 0x7E, 0x1F, 0x87, 0xE1, 0xF8, 0x7E,
    0x1D, 0xC7, 0x7F, 0xCF, 0xF0, 0x0F, 0x80, 0xF8, 0x3E, 0xC3, 0x8C, 0x00, 0x0E, 0x07, 0xE0, 0x7E,
    0x07, 0xE0, 0x7E, 0x07, 0xE0, 0x7E, 0x07, 0xE0, 0x7E, 0x07, 0xE0, 0x7E, 0x07, 0x70, 0x77, 0x9E,
    0x3F, 0xE1, 0xFC, 0x3F, 0x0F, 0x80, 0xC1, 0xCE, 0x73, 0x80, 0x0E, 0x1F, 0x87, 0xE1, 0xF8, 0x7E,
    0x1F, 0x87, 0xE1, 0xF8, 0x77, 0x1D, 0xFF, 0x3F, 0xC0, 0x0C, 0x00, 0xE0, 0x06, 0x03, 0xAC, 0x38,
    0xC0, 0x00, 0xE0, 0x7E, 0x07, 0xE0, 0x7E, 0x07, 0xE0, 0x7E, 0x07, 0xE0, 0x7E, 0x07, 0xE0, 0x7E,
    0x07, 0xE0, 0x77, 0x07, 0x79, 0xE3, 0xFE, 0x1F, 0xC0, 0x18, 0x0E, 0x01, 0xC0, 0x30, 0x73, 0x9C,
    0xE0, 0x03, 0x87, 0xE1, 0xF8, 0x7E, 0x1F, 0x87, 0xE1, 0xF8, 0x7E, 0x1D, 0xC7, 0x7F, 0xCF, 0xF0,
    0x7E, 0x1F, 0xE4, 0x78, 0x07, 0xFF, 0xFF, 0xFE, 0x1F, 0x87, 0xF7, 0x9F, 0xE3, 0xF0, 0x0F, 0xC0,
    0x3F, 0x00, 0x00, 0x07, 0x30, 0x1C, 0xC0, 0x00, 0x00, 0x70, 0x01, 0xE0, 0x07, 0x80, 0x3F, 0x00,
    0xDC, 0x07, 0x30, 0x1C, 0xE0, 0x61, 0x83, 0x87, 0x0F, 0xFC, 0x7F, 0xF1, 0xC0, 0xE6, 0x03, 0xB8,
    0x07, 0xE0, 0x1C, 0x3F, 0x8F, 0xE0, 0x00, 0xEE, 0x3B, 0x80, 0x03, 0xF0, 0xFE, 0x33, 0xC0, 0x73,
    0xFD, 0xFF, 0x79, 0xD8, 0x77, 0x1D, 0xFF, 0x3F, 0xC0, 0x0F, 0xC0, 0x3F, 0x00, 0x00, 0x00, 0xC0,
    0x03, 0x00, 0x00, 0x00, 0x70, 0x01, 0xE0, 0x07, 0x80, 0x3F, 0x00, 0xDC, 0x07, 0x30, 0x1C, 0xE0,
    0x61, 0x83, 0x87, 0x0F, 0xFC, 0x7F, 0xF1, 0xC0, 0xE6, 0x03, 0xB8, 0x07, 0xE0, 0x1C, 0x3F, 0x8F,
    0xE0, 0x00, 0x38, 0x0E, 0x00, 0x03, 0xF0, 0xFE, 0x33, 0xC0, 0x73, 0xFD, 0xFF, 0x79, 0xD8, 0x77,
    0x1D, 0xFF, 0x3F, 0xC0, 0x00, 0x7F, 0x00, 0x0F, 0xE0, 0x00, 0x00, 0x00, 0x7F, 0xF0, 0x0F, 0xFE,
    0x03, 0xE0, 0x00, 0xEC, 0x00, 0x1D, 0x80, 0x07, 0x30, 0x00, 0xC7, 0xF8, 0x38, 0xFF, 0x0E, 0x18,
    0x01, 0xFF, 0x00, 0x7F, 0xE0, 0x0C, 0x0C, 0x03, 0x81, 0x80, 0x60, 0x3F, 0xFC, 0x07, 0xFC, 0x03,
    0xF0, 0x01, 0xF8, 0x00, 0x00, 0x00, 0x00, 0x03, 0xF3, 0xE1, 0xFF, 0xF8, 0xCF, 0xDE, 0x03, 0x87,
    0x3F, 0xFF, 0xBF, 0xFF, 0xDE, 0x70, 0x0C, 0x38, 0x07, 0x1F, 0x13, 0xFF, 0xF8, 0xFF, 0xFC, 0x0F,
    0xE0, 0xFF, 0xC7, 0xCF, 0x1C, 0x00, 0xE0, 0x03, 0x80, 0x0E, 0x00, 0x38, 0x1C, 0xE1, 0xFF, 0x87,
    0xFE, 0x07, 0x1C, 0x1C, 0x7C, 0x70, 0xFF, 0xC0, 0xFF, 0x00, 0x3F, 0xC7, 0xFC, 0xF9, 0xCE, 0x1C,
    0xE7, 0xEE, 0x7E, 0xE1, 0xCE, 0x1C, 0xF3, 0xC7, 0xFC, 0x3F, 0xC0, 0x1C, 0x67, 0x8F, 0xF8, 0xFF,
    0x00, 0x0C, 0xC0, 0xFC, 0x07, 0x80, 0x30, 0x00, 0x00, 0xFE, 0x3F, 0xF7, 0xC7, 0x70, 0x0E, 0x00,
    0xE0, 0x0E, 0x00, 0xE0, 0x0E, 0x07, 0xE0, 0x7E, 0x07, 0x70, 0x77, 0xC7, 0x3F, 0xF0, 0xFF, 0x33,
    0x0F, 0xC1, 0xE0, 0x30, 0x00, 0x0F, 0xF7, 0xFF, 0xE7, 0xE1, 0xF8, 0x7E, 0x1F, 0x87, 0xE1, 0xFC,
    0xF7, 0xFC, 0xFF, 0x01, 0xD8, 0xEF, 0xFB, 0xFC, 0x19, 0x80, 0xFC, 0x03, 0xC0, 0x0C, 0x00, 0x00,
    0x70, 0x7B, 0x83, 0x9C, 0x38, 0xE3, 0x87, 0x38, 0x3B, 0x81, 0xF8, 0x0F, 0xC0, 0x7F, 0x03, 0xBC,
    0x1C, 0xF0, 0xE3, 0xC7, 0x0F, 0x38, 0x3D, 0xC0, 0xE0, 0xD8, 0x3E, 0x07, 0x00, 0x00, 0xE0, 0x38,
    0x0E, 0x03, 0x80, 0xE0, 0x38, 0xEE, 0x73, 0xBC, 0xEE, 0x3F, 0x0F, 0x83, 0xF0, 0xEE, 0x39, 0xCE,
    0x3B, 0x87, 0x0F, 0xE0, 0x7F, 0xE1, 0xF3, 0xE3, 0x81, 0xEE, 0x01, 0xDC, 0x03, 0xB8, 0x07, 0x70,
    0x06, 0xE0, 0x1D, 0xC0, 0x3B, 0x80, 0x73, 0x81, 0xE7, 0xCF, 0x87, 0xFE, 0x03, 0xF8, 0x01, 0xC0,
    0x03, 0x80, 0x07, 0x80, 0x3F, 0x0F, 0xF3, 0xEF, 0x70, 0xEE, 0x0F, 0xC1, 0xF8, 0x3F, 0x0E, 0xF3,
    0xCF, 0xF0, 0xFC, 0x07, 0x01, 0xC0, 0x1E, 0x00, 0x0F, 0xE0, 0x1F, 0xC0, 0x00, 0x00, 0x7F, 0x03,
    0xFF, 0x0F, 0x9F, 0x1C, 0x0F, 0x70, 0x0E, 0xE0, 0x1D, 0xC0, 0x3B, 0x80, 0x37, 0x00, 0xEE, 0x01,
    0xDC, 0x03, 0x9C, 0x0F, 0x3E, 0x7C, 0x3F, 0xF0, 0x1F, 0xC0, 0x0E, 0x00, 0x1C, 0x00, 0x3C, 0x00,
    0x3F, 0x87, 0xF0, 0x00, 0x00, 0x03, 0xF0, 0xFF, 0x3E, 0xF7, 0x0E, 0xE0, 0xFC, 0x1F, 0x83, 0xF0,
    0xEF, 0x3C, 0xFF, 0x0F, 0xC0, 0x70, 0x1C, 0x01, 0xE0, 0x19, 0x83, 0xF0, 0x3C, 0x03, 0x00, 0x00,
    0xFF, 0xDF, 0xF8, 0x0E, 0x03, 0xC0, 0x70, 0x1C, 0x07, 0x01, 0xF8, 0x07, 0x80, 0x38, 0x07, 0x00,
    0xEE, 0x7F, 0xFF, 0x3F, 0xC0, 0x33, 0x07, 0xE0, 0x78, 0x06, 0x00, 0x00, 0xFF, 0x9F, 0xF0, 0x1C,
    0x03, 0x80, 0xE0, 0x38, 0x07, 0x01, 0xF0, 0x0F, 0x80, 0x70, 0x06, 0x01, 0xCC, 0x79, 0xFE, 0x3F,
    0x80, 0x33, 0x3F, 0x1E, 0x0C, 0x00, 0x1C, 0x1C, 0x1C, 0x1C, 0x1C, 0x1C, 0x1C, 0x1C, 0x1C, 0x1C,
    0x1C, 0x1C, 0x3C, 0xF8, 0xF8, 0x7F, 0x81, 0xFF, 0xBF, 0xF8, 0x7F, 0xEE, 0x3F, 0x00, 0x3B, 0x81,
    0xC0, 0x1C, 0xE0, 0x78, 0x0F, 0x38, 0x0E, 0x03, 0x8E, 0x03, 0x81, 0xC3, 0x80, 0xE0, 0xE0, 0xE0,
    0x38, 0x70, 0x38, 0x0E, 0x1C, 0x0E, 0x03, 0x8E, 0x03, 0x81, 0xC7, 0x00, 0xE3, 0xF1, 0xC0, 0x3F,
    0xF8, 0xFF, 0xF7, 0xF8, 0x3F, 0xFC, 0x7F, 0x80, 0x00, 0xFF, 0xE0, 0x00, 0xE3, 0xF0, 0x00, 0xE0,
    0x70, 0x00, 0xE0, 0x79, 0xFE, 0xE0, 0x39, 0xFE, 0xE0, 0x38, 0x0E, 0xE0, 0x38, 0x1C, 0xE0, 0x38,
    0x38, 0xE0, 0x38, 0x70, 0xE0, 0x38, 0xE0, 0xE0, 0x71, 0xE0, 0xE3, 0xF1, 0xC0, 0xFF, 0xE3, 0xFF,
    0x7F, 0x83, 0xFF, 0x01, 0xC0, 0x00, 0x0E, 0x00, 0x00, 0x70, 0x00, 0x03, 0x80, 0x00, 0x1C, 0x00,
    0x1F, 0xE7, 0xFD, 0xFF, 0x3F, 0xFE, 0x78, 0x0E, 0xE1, 0xC0, 0xE7, 0x0E, 0x0F, 0x38, 0x70, 0xF1,
    0xC3, 0x87, 0x0E, 0x1C, 0x70, 0x7C, 0xE7, 0x01, 0xFF, 0x3F, 0xE7, 0xF9, 0xFF, 0x01, 0x80, 0x3C,
    0x03, 0x80, 0x30, 0x00, 0x00, 0xFE, 0x3F, 0xF7, 0xC7, 0x70, 0x0E, 0x00, 0xE0, 0x0E, 0x00, 0xE0,
    0x0E, 0x07, 0xE0, 0x7E, 0x07, 0x70, 0x77, 0xC7, 0x3F, 0xF0, 0xFF, 0x03, 0x01, 0xC0, 0xE0, 0x30,
    0x00, 0x0F, 0xF7, 0xFF, 0xE7, 0xE1, 0xF8, 0x7E, 0x1F, 0x87, 0xE1, 0xFC, 0xF7, 0xFC, 0xFF, 0x01,
    0xD8, 0xEF, 0xFB, 0xFC, 0xE0, 0x30, 0x0E, 0x03, 0x00, 0xE0, 0x30, 0x0E, 0x03, 0x00, 0xE0, 0x30,
    0x7E, 0x03, 0x07, 0xFF, 0xF0, 0x7F, 0xFF, 0x07, 0xE0, 0x30, 0x7E, 0x03, 0x07, 0xE0, 0x30, 0x7E,
    0x03, 0x87, 0xE0, 0x3C, 0xFE, 0x01, 0xFE, 0xE0, 0x0F, 0xC0, 0x7F, 0x8F, 0xFC, 0xF3, 0xEE, 0x0F,
    0xE0, 0x7E, 0x07, 0xE0, 0x7E, 0x07, 0xE0, 0xEE, 0x0E, 0xE1, 0xCE, 0x78, 0xFF, 0x0F, 0xE0, 0xF8,
    0x0E, 0x00, 0xE0, 0x0E, 0x00, 0xE0, 0x00, 0x0C, 0x00, 0x70, 0x01, 0xC0, 0x06, 0x00, 0x00, 0x70,
    0x1F, 0xC0, 0xFF, 0x07, 0xFC, 0x3F, 0xE1, 0xFB, 0x8F, 0xCE, 0x7E, 0x3B, 0xF1, 0xDF, 0x87, 0xFC,
    0x1F, 0xE0, 0xFF, 0x03, 0xF8, 0x1F, 0xC0, 0x70, 0x18, 0x07, 0x00, 0xE0, 0x18, 0x00, 0x3F, 0xCF,
    0xFB, 0x8F, 0xE1, 0xF8, 0x7E, 0x1F, 0x87, 0xE1, 0xF8, 0x7E, 0x1F, 0x87, 0x01, 0x80, 0x1E, 0x00,
    0x70, 0x01, 0xE0, 0x07, 0x80, 0x1E, 0x00, 0x78, 0x01, 0xE0, 0x07, 0x80, 0x3F, 0x00, 0xDC, 0x07,
    0x38, 0x1C, 0xE0, 0x61, 0x83, 0x87, 0x0F, 0xFC, 0x7F, 0xF1, 0xC0, 0xE6, 0x03, 0xB8, 0x07, 0xE0,
    0x1C, 0x06, 0x03, 0xC0, 0xC0, 0x38, 0x1B, 0x06, 0xC0, 0xE0, 0x00, 0x3F, 0x0F, 0xE3, 0x3C, 0x07,
    0x3F, 0xDF, 0xF7, 0x9D, 0x87, 0x71, 0xDF, 0xF3, 0xFC, 0x00, 0x0C, 0x00, 0x03, 0x80, 0x00, 0x70,
    0x00, 0x0C, 0x00, 0x00, 0x00, 0x01, 0xFF, 0xC0, 0x3F, 0xF8, 0x0F, 0x80, 0x03, 0xB0, 0x00, 0x76,
    0x00, 0x1C, 0xC0, 0x03, 0x1F, 0xE0, 0xE3, 0xFC, 0x38, 0x60, 0x07, 0xFC, 0x01, 0xFF, 0x80, 0x30,
    0x30, 0x0E, 0x06, 0x01, 0x80, 0xFF, 0xF0, 0x1F, 0xF0, 0x00, 0x60, 0x00, 0x70, 0x00, 0x70, 0x00,
    0x30, 0x00, 0x00, 0x01, 0xF9, 0xF0, 0xFF, 0xFC, 0x67, 0xEF, 0x01, 0xC3, 0x9F, 0xFF, 0xDF, 0xFF,
    0xEF, 0x38, 0x06, 0x1C, 0x03, 0x8F, 0x89, 0xFF, 0xFC, 0x7F, 0xFE, 0x00, 0xC0, 0x03, 0x80, 0x0E,
    0x00, 0x18, 0x00, 0x00, 0x01, 0xFF, 0x8F, 0xFF, 0x3E, 0x7C, 0x70, 0x7D, 0xC1, 0xFB, 0x87, 0x77,
    0x0E, 0xEE, 0x38, 0xDC, 0xE1, 0xBB, 0x87, 0x7E, 0x0E, 0x78, 0x3C, 0xF9, 0xF1, 0xFF, 0xC3, 0x7F,
    0x00, 0x03, 0x00, 0xE0, 0x38, 0x06, 0x00, 0x00, 0x7F, 0x9F, 0xF7, 0x9E, 0xE3, 0xDC, 0xFF, 0x3B,
    0xFE, 0x7F, 0x9C, 0xE7, 0xBF, 0xE7, 0xF8, 0x1B, 0x00, 0x6E, 0x01, 0xDC, 0x03, 0x30, 0x00, 0x00,
    0x1C, 0x00, 0x78, 0x01, 0xE0, 0x0F, 0xC0, 0x37, 0x01, 0xCC, 0x07, 0x38, 0x18, 0x60, 0xE1, 0xC3,
    0xFF, 0x1F, 0xFC, 0x70, 0x39, 0x80, 0xEE, 0x01, 0xF8, 0x07, 0x66, 0x1D, 0x83, 0xF0, 0x6C, 0x00,
    0x0F, 0xC3, 0xF8, 0xCF, 0x01, 0xCF, 0xF7, 0xFD, 0xE7, 0x61, 0xDC, 0x77, 0xFC, 0xFF, 0x07, 0x80,
    0x3F, 0x00, 0xCC, 0x00, 0x00, 0x07, 0x00, 0x1E, 0x00, 0x78, 0x03, 0xF0, 0x0D, 0xC0, 0x73, 0x01,
    0xCE, 0x06, 0x18, 0x38, 0x70, 0xFF, 0xC7, 0xFF, 0x1C, 0x0E, 0x60, 0x3B, 0x80, 0x7E, 0x01, 0xC0,
    0x1F, 0x07, 0xC3, 0xB8, 0x00, 0x00, 0x0F, 0xC3, 0xF8, 0xCF, 0x01, 0xCF, 0xF7, 0xFD, 0xE7, 0x61,
    0xDC, 0x77, 0xFC, 0xFF, 0x66, 0x0E, 0xE0, 0xEC, 0x0D, 0x80, 0x01, 0xFF, 0xBF, 0xF7, 0x00, 0xE0,
    0x1C, 0x03, 0x80, 0x7F, 0xCF, 0xF9, 0xC0, 0x38, 0x07, 0x00, 0xE0, 0x1C, 0x03, 0xFF, 0xFF, 0xF0,
    0x6C, 0x1B, 0x87, 0x70, 0xCC, 0x00, 0x0F, 0xC7, 0xFB, 0xCF, 0xE1, 0xFF, 0xFF, 0xFF, 0x80, 0xE0,
    0x3E, 0x67, 0xF8, 0xFE, 0x1E, 0x07, 0xE0, 0xEC, 0x00, 0x0F, 0xFD, 0xFF, 0xB8, 0x07, 0x00, 0xE0,
    0x1C, 0x03, 0xFE, 0x7F, 0xCE, 0x01, 0xC0, 0x38, 0x07, 0x00, 0xE0, 0x1F, 0xFF, 0xFF, 0x80, 0x1E,
    0x0F, 0xC3, 0x30, 0x00, 0x00, 0x0F, 0xC7, 0xFB, 0xCF, 0xE1, 0xFF, 0xFF, 0xFF, 0x80, 0xE0, 0x3E,
    0x67, 0xF8, 0xFE, 0xCC, 0xEE, 0x77, 0x32, 0x00, 0x1C, 0x1C, 0x1C, 0x1C, 0x1C, 0x1C, 0x1C, 0x1C,
    0x1C, 0x1C, 0x1C, 0x1C, 0x1C, 0x1C, 0x1C, 0xCC, 0xEE, 0x76, 0x36, 0x00, 0x1C, 0x1C, 0x1C, 0x1C,
    0x1C, 0x1C, 0x1C, 0x1C, 0x1C, 0x1C, 0x1C, 0x7B, 0xFC, 0xC0, 0x71, 0xC7, 0x1C, 0x71, 0xC7, 0x1C,
    0x71, 0xC7, 0x1C, 0x71, 0xC7, 0x00, 0x3C, 0xFD, 0xB8, 0x00, 0x07, 0x0E, 0x1C, 0x38, 0x70, 0xE1,
    0xC3, 0x87, 0x0E, 0x1C, 0x1B, 0x00, 0x3F, 0x00, 0x37, 0x00, 0x66, 0x00, 0x00, 0x01, 0xFC, 0x0F,
    0xFC, 0x3E, 0x7C, 0x70, 0x3D, 0xC0, 0x3B, 0x80, 0x77, 0x00, 0xEE, 0x00, 0xDC, 0x03, 0xB8, 0x07,
    0x70, 0x0E, 0x70, 0x3C, 0xF9, 0xF0, 0xFF, 0xC0, 0x7F, 0x00, 0x6C, 0x0F, 0xC0, 0xDC, 0x19, 0x80,
    0x00, 0x7E, 0x1F, 0xE7, 0xDE, 0xE1, 0xDC, 0x1F, 0x83, 0xF0, 0x7E, 0x1D, 0xE7, 0x9F, 0xE1, 0xF8,
    0x07, 0x80, 0x1F, 0x80, 0x3B, 0x00, 0x00, 0x00, 0xFE, 0x07, 0xFE, 0x1F, 0x3E, 0x38, 0x1E, 0xE0,
    0x1D, 0xC0, 0x3B, 0x80, 0x77, 0x00, 0x6E, 0x01, 0xDC, 0x03, 0xB8, 0x07, 0x38, 0x1E, 0x7C, 0xF8,
    0x7F, 0xE0, 0x3F, 0x80, 0x1E, 0x07, 0xE0, 0xEC, 0x00, 0x00, 0x00, 0x7E, 0x1F, 0xE7, 0xDE, 0xE1,
    0xDC, 0x1F, 0x83, 0xF0, 0x7E, 0x1D, 0xE7, 0x9F, 0xE1, 0xF8, 0x6C, 0x07, 0xE0, 0x37, 0x03, 0x30,
    0x00, 0x07, 0xF8, 0xFF, 0xCE, 0x3E, 0xE0, 0xEE, 0x0E, 0xE0, 0xEE, 0x3E, 0xFF, 0xCF, 0xF8, 0xE3,
    0x8E, 0x3C, 0xE1, 0xCE, 0x0E, 0xE0, 0xEE, 0x07, 0xCC, 0xEE, 0x77, 0x32, 0x00, 0x3F, 0x7F, 0x71,
    0x70, 0x70, 0x70, 0x70, 0x70, 0x70, 0x70, 0x70, 0x1E, 0x03, 0xF0, 0x3B, 0x00, 0x00, 0x7F, 0x8F,
    0xFC, 0xE3, 0xEE, 0x0E, 0xE0, 0xEE, 0x0E, 0xE3, 0xEF, 0xFC, 0xFF, 0x8E, 0x38, 0xE3, 0xCE, 0x1C,
    0xE0, 0xEE, 0x0E, 0xE0, 0x70, 0x3C, 0xFD, 0xB8, 0x00, 0x0F, 0xFF, 0xF1, 0xE1, 0xC3, 0x87, 0x0E,
    0x1C, 0x38, 0x70, 0x36, 0x03, 0xF0, 0x1B, 0x81, 0x98, 0x00, 0x0E, 0x07, 0xE0, 0x7E, 0x07, 0xE0,
    0x7E, 0x07, 0xE0, 0x7E, 0x07, 0xE0, 0x7E, 0x07, 0xE0, 0x7E, 0x07, 0x70, 0x77, 0x9E, 0x3F, 0xE1,
    0xFC, 0x6C, 0x1B, 0x87, 0x70, 0xCC, 0x00, 0x38, 0x7E, 0x1F, 0x87, 0xE1, 0xF8, 0x7E, 0x1F, 0x87,
    0xE1, 0xDC, 0x77, 0xFC, 0xFF, 0x0F, 0x01, 0xF8, 0x1D, 0x80, 0x00, 0xE0, 0x7E, 0x07, 0xE0, 0x7E,
    0x07, 0xE0, 0x7E, 0x07, 0xE0, 0x7E, 0x07, 0xE0, 0x7E, 0x07, 0xE0, 0x77, 0x07, 0x79, 0xE3, 0xFE,
    0x1F, 0xC0, 0x1E, 0x0F, 0xC3, 0x30, 0x00, 0x00, 0x38, 0x7E, 0x1F, 0x87, 0xE1, 0xF8, 0x7E, 0x1F,
    0x87, 0xE1, 0xDC, 0x77, 0xFC, 0xFF, 0x1F, 0xCF, 0xF9, 0xE7, 0x38, 0x07, 0x00, 0xE0, 0x1F, 0x80,
    0xFC, 0x07, 0xC0, 0x3C, 0x03, 0x80, 0x77, 0x3F, 0xFF, 0x9F, 0xE0, 0x00, 0x0E, 0x03, 0xC0, 0x70,
    0x00, 0x3F, 0x3F, 0x9C, 0xCE, 0x07, 0xC1, 0xF8, 0x3E, 0x07, 0x47, 0xBF, 0xDF, 0xC0, 0x01, 0xC1,
    0xE0, 0xE0, 0xFF, 0xFF, 0xFF, 0x06, 0x00, 0x60, 0x06, 0x00, 0x60, 0x06, 0x00, 0x60, 0x06, 0x00,
    0x60, 0x06, 0x00, 0x60, 0x06, 0x00, 0x60, 0x06, 0x00, 0x00, 0x06, 0x01, 0xE0, 0x1E, 0x00, 0xE0,
    0xE0, 0xE0, 0xFE, 0xFE, 0xE0, 0xE0, 0xE0, 0xE0, 0xE0, 0xE0, 0xF2, 0x7E, 0x7E, 0x00, 0x38, 0x78,
    0x70, 0xFF, 0x1F, 0xF1, 0x9E, 0x00, 0xE0, 0x1C, 0x03, 0x80, 0xE0, 0x7C, 0x3F, 0x07, 0xF0, 0x3F,
    0x00, 0xE0, 0x1C, 0x01, 0x80, 0x70, 0x0E, 0x0F, 0x9F, 0xE3, 0xF8, 0x00, 0xFE, 0x7F, 0x33, 0xC0,
    0xE0, 0x70, 0x70, 0xF0, 0x7E, 0x0F, 0x01, 0xC0, 0xE0, 0xE3, 0xF7, 0xF3, 0xE0, 0x19, 0x80, 0xF8,
    0x07, 0x00, 0x60, 0x00, 0x0E, 0x03, 0xE0, 0x3E, 0x03, 0xE0, 0x3E, 0x03, 0xE0, 0x3F, 0xFF, 0xFF,
    0xFE, 0x03, 0xE0, 0x3E, 0x03, 0xE0, 0x3E, 0x03, 0xE0, 0x3E, 0x03, 0xD8, 0x3E, 0x07, 0x00, 0x00,
    0xE0, 0x38, 0x0E, 0x03, 0x80, 0xE0, 0x3F, 0xCF, 0xFB, 0xCF, 0xE1, 0xF8, 0x7E, 0x1F, 0x87, 0xE1,
    0xF8, 0x7E, 0x1F, 0x87, 0x3C, 0x3F, 0xCF, 0xF8, 0x06, 0x01, 0xC0, 0x7F, 0xFF, 0xFF, 0xC1, 0xF8,
    0x67, 0xF8, 0xFC, 0x0C, 0x00, 0x73, 0x8E, 0x30, 0x3B, 0xB9, 0x80, 0x3C, 0x3E, 0x66, 0xC3, 0x31,
    0xBF, 0xDF, 0xC8, 0xC0, 0x00, 0x7E, 0x7E, 0xFF, 0xFF, 0xF0, 0x42, 0x6E, 0x7E, 0x38, 0x66, 0x60,
    0x03, 0x3C, 0xC0, 0x0F, 0x37, 0x66, 0x01, 0xEF, 0xF3, 0x78, 0xC0, 0x37, 0x76, 0xEE, 0xC8, 0xE7,
    0x7E, 0x3C, 0x18, 0xFF, 0xFF, 0xFF, 0xF3, 0xEE, 0x6E, 0x37, 0x13, 0x18, 0x18, 0x5A, 0x6E, 0x7E,
    0x38, 0x7B, 0xFC, 0xC0, 0x37, 0x6E, 0xEC, 0x77, 0x6E, 0xCC, 0xEE, 0x67, 0x72, 0x77, 0x6E, 0xE4,
    0x71, 0xC3, 0x86, 0x38, 0xE7, 0x18, 0x33, 0xFF, 0x30, 0xCC, 0xFF, 0xC0, 0xFF, 0xF0, 0xC3, 0x0C,
    0x20, 0x1C, 0x63, 0x9C, 0x40, 0x66, 0x46, 0x60, 0x30, 0xCF, 0xDE, 0xFD, 0xE3, 0x0C, 0x30, 0xCF,
    0xDE, 0x30, 0xFF, 0xF0, 0x33, 0x33, 0xFF, 0xCC, 0xCC, 0xFF, 0x7D, 0x80, 0x03, 0x3C, 0xC0, 0x01,
    0xEF, 0xF3, 0x78, 0xC0, 0x76, 0x6C, 0x30, 0xE1, 0x9E, 0x78, 0x26, 0xCC, 0xF7, 0xFF, 0xFF, 0xFF,
    0xC3, 0xC3, 0xDB, 0xFF, 0x7E, 0xE7, 0x7E, 0x3C, 0x18, 0x3C, 0x7C, 0x6E, 0xC3, 0x42, 0x6E, 0x7E,
    0x38, 0x3C, 0x7E, 0x66, 0x42, 0x21, 0xFF, 0xFF, 0x86, 0x00, 0x7E, 0x7E, 0x7F, 0xBF, 0xFF, 0xFC,
    0xFF, 0xFF, 0xF0, 0x03, 0xFF, 0xFF, 0xC0, 0x21, 0x7F, 0xFF, 0xC6, 0xFF, 0xFF, 0xF0, 0xFF, 0xFF,
    0xFF, 0xFF, 0x00, 0x0E, 0x1E, 0x78, 0x70, 0x00, 0x01, 0x80, 0x60, 0x38, 0x0C, 0x07, 0x01, 0x80,
    0x60, 0x38, 0x0C, 0x03, 0x01, 0x80, 0x60, 0x38, 0x0C, 0x03, 0x01, 0xC0, 0x60, 0x10, 0x00, 0x66,
    0x36, 0x60, 0xC3, 0xC3, 0xFF, 0xFF, 0xFF, 0xFF, 0xC3, 0xFF, 0xFF, 0x7E, 0xFF, 0xDB, 0x01, 0xE7,
    0x9E, 0x78, 0x00, 0x07, 0xE6, 0x67, 0xE0, 0xFF, 0xFF, 0xF0, 0x03, 0xFF, 0xFF, 0xC0, 0xF3, 0x8E,
    0x30, 0x7B, 0xB9, 0x80, 0x21, 0xFF, 0xFF, 0x86, 0x4F, 0x76, 0x40, 0x0C, 0x0E, 0x1F, 0xCF, 0x61,
    0x80, 0xCC, 0xEF, 0xFF, 0xFF, 0xFC, 0x0F, 0x03, 0xFF, 0xFF, 0xF0, 0x03, 0xFF, 0xFF, 0xC0, 0xFF,
    0xFF, 0xF3, 0xFF, 0x33, 0x00, 0x2D, 0xFF, 0xFF, 0xB6, 0x00, 0x00, 0x18, 0x18, 0x7B, 0xFF, 0xCE,
    0x18, 0x18, 0x7B, 0xFE, 0xCE, 0x7B, 0xFE, 0xCC, 0x00, 0x66, 0xFF, 0x7E, 0x24, 0x06, 0xF6, 0x60,
    0xF3, 0xCF, 0xF3, 0xCF, 0xC1, 0x83, 0xCF, 0xF3, 0x0C, 0x30, 0x18, 0x18, 0xD0, 0x0B, 0xD0, 0x0F,
    0xD0, 0x0B, 0x58, 0x1A, 0x0C, 0x30, 0x4F, 0xF2, 0xC3, 0xC3, 0xE1, 0x87, 0xF3, 0xCF, 0x8E, 0x7F,
    0xC0, 0x5F, 0x6E, 0x00, 0x3C, 0x7E, 0x66, 0x5A, 0x18, 0x18, 0x0F, 0xFF, 0xF0, 0x07, 0xEF, 0x30,
    0x0E, 0x7F, 0xC0, 0x00, 0x73, 0x1F, 0xDF, 0xEC, 0xF0, 0x99, 0xFC, 0x00, 0x5D, 0x80, 0x31, 0xE7,
    0x9E, 0x78, 0x66, 0xFF, 0xDB, 0xDB, 0xFF, 0x4C, 0xFF, 0x30, 0x00, 0x00, 0x9C, 0x00, 0x63, 0x80,
    0xF0, 0x7F, 0xF8, 0x07, 0xF8, 0x00, 0x00, 0x00, 0x9C, 0x00, 0x63, 0x80, 0xF0, 0x7F, 0xF8, 0x07,
    0xF8, 0x00, 0x00, 0x03, 0xFF, 0xF0, 0x00, 0x03, 0xFF, 0xF0, 0x1E, 0x00, 0x9F, 0xFC, 0xE7, 0x7F,
    0xF9, 0x00, 0x78, 0x07, 0xF8, 0x07, 0xFF, 0x83, 0xC0, 0xF1, 0xC0, 0x0E, 0x60, 0x01, 0x80, 0x00,
    0x00, 0x00, 0x03, 0xBF, 0xFF, 0xFF, 0xFF, 0xE0, 0x00, 0x20, 0x77, 0xBD, 0x2F, 0x20, 0x77, 0xBF,
    0x0F, 0x10, 0x37, 0xFC, 0x39, 0xF4, 0xD3, 0x78, 0x40, 0x94, 0xE7, 0x3F, 0xA0, 0x77, 0xB1, 0x87,
    0x10, 0x08, 0x33, 0xDF, 0x4D, 0x37, 0xC0, 0x84, 0x3D, 0xF9, 0xCE, 0x60, 0xF6, 0xFF, 0xD9, 0xD9,
    0xD9, 0x00, 0xFE, 0x48, 0x00, 0x47, 0x76, 0x67, 0x00, 0x4D, 0x36, 0x8E, 0x30, 0x00, 0x49, 0xE3,
    0x0E, 0x68, 0x00, 0x18, 0x03, 0x80, 0x38, 0x03, 0x00, 0x01, 0xFF, 0xBF, 0xF7, 0x00, 0xE0, 0x1C,
    0x03, 0x80, 0x7F, 0xCF, 0xF9, 0xC0, 0x38, 0x07, 0x00, 0xE0, 0x1C, 0x03, 0xFF, 0xFF, 0xF0, 0x3B,
    0x87, 0x70, 0x00, 0x7F, 0xEF, 0xFD, 0xC0, 0x38, 0x07, 0x00, 0xE0, 0x1F, 0xF3, 0xFE, 0x70, 0x0E,
    0x01, 0xC0, 0x38, 0x07, 0x00, 0xFF, 0xFF, 0xFC, 0xFF, 0xF1, 0xFF, 0xE0, 0x38, 0x00, 0x70, 0x00,
    0xE0, 0x01, 0xFF, 0x03, 0xFF, 0x07, 0x9F, 0x0E, 0x0E, 0x1C, 0x1C, 0x38, 0x38, 0x70, 0x70, 0xE1,
    0xE1, 0xCF, 0x83, 0x9E, 0x00, 0x07, 0x01, 0xC0, 0xE0, 0x30, 0x00, 0x3F, 0xFF, 0xFF, 0x80, 0xE0,
    0x38, 0x0E, 0x03, 0x80, 0xE0, 0x38, 0x0E, 0x03, 0x80, 0xE0, 0x38, 0x0E, 0x03, 0x80, 0x0F, 0xE3,
    0xFF, 0x7C, 0x67, 0x00, 0xE0, 0x0E, 0x00, 0xFF, 0x8F, 0xF8, 0xE0, 0x0E, 0x00, 0xE0, 0x07, 0x00,
    0x7C, 0x63, 0xFF, 0x1F, 0xE0, 0x1F, 0xCF, 0xF9, 0xE7, 0x38, 0x07, 0x00, 0xE0, 0x1F, 0x80, 0xFC,
    0x07, 0xC0, 0x3C, 0x03, 0x80, 0x77, 0x3F, 0xFF, 0x9F, 0xE0, 0xFF, 0xFF, 0xFF, 0xFF, 0xFF, 0xF8,
    0xEE, 0xEE, 0x00, 0x38, 0x38, 0x38, 0x38, 0x38, 0x38, 0x38, 0x38, 0x38, 0x38, 0x38, 0x38, 0x38,
    0x38, 0x38, 0x03, 0x81, 0xC0, 0xE0, 0x70, 0x38, 0x1C, 0x0E, 0x07, 0x03, 0x81, 0xC0, 0xE0, 0x7E,
    0x7F, 0xF9, 0xF8, 0x0F, 0xF8, 0x00, 0x3F, 0xE0, 0x00, 0xE1, 0x80, 0x03, 0x86, 0x00, 0x0E, 0x18,
    0x00, 0x38, 0x7F, 0x80, 0xE1, 0xFF, 0x03, 0x86, 0x3E, 0x0E, 0x18, 0x38, 0x30, 0x60, 0x61, 0xC1,
    0x81, 0x87, 0x06, 0x0E, 0x78, 0x18, 0xFB, 0xE0, 0x7F, 0xCE, 0x01, 0xFE, 0x00, 0x00, 0x00, 0xE0,
    0x70, 0x0E, 0x07, 0x00, 0xE0, 0x70, 0x0E, 0x07, 0x00, 0xE0, 0x70, 0x0F, 0xFF, 0xFC, 0xFF, 0xFF,
    0xEE, 0x07, 0x1F, 0xE0, 0x70, 0x7E, 0x07, 0x07, 0xE0, 0x70, 0x7E, 0x07, 0x07, 0xE0, 0x71, 0xFE,
    0x07, 0xFE, 0xE0, 0x7F, 0x80, 0xFF, 0xF1, 0xFF, 0xE0, 0x38, 0x00, 0x70, 0x00, 0xE0, 0x01, 0xFF,
    0x03, 0xFF, 0x07, 0x9E, 0x0E, 0x0E, 0x1C, 0x1C, 0x38, 0x38, 0x70, 0x70, 0xE0, 0xE1, 0xC1, 0xC3,
    0x83, 0x80, 0x03, 0x00, 0x38, 0x03, 0x80, 0x18, 0x00, 0x00, 0x70, 0x7B, 0x83, 0x9C, 0x38, 0xE3,
    0x87, 0x38, 0x3B, 0x81, 0xF8, 0x0F, 0xC0, 0x7F, 0x03, 0xBC, 0x1C, 0xF0, 0xE3, 0xC7, 0x0F, 0x38,
    0x3D, 0xC0, 0xE0, 0x0C, 0x00, 0x70, 0x01, 0xC0, 0x06, 0x00, 0x00, 0x70, 0x1F, 0x81, 0xFC, 0x0F,
    0xE0, 0xFF, 0x0F, 0xF8, 0xEF, 0xC7, 0x7E, 0x73, 0xF7, 0x1F, 0xF8, 0xFF, 0x87, 0xF8, 0x3F, 0xC1,
    0xFC, 0x0F, 0xC0, 0x70, 0x1D, 0xC0, 0xFC, 0x03, 0xE0, 0x00, 0x0E, 0x07, 0x38, 0x39, 0xC1, 0xCE,
    0x0C, 0x38, 0xE1, 0xC7, 0x07, 0x30, 0x3F, 0x80, 0xFC, 0x03, 0xC0, 0x1E, 0x00, 0xE0, 0x4F, 0x03,
    0xF0, 0x1F, 0x00, 0xE0, 0x7E, 0x07, 0xE0, 0x7E, 0x07, 0xE0, 0x7E, 0x07, 0xE0, 0x7E, 0x07, 0xE0,
    0x7E, 0x07, 0xE0, 0x7E, 0x07, 0xE0, 0x7F, 0xFF, 0xFF, 0xF0, 0x70, 0x07, 0x00, 0x70, 0x07, 0x00,
    0x07, 0x00, 0x1E, 0x00, 0x78, 0x03, 0xF0, 0x0D, 0xC0, 0x73, 0x01, 0xCE, 0x06, 0x18, 0x38, 0x70,
    0xFF, 0xC7, 0xFF, 0x1C, 0x0E, 0x60, 0x3B, 0x80, 0x7E, 0x01, 0xC0, 0xFF, 0xCF, 0xFC, 0xE0, 0x0E,
    0x00, 0xE0, 0x0F, 0xF8, 0xFF, 0xCE, 0x3E, 0xE0, 0xEE, 0x06, 0xE0, 0x6E, 0x0E, 0xE3, 0xEF, 0xFC,
    0xFF, 0x80, 0x7F, 0x8F, 0xFC, 0xE3, 0xEE, 0x0E, 0xE0, 0xEE, 0x3E, 0xFF, 0xCF, 0xFE, 0xE1, 0xEE,
    0x07, 0xE0, 0x7E, 0x07, 0xE1, 0xEF, 0xFE, 0x7F, 0x80, 0xFF, 0xFF, 0xFE, 0x03, 0x80, 0xE0, 0x38,
    0x0E, 0x03, 0x80, 0xE0, 0x38, 0x0E, 0x03, 0x80, 0xE0, 0x38, 0x0E, 0x00, 0x0F, 0xF8, 0x1F, 0xF0,
    0x38, 0x60, 0x70, 0xC0, 0xE1, 0x81, 0xC3, 0x03, 0x86, 0x07, 0x0C, 0x0C, 0x18, 0x38, 0x30, 0x70,
    0x60, 0xE0, 0xC3, 0x81, 0x9F, 0xFF, 0xFF, 0xFF, 0xF0, 0x07, 0xE0, 0x0F, 0xC0, 0x1F, 0x80, 0x38,
    0xFF, 0xDF, 0xFB, 0x80, 0x70, 0x0E, 0x01, 0xC0, 0x3F, 0xE7, 0xFC, 0xE0, 0x1C, 0x03, 0x80, 0x70,
    0x0E, 0x01, 0xFF, 0xFF, 0xF8, 0x70, 0xE1, 0xCF, 0x1C, 0x78, 0xE3, 0x8E, 0x0E, 0x73, 0x80, 0xEE,
    0xE0, 0x1F, 0xF8, 0x01, 0xFF, 0x00, 0x1F, 0xC0, 0x07, 0xFC, 0x01, 0xDD, 0xC0, 0x73, 0xBC, 0x1E,
    0x73, 0xC3, 0x8E, 0x38, 0xE1, 0xC3, 0xBC, 0x38, 0x78, 0x7F, 0x8F, 0xF9, 0xCF, 0x00, 0x70, 0x0C,
    0x07, 0x87, 0xE0, 0xFE, 0x03, 0xE0, 0x1C, 0x03, 0x80, 0x77, 0x3F, 0xFF, 0x9F, 0xE0, 0xE0, 0x3F,
    0x03, 0xF8, 0x1F, 0xC1, 0xFE, 0x1F, 0xF1, 0xDF, 0x8E, 0xFC, 0xE7, 0xEE, 0x3F, 0xF1, 0xFF, 0x0F,
    0xF0, 0x7F, 0x83, 0xF8, 0x1F, 0x80, 0xE0, 0x1D, 0xC0, 0x7E, 0x03, 0xE0, 0x00, 0x0E, 0x03, 0xF0,
    0x3F, 0x81, 0xFC, 0x1F, 0xE1, 0xFF, 0x1D, 0xF8, 0xEF, 0xCE, 0x7E, 0xE3, 0xFF, 0x1F, 0xF0, 0xFF,
    0x07, 0xF8, 0x3F, 0x81, 0xF8, 0x0E, 0xE0, 0xF7, 0x07, 0x38, 0x71, 0xC7, 0x0E, 0x70, 0x77, 0x03,
    0xF0, 0x1F, 0x80, 0xFE, 0x07, 0x78, 0x39, 0xE1, 0xC7, 0x8E, 0x1E, 0x70, 0x7B, 0x81, 0xC0, 0x0F,
    0xF8, 0x3F, 0xE0, 0xE1, 0x83, 0x86, 0x0E, 0x18, 0x38, 0x60, 0xE1, 0x83, 0x86, 0x0E, 0x18, 0x30,
    0x61, 0xC1, 0x87, 0x06, 0x78, 0x1B, 0xE0, 0x6E, 0x01, 0x80, 0x70, 0x0E, 0x70, 0x0E, 0x78, 0x1E,
    0x78, 0x1F, 0x6C, 0x3F, 0x6C, 0x37, 0x66, 0x37, 0xE6, 0x67, 0xE7, 0x67, 0xE3, 0xE7, 0xE3, 0xC7,
    0xE3, 0xC7, 0xE1, 0xC7, 0xE0, 0x07, 0xE0, 0x03, 0xE0, 0x3E, 0x03, 0xE0, 0x3E, 0x03, 0xE0, 0x3E,
    0x03, 0xFF, 0xFF, 0xFF, 0xE0, 0x3E, 0x03, 0xE0, 0x3E, 0x03, 0xE0, 0x3E, 0x03, 0xE0, 0x30, 0x0F,
    0xE0, 0x7F, 0xE1, 0xF3, 0xE3, 0x81, 0xEE, 0x01, 0xDC, 0x03, 0xB8, 0x07, 0x70, 0x06, 0xE0, 0x1D,
    0xC0, 0x3B, 0x80, 0x73, 0x81, 0xE7, 0xCF, 0x87, 0xFE, 0x03, 0xF8, 0x00, 0xFF, 0xFF, 0xFF, 0xE0,
    0x7E, 0x07, 0xE0, 0x7E, 0x07, 0xE0, 0x7E, 0x07, 0xE0, 0x7E, 0x07, 0xE0, 0x7E, 0x07, 0xE0, 0x7E,
    0x07, 0xE0, 0x70, 0x7F, 0x8F, 0xFC, 0xE3, 0xEE, 0x0E, 0xE0, 0xEE, 0x0E, 0xE3, 0xEF, 0xFC, 0xFF,
    0x8E, 0x00, 0xE0, 0x0E, 0x00, 0xE0, 0x0E, 0x00, 0xE0, 0x00, 0x0F, 0xE3, 0xFF, 0x7C, 0x67, 0x00,
    0xE0, 0x0E, 0x00, 0xE0, 0x0E, 0x00, 0xE0, 0x0E, 0x00, 0xE0, 0x07, 0x00, 0x7C, 0x63, 0xFF, 0x0F,
    0xE0, 0xFF, 0xFF, 0xFF, 0x06, 0x00, 0x60, 0x06, 0x00, 0x60, 0x06, 0x00, 0x60, 0x06, 0x00, 0x60,
    0x06, 0x00, 0x60, 0x06, 0x00, 0x60, 0x06, 0x00, 0xE0, 0x73, 0x83, 0x9C, 0x1C, 0xE0, 0xC3, 0x8E,
    0x1C, 0x70, 0x73, 0x03, 0xF8, 0x0F, 0xC0, 0x3C, 0x01, 0xE0, 0x0E, 0x04, 0xF0, 0x3F, 0x01, 0xF0,
    0x00, 0x01, 0x80, 0x01, 0x80, 0x1F, 0xF8, 0x3F, 0xFC, 0x7D, 0xBE, 0xF1, 0x8F, 0xE1, 0x87, 0xE1,
    0x87, 0xE1, 0x87, 0xE1, 0x87, 0xF1, 0x8F, 0x7D, 0xBE, 0x3F, 0xFC, 0x1F, 0xF8, 0x01, 0x80, 0x01,
    0x80, 0x70, 0x7B, 0x83, 0x8E, 0x38, 0x3B, 0xC1, 0xDC, 0x07, 0xC0, 0x1E, 0x00, 0xE0, 0x0F, 0x80,
    0x7E, 0x07, 0x70, 0x71, 0xC3, 0x87, 0x38, 0x3B, 0x80, 0xE0, 0xE0, 0x73, 0x81, 0xCE, 0x07, 0x38,
    0x1C, 0xE0, 0x73, 0x81, 0xCE, 0x07, 0x38, 0x1C, 0xE0, 0x73, 0x81, 0xCE, 0x07, 0x38, 0x1C, 0xE0,
    0x73, 0xFF, 0xFF, 0xFF, 0xC0, 0x07, 0x00, 0x1C, 0x00, 0x70, 0x01, 0xC0, 0xE0, 0xFC, 0x1F, 0x83,
    0xF0, 0x7E, 0x0F, 0xC1, 0xF8, 0x3F, 0x8F, 0x7F, 0xE7, 0xFC, 0x03, 0x80, 0x70, 0x0E, 0x01, 0xC0,
    0x38, 0xE0, 0xE1, 0xF8, 0x38, 0x7E, 0x0E, 0x1F, 0x83, 0x87, 0xE0, 0xE1, 0xF8, 0x38, 0x7E, 0x0E,
    0x1F, 0x83, 0x87, 0xE0, 0xE1, 0xF8, 0x38, 0x7E, 0x0E, 0x1F, 0x83, 0x87, 0xE0, 0xE1, 0xFF, 0xFF,
    0xFF, 0xFF, 0xFC, 0xE0, 0xE1, 0xCE, 0x0E, 0x1C, 0xE0, 0xE1, 0xCE, 0x0E, 0x1C, 0xE0, 0xE1, 0xCE,
    0x0E, 0x1C, 0xE0, 0xE1, 0xCE, 0x0E, 0x1C, 0xE0, 0xE1, 0xCE, 0x0E, 0x1C, 0xE0, 0xE1, 0xCE, 0x0E,
    0x1C, 0xE0, 0xE1, 0xCF, 0xFF, 0xFF, 0xFF, 0xFF, 0xF0, 0x00, 0x07, 0x00, 0x00, 0x70, 0x00, 0x07,
    0x00, 0x00, 0x70, 0xFE, 0x01, 0xFC, 0x00, 0x38, 0x00, 0x70, 0x00, 0xE0, 0x01, 0xFE, 0x03, 0xFF,
    0x07, 0x3E, 0x0E, 0x1E, 0x1C, 0x1C, 0x38, 0x38, 0x70, 0xF0, 0xE3, 0xC1, 0xFF, 0x83, 0xFC, 0x00,
    0xE0, 0x07, 0xE0, 0x07, 0xE0, 0x07, 0xE0, 0x07, 0xE0, 0x07, 0xFF, 0x87, 0xFF, 0xC7, 0xE3, 0xE7,
    0xE0, 0xE7, 0xE0, 0xE7, 0xE0, 0xE7, 0xE0, 0xE7, 0xE3, 0xE7, 0xFF, 0xC7, 0x7F, 0x87, 0xE0, 0x0E,
    0x00, 0xE0, 0x0E, 0x00, 0xE0, 0x0F, 0xF8, 0xFF, 0xCE, 0x3E, 0xE0, 0xEE, 0x06, 0xE0, 0x6E, 0x0E,
    0xE3, 0xEF, 0xFC, 0x7F, 0x80, 0x7F, 0x0F, 0xFC, 0x63, 0xE0, 0x0E, 0x00, 0x70, 0x07, 0x1F, 0xF1,
    0xFF, 0x00, 0x70, 0x07, 0x00, 0x70, 0x0E, 0x63, 0xEF, 0xFC, 0x7F, 0x00, 0xE0, 0x7F, 0x0E, 0x0F,
    0xF8, 0xE1, 0xF3, 0xCE, 0x3C, 0x0E, 0xE3, 0x80, 0xEE, 0x38, 0x07, 0xFF, 0x80, 0x7F, 0xF8, 0x07,
    0xE3, 0x80, 0x7E, 0x38, 0x07, 0xE3, 0x80, 0xEE, 0x1C, 0x0E, 0xE1, 0xF3, 0xCE, 0x0F, 0xFC, 0xE0,
    0x7F, 0x00, 0x1F, 0xF3, 0xFF, 0x7C, 0x77, 0x07, 0x70, 0x77, 0x07, 0x7C, 0x73, 0xFF, 0x1F, 0xF1,
    0xC7, 0x1C, 0x73, 0x87, 0x38, 0x77, 0x07, 0x70, 0x70, 0x3F, 0x0F, 0xE3, 0x3C, 0x07, 0x3F, 0xDF,
    0xF7, 0x9D, 0x87, 0x71, 0xDF, 0xF3, 0xFC, 0x07, 0xC3, 0xF8, 0xFE, 0x38, 0x06, 0x01, 0xFF, 0x3F,
    0xF7, 0x9E, 0xE0, 0xFC, 0x1F, 0x83, 0xF0, 0x7E, 0x1C, 0xF7, 0x9F, 0xE1, 0xF8, 0xFF, 0x3F, 0xEE,
    0x3B, 0x8E, 0xFF, 0xBF, 0xEE, 0x3F, 0x87, 0xE3, 0xFF, 0xEF, 0xF0, 0xFF, 0xFF, 0xE0, 0xE0, 0xE0,
    0xE0, 0xE0, 0xE0, 0xE0, 0xE0, 0xE0, 0x1F, 0xE0, 0xFF, 0x07, 0x38, 0x39, 0xC1, 0xCE, 0x0C, 0x70,
    0xE3, 0x87, 0x1C, 0x70, 0xE7, 0xFF, 0xFF, 0xFF, 0xC0, 0x7E, 0x03, 0xF0, 0x1C, 0x3F, 0x1F, 0xEF,
    0x3F, 0x87, 0xFF, 0xFF, 0xFE, 0x03, 0x80, 0xF9, 0x9F, 0xE3, 0xF8, 0x71, 0x8E, 0x39, 0x9C, 0x39,
    0x9C, 0x1D, 0xB8, 0x0F, 0xF0, 0x07, 0xE0, 0x0F, 0xF0, 0x1D, 0xB8, 0x39, 0x9C, 0x71, 0x8E, 0xE1,
    0x87, 0x7F, 0x1F, 0xE6, 0x38, 0x0E, 0x3F, 0x0F, 0xE0, 0x38, 0x07, 0x63, 0xDF, 0xE7, 0xF0, 0xE1,
    0xF8, 0xFE, 0x3F, 0x9F, 0xEE, 0xFB, 0x3F, 0xCF, 0xE3, 0xF0, 0xFC, 0x3E, 0x0C, 0x3B, 0x8F, 0xC1,
    0xF0, 0x00, 0x00, 0x38, 0x7E, 0x3F, 0x8F, 0xE7, 0xFB, 0xBE, 0xCF, 0xF3, 0xF8, 0xFC, 0x3F, 0x0F,
    0x83, 0xE3, 0xF9, 0xEE, 0x73, 0xB8, 0xFC, 0x3E, 0x0F, 0xE3, 0xBC, 0xE7, 0xB8, 0xEE, 0x1C, 0x1F,
    0xE3, 0xFC, 0x71, 0x8E, 0x31, 0xC6, 0x38, 0xC6, 0x19, 0xC3, 0x78, 0x7E, 0x0F, 0x81, 0x80, 0x70,
    0x3B, 0x83, 0xDE, 0x1E, 0xF1, 0xFF, 0xCF, 0xF6, 0xFF, 0xB6, 0xFC, 0xF3, 0xE7, 0x1F, 0x38, 0xF8,
    0x06, 0xE1, 0xF8, 0x7E, 0x1F, 0x87, 0xFF, 0xFF, 0xFE, 0x1F, 0x87, 0xE1, 0xF8, 0x7E, 0x1C, 0x3F,
    0x0F, 0xF3, 0xEF, 0x70, 0xEE, 0x0F, 0xC1, 0xF8, 0x3F, 0x0E, 0xF3, 0xCF, 0xF0, 0xFC, 0x00, 0xFF,
    0xFF, 0xFE, 0x1F, 0x87, 0xE1, 0xF8, 0x7E, 0x1F, 0x87, 0xE1, 0xF8, 0x7E, 0x1C, 0xFF, 0x1F, 0xF3,
    0x8F, 0x70, 0xEE, 0x0F, 0xC1, 0xF8, 0x3F, 0x0E, 0xF3, 0xDF, 0xF3, 0xFC, 0x70, 0x0E, 0x01, 0xC0,
    0x38, 0x00, 0x3F, 0x3F, 0xBE, 0x5C, 0x0E, 0x07, 0x03, 0x81, 0xC0, 0xF9, 0x3F, 0xCF, 0xE0, 0xFF,
    0xFF, 0xF0, 0xC0, 0x30, 0x0C, 0x03, 0x00, 0xC0, 0x30, 0x0C, 0x03, 0x00, 0xC0, 0xE0, 0xDC, 0x39,
    0xC7, 0x38, 0xC7, 0x18, 0x77, 0x0E, 0xE0, 0xD8, 0x1F, 0x01, 0xC0, 0x38, 0x07, 0x01, 0xC1, 0xF8,
    0x3E, 0x00, 0x03, 0x00, 0x06, 0x00, 0x0C, 0x00, 0x18, 0x00, 0x30, 0x03, 0xFC, 0x1F, 0xFE, 0x3D,
    0xBE, 0xE3, 0x1D, 0xC6, 0x1B, 0x0C, 0x37, 0x18, 0x6E, 0x31, 0xCF, 0x6F, 0x9F, 0xFE, 0x0F, 0xF0,
    0x03, 0x00, 0x06, 0x00, 0x0C, 0x00, 0x18, 0x00, 0xE1, 0xCE, 0x70, 0xEE, 0x0F, 0x81, 0xE0, 0x1C,
    0x07, 0xC1, 0xF8, 0x73, 0x8E, 0x3B, 0x83, 0x00, 0xE1, 0xDC, 0x3B, 0x87, 0x70, 0xEE, 0x1D, 0xC3,
    0xB8, 0x77, 0x0E, 0xE1, 0xDF, 0xFF, 0xFF, 0x80, 0x30, 0x06, 0x00, 0xC0, 0x61, 0xD8, 0x76, 0x1D,
    0x87, 0x71, 0xDF, 0xF3, 0xFC, 0x07, 0x01, 0xC0, 0x70, 0x1C, 0xE3, 0x8F, 0xC7, 0x1F, 0x8E, 0x3F,
    0x1C, 0x7E, 0x38, 0xFC, 0x71, 0xF8, 0xE3, 0xF1, 0xC7, 0xE3, 0x8F, 0xFF, 0xFF, 0xFF, 0xF8, 0xE3,
    0x8E, 0x71, 0xC7, 0x38, 0xE3, 0x9C, 0x71, 0xCE, 0x38, 0xE7, 0x1C, 0x73, 0x8E, 0x39, 0xC7, 0x1C,
    0xE3, 0x8E, 0x7F, 0xFF, 0xBF, 0xFF, 0xC0, 0x00, 0x60, 0x00, 0x30, 0x00, 0x18, 0xF8, 0x0F, 0x80,
    0x18, 0x01, 0xFE, 0x1F, 0xF1, 0xCF, 0x18, 0x71, 0x87, 0x1C, 0xF1, 0xFF, 0x1F, 0xE0, 0xE0, 0x1F,
    0x80, 0x7E, 0x01, 0xF8, 0x07, 0xFF, 0x1F, 0xFE, 0x7E, 0x39, 0xF8, 0x77, 0xE3, 0x9F, 0xFE, 0x7F,
    0xF1, 0xC0, 0xE0, 0x38, 0x0E, 0x03, 0xFC, 0xFF, 0xB8, 0xFE, 0x1F, 0x87, 0xE3, 0xFF, 0xEF, 0xF0,
    0x7E, 0x1F, 0xC6, 0x78, 0x06, 0x1F, 0xC7, 0xF0, 0x1C, 0x0E, 0x47, 0xBF, 0xCF, 0xE0, 0xE1, 0xF9,
    0xC7, 0xFB, 0x9E, 0x7F, 0x38, 0x7F, 0xE0, 0xFF, 0xC0, 0xF9, 0x83, 0xF3, 0x87, 0xE7, 0x9F, 0xC7,
    0xFB, 0x87, 0xE0, 0x1F, 0xCF, 0xF7, 0x9D, 0xC3, 0x78, 0xDF, 0xF3, 0xFC, 0xE3, 0x30, 0xDC, 0x36,
    0x0C, 0x18, 0x0F, 0x01, 0xC0, 0x30, 0x00, 0x0F, 0xC7, 0xFB, 0xCF, 0xE1, 0xFF, 0xFF, 0xFF, 0x80,
    0xE0, 0x3E, 0x67, 0xF8, 0xFE, 0x33, 0x0C, 0xC0, 0x00, 0x00, 0x3F, 0x1F, 0xEF, 0x3F, 0x87, 0xFF,
    0xFF, 0xFE, 0x03, 0x80, 0xF9, 0x9F, 0xE3, 0xF8, 0x70, 0x1F, 0xE3, 0xFC, 0x38, 0x07, 0x00, 0xFF,
    0x1F, 0xF3, 0xCE, 0x70, 0xEE, 0x1D, 0xC3, 0xB8, 0x77, 0x0E, 0xE1, 0xDC, 0x3B, 0x87, 0x00, 0xE0,
    0x1C, 0x0F, 0x01, 0xE0, 0x06, 0x0E, 0x1C, 0x18, 0x00, 0xFF, 0xFF, 0xE0, 0xE0, 0xE0, 0xE0, 0xE0,
    0xE0, 0xE0, 0xE0, 0xE0, 0x3F, 0xBF, 0xFC, 0x5C, 0x0F, 0xE7, 0xF3, 0x81, 0xC0, 0xF9, 0xBF, 0xCF,
    0xE0, 0x3F, 0x3F, 0x9C, 0xCE, 0x07, 0xC1, 0xF8, 0x3E, 0x07, 0x47, 0xBF, 0xDF, 0xC0, 0xFC, 0x01,
    0xFF, 0xFF, 0xFF, 0xFF, 0xEF, 0xDC, 0x00, 0x03, 0x87, 0x0E, 0x1C, 0x38, 0x70, 0xE1, 0xC3, 0x87,
    0x0E, 0x00, 0x1C, 0x70, 0x00, 0x00, 0x71, 0xC7, 0x1C, 0x71, 0xC7, 0x1C, 0x71, 0xC7, 0x1C, 0xFF,
    0xBE, 0x1F, 0xE0, 0x07, 0xF8, 0x01, 0xC6, 0x00, 0x71, 0x80, 0x1C, 0x7F, 0x07, 0x1F, 0xE1, 0x86,
    0x3C, 0xE1, 0x87, 0xF8, 0x63, 0xFC, 0x1F, 0xEE, 0x07, 0xF0, 0xE1, 0xC0, 0x70, 0xE0, 0x38, 0x70,
    0x1C, 0x38, 0x0F, 0xFF, 0xE7, 0xFF, 0xFB, 0x87, 0x1D, 0xC3, 0x87, 0xE1, 0xC7, 0x70, 0xFF, 0xB8,
    0x7F, 0x80, 0x70, 0x1F, 0xE3, 0xFC, 0x38, 0x07, 0x00, 0xFF, 0x1F, 0xF3, 0xCF, 0x70, 0xEE, 0x1D,
    0xC3, 0xB8, 0x77, 0x0E, 0xE1, 0xDC, 0x3B, 0x87, 0x06, 0x03, 0xC0, 0xE0, 0x30, 0x00, 0x38, 0xFE,
    0x7B, 0x9C, 0xEE, 0x3F, 0x0F, 0x83, 0xF8, 0xEF, 0x39, 0xEE, 0x3B, 0x87, 0x18, 0x07, 0x00, 0xE0,
    0x18, 0x00, 0x38, 0x7E, 0x3F, 0x8F, 0xE7, 0xFB, 0xBE, 0xCF, 0xF3, 0xF8, 0xFC, 0x3F, 0x0F, 0x83,
    0x3B, 0x87, 0xF0, 0x7C, 0x00, 0x00, 0x01, 0xC1, 0xB8, 0x73, 0x8E, 0x71, 0x8E, 0x30, 0xEE, 0x1D,
    0xC1, 0xB0, 0x3E, 0x03, 0x80, 0x70, 0x0E, 0x03, 0x83, 0xF0, 0x7C, 0x00, 0xE1, 0xF8, 0x7E, 0x1F,
    0x87, 0xE1, 0xF8, 0x7E, 0x1F, 0x87, 0xE1, 0xFF, 0xFF, 0xFC, 0x30, 0x0C, 0x03, 0x00, 0xE0, 0xE0,
    0xFC, 0x1C, 0x1F, 0x83, 0x83, 0xF0, 0x70, 0x76, 0x0E, 0x0E, 0xE1, 0xC1, 0x9C, 0x3C, 0x33, 0x8F,
    0x8E, 0x31, 0xF1, 0xC7, 0x37, 0x38, 0xEE, 0xE6, 0x0D, 0x8D, 0xC1, 0xF1, 0xF0, 0x1E, 0x1E, 0x03,
    0x83, 0x80, 0x00, 0x00, 0x41, 0x83, 0xE1, 0x83, 0xE1, 0x83, 0xE1, 0x87, 0xE1, 0xC7, 0x61, 0xC7,
    0x73, 0xC6, 0x73, 0xCE, 0x37, 0xEC, 0x3E, 0x7C, 0x1E, 0x78, 0x1C, 0x38, 0x0E, 0x00, 0x1C, 0x03,
    0xFF, 0x87, 0xFF, 0x00, 0xE0, 0x01, 0xC0, 0x03, 0xFC, 0x07, 0xFE, 0x0E, 0x7C, 0x1C, 0x1C, 0x38,
    0x38, 0x70, 0x70, 0xE1, 0xE1, 0xC7, 0x83, 0xFF, 0x07, 0xF8, 0x18, 0x01, 0x80, 0x18, 0x01, 0x80,
    0x18, 0x0F, 0xF8, 0xFF, 0x81, 0x80, 0x1F, 0xE1, 0xFF, 0x1C, 0xF1, 0x87, 0x18, 0x71, 0xCF, 0x1F,
    0xF1, 0xFE, 0x00, 0x00, 0x60, 0x3F, 0xF0, 0x7F, 0xF8, 0x78, 0x2C, 0x38, 0x06, 0x38, 0x03, 0x1C,
    0x01, 0xFF, 0xFC, 0xFF, 0xFE, 0x63, 0x80, 0x31, 0xC0, 0x18, 0xE0, 0x0C, 0x38, 0x06, 0x1E, 0x03,
    0x07, 0xFD, 0x81, 0xFE, 0x00, 0x1C, 0x00, 0x40, 0x7B, 0x87, 0xFE, 0x3F, 0xF8, 0xC0, 0xE7, 0x03,
    0xFF, 0xEF, 0xFF, 0xB9, 0xC0, 0xE7, 0x03, 0x8E, 0x0E, 0x3F, 0xF8, 0x7F, 0x00, 0x30, 0x03, 0x80,
    0x0F, 0x00, 0x1E, 0x00, 0x7E, 0x00, 0xEC, 0x01, 0x9C, 0x07, 0xF8, 0x0F, 0xF0, 0x3F, 0xF0, 0x76,
    0x61, 0xCC, 0xE3, 0x99, 0xC6, 0x31, 0xDC, 0x63, 0xB8, 0xC3, 0x00, 0x06, 0x00, 0xF0, 0x0F, 0x01,
    0xF8, 0x1B, 0x83, 0xF8, 0x3F, 0xC3, 0x7C, 0x76, 0xE6, 0x6E, 0xE6, 0x7E, 0x67, 0xC0, 0x70, 0x30,
    0x3C, 0x0C, 0x0F, 0x83, 0x03, 0xE0, 0xC1, 0xD8, 0x30, 0x67, 0x0F, 0xFF, 0xC3, 0xFF, 0xF8, 0xC7,
    0x7E, 0x31, 0xD9, 0x8C, 0x66, 0x73, 0x39, 0x8C, 0xCE, 0x63, 0xB7, 0x18, 0xED, 0xC6, 0x1C, 0x40,
    0xC0, 0xE1, 0xE0, 0xE1, 0xE0, 0xE1, 0xF0, 0xE3, 0xB0, 0xFF, 0xF8, 0xFF, 0xF8, 0xE7, 0xDC, 0xEE,
    0xDC, 0xEE, 0xCC, 0xEC, 0xCE, 0xFC, 0xC6, 0x7F, 0xFC, 0xFF, 0xF8, 0xE0, 0xE0, 0xE3, 0x80, 0xE6,
    0x01, 0xDC, 0x03, 0xF8, 0x0F, 0xFC, 0x3B, 0xB8, 0x67, 0x39, 0xCE, 0x73, 0x9C, 0x66, 0x38, 0xFC,
    0x71, 0xF8, 0xE3, 0x80, 0x3F, 0xF1, 0xFF, 0xC3, 0xFF, 0x0E, 0x38, 0x1D, 0xC0, 0x7F, 0x03, 0xFE,
    0x0D, 0xDC, 0x77, 0x31, 0x9C, 0xEE, 0x73, 0xB9, 0xC6, 0xC7, 0xFF, 0x98, 0xFF, 0xF3, 0x1C, 0x0E,
    0x61, 0xC3, 0x8C, 0x1C, 0xE1, 0x81, 0xF8, 0x3F, 0xFF, 0x87, 0xFF, 0xF8, 0xC7, 0xB7, 0x98, 0xE6,
    0x73, 0x18, 0xC6, 0x67, 0x18, 0xEC, 0xE3, 0x1D, 0x98, 0x61, 0xB7, 0x0C, 0x38, 0x47, 0xFE, 0x77,
    0xFF, 0xB9, 0xFF, 0x9C, 0x73, 0x8E, 0x1F, 0x87, 0xFF, 0xC3, 0xFF, 0xF9, 0xCE, 0xDC, 0xEE, 0x67,
    0x77, 0x33, 0xBB, 0x18, 0xDF, 0x8C, 0x70, 0x31, 0xC1, 0xFC, 0x0F, 0x03, 0xF8, 0x7F, 0xC6, 0x0E,
    0x00, 0xE0, 0x0E, 0x00, 0xE3, 0xFC, 0x3F, 0x80, 0x7E, 0x00, 0xE0, 0x06, 0x00, 0x60, 0x0E, 0x1F,
    0xE7, 0xF8, 0xFC, 0x0E, 0x00, 0xFF, 0xE7, 0xFE, 0x00, 0x20, 0x73, 0x8F, 0xE3, 0xE1, 0xFC, 0x7F,
    0x80, 0x60, 0x38, 0xFC, 0x3F, 0x00, 0xE0, 0x1C, 0x07, 0x3F, 0x9F, 0xCF, 0x83, 0x00, 0xFF, 0x9F,
    0xE0, 0x00, 0x63, 0x8F, 0xC7, 0x1F, 0x8E, 0x3F, 0x1C, 0x7E, 0x38, 0xEC, 0x71, 0xD8, 0xE3, 0x39,
    0xCE, 0x73, 0x9C, 0x7F, 0xF0, 0x7F, 0xC0, 0x1C, 0x00, 0x38, 0x00, 0x70, 0x00, 0xE0, 0x00, 0x03,
    0x00, 0x1C, 0x00, 0x70, 0x01, 0xC0, 0x47, 0x13, 0x9C, 0xEE, 0x71, 0xB9, 0xC6, 0xE7, 0x1B, 0x9C,
    0x7E, 0x71, 0xF9, 0xC6, 0xE7, 0x19, 0xDC, 0xE7, 0xFF, 0x0F, 0xF8, 0x07, 0x00, 0x1C, 0x00, 0x70,
    0x01, 0xC0, 0x07, 0x00, 0x0F, 0xE0, 0x7F, 0xE1, 0xF3, 0xE3, 0x81, 0xEE, 0x01, 0xDF, 0xC3, 0xBF,
    0xE7, 0x79, 0xFE, 0xE1, 0xFD, 0xC0, 0x3B, 0x80, 0x73, 0x81, 0xE7, 0xCF, 0x87, 0xFE, 0x03, 0xF8,
    0x00, 0x3F, 0x0F, 0xF3, 0xCF, 0x7C, 0xEF, 0xFF, 0xDF, 0xF9, 0xFF, 0x06, 0xFB, 0xCF, 0xF0, 0xFC,
    0x00, 0xE0, 0x0F, 0x70, 0x0F, 0x9C, 0x0F, 0xCE, 0x07, 0x07, 0x03, 0x01, 0xC3, 0x80, 0xE1, 0xC0,
    0x71, 0xC0, 0x1C, 0xE0, 0x0E, 0x60, 0x03, 0xF0, 0x01, 0xF8, 0x00, 0xF8, 0x00, 0x3C, 0x00, 0x1C,
    0x00, 0xE0, 0xFE, 0x0F, 0x71, 0xC7, 0x18, 0x73, 0x83, 0xB8, 0x3B, 0x01, 0xF0, 0x1F, 0x01, 0xE0,
    0x0E, 0x00, 0x37, 0x00, 0xEE, 0x01, 0xD8, 0x03, 0x20, 0x00, 0x03, 0x00, 0xFE, 0x03, 0xF8, 0x1C,
    0x70, 0x71, 0xC1, 0x83, 0x0E, 0x0E, 0x38, 0x38, 0xC0, 0x67, 0x01, 0xDC, 0x07, 0x60, 0x0F, 0x80,
    0x3E, 0x00, 0xF0, 0x01, 0xC0, 0x6E, 0x07, 0x70, 0x3B, 0x01, 0x90, 0xC0, 0x6E, 0x0F, 0xE0, 0xE6,
    0x1C, 0x71, 0x87, 0x18, 0x33, 0x83, 0xB0, 0x3B, 0x01, 0xF0, 0x1E, 0x00, 0xE0, 0x00, 0x00, 0x00,
    0x0F, 0xE0, 0x00, 0x0F, 0xF8, 0x00, 0x0E, 0x0E, 0x00, 0x07, 0x03, 0xA0, 0x17, 0x01, 0xD8, 0x1B,
    0x80, 0xEE, 0x1D, 0xC0, 0x37, 0x0E, 0xE0, 0x19, 0x86, 0x70, 0x0C, 0xE7, 0x38, 0x0E, 0x33, 0x9C,
    0x07, 0x1D, 0x86, 0x03, 0x8F, 0xC3, 0x83, 0x83, 0xC0, 0xFF, 0x81, 0xE0, 0x3F, 0x80, 0x70, 0x03,
    0x00, 0x30, 0x00, 0x00, 0x38, 0x00, 0x00, 0x1C, 0x00, 0x00, 0x7C, 0x00, 0x00, 0x3C, 0x00, 0x0E,
    0x08, 0x08, 0xFE, 0x70, 0x77, 0xFD, 0xC1, 0xF8, 0x73, 0x8E, 0xE0, 0xEE, 0x3B, 0x03, 0x98, 0xCC,
    0x0E, 0x77, 0x38, 0x39, 0xDC, 0xE0, 0xE3, 0x63, 0x87, 0x0F, 0x87, 0xFC, 0x1E, 0x0F, 0xE0, 0x70,
    0x0C, 0x01, 0xC0, 0x00, 0x06, 0x00, 0x00, 0x38, 0x00, 0x07, 0xC0, 0x00, 0x1E, 0x00, 0x00, 0x00,
    0x07, 0x00, 0x3F, 0xC1, 0xFF, 0xC7, 0xBB, 0xCE, 0x03, 0xB8, 0x03, 0xF0, 0x07, 0xE0, 0x0F, 0xC0,
    0x1F, 0x80, 0x3F, 0x00, 0x7E, 0x00, 0xEE, 0x03, 0x9E, 0xEF, 0x1F, 0xFC, 0x1F, 0xF0, 0x07, 0x00,
    0x04, 0x00, 0x06, 0x00, 0xF0, 0x3F, 0xC7, 0xFE, 0xE0, 0x6E, 0x07, 0xC0, 0x7C, 0x07, 0xE0, 0x7E,
    0x07, 0xE4, 0xE7, 0xFE, 0x3F, 0xC0, 0xE0, 0x00, 0x00, 0x01, 0xC0, 0x00, 0x3F, 0xC0, 0x03, 0x7C,
    0x00, 0x0E, 0x00, 0x00, 0x60, 0x00, 0x0C, 0x00, 0x00, 0x80, 0x01, 0xF9, 0xF8, 0x3F, 0x9F, 0xC7,
    0x00, 0x1C, 0x60, 0x00, 0xEE, 0x00, 0x0E, 0xE0, 0x00, 0x6E, 0x00, 0x06, 0xE0, 0x00, 0x6E, 0x0E,
    0x06, 0xE0, 0xE0, 0x6E, 0x0E, 0x0E, 0x60, 0xE0, 0xE7, 0x0E, 0x1C, 0x3F, 0xFF, 0xC1, 0xFF, 0xF8,
    0x06, 0x0C, 0x00, 0x03, 0x00, 0x03, 0xF8, 0x03, 0xBE, 0x00, 0xB8, 0x00, 0x1C, 0x00, 0x0C, 0x00,
    0x04, 0x00, 0x38, 0x38, 0x3E, 0x3E, 0x3F, 0x1F, 0xB8, 0x00, 0xFC, 0x00, 0x7E, 0x00, 0x3E, 0x0E,
    0x1F, 0x87, 0x0F, 0xC3, 0x87, 0xE1, 0xC3, 0x3F, 0xFF, 0x8F, 0xDF, 0x81, 0x83, 0x00, 0x07, 0xFC,
    0x00, 0xFF, 0x80, 0x09, 0x30, 0x00, 0x00, 0x0E, 0x0E, 0x0F, 0xC1, 0xC1, 0xF8, 0x38, 0x3F, 0x07,
    0x07, 0x60, 0xE0, 0xEE, 0x1C, 0x19, 0xC3, 0xC3, 0x38, 0xF8, 0xE3, 0x1F, 0x1C, 0x73, 0x73, 0x8E,
    0xEE, 0x60, 0xD8, 0xDC, 0x1F, 0x1F, 0x01, 0xE1, 0xE0, 0x38, 0x38, 0x00, 0x00, 0x00, 0x0F, 0xF8,
    0x0F, 0xF0, 0x08, 0x10, 0x41, 0x83, 0xE1, 0x83, 0xE1, 0x83, 0xE1, 0x87, 0xE1, 0xC7, 0x61, 0xC7,
    0x73, 0xC6, 0x73, 0xCE, 0x37, 0xEC, 0x3E, 0x7C, 0x1E, 0x78, 0x1C, 0x38, 0x00, 0x00, 0xFF, 0x3F,
    0xF7, 0x82, 0x70, 0x0E, 0x00, 0xE0, 0x0E, 0x00, 0xE0, 0x0E, 0x00, 0xE0, 0x0E, 0x00, 0x70, 0x07,
    0x80, 0x3F, 0xC1, 0xFC, 0x03, 0xC0, 0x1C, 0x01, 0xC0, 0x1C, 0x01, 0xC0, 0x0E, 0x1F, 0xDF, 0xDC,
    0x0E, 0x06, 0x03, 0x01, 0x80, 0xE0, 0x70, 0x1F, 0xC7, 0xE0, 0xF0, 0x38, 0x1C, 0x0E, 0x07, 0x00,
    0x00, 0x00, 0x18, 0x46, 0x0F, 0xC0, 0xF0, 0x0F, 0x01, 0xFE, 0x72, 0xFC, 0x0F, 0x80, 0xF8, 0x1B,
    0x87, 0x30, 0xC0, 0x00, 0x00, 0x03, 0xFF, 0xFE, 0x00, 0x06, 0x3F, 0xBE, 0xC8, 0x20, 0x26, 0x67,
    0x20, 0x07, 0x76, 0x40, 0x70, 0xFF, 0xDF, 0x80, 0x00, 0x18, 0x00, 0x00, 0x7C, 0x00, 0x00, 0x66,
    0x00, 0x00, 0x00, 0x00, 0x1E, 0x00, 0x78, 0x3F, 0x00, 0xFC, 0x33, 0x00, 0xCC, 0x00, 0x00, 0x00,
    0x00, 0x00, 0x00, 0x00, 0x00, 0x00, 0x78, 0x00, 0x1E, 0xF8, 0x00, 0x1F, 0x8C, 0x00, 0x31, 0x00,
    0x00, 0x00, 0x00, 0x00, 0x00, 0x00, 0x00, 0x00, 0x1E, 0x00, 0x78, 0x3F, 0x00, 0xFC, 0x33, 0x00,
    0xCC, 0x00, 0x18, 0x00, 0x00, 0x7C, 0x00, 0x00, 0x66, 0x00, 0x00, 0x00, 0x00, 0x00, 0x00, 0x00,
    0x00, 0x0C, 0x00, 0x00, 0x18, 0x00, 0x00, 0x18, 0x00, 0x0C, 0x38, 0x00, 0x0C, 0x10, 0x78, 0x0E,
    0x00, 0xF0, 0x06, 0x00, 0x60, 0x00, 0x00, 0x00, 0x00, 0x00, 0x00, 0x00, 0x00, 0x00, 0xF8, 0x00,
    0x1C, 0xF8, 0x00, 0x1F, 0x18, 0x00, 0x07, 0x00, 0x00, 0x00, 0x00, 0x00, 0x00, 0x00, 0x00, 0x00,
    0x02, 0x00, 0x60, 0x0F, 0x00, 0x60, 0x1E, 0x1C, 0x70, 0x18, 0x1C, 0x30, 0x00, 0x18, 0x10, 0x00,
    0x18, 0x00, 0x00, 0x30, 0x00, 0x1D, 0xC0, 0x1F, 0x80, 0x3E, 0x00, 0x00, 0x0E, 0x03, 0x9C, 0x0F,
    0x38, 0x1E, 0x70, 0x7C, 0xE1, 0xF9, 0xC7, 0x73, 0x8E, 0xE7, 0x39, 0xCE, 0xE3, 0x9F, 0xC7, 0x3F,
    0x0E, 0x7C, 0x1C, 0xF8, 0x39, 0xE0, 0x7F, 0x80, 0xF8, 0x00, 0x60, 0x01, 0xC0, 0x03, 0x00, 0x0E,
    0x00, 0x3B, 0x83, 0xF0, 0x1F, 0x00, 0x00, 0x00, 0x0E, 0x1C, 0xE3, 0xCE, 0x3C, 0xE7, 0xCE, 0xEC,
    0xEC, 0xCF, 0xCC, 0xF8, 0xCF, 0x0C, 0xF0, 0xCE, 0x0F, 0x00, 0x70, 0x07, 0x00, 0xE0, 0x0C, 0x30,
    0x01, 0x80, 0x3F, 0x81, 0xFC, 0x03, 0x00, 0x18, 0x00, 0xFF, 0x07, 0xFE, 0x39, 0xF1, 0x83, 0xCC,
    0x0E, 0x60, 0x73, 0x07, 0x9C, 0xF8, 0xFF, 0xC7, 0xF8, 0xFE, 0x1F, 0xC1, 0xC0, 0x38, 0x07, 0xF8,
    0xFF, 0x9C, 0x7B, 0x87, 0x71, 0xEF, 0xF8, 0xFE, 0x00, 0x7F, 0x8F, 0xFC, 0xE3, 0xEE, 0x0E, 0xE0,
    0xEE, 0x6E, 0xE7, 0xEF, 0xFC, 0xFF, 0x8E, 0x18, 0xE1, 0xCE, 0x0C, 0xE0, 0x0E, 0x00, 0xE0, 0x00,
    0xFF, 0x1F, 0xF3, 0x8F, 0x70, 0xEE, 0x0F, 0xC1, 0xF9, 0xBF, 0x3E, 0xF7, 0xDF, 0xF3, 0xFE, 0x70,
    0xCE, 0x19, 0xC0, 0x38, 0x00, 0x01, 0xC0, 0x70, 0x1F, 0xFF, 0xFF, 0xF8, 0x0E, 0x03, 0x80, 0xE0,
    0x38, 0x0E, 0x03, 0x80, 0xE0, 0x38, 0x0E, 0x03, 0x80, 0xE0, 0x38, 0x00, 0x03, 0x03, 0x03, 0xFF,
    0xFF, 0xE0, 0xE0, 0xE0, 0xE0, 0xE0, 0xE0, 0xE0, 0xE0, 0xE0, 0x3F, 0xE7, 0xFC, 0xC0, 0x18, 0x03,
    0x00, 0x60, 0x3F, 0xC7, 0xF8, 0x30, 0x06, 0x00, 0xC0, 0x18, 0x03, 0x00, 0x60, 0x0C, 0x00, 0x7F,
    0xBF, 0xDC, 0x0E, 0x07, 0x07, 0xF3, 0xF8, 0xE0, 0x70, 0x38, 0x1C, 0x00, 0xFF, 0xCF, 0xFC, 0xE0,
    0x0E, 0x00, 0xE0, 0x0E, 0x00, 0xFF, 0x8F, 0xFC, 0xF3, 0xEE, 0x0E, 0xE0, 0x6E, 0x07, 0xE0, 0x7E,
    0x07, 0xE0, 0xE0, 0x0E, 0x03, 0xE0, 0xFC, 0x0F, 0x80, 0xFF, 0x3F, 0xCE, 0x03, 0x80, 0xFF, 0x3F,
    0xEE, 0x3F, 0x87, 0xE1, 0xF8, 0x7E, 0x1C, 0x07, 0x03, 0x83, 0xE0, 0xF0, 0x70, 0xE1, 0xC7, 0x8E,
    0x3C, 0x38, 0xE7, 0x81, 0xCE, 0x70, 0x0E, 0xEE, 0x00, 0x7F, 0xC0, 0x07, 0xFC, 0x00, 0x3F, 0x80,
    0x07, 0xFC, 0x00, 0xEE, 0xE0, 0x1C, 0xEF, 0x03, 0xCE, 0x78, 0x38, 0xE3, 0xC7, 0x0E, 0x1F, 0xF0,
    0xE1, 0xF0, 0x00, 0x07, 0x00, 0x00, 0x70, 0x00, 0x07, 0x00, 0x00, 0x70, 0x71, 0x8E, 0x1C, 0xCE,
    0x0E, 0x67, 0x03, 0xB7, 0x00, 0xFF, 0x00, 0x3F, 0x80, 0x3F, 0xE0, 0x3B, 0xF8, 0x39, 0x9E, 0x38,
    0xC7, 0xF8, 0x61, 0xE0, 0x00, 0x70, 0x00, 0x38, 0x00, 0x1C, 0x7F, 0x8F, 0xF9, 0xCF, 0x00, 0x70,
    0x0C, 0x07, 0x87, 0xE0, 0xFE, 0x03, 0xE0, 0x1C, 0x03, 0x80, 0x77, 0x3F, 0xFF, 0x9F, 0xE0, 0x70,
    0x07, 0x03, 0xC0, 0x7F, 0x1F, 0xE6, 0x38, 0x0E, 0x3F, 0x0F, 0xE0, 0x38, 0x07, 0x63, 0x9F, 0xE7,
    0xF0, 0x30, 0x0E, 0x0F, 0x80, 0xE0, 0xF7, 0x0F, 0x38, 0x71, 0xC7, 0x0E, 0x70, 0x77, 0x03, 0xF0,
    0x1F, 0x80, 0xFE, 0x07, 0x78, 0x39, 0xE1, 0xC7, 0x8E, 0x1E, 0x70, 0x7F, 0x81, 0xE0, 0x07, 0x00,
    0x38, 0x01, 0xC0, 0x0E, 0xE3, 0xDC, 0xF3, 0x9C, 0x77, 0x0F, 0xC1, 0xF0, 0x3F, 0x87, 0x78, 0xE7,
    0x9C, 0x7F, 0x87, 0x80, 0x70, 0x0E, 0x01, 0xC0, 0x00, 0xE0, 0x3B, 0x81, 0xCE, 0x0F, 0x38, 0x38,
    0xED, 0xC3, 0xBE, 0x0E, 0xF8, 0x3F, 0xC0, 0xFF, 0x83, 0xBF, 0x0E, 0xDE, 0x3B, 0x38, 0xE0, 0x73,
    0x80, 0xEE, 0x03, 0x80, 0xE0, 0xEE, 0x1C, 0xE1, 0xCE, 0xF8, 0xEF, 0x0F, 0xE0, 0xEF, 0x0E, 0xF8,
    0xE1, 0xCE, 0x0E, 0xE0, 0x70, 0x30, 0x38, 0xC1, 0xCF, 0xEE, 0x3F, 0xF0, 0x33, 0x80, 0xDC, 0x03,
    0xF0, 0x0F, 0x80, 0x3F, 0x00, 0xCE, 0x03, 0x1C, 0x0C, 0x38, 0x30, 0x70, 0xC1, 0xE3, 0x03, 0x80,
    0x70, 0xEF, 0xDC, 0x73, 0x87, 0x70, 0x7E, 0x07, 0xE0, 0x77, 0x07, 0x38, 0x73, 0xC7, 0x1E, 0x70,
    0xE0, 0xFE, 0x0E, 0xFE, 0x1C, 0x0E, 0x38, 0x0E, 0x70, 0x0E, 0xE0, 0x0F, 0xC0, 0x0F, 0xC0, 0x0F,
    0x80, 0x0F, 0xC0, 0x0E, 0xE0, 0x0E, 0x70, 0x0E, 0x38, 0x0E, 0x1C, 0x0E, 0x1E, 0x0E, 0x0E, 0xF8,
    0x77, 0xC7, 0x06, 0x70, 0x37, 0x01, 0xF0, 0x0F, 0x80, 0x7E, 0x03, 0x38, 0x18, 0xE0, 0xC3, 0x86,
    0x1E, 0xE0, 0x33, 0x80, 0xCE, 0x03, 0x38, 0x0C, 0xE0, 0x33, 0x80, 0xCF, 0xFF, 0x3F, 0xFC, 0xE0,
    0x33, 0x80, 0xCE, 0x03, 0x38, 0x0C, 0xE0, 0x33, 0x80, 0xFE, 0x03, 0xC0, 0x03, 0x00, 0x0C, 0x00,
    0x30, 0x00, 0xC0, 0xE1, 0xCE, 0x1C, 0xE1, 0xCE, 0x1C, 0xFF, 0xCF, 0xFC, 0xE1, 0xCE, 0x1C, 0xE1,
    0xCE, 0x1E, 0xE1, 0xE0, 0x06, 0x00, 0x60, 0x06, 0xE0, 0x3F, 0xE0, 0x3F, 0xE0, 0x30, 0xE0, 0x30,
    0xE0, 0x30, 0xE0, 0x30, 0xFF, 0xF0, 0xFF, 0xF0, 0xE0, 0x30, 0xE0, 0x30, 0xE0, 0x30, 0xE0, 0x30,
    0xE0, 0x30, 0xE0, 0x30, 0xE0, 0x30, 0xE1, 0xFF, 0x0F, 0xF8, 0x71, 0xC3, 0x8F, 0xFC, 0x7F, 0xE3,
    0x87, 0x1C, 0x38, 0xE1, 0xC7, 0x0E, 0x38, 0x70, 0xFF, 0xF0, 0x0F, 0xFF, 0x00, 0xE0, 0x70, 0x0E,
    0x07, 0x00, 0xE0, 0x70, 0x0E, 0x07, 0x00, 0xE0, 0x7F, 0x8E, 0x07, 0xFE, 0xE0, 0x79, 0xEE, 0x07,
    0x07, 0xE0, 0x70, 0x7E, 0x07, 0x07, 0xE0, 0x70, 0x7E, 0x07, 0x07, 0xE0, 0x70, 0x70, 0x00, 0x0F,
    0x00, 0x01, 0xE0, 0x00, 0x7E, 0x00, 0x07, 0x80, 0xFF, 0xC0, 0x7F, 0xE0, 0x38, 0x70, 0x1C, 0x38,
    0x0E, 0x1F, 0xE7, 0x0F, 0xFB, 0x87, 0x3D, 0xC3, 0x87, 0xE1, 0xC3, 0xF0, 0xE1, 0xF8, 0x70, 0xE0,
    0x00, 0x70, 0x00, 0xF0, 0x00, 0xF8, 0x00, 0x78, 0x0F, 0xE0, 0x7F, 0xC1, 0xF1, 0x83, 0x80, 0x0E,
    0x1F, 0x9C, 0x7F, 0xB8, 0xF7, 0x71, 0x86, 0xE7, 0x0F, 0xCE, 0x1F, 0x9C, 0x33, 0x98, 0xE7, 0xFF,
    0xC7, 0xFF, 0x03, 0xF8, 0x00, 0xE0, 0x00, 0xF8, 0x00, 0xF8, 0x00, 0xF0, 0x3E, 0x0F, 0xC3, 0xE0,
    0x73, 0xEC, 0xFF, 0x9D, 0xF3, 0x1F, 0x67, 0xFF, 0xEF, 0xF8, 0xFE, 0x03, 0xC0, 0x3E, 0x03, 0xC0,
    0x0F, 0xE3, 0xFF, 0x7C, 0x67, 0x00, 0xE0, 0x0E, 0x00, 0xE0, 0x0E, 0x00, 0xE0, 0x0E, 0x00, 0xE0,
    0x07, 0x00, 0x7C, 0x63, 0xFF, 0x1F, 0xE0, 0x70, 0x03, 0x80, 0xF0, 0x3F, 0x3F, 0xBE, 0x5C, 0x0E,
    0x07, 0x03, 0x81, 0xC0, 0xF9, 0x3F, 0xCF, 0xE1, 0x80, 0xE0, 0x70, 0xF8, 0xFF, 0xFF, 0xFF, 0x06,
    0x00, 0x60, 0x06, 0x00, 0x60, 0x06, 0x00, 0x60, 0x06, 0x00, 0x60, 0x06, 0x00, 0x60, 0x06, 0x00,
    0x78, 0x07, 0x80, 0x18, 0x01, 0x80, 0x18, 0x01, 0x80, 0xFF, 0xFF, 0xF0, 0xC0, 0x30, 0x0C, 0x03,
    0x00, 0xC0, 0x30, 0x0C, 0x03, 0xC0, 0xF0, 0x1C, 0x07, 0x01, 0xC0, 0xE0, 0x3B, 0x83, 0x9C, 0x38,
    0x71, 0xC3, 0x9C, 0x0E, 0xE0, 0x7E, 0x01, 0xF0, 0x07, 0x00, 0x38, 0x01, 0xC0, 0x0E, 0x00, 0x70,
    0x03, 0x80, 0x1C, 0x00, 0xE0, 0xDC, 0x39, 0xC7, 0x38, 0xE7, 0x38, 0x77, 0x0E, 0xC1, 0xF8, 0x1F,
    0x03, 0xC0, 0x38, 0x07, 0x00, 0xE0, 0x1C, 0x03, 0x80, 0xE0, 0x3B, 0x83, 0x9C, 0x18, 0x71, 0xC3,
    0x9C, 0x0E, 0xE0, 0x7E, 0x01, 0xF0, 0x0F, 0x01, 0xFF, 0x0F, 0xF8, 0x0E, 0x00, 0x70, 0x03, 0x80,
    0x1C, 0x00, 0xE0, 0xDC, 0x39, 0xC7, 0x38, 0xC7, 0x38, 0x77, 0x0E, 0xC0, 0xF8, 0x1E, 0x0F, 0xF1,
    0xFE, 0x07, 0x00, 0xE0, 0x1C, 0x03, 0x80, 0x70, 0x79, 0xC1, 0xC3, 0x8E, 0x07, 0x78, 0x1F, 0xC0,
    0x3E, 0x00, 0x78, 0x01, 0xE0, 0x0F, 0x80, 0x3F, 0x01, 0xDE, 0x0E, 0x38, 0x38, 0x71, 0xC1, 0xFE,
    0x03, 0xC0, 0x07, 0x00, 0x1C, 0x00, 0x70, 0x01, 0xC0, 0xF1, 0xCE, 0x70, 0xEE, 0x0F, 0x81, 0xE0,
    0x1C, 0x07, 0xC1, 0xFC, 0x73, 0x8E, 0x3F, 0x83, 0x80, 0x30, 0x06, 0x00, 0xC0, 0xFF, 0xE7, 0x3F,
    0xF9, 0xC0, 0xE0, 0x70, 0x38, 0x1C, 0x0E, 0x07, 0x03, 0x81, 0xC0, 0xE0, 0x70, 0x38, 0x1C, 0x0E,
    0x07, 0x03, 0x81, 0xC0, 0xE0, 0x70, 0x38, 0x1C, 0x0E, 0x07, 0x03, 0xFF, 0xF0, 0xFF, 0xFC, 0x00,
    0x07, 0x00, 0x01, 0xC0, 0x00, 0x70, 0x00, 0x1C, 0xFF, 0x33, 0xFC, 0xC1, 0xC3, 0x07, 0x0C, 0x1C,
    0x30, 0x70, 0xC1, 0xC3, 0x07, 0x0C, 0x1C, 0x30, 0x7F, 0xF1, 0xFF, 0xC0, 0x07, 0x00, 0x1C, 0x00,
    0x70, 0xE0, 0xE7, 0x07, 0x38, 0x39, 0xC1, 0xCE, 0x0E, 0x70, 0x73, 0x83, 0x9E, 0x3C, 0x7F, 0xE1,
    0xFF, 0x00, 0x38, 0x01, 0xC0, 0x0E, 0x00, 0x7C, 0x03, 0xE0, 0x07, 0x00, 0x38, 0x01, 0xC0, 0x0E,
    0x61, 0xCC, 0x39, 0x87, 0x30, 0xE7, 0x1C, 0xFF, 0x8F, 0xF0, 0x0E, 0x01, 0xC0, 0x3C, 0x07, 0x80,
    0x30, 0x06, 0x00, 0xC0, 0xE0, 0xFC, 0x1F, 0x83, 0xF0, 0x7E, 0x0F, 0xDD, 0xFB, 0xBF, 0xFF, 0x7F,
    0xE7, 0xFC, 0x3B, 0x87, 0x70, 0xEE, 0x01, 0xC0, 0x38, 0xE1, 0xF8, 0x7E, 0x1F, 0xB7, 0x7D, 0xDF,
    0xF3, 0xFC, 0x37, 0x0D, 0xC0, 0x70, 0x1C, 0xE0, 0x0E, 0x00, 0xE0, 0x0E, 0x00, 0xE0, 0x0F, 0xFC,
    0xFF, 0xEF, 0x1E, 0xE0, 0xEE, 0x07, 0xE0, 0x7E, 0x07, 0xE0, 0x7E, 0x07, 0xE0, 0x70, 0xE0, 0x38,
    0x0E, 0x03, 0x80, 0xE0, 0x3F, 0xCF, 0xFB, 0xCF, 0xE1, 0xF8, 0x7E, 0x1F, 0x87, 0xE1, 0xF8, 0x7E,
    0x1F, 0x87, 0x01, 0xFC, 0x01, 0xFF, 0x01, 0xE7, 0xC1, 0xE0, 0xEC, 0xE0, 0x37, 0x70, 0x1F, 0xFF,
    0xFE, 0xFF, 0xFF, 0x0E, 0x00, 0x07, 0x00, 0x03, 0x80, 0x01, 0xE0, 0x00, 0x7C, 0x60, 0x1F, 0xF8,
    0x07, 0xF8, 0x07, 0xE0, 0x7F, 0xB3, 0xDF, 0xF8, 0x7F, 0xFF, 0xBF, 0xFC, 0x70, 0x03, 0x80, 0x0F,
    0x10, 0x7F, 0x81, 0xFC, 0x01, 0xFC, 0x01, 0xFF, 0x01, 0xE7, 0xC1, 0xE0, 0xEC, 0xE0, 0x37, 0x70,
    0x1F, 0xFF, 0xFE, 0xFF, 0xFF, 0x0E, 0x00, 0x07, 0x00, 0x03, 0x80, 0x01, 0xE0, 0x00, 0x7C, 0x60,
    0x1F, 0xF8, 0x07, 0xF8, 0x00, 0xE0, 0x00, 0x70, 0x00, 0x38, 0x00, 0x1C, 0x00, 0x07, 0xE0, 0x7F,
    0xB3, 0xDF, 0xF8, 0x7F, 0xFF, 0xBF, 0xFC, 0x70, 0x03, 0x80, 0x0F, 0x10, 0x7F, 0x80, 0xFC, 0x03,
    0x80, 0x1C, 0x00, 0xE0, 0xFF, 0xFF, 0xFF, 0xFF, 0xFF, 0xF8, 0x03, 0xB8, 0x00, 0x7F, 0x00, 0x07,
    0xC0, 0x00, 0x00, 0x07, 0x0E, 0x1C, 0xF1, 0xC7, 0x8E, 0x38, 0xE0, 0xE7, 0x38, 0x0E, 0xEE, 0x01,
    0xFF, 0x80, 0x1F, 0xF0, 0x01, 0xFC, 0x00, 0x7F, 0xC0, 0x1D, 0xDC, 0x07, 0x3B, 0xC1, 0xE7, 0x3C,
    0x38, 0xE3, 0x8E, 0x1C, 0x3B, 0xC3, 0x87, 0x80, 0x06, 0x60, 0x07, 0xE0, 0x03, 0xC0, 0x00, 0x00,
    0x00, 0x00, 0x71, 0x8E, 0x39, 0x9C, 0x39, 0x9C, 0x1D, 0xB8, 0x0F, 0xF0, 0x07, 0xE0, 0x0F, 0xF0,
    0x1D, 0xB8, 0x39, 0x9C, 0x71, 0x8E, 0xE1, 0x87, 0xE0, 0xEE, 0x1E, 0xE1, 0xCE, 0x38, 0xE7, 0x0E,
    0xE0, 0xFC, 0x0F, 0xF8, 0xFF, 0xCE, 0x3E, 0xE0, 0xEE, 0x07, 0xE0, 0x7E, 0x07, 0xE0, 0x70, 0x0E,
    0x01, 0xE0, 0xFC, 0x0F, 0x80, 0xE3, 0xF8, 0xEE, 0x73, 0xB8, 0xFC, 0x3F, 0xCF, 0xFB, 0x9F, 0xE1,
    0xF8, 0x7E, 0x1C, 0x07, 0x03, 0xC3, 0xE0, 0xF0, 0x0F, 0xF8, 0x1F, 0xF0, 0x38, 0x60, 0x70, 0xC0,
    0xE1, 0x81, 0xC3, 0x03, 0x86, 0x07, 0x0C, 0x0E, 0x18, 0x18, 0x30, 0x70, 0x60, 0xE0, 0xC7, 0x81,
    0x9F, 0x03, 0xF8, 0x07, 0x80, 0x07, 0x00, 0x0E, 0x00, 0x38, 0x00, 0x60, 0x1F, 0xE0, 0xFF, 0x07,
    0x18, 0x38, 0xC1, 0xC6, 0x0E, 0x30, 0x61, 0x87, 0x0C, 0x78, 0x67, 0x83, 0x38, 0x1E, 0x00, 0x70,
    0x03, 0x80, 0x38, 0x01, 0x80, 0xE0, 0x3E, 0x03, 0xE0, 0x3E, 0x03, 0xE0, 0x3E, 0x03, 0xFF, 0xFF,
    0xFF, 0xE0, 0x3E, 0x03, 0xE0, 0x3E, 0x03, 0xE0, 0x3E, 0x03, 0xE0, 0x30, 0x03, 0x00, 0x70, 0x1F,
    0x01, 0xE0, 0xE1, 0xF8, 0x7E, 0x1F, 0x87, 0xFF, 0xFF, 0xFE, 0x1F, 0x87, 0xE1, 0xF8, 0x7E, 0x1C,
    0x07, 0x01, 0xC1, 0xF0, 0x78, 0xE0, 0x33, 0x80, 0xCE, 0x03, 0x38, 0x0C, 0xE0, 0x33, 0x80, 0xCF,
    0xFF, 0x3F, 0xFC, 0xE0, 0x33, 0x80, 0xCE, 0x03, 0x38, 0x0C, 0xE0, 0x33, 0x80, 0xFE, 0x03, 0xC0,
    0x07, 0x00, 0x18, 0x00, 0xE0, 0x03, 0x00, 0xE1, 0xCE, 0x1C, 0xE1, 0xCE, 0x1C, 0xFF, 0xCF, 0xFC,
    0xE1, 0xCE, 0x1C, 0xE1, 0xCE, 0x1C, 0xE1, 0xF0, 0x07, 0x00, 0x60, 0x0E, 0x00, 0xC0, 0xE0, 0xFC,
    0x1F, 0x83, 0xF0, 0x7E, 0x0F, 0xC1, 0xF8, 0x3F, 0xCF, 0x7F, 0xE7, 0xFC, 0x03, 0x80, 0x70, 0x0E,
    0x07, 0xC0, 0xF8, 0x1C, 0x03, 0x80, 0x70, 0x0E, 0x00, 0x61, 0xD8, 0x76, 0x1D, 0x87, 0x71, 0xDF,
    0xF3, 0xFC, 0x07, 0x01, 0xC0, 0xF0, 0x3C, 0x0C, 0x03, 0x00, 0xC0, 0x70, 0x0E, 0x1C, 0x03, 0x87,
    0x81, 0xE1, 0xE0, 0x7C, 0x6C, 0x3F, 0x1B, 0x0D, 0xC6, 0x63, 0x73, 0x99, 0x9C, 0xE7, 0x67, 0x38,
    0xF9, 0xCE, 0x3C, 0x73, 0x8F, 0x1C, 0xE1, 0xC7, 0x38, 0x01, 0xFE, 0x00, 0x3C, 0x00, 0x07, 0x00,
    0x01, 0x80, 0x00, 0xE0, 0x00, 0x30, 0x70, 0x38, 0xE0, 0xF1, 0xE1, 0xE3, 0xC7, 0xCF, 0xCF, 0x9D,
    0xBF, 0x3B, 0x6E, 0x73, 0xCC, 0xE7, 0x19, 0xCE, 0x33, 0x80, 0x78, 0x00, 0x70, 0x00, 0xE0, 0x03,
    0x80, 0x06, 0x00, 0xFF, 0xFF, 0xFF, 0xFF, 0xFF, 0xF8, 0x0C, 0xC0, 0x3F, 0x00, 0x78, 0x00, 0x00,
    0x07, 0x00, 0x1E, 0x00, 0x78, 0x03, 0xF0, 0x0D, 0xC0, 0x73, 0x01, 0xCE, 0x06, 0x18, 0x38, 0x70,
    0xFF, 0xC7, 0xFF, 0x1C, 0x0E, 0x60, 0x3B, 0x80, 0x7E, 0x01, 0xC0, 0x3B, 0x8F, 0xE1, 0xF0, 0x00,
    0x00, 0x0F, 0xC3, 0xF8, 0xCF, 0x01, 0xCF, 0xF7, 0xFD, 0xE7, 0x61, 0xDC, 0x77, 0xFC, 0xFF, 0x0C,
    0xC0, 0x33, 0x00, 0x00, 0x01, 0xC0, 0x07, 0x80, 0x1E, 0x00, 0xFC, 0x03, 0x70, 0x1C, 0xC0, 0x73,
    0x81, 0x86, 0x0E, 0x1C, 0x3F, 0xF1, 0xFF, 0xC7, 0x03, 0x98, 0x0E, 0xE0, 0x1F, 0x80, 0x70, 0x3B,
    0x8E, 0xE0, 0x00, 0x00, 0x3F, 0x0F, 0xE3, 0x3C, 0x07, 0x3F, 0xDF, 0xF7, 0x9D, 0x87, 0x71, 0xDF,
    0xF3, 0xFC, 0x00, 0xFF, 0xE0, 0x1F, 0xFC, 0x07, 0xC0, 0x01, 0xD8, 0x00, 0x3B, 0x00, 0x0E, 0x60,
    0x01, 0x8F, 0xF0, 0x71, 0xFE, 0x1C, 0x30, 0x03, 0xFE, 0x00, 0xFF, 0xC0, 0x18, 0x18, 0x07, 0x03,
    0x00, 0xC0, 0x7F, 0xF8, 0x0F, 0xF8, 0x3F, 0x3E, 0x1F, 0xFF, 0x8C, 0xFD, 0xE0, 0x38, 0x73, 0xFF,
    0xFB, 0xFF, 0xFD, 0xE7, 0x00, 0xC3, 0x80, 0x71, 0xF1, 0x3F, 0xFF, 0x8F, 0xFF, 0xC0, 0x33, 0x07,
    0xE0, 0x78, 0x00, 0x0F, 0xFD, 0xFF, 0xB8, 0x07, 0x00, 0xE0, 0x1C, 0x03, 0xFE, 0x7F, 0xCE, 0x01,
    0xC0, 0x38, 0x07, 0x00, 0xE0, 0x1F, 0xFF, 0xFF, 0x80, 0x33, 0x0F, 0xC1, 0xE0, 0x00, 0x00, 0x0F,
    0xC7, 0xFB, 0xCF, 0xE1, 0xFF, 0xFF, 0xFF, 0x80, 0xE0, 0x3E, 0x67, 0xF8, 0xFE, 0x7F, 0x83, 0xFF,
    0x1C, 0x7C, 0x00, 0xE0, 0x07, 0x80, 0x1C, 0x00, 0xFF, 0xFF, 0xFF, 0xFF, 0x01, 0xF8, 0x0F, 0xC0,
    0xE7, 0x9F, 0x1F, 0xF0, 0x7E, 0x00, 0x7F, 0x1F, 0xE6, 0x78, 0x07, 0x01, 0xFF, 0xFF, 0xFF, 0x87,
    0xF3, 0x9F, 0xE3, 0xF0, 0x1D, 0xC0, 0xEE, 0x00, 0x00, 0xFF, 0x07, 0xFE, 0x38, 0xF8, 0x01, 0xC0,
    0x0F, 0x00, 0x38, 0x01, 0xFF, 0xFF, 0xFF, 0xFE, 0x03, 0xF0, 0x1F, 0x81, 0xCF, 0x3E, 0x3F, 0xE0,
    0xFC, 0x00, 0x77, 0x1D, 0xC0, 0x00, 0x00, 0x7F, 0x1F, 0xE6, 0x78, 0x07, 0x01, 0xFF, 0xFF, 0xFF,
    0x87, 0xF3, 0x9F, 0xE3, 0xF0, 0x03, 0xB8, 0x00, 0x77, 0x00, 0x00, 0x00, 0x38, 0x70, 0xE7, 0x8E,
    0x3C, 0x71, 0xC7, 0x07, 0x39, 0xC0, 0x77, 0x70, 0x0F, 0xFC, 0x00, 0xFF, 0x80, 0x0F, 0xE0, 0x03,
    0xFE, 0x00, 0xEE, 0xE0, 0x39, 0xDE, 0x0F, 0x39, 0xE1, 0xC7, 0x1C, 0x70, 0xE1, 0xDE, 0x1C, 0x3C,
    0x06, 0x60, 0x06, 0x60, 0x00, 0x00, 0x00, 0x00, 0x71, 0x8E, 0x39, 0x9C, 0x39, 0x9C, 0x1D, 0xB8,
    0x0F, 0xF0, 0x07, 0xE0, 0x0F, 0xF0, 0x1D, 0xB8, 0x39, 0x9C, 0x71, 0x8E, 0xE1, 0x87, 0x3B, 0x87,
    0x70, 0x00, 0x3F, 0xC7, 0xFC, 0xE7, 0x80, 0x38, 0x06, 0x03, 0xC3, 0xF0, 0x7F, 0x01, 0xF0, 0x0E,
    0x01, 0xC0, 0x3B, 0x9F, 0xFF, 0xCF, 0xF0, 0x77, 0x1D, 0xC0, 0x00, 0x00, 0x7F, 0x1F, 0xE6, 0x38,
    0x0E, 0x3F, 0x0F, 0xE0, 0x38, 0x07, 0x63, 0xDF, 0xE7, 0xF0, 0x7F, 0xEF, 0xFC, 0x07, 0x01, 0xE0,
    0x38, 0x0E, 0x03, 0x80, 0xFC, 0x03, 0xC0, 0x1C, 0x03, 0x80, 0x77, 0x3F, 0xFF, 0x9F, 0xE0, 0x7F,
    0xCF, 0xF8, 0x0E, 0x01, 0xC0, 0x70, 0x1C, 0x03, 0x80, 0xF8, 0x07, 0xC0, 0x38, 0x03, 0x00, 0xE6,
    0x3C, 0xFF, 0x1F, 0xC0, 0x1F, 0xC0, 0xFE, 0x00, 0x01, 0xC0, 0x7E, 0x07, 0xF0, 0x3F, 0x83, 0xFC,
    0x3F, 0xE3, 0xBF, 0x1D, 0xF9, 0xCF, 0xDC, 0x7F, 0xE3, 0xFE, 0x1F, 0xE0, 0xFF, 0x07, 0xF0, 0x3F,
    0x01, 0xC0, 0x3F, 0x8F, 0xE0, 0x00, 0x00, 0xE1, 0xF8, 0xFE, 0x3F, 0x9F, 0xEE, 0xFB, 0x3F, 0xCF,
    0xE3, 0xF0, 0xFC, 0x3E, 0x0C, 0x1D, 0xC0, 0xEE, 0x00, 0x01, 0xC0, 0x7E, 0x07, 0xF0, 0x3F, 0x83,
    0xFC, 0x3F, 0xE3, 0xBF, 0x1D, 0xF9, 0xCF, 0xDC, 0x7F, 0xE3, 0xFE, 0x1F, 0xE0, 0xFF, 0x07, 0xF0,
    0x3F, 0x01, 0xC0, 0x3B, 0x8E, 0xE0, 0x00, 0x00, 0xE1, 0xF8, 0xFE, 0x3F, 0x9F, 0xEE, 0xFB, 0x3F,
    0xCF, 0xE3, 0xF0, 0xFC, 0x3E, 0x0C, 0x0E, 0xE0, 0x1D, 0xC0, 0x00, 0x00, 0x7F, 0x03, 0xFF, 0x0F,
    0x9F, 0x1C, 0x0F, 0x70, 0x0E, 0xE0, 0x1D, 0xC0, 0x3B, 0x80, 0x37, 0x00, 0xEE, 0x01, 0xDC, 0x03,
    0x9C, 0x0F, 0x3E, 0x7C, 0x3F, 0xF0, 0x1F, 0xC0, 0x3B, 0x87, 0x70, 0x00, 0x00, 0x03, 0xF0, 0xFF,
    0x3E, 0xF7, 0x0E, 0xE0, 0xFC, 0x1F, 0x83, 0xF0, 0xEF, 0x3C, 0xFF, 0x0F, 0xC0, 0x0F, 0xE0, 0x7F,
    0xE1, 0xF3, 0xE3, 0x81, 0xEE, 0x01, 0xDC, 0x03, 0xBF, 0xFF, 0x7F, 0xFE, 0xE0, 0x1D, 0xC0, 0x3B,
    0x80, 0x73, 0x81, 0xE7, 0xCF, 0x87, 0xFE, 0x03, 0xF8, 0x00, 0x3F, 0x0F, 0xF3, 0xCF, 0x70, 0x6F,
    0xFF, 0xFF, 0xF8, 0x3F, 0x0E, 0xF3, 0xCF, 0xF0, 0xFC, 0x00, 0x0E, 0xE0, 0x1D, 0xC0, 0x00, 0x00,
    0x7F, 0x03, 0xFF, 0x0F, 0x9F, 0x1C, 0x0F, 0x70, 0x0E, 0xE0, 0x1D, 0xFF, 0xFB, 0xFF, 0xF7, 0x00,
    0xEE, 0x01, 0xDC, 0x03, 0x9C, 0x0F, 0x3E, 0x7C, 0x3F, 0xF0, 0x1F, 0xC0, 0x3B, 0x87, 0x70, 0x00,
    0x00, 0x03, 0xF0, 0xFF, 0x3C, 0xF7, 0x06, 0xFF, 0xFF, 0xFF, 0x83, 0xF0, 0xEF, 0x3C, 0xFF, 0x0F,
    0xC0, 0x3B, 0x83, 0xB8, 0x00, 0x07, 0xF0, 0xFF, 0xC6, 0x3E, 0x00, 0xE0, 0x07, 0x00, 0x71, 0xFF,
    0x1F, 0xF0, 0x07, 0x00, 0x70, 0x07, 0x00, 0xE6, 0x3E, 0xFF, 0xC7, 0xF0, 0x77, 0x1D, 0xC0, 0x00,
    0x00, 0x7E, 0x1F, 0xC6, 0x78, 0x06, 0x1F, 0xC7, 0xF0, 0x1C, 0x0E, 0x47, 0xBF, 0xCF, 0xE0, 0x1F,
    0xC0, 0xFE, 0x00, 0x01, 0xC0, 0xE7, 0x07, 0x38, 0x39, 0xC1, 0x87, 0x1C, 0x38, 0xE0, 0xE6, 0x07,
    0xF0, 0x1F, 0x80, 0x78, 0x03, 0xC0, 0x1C, 0x09, 0xE0, 0x7E, 0x03, 0xE0, 0x00, 0x3F, 0x87, 0xF0,
    0x00, 0x00, 0x0E, 0x0D, 0xC3, 0x9C, 0x73, 0x8C, 0x71, 0x87, 0x70, 0xEE, 0x0D, 0x81, 0xF0, 0x1C,
    0x03, 0x80, 0x70, 0x1C, 0x1F, 0x83, 0xE0, 0x00, 0x1D, 0xC0, 0xEE, 0x00, 0x01, 0xC0, 0xE7, 0x07,
    0x38, 0x39, 0xC1, 0x87, 0x1C, 0x38, 0xE0, 0xE6, 0x07, 0xF0, 0x1F, 0x80, 0x78, 0x03, 0xC0, 0x1C,
    0x09, 0xE0, 0x7E, 0x03, 0xE0, 0x00, 0x3B, 0x87, 0x70, 0x00, 0x00, 0x0E, 0x0D, 0xC3, 0x9C, 0x73,
    0x8C, 0x71, 0x87, 0x70, 0xEE, 0x0D, 0x81, 0xF0, 0x1C, 0x03, 0x80, 0x70, 0x1C, 0x1F, 0x83, 0xE0,
    0x00, 0x06, 0x60, 0x37, 0x03, 0xF0, 0x1B, 0x0E, 0x07, 0x38, 0x39, 0xC1, 0xCE, 0x0C, 0x38, 0xE1,
    0xC7, 0x07, 0x30, 0x3F, 0x80, 0xFC, 0x03, 0xC0, 0x1E, 0x00, 0xE0, 0x4F, 0x03, 0xF0, 0x1F, 0x00,
    0x0C, 0xC1, 0xB8, 0x7E, 0x0D, 0x80, 0x01, 0xC1, 0xB8, 0x73, 0x8E, 0x71, 0x8E, 0x30, 0xEE, 0x1D,
    0xC1, 0xB0, 0x3E, 0x03, 0x80, 0x70, 0x0E, 0x03, 0x83, 0xF0, 0x7C, 0x00, 0x3B, 0x87, 0x70, 0x00,
    0x70, 0x7E, 0x0F, 0xC1, 0xF8, 0x3F, 0x07, 0xE0, 0xFC, 0x1F, 0xC7, 0xBF, 0xF3, 0xFE, 0x01, 0xC0,
    0x38, 0x07, 0x00, 0xE0, 0x1C, 0x3B, 0x8E, 0xE0, 0x00, 0x00, 0x61, 0xD8, 0x76, 0x1D, 0x87, 0x71,
    0xDF, 0xF3, 0xFC, 0x07, 0x01, 0xC0, 0x70, 0x1C, 0xFF, 0xFF, 0xFE, 0x03, 0x80, 0xE0, 0x38, 0x0E,
    0x03, 0x80, 0xE0, 0x38, 0x0E, 0x03, 0x80, 0xE0, 0x3E, 0x0F, 0x80, 0xE0, 0x38, 0x0E, 0x03, 0x80,
    0xFF, 0xFF, 0xE0, 0xE0, 0xE0, 0xE0, 0xE0, 0xE0, 0xE0, 0xF0, 0xF0, 0x30, 0x30, 0x30, 0x06, 0x60,
    0x06, 0x60, 0x00, 0x00, 0xE0, 0x07, 0xE0, 0x07, 0xE0, 0x07, 0xE0, 0x07, 0xE0, 0x07, 0xFF, 0x87,
    0xFF, 0xC7, 0xE3, 0xE7, 0xE0, 0xE7, 0xE0, 0xE7, 0xE0, 0xE7, 0xE0, 0xE7, 0xE3, 0xE7, 0xFF, 0xC7,
    0x7F, 0x87, 0x0C, 0xC0, 0x33, 0x00, 0x00, 0x00, 0x00, 0xE0, 0x1F, 0x80, 0x7E, 0x01, 0xF8, 0x07,
    0xFF, 0x1F, 0xFE, 0x7E, 0x39, 0xF8, 0x77, 0xE3, 0x9F, 0xFE, 0x7F, 0xF1, 0xC0, 0x3F, 0xE7, 0xFC,
    0xC0, 0x18, 0x03, 0x00, 0x60, 0x1F, 0xC7, 0xFC, 0xFF, 0x06, 0x00, 0xC0, 0x18, 0x03, 0x00, 0x78,
    0x0F, 0x00, 0xE0, 0x1C, 0x07, 0x81, 0xE0, 0x00, 0x00, 0x3F, 0x3F, 0xDF, 0xEE, 0x07, 0x07, 0xF3,
    0xF8, 0xFC, 0x70, 0x38, 0x1E, 0x0F, 0x81, 0xC0, 0xE1, 0xE0, 0xF0, 0x00, 0x00, 0xE0, 0x73, 0x83,
    0x0C, 0x38, 0x73, 0x81, 0xD8, 0x0F, 0xC0, 0x3C, 0x01, 0xE0, 0x0F, 0x00, 0xFC, 0x06, 0x70, 0x73,
    0x87, 0x0E, 0x30, 0x3F, 0x81, 0xE0, 0x03, 0x00, 0x18, 0x03, 0xC0, 0x1C, 0x00, 0x00, 0x40, 0x47,
    0x1C, 0x71, 0xC3, 0xB8, 0x1F, 0x01, 0xF0, 0x0E, 0x01, 0xF0, 0x3B, 0x83, 0xB8, 0x71, 0xEE, 0x0F,
    0x00, 0x70, 0x07, 0x01, 0xE0, 0x1E, 0x00, 0x00, 0xE0, 0x73, 0x87, 0x0C, 0x38, 0x73, 0x81, 0xD8,
    0x0F, 0xC1, 0xFF, 0x8F, 0xFC, 0x0F, 0x00, 0xFC, 0x06, 0x70, 0x73, 0x87, 0x0E, 0x30, 0x3B, 0x81,
    0xC0, 0x40, 0x4E, 0x39, 0xC7, 0x1D, 0xC1, 0xF0, 0xFF, 0x9F, 0xF0, 0xF8, 0x3B, 0x87, 0x71, 0xC7,
    0x70, 0x70, 0x70, 0x39, 0xC1, 0xC7, 0x0C, 0x1C, 0xE1, 0xF7, 0x1F, 0xF1, 0xCF, 0x0E, 0x38, 0x70,
    0xC3, 0x07, 0x18, 0x1D, 0xC0, 0xE0, 0x7F, 0x87, 0xF8, 0x01, 0xC0, 0x1C, 0x01, 0xC0, 0x1C, 0x01,
    0xC0, 0x1C, 0x01, 0xC0, 0x1C, 0x7F, 0xEF, 0xFE, 0x7C, 0x7E, 0x0E, 0x0E, 0x0E, 0x0E, 0x0E, 0x0E,
    0x0E, 0x1E, 0xF6, 0xE7, 0x00, 0xFF, 0xEF, 0xFC, 0x0E, 0x01, 0xC0, 0x38, 0x07, 0x00, 0xE0, 0x1C,
    0x03, 0x80, 0x70, 0x0E, 0x01, 0xC0, 0xFF, 0xDF, 0xF8, 0x03, 0x80, 0x70, 0x0F, 0xC1, 0xF8, 0x3F,
    0x07, 0xE0, 0xFC, 0x1F, 0x83, 0xF0, 0x70, 0x7B, 0xCE, 0x73, 0x9C, 0xE7, 0x39, 0xCE, 0x70, 0xFE,
    0xF8, 0xE1, 0x87, 0x0E, 0x1C, 0x18, 0x30, 0x70, 0xE1, 0xC0, 0x7F, 0xE3, 0xFF, 0x8C, 0x0C, 0x60,
    0x73, 0x03, 0x98, 0x1C, 0xC0, 0xE6, 0x07, 0x30, 0x39, 0x81, 0xCC, 0x0E, 0x60, 0x70, 0xC7, 0xCC,
    0x7E, 0xC0, 0xEC, 0x06, 0xC0, 0x6C, 0x06, 0xE0, 0x6E, 0x06, 0xE0, 0xE7, 0x1E, 0x7F, 0xC3, 0xF8,
    0x7B, 0xCE, 0x73, 0x9C, 0xE0, 0x7F, 0x9F, 0xF0, 0x1C, 0x03, 0x00, 0xC0, 0x30, 0x0C, 0x03, 0x00,
    0xC0, 0x30, 0x0C, 0x03, 0x00, 0xC0, 0x30, 0x0C, 0x03, 0x7F, 0x1F, 0xE0, 0x38, 0x07, 0x01, 0xC0,
    0x70, 0x1C, 0x07, 0x01, 0xC0, 0xE7, 0xF9, 0xFC, 0x60, 0x1C, 0x03, 0x80, 0x70, 0x0F, 0xFD, 0xFF,
    0x80, 0x70, 0x0E, 0x03, 0x80, 0x70, 0x0C, 0x03, 0x80, 0x70, 0x0C, 0x03, 0x80, 0x70, 0xFF, 0xEF,
    0xFF, 0x70, 0x77, 0x07, 0x70, 0x77, 0x07, 0x70, 0x77, 0x07, 0x70, 0x77, 0x07, 0x7F, 0xF7, 0xFF,
    0x67, 0xE3, 0xBF, 0x9F, 0x1E, 0x70, 0x73, 0x81, 0x9C, 0x0C, 0xE0, 0x66, 0x07, 0x30, 0x3B, 0x83,
    0xDD, 0xFC, 0xEF, 0xC0, 0x7B, 0xCE, 0x73, 0x9C, 0xE7, 0x39, 0xCE, 0x73, 0x9C, 0xE7, 0xFB, 0xE1,
    0xC7, 0x1C, 0x71, 0xC7, 0x1C, 0x7F, 0xFF, 0x7F, 0xE3, 0xFF, 0x8E, 0x1C, 0x60, 0x77, 0x03, 0xB8,
    0x1D, 0xC0, 0xEE, 0x07, 0x30, 0x71, 0xC3, 0x8F, 0xF8, 0x1F, 0x80, 0x00, 0x07, 0x07, 0x70, 0x73,
    0x07, 0x30, 0x73, 0x86, 0x38, 0x61, 0x8E, 0x18, 0xE1, 0xCC, 0x1D, 0xC1, 0xF8, 0x7F, 0x0F, 0x80,
    0x00, 0x00, 0x3F, 0x0F, 0xF3, 0x87, 0x60, 0x6C, 0x0F, 0xC1, 0xFC, 0x3B, 0xC7, 0x00, 0xE0, 0x1C,
    0x03, 0x80, 0x70, 0x0E, 0x01, 0xC0, 0x38, 0x07, 0x3F, 0x0F, 0xF3, 0x87, 0x60, 0x6C, 0x0F, 0xC1,
    0xFE, 0x39, 0xC7, 0x00, 0xC0, 0x7B, 0xFE, 0x7F, 0x80, 0xE0, 0xCE, 0x19, 0xC7, 0x1C, 0xE3, 0x9C,
    0x37, 0x07, 0xE0, 0xF0, 0x0C, 0x01, 0xC0, 0x38, 0x03, 0x00, 0x70, 0x0E, 0x01, 0xC0, 0x18, 0x70,
    0xEF, 0x1C, 0xE3, 0x8E, 0x61, 0xDC, 0x1F, 0x81, 0xE0, 0x38, 0x03, 0x80, 0x39, 0xFF, 0x3F, 0xE0,
    0xFF, 0xFF, 0xFE, 0x00, 0xE0, 0x0E, 0x60, 0xE6, 0x0C, 0x61, 0xC6, 0x1C, 0x61, 0x86, 0x38, 0x63,
    0x86, 0x30, 0x60, 0x06, 0x00, 0x60, 0x06, 0x00, 0x7F, 0x1F, 0xE0, 0x1C, 0x07, 0x01, 0xC0, 0x70,
    0x1C, 0x07, 0x01, 0xC0, 0x70, 0x1C, 0x07, 0xE7, 0x1F, 0x38, 0xF9, 0xC7, 0xCE, 0x3E, 0xE1, 0xFF,
    0x0F, 0xF0, 0xFC, 0x07, 0x60, 0x3B, 0x83, 0x8F, 0xF8, 0x3F, 0x80, 0x7F, 0xF3, 0xFF, 0xC6, 0x0E,
    0x30, 0x71, 0x83, 0x8C, 0x1C, 0x60, 0xE3, 0x07, 0x18, 0x38, 0xC1, 0xDE, 0x0F, 0xE0, 0x70, 0x27,
    0x67, 0x70, 0x33, 0x77, 0x6E, 0x00, 0x6E, 0xE4, 0x00, 0x3F, 0xBF, 0xFC, 0x2C, 0x07, 0x03, 0x80,
    0xE0, 0x38, 0x0E, 0x03, 0x01, 0x80, 0x00, 0x60, 0x78, 0x3C, 0x0C, 0x00, 0x1C, 0x3E, 0x7C, 0x60,
    0x60, 0x73, 0x3F, 0xFE, 0xF8, 0x00, 0xFF, 0xFC, 0x00, 0x77, 0x30, 0xFF, 0x00, 0x6F, 0xF2, 0x0C,
    0xEE, 0x66, 0x67, 0x77, 0x77, 0x73, 0x30, 0x00, 0x18, 0x76, 0x19, 0xFE, 0x7F, 0x1F, 0x07, 0x00,
    0xC0, 0x30, 0x0C, 0x03, 0x00, 0xC0, 0x38, 0x0E, 0x03, 0x80, 0x00, 0x00, 0x06, 0x36, 0x67, 0x67,
    0x77, 0x7F, 0xE7, 0xFE, 0x70, 0x03, 0x00, 0x30, 0x03, 0x00, 0x30, 0x03, 0x00, 0x38, 0x03, 0x80,
    0x38, 0x00, 0x00, 0x00, 0x07, 0x03, 0xE1, 0xE0, 0x60, 0x38, 0x0F, 0xC1, 0xF0, 0x3C, 0x1C, 0x06,
    0x03, 0x80, 0xE0, 0x1F, 0xE3, 0xF8, 0x00, 0x1E, 0x0F, 0xC7, 0x39, 0x86, 0x61, 0xB8, 0x7E, 0x1D,
    0x86, 0x61, 0x9F, 0xE3, 0xF0, 0x00, 0x00, 0x3F, 0xCF, 0xF0, 0x2C, 0x03, 0x00, 0xE0, 0x38, 0x0E,
    0x03, 0x80, 0xE0, 0x18, 0x06, 0x01, 0x80, 0x70, 0x1C, 0x00, 0x40, 0x0E, 0x07, 0xE0, 0x67, 0x0E,
    0x70, 0xE3, 0x0C, 0x39, 0xC3, 0x98, 0x19, 0x81, 0xF8, 0x1F, 0x00, 0xF0, 0x0F, 0x00, 0xE0, 0x06,
    0x00, 0x00, 0x02, 0x00, 0x60, 0x07, 0x00, 0xF0, 0x0F, 0x00, 0xF8, 0x1F, 0x81, 0x98, 0x39, 0xC3,
    0x9C, 0x30, 0xC7, 0x0E, 0x70, 0xEE, 0x06, 0xE0, 0x70, 0x00, 0x08, 0x0F, 0x87, 0xF1, 0x9C, 0xE3,
    0x38, 0xC7, 0xF1, 0xFC, 0x1F, 0x80, 0xE0, 0x38, 0x06, 0x01, 0x80, 0x60, 0x18, 0x00, 0x00, 0x10,
    0x00, 0xE0, 0x03, 0x98, 0x06, 0x60, 0x1B, 0x80, 0x7E, 0x01, 0xF8, 0x06, 0xE0, 0x39, 0xE3, 0xC3,
    0xFF, 0x07, 0xF0, 0x7D, 0xF0, 0x18, 0x1C, 0x3E, 0x7E, 0x67, 0xE3, 0xE3, 0xE3, 0x7F, 0x7E, 0x6F,
    0xF2, 0x0C, 0xEE, 0x66, 0x67, 0x77, 0x77, 0x73, 0x30, 0x00, 0x18, 0x76, 0x19, 0xFE, 0x7F, 0x1F,
    0x07, 0x00, 0xC0, 0x30, 0x0C, 0x03, 0x00, 0xC0, 0x38, 0x0E, 0x03, 0x80, 0x00, 0x00, 0x06, 0x36,
    0x67, 0x67, 0x77, 0x7F, 0xE7, 0xFE, 0x70, 0x03, 0x00, 0x30, 0x03, 0x00, 0x30, 0x03, 0x00, 0x38,
    0x03, 0x80, 0x38, 0x00, 0x00, 0x00, 0x39, 0xE6, 0xF1, 0xB0, 0x7F, 0x9F, 0xE7, 0xE1, 0xC0, 0x30,
    0x0C, 0x03, 0x00, 0xC0, 0x30, 0x0C, 0x03, 0x00, 0x00, 0x07, 0x01, 0xE0, 0x78, 0x1F, 0x0E, 0xC3,
    0x39, 0xC6, 0x61, 0xB8, 0x6E, 0x1F, 0x87, 0xED, 0xDF, 0xE7, 0xF8, 0x00, 0x3E, 0x7E, 0x60, 0x60,
    0x60, 0x73, 0x3F, 0x1E, 0x1C, 0x38, 0x70, 0x60, 0xE0, 0xC0, 0x00, 0x40, 0x0E, 0x07, 0xE0, 0x67,
    0x0E, 0x70, 0xE3, 0x0C, 0x39, 0xC3, 0x98, 0x19, 0x81, 0xF8, 0x1F, 0x00, 0xF0, 0x0F, 0x00, 0xE0,
    0x06, 0x00, 0x00, 0x02, 0x00, 0x60, 0x07, 0x00, 0xF0, 0x0F, 0x00, 0xF8, 0x1F, 0x81, 0x98, 0x39,
    0xC3, 0x9C, 0x30, 0xC7, 0x0E, 0x70, 0xEE, 0x06, 0xE0, 0x70, 0x00, 0x08, 0x0F, 0x87, 0xF1, 0x9C,
    0xE3, 0x38, 0xC7, 0xF1, 0xFC, 0x1F, 0x80, 0xE0, 0x38, 0x06, 0x01, 0x80, 0x60, 0x18, 0x00, 0x07,
    0x00, 0x1C, 0x00, 0xF8, 0x03, 0xE0, 0x0D, 0xC0, 0x77, 0x01, 0xCC, 0x06, 0x38, 0x3F, 0xE0, 0xFF,
    0xC7, 0xFF, 0x1C, 0x0C, 0x60, 0x3B, 0x80, 0xEC, 0x01, 0x80, 0x00, 0x03, 0x00, 0x1C, 0x00, 0x30,
    0x00, 0x0F, 0x0F, 0xE3, 0xFC, 0x03, 0x00, 0xC7, 0xF3, 0xFD, 0xC3, 0x60, 0xD8, 0x77, 0xFC, 0xFF,
    0x0C, 0x01, 0x80, 0xE0, 0x18, 0x00, 0x00, 0x1E, 0x00, 0x18, 0x00, 0xE0, 0x07, 0x00, 0x18, 0x00,
    0x00, 0x01, 0xC0, 0x07, 0x00, 0x3E, 0x00, 0xF8, 0x03, 0x70, 0x1D, 0xC0, 0x73, 0x01, 0x8E, 0x0F,
    0xF8, 0x3F, 0xF1, 0xFF, 0xC7, 0x03, 0x18, 0x0E, 0xE0, 0x3B, 0x00, 0x60, 0x00, 0x03, 0xC0, 0x30,
    0x1C, 0x06, 0x01, 0x80, 0xF0, 0xFE, 0x3F, 0xC0, 0x30, 0x0C, 0x7F, 0x3F, 0xDC, 0x36, 0x0D, 0x87,
    0x7F, 0xCF, 0xF0, 0xC0, 0x00, 0x30, 0x01, 0xC0, 0x76, 0x03, 0xE0, 0x1C, 0xC0, 0x00, 0x00, 0x70,
    0x01, 0xC0, 0x0F, 0x80, 0x3E, 0x00, 0xDC, 0x07, 0x70, 0x1C, 0xC0, 0x63, 0x83, 0xFE, 0x0F, 0xFC,
    0x7F, 0xF1, 0xC0, 0xC6, 0x03, 0xB8, 0x0E, 0xC0, 0x18, 0x00, 0x60, 0xEE, 0x0F, 0xC1, 0xB8, 0x31,
    0x80, 0xF0, 0x3F, 0x83, 0xFC, 0x00, 0xC0, 0x0C, 0x1F, 0xC3, 0xFC, 0x70, 0xC6, 0x0C, 0x61, 0xC7,
    0xFC, 0x3F, 0xC0, 0xC0, 0x60, 0x01, 0xC0, 0x03, 0x70, 0x03, 0xE0, 0x1C, 0xC0, 0x00, 0x00, 0x70,
    0x01, 0xC0, 0x0F, 0x80, 0x3E, 0x00, 0xDC, 0x07, 0x70, 0x1C, 0xC0, 0x63, 0x83, 0xFE, 0x0F, 0xFC,
    0x7F, 0xF1, 0xC0, 0xC6, 0x03, 0xB8, 0x0E, 0xC0, 0x18, 0xE0, 0x1B, 0x83, 0xF0, 0x6E, 0x10, 0x83,
    0xC3, 0xF8, 0xFF, 0x00, 0xC0, 0x31, 0xFC, 0xFF, 0x70, 0xD8, 0x36, 0x1D, 0xFF, 0x3F, 0xC3, 0x00,
    0x00, 0xE0, 0x01, 0xC0, 0x07, 0x01, 0xD8, 0x0F, 0x80, 0x77, 0x00, 0x00, 0x01, 0xC0, 0x07, 0x00,
    0x3E, 0x00, 0xF8, 0x03, 0x70, 0x1D, 0xC0, 0x73, 0x01, 0x8E, 0x0F, 0xF8, 0x3F, 0xF1, 0xFF, 0xC7,
    0x03, 0x18, 0x0E, 0xE0, 0x3B, 0x00, 0x60, 0x00, 0x80, 0x1C, 0x01, 0x87, 0x70, 0xFC, 0x37, 0x04,
    0x20, 0x78, 0x3F, 0x87, 0xF8, 0x03, 0x00, 0x61, 0xFC, 0x7F, 0x9C, 0x33, 0x06, 0x61, 0xCF, 0xF8,
    0xFF, 0x06, 0x00, 0x0E, 0x40, 0x7F, 0x01, 0x98, 0x01, 0xC0, 0x0F, 0x80, 0x73, 0x00, 0x00, 0x01,
    0xC0, 0x07, 0x00, 0x3E, 0x00, 0xF8, 0x03, 0x70, 0x1D, 0xC0, 0x73, 0x01, 0x8E, 0x0F, 0xF8, 0x3F,
    0xF1, 0xFF, 0xC7, 0x03, 0x18, 0x0E, 0xE0, 0x3B, 0x00, 0x60, 0x08, 0x87, 0xE3, 0x78, 0x38, 0x0F,
    0x06, 0xE3, 0x08, 0x3C, 0x3F, 0x8F, 0xF0, 0x0C, 0x03, 0x1F, 0xCF, 0xF7, 0x0D, 0x83, 0x61, 0xDF,
    0xF3, 0xFC, 0x30, 0x07, 0x00, 0x3E, 0x01, 0xDC, 0x06, 0x30, 0x00, 0x00, 0x1C, 0x00, 0x70, 0x03,
    0xE0, 0x0F, 0x80, 0x37, 0x01, 0xDC, 0x07, 0x30, 0x18, 0xE0, 0xFF, 0x83, 0xFF, 0x1F, 0xFC, 0x70,
    0x31, 0x80, 0xEE, 0x03, 0xB0, 0x06, 0x00, 0x00, 0x0C, 0x00, 0x70, 0x00, 0xC0, 0x0F, 0x07, 0xC1,
    0xB8, 0xC3, 0x0F, 0x0F, 0xE3, 0xFC, 0x03, 0x00, 0xC7, 0xF3, 0xFD, 0xC3, 0x60, 0xD8, 0x77, 0xFC,
    0xFF, 0x0C, 0x01, 0x80, 0xE0, 0x18, 0x00, 0x00, 0x06, 0x00, 0x30, 0x06, 0xB0, 0x0F, 0xC0, 0x3E,
    0x00, 0x00, 0x01, 0xC0, 0x07, 0x00, 0x3E, 0x00, 0xF8, 0x03, 0x70, 0x1D, 0xC0, 0x73, 0x01, 0x8E,
    0x0F, 0xF8, 0x3F, 0xF1, 0xFF, 0xC7, 0x03, 0x18, 0x0E, 0xE0, 0x3B, 0x00, 0x60, 0x03, 0x01, 0xC1,
    0x68, 0x66, 0x1F, 0x83, 0x80, 0xF0, 0xFE, 0x3F, 0xC0, 0x30, 0x0C, 0x7F, 0x3F, 0xDC, 0x36, 0x0D,
    0x87, 0x7F, 0xCF, 0xF0, 0xC0, 0x00, 0x00, 0x38, 0x00, 0x60, 0x06, 0xB0, 0x0F, 0xC0, 0x3E, 0x00,
    0x00, 0x01, 0xC0, 0x07, 0x00, 0x3E, 0x00, 0xF8, 0x03, 0x70, 0x1D, 0xC0, 0x73, 0x01, 0x8E, 0x0F,
    0xF8, 0x3F, 0xF1, 0xFF, 0xC7, 0x03, 0x18, 0x0E, 0xE0, 0x3B, 0x00, 0x60, 0x1C, 0x03, 0x01, 0x68,
    0x66, 0x1F, 0x83, 0x80, 0xF0, 0xFE, 0x3F, 0xC0, 0x30, 0x0C, 0x7F, 0x3F, 0xDC, 0x36, 0x0D, 0x87,
    0x7F, 0xCF, 0xF0, 0xC0, 0x07, 0x00, 0x0C, 0x00, 0x30, 0x06, 0xB0, 0x0F, 0xC0, 0x3E, 0x00, 0x00,
    0x01, 0xC0, 0x07, 0x00, 0x3E, 0x00, 0xF8, 0x03, 0x70, 0x1D, 0xC0, 0x73, 0x01, 0x8E, 0x0F, 0xF8,
    0x3F, 0xF1, 0xFF, 0xC7, 0x03, 0x18, 0x0E, 0xE0, 0x3B, 0x00, 0x60, 0x04, 0x03, 0xC0, 0x70, 0x5A,
    0x19, 0x87, 0xE0, 0xE0, 0x3C, 0x3F, 0x8F, 0xF0, 0x0C, 0x03, 0x1F, 0xCF, 0xF7, 0x0D, 0x83, 0x61,
    0xDF, 0xF3, 0xFC, 0x30, 0x0E, 0x40, 0x7F, 0x01, 0x98, 0x06, 0x30, 0x1F, 0xC0, 0x3E, 0x00, 0x00,
    0x01, 0xC0, 0x07, 0x00, 0x3E, 0x00, 0xF8, 0x03, 0x70, 0x1D, 0xC0, 0x73, 0x01, 0x8E, 0x0F, 0xF8,
    0x3F, 0xF1, 0xFF, 0xC7, 0x03, 0x18, 0x0E, 0xE0, 0x3B, 0x00, 0x60, 0x08, 0x87, 0xE3, 0x78, 0x42,
    0x19, 0x87, 0xE0, 0xE0, 0x3C, 0x3F, 0x8F, 0xF0, 0x0C, 0x03, 0x1F, 0xCF, 0xF7, 0x0D, 0x83, 0x61,
    0xDF, 0xF3, 0xFC, 0x30, 0x18, 0x40, 0x77, 0x00, 0xFC, 0x01, 0xC0, 0x00, 0x00, 0x1C, 0x00, 0x70,
    0x03, 0xE0, 0x0F, 0x80, 0x37, 0x01, 0xDC, 0x07, 0x30, 0x18, 0xE0, 0xFF, 0x83, 0xFF, 0x1F, 0xFC,
    0x70, 0x31, 0x80, 0xEE, 0x03, 0xB0, 0x06, 0x00, 0x00, 0x0C, 0x00, 0x70, 0x00, 0xC0, 0x10, 0x86,
    0xE1, 0xF8, 0x38, 0x0F, 0x0F, 0xE3, 0xFC, 0x03, 0x00, 0xC7, 0xF3, 0xFD, 0xC3, 0x60, 0xD8, 0x77,
    0xFC, 0xFF, 0x0C, 0x03, 0x80, 0xE0, 0x38, 0xFF, 0xFF, 0xF0, 0x18, 0x0C, 0x06, 0x03, 0xFD, 0xFE,
    0xC0, 0x60, 0x30, 0x18, 0x0C, 0x07, 0xFF, 0xFE, 0x00, 0x18, 0x0E, 0x06, 0x00, 0x1E, 0x0F, 0xC7,
    0xFB, 0x87, 0xE1, 0xFF, 0xFF, 0xFF, 0x00, 0xE0, 0x38, 0x07, 0xFC, 0xFE, 0x06, 0x03, 0x00, 0xE0,
    0x30, 0x00, 0x1E, 0x03, 0x81, 0xC1, 0xC0, 0xC0, 0x01, 0xFF, 0xFF, 0xE0, 0x30, 0x18, 0x0C, 0x07,
    0xFB, 0xFD, 0x80, 0xC0, 0x60, 0x30, 0x18, 0x0F, 0xFF, 0xFC, 0x00, 0x07, 0x80, 0x70, 0x1C, 0x0E,
    0x03, 0x01, 0xE0, 0xFC, 0x7F, 0xB8, 0x7E, 0x1F, 0xFF, 0xFF, 0xF0, 0x0E, 0x03, 0x80, 0x7F, 0xCF,
    0xE0, 0x60, 0x31, 0x3F, 0xBF, 0xD8, 0xC0, 0x07, 0xFF, 0xFF, 0x80, 0xC0, 0x60, 0x30, 0x1F, 0xEF,
    0xF6, 0x03, 0x01, 0x80, 0xC0, 0x60, 0x3F, 0xFF, 0xF0, 0x10, 0x9F, 0xE7, 0xF9, 0x18, 0x1E, 0x0F,
    0xC7, 0xFB, 0x87, 0xE1, 0xFF, 0xFF, 0xFF, 0x00, 0xE0, 0x38, 0x07, 0xFC, 0xFE, 0x06, 0x00, 0x00,
    0xC0, 0x73, 0xF8, 0xF8, 0x67, 0x00, 0x0F, 0xFB, 0xFE, 0xC0, 0x30, 0x0C, 0x03, 0x00, 0xFF, 0x3F,
    0xCC, 0x03, 0x00, 0xC0, 0x30, 0x0C, 0x03, 0xFE, 0xFF, 0x80, 0x00, 0xE1, 0xB8, 0x7E, 0x1F, 0x82,
    0x10, 0x3C, 0x0F, 0xC3, 0xFC, 0xE1, 0xDC, 0x3B, 0xFF, 0x7F, 0xEC, 0x01, 0xC0, 0x38, 0x03, 0xFE,
    0x3F, 0x80, 0xC0, 0x60, 0x0C, 0x00, 0xDC, 0x07, 0xC1, 0x9C, 0x00, 0x0F, 0xF9, 0xFF, 0x30, 0x06,
    0x00, 0xC0, 0x18, 0x03, 0xFC, 0x7F, 0x8C, 0x01, 0x80, 0x30, 0x06, 0x00, 0xC0, 0x1F, 0xF3, 0xFE,
    0xE0, 0x0E, 0xE0, 0xFC, 0x0E, 0xC1, 0x08, 0x1E, 0x07, 0xE1, 0xFE, 0x70, 0xEE, 0x1D, 0xFF, 0xBF,
    0xF6, 0x00, 0xE0, 0x1C, 0x01, 0xFF, 0x1F, 0xC0, 0x60, 0x03, 0x80, 0xE0, 0x18, 0xFC, 0x3E, 0x19,
    0xC0, 0x03, 0xFE, 0xFF, 0xB0, 0x0C, 0x03, 0x00, 0xC0, 0x3F, 0xCF, 0xF3, 0x00, 0xC0, 0x30, 0x0C,
    0x03, 0x00, 0xFF, 0xBF, 0xE0, 0x00, 0x00, 0x70, 0x0C, 0x37, 0x1F, 0x8F, 0xC2, 0x10, 0x78, 0x3F,
    0x1F, 0xEE, 0x1F, 0x87, 0xFF, 0xFF, 0xFC, 0x03, 0x80, 0xE0, 0x1F, 0xF3, 0xF8, 0x18, 0x7B, 0x3F,
    0x13, 0x87, 0x83, 0xE3, 0x38, 0x01, 0xFF, 0xFF, 0xE0, 0x30, 0x18, 0x0C, 0x07, 0xFB, 0xFD, 0x80,
    0xC0, 0x60, 0x30, 0x18, 0x0F, 0xFF, 0xFC, 0x19, 0x0F, 0xC6, 0xF0, 0x30, 0x1E, 0x0F, 0xC2, 0x10,
    0x78, 0x3F, 0x1F, 0xEE, 0x1F, 0x87, 0xFF, 0xFF, 0xFC, 0x03, 0x80, 0xE0, 0x1F, 0xF3, 0xF8, 0x18,
    0x1C, 0x1F, 0x1D, 0xCC, 0x60, 0x07, 0xFF, 0xFF, 0x80, 0xC0, 0x60, 0x30, 0x1F, 0xEF, 0xF6, 0x03,
    0x01, 0x80, 0xC0, 0x60, 0x3F, 0xFF, 0xF0, 0x00, 0xC0, 0x70, 0x30, 0x1E, 0x0F, 0x83, 0x71, 0x86,
    0x1E, 0x0F, 0xC7, 0xFB, 0x87, 0xE1, 0xFF, 0xFF, 0xFF, 0x00, 0xE0, 0x38, 0x07, 0xFC, 0xFE, 0x06,
    0x03, 0x00, 0xE0, 0x30, 0x38, 0x78, 0x30, 0xE1, 0x82, 0x3F, 0xBE, 0x38, 0x70, 0xE1, 0xC3, 0x87,
    0x0E, 0x1C, 0x38, 0x70, 0xE3, 0xEF, 0xE0, 0x07, 0x8C, 0xE6, 0x31, 0x1C, 0xE7, 0x39, 0xCE, 0x73,
    0x9C, 0xE7, 0x00, 0xFE, 0xF8, 0xE1, 0xC3, 0x87, 0x0E, 0x1C, 0x38, 0x70, 0xE1, 0xC3, 0x8F, 0xBF,
    0x80, 0x38, 0x70, 0xE0, 0x5F, 0x85, 0xFF, 0xFF, 0xFF, 0xFF, 0x0F, 0xB0, 0x00, 0x00, 0x7F, 0x83,
    0xFF, 0x1E, 0x0E, 0x70, 0x1F, 0x80, 0x7E, 0x01, 0xF8, 0x03, 0xE0, 0x0F, 0x80, 0x3E, 0x01, 0xF8,
    0x07, 0x70, 0x1D, 0xE0, 0xE3, 0xFF, 0x07, 0xF8, 0x03, 0x00, 0x0C, 0x00, 0x38, 0x00, 0xC0, 0x0E,
    0x07, 0xF1, 0xFF, 0x70, 0xEE, 0x0F, 0x81, 0xF0, 0x3F, 0x07, 0xE0, 0xFC, 0x39, 0xFF, 0x1F, 0xC0,
    0xC0, 0x18, 0x03, 0x80, 0x60, 0x07, 0x80, 0x1F, 0x00, 0x0C, 0x00, 0xF0, 0x03, 0x00, 0x0C, 0x01,
    0xFE, 0x0F, 0xFC, 0x78, 0x39, 0xC0, 0x7E, 0x01, 0xF8, 0x07, 0xE0, 0x0F, 0x80, 0x3E, 0x00, 0xF8,
    0x07, 0xE0, 0x1D, 0xC0, 0x77, 0x83, 0x8F, 0xFC, 0x1F, 0xE0, 0x0C, 0x00, 0x00, 0x03, 0xE0, 0x1C,
    0x03, 0x80, 0xE0, 0x18, 0x03, 0x81, 0xFC, 0x7F, 0xDC, 0x3B, 0x83, 0xE0, 0x7C, 0x0F, 0xC1, 0xF8,
    0x3F, 0x0E, 0x7F, 0xC7, 0xF0, 0x30, 0x00, 0x00, 0x18, 0x00, 0xE0, 0x7F, 0x01, 0xF0, 0x0C, 0xC0,
    0x00, 0x01, 0xFE, 0x0F, 0xFC, 0x78, 0x39, 0xC0, 0x7E, 0x01, 0xF8, 0x07, 0xE0, 0x0F, 0x80, 0x3E,
    0x00, 0xF8, 0x07, 0xE0, 0x1D, 0xC0, 0x77, 0x83, 0x8F, 0xFC, 0x1F, 0xE0, 0x0C, 0x00, 0x00, 0xE1,
    0xD8, 0x7E, 0x1D, 0x83, 0x18, 0x1C, 0x0F, 0xE3, 0xFE, 0xE1, 0xDC, 0x1F, 0x03, 0xE0, 0x7E, 0x0F,
    0xC1, 0xF8, 0x73, 0xFE, 0x3F, 0x81, 0x80, 0x30, 0x00, 0xC0, 0x01, 0xF8, 0x01, 0xF0, 0x0C, 0xE0,
    0x00, 0x01, 0xFE, 0x0F, 0xFC, 0x78, 0x39, 0xC0, 0x7E, 0x01, 0xF8, 0x07, 0xE0, 0x0F, 0x80, 0x3E,
    0x00, 0xF8, 0x07, 0xE0, 0x1D, 0xC0, 0x77, 0x83, 0x8F, 0xFC, 0x1F, 0xE0, 0x0C, 0x00, 0x60, 0x07,
    0x70, 0x1F, 0x81, 0xD8, 0x18, 0xC0, 0x70, 0x1F, 0xC3, 0xFE, 0x70, 0xE7, 0x07, 0x60, 0x76, 0x07,
    0x70, 0x77, 0x07, 0x70, 0xE3, 0xFE, 0x1F, 0xC0, 0x60, 0x00, 0x70, 0x01, 0xC0, 0x03, 0x01, 0xF8,
    0x07, 0xC0, 0x33, 0x00, 0x00, 0x07, 0xF8, 0x3F, 0xF1, 0xE0, 0xE7, 0x01, 0xF8, 0x07, 0xE0, 0x1F,
    0x80, 0x3E, 0x00, 0xF8, 0x03, 0xE0, 0x1F, 0x80, 0x77, 0x01, 0xDE, 0x0E, 0x3F, 0xF0, 0x7F, 0x80,
    0x30, 0x00, 0x00, 0x00, 0x38, 0x01, 0x87, 0x61, 0xF8, 0x76, 0x0C, 0x60, 0x70, 0x3F, 0x8F, 0xFB,
    0x87, 0x70, 0x7C, 0x0F, 0x81, 0xF8, 0x3F, 0x07, 0xE1, 0xCF, 0xF8, 0xFE, 0x06, 0x00, 0x0F, 0x60,
    0x3F, 0x00, 0x9C, 0x01, 0xE0, 0x07, 0xC0, 0x33, 0x00, 0x00, 0x07, 0xF8, 0x3F, 0xF1, 0xE0, 0xE7,
    0x01, 0xF8, 0x07, 0xE0, 0x1F, 0x80, 0x3E, 0x00, 0xF8, 0x03, 0xE0, 0x1F, 0x80, 0x77, 0x01, 0xDE,
    0x0E, 0x3F, 0xF0, 0x7F, 0x80, 0x30, 0x00, 0x19, 0x87, 0xF0, 0xDC, 0x07, 0x01, 0xE0, 0x76, 0x0C,
    0x60, 0x70, 0x3F, 0x8F, 0xFB, 0x87, 0x70, 0x7C, 0x0F, 0x81, 0xF8, 0x3F, 0x07, 0xE1, 0xCF, 0xF8,
    0xFE, 0x06, 0x00, 0x07, 0x80, 0x1F, 0x00, 0xEE, 0x02, 0x18, 0x00, 0x00, 0x7F, 0x83, 0xFF, 0x1E,
    0x0E, 0x70, 0x1F, 0x80, 0x7E, 0x01, 0xF8, 0x03, 0xE0, 0x0F, 0x80, 0x3E, 0x01, 0xF8, 0x07, 0x70,
    0x1D, 0xE0, 0xE3, 0xFF, 0x07, 0xF8, 0x03, 0x00, 0x0C, 0x00, 0x38, 0x00, 0xC0, 0x0E, 0x03, 0xE0,
    0xEE, 0x18, 0xC0, 0xE0, 0x7F, 0x1F, 0xF7, 0x0E, 0xE0, 0xF8, 0x1F, 0x03, 0xF0, 0x7E, 0x0F, 0xC3,
    0x9F, 0xF1, 0xFC, 0x0C, 0x01, 0x80, 0x38, 0x06, 0x00, 0x01, 0xC0, 0x01, 0xC0, 0x03, 0x80, 0x03,
    0x00, 0x00, 0x07, 0x1F, 0xE7, 0x3F, 0xF6, 0x78, 0x3E, 0x70, 0x1C, 0xE0, 0x1C, 0xE0, 0x1C, 0xE0,
    0x0C, 0xE0, 0x0C, 0xE0, 0x0C, 0xE0, 0x1C, 0xE0, 0x1C, 0x70, 0x1C, 0x78, 0x38, 0x3F, 0xF0, 0x1F,
    0xE0, 0x03, 0x00, 0x07, 0x00, 0x38, 0x03, 0x80, 0x18, 0x70, 0xE3, 0x9F, 0xF9, 0xFF, 0x9C, 0x18,
    0xE0, 0xE6, 0x07, 0x30, 0x39, 0x81, 0xCE, 0x0E, 0x70, 0xE1, 0xFF, 0x07, 0xF0, 0x0C, 0x00, 0x0E,
    0x00, 0x07, 0x00, 0x03, 0x80, 0x01, 0x80, 0x00, 0x07, 0x1F, 0xE7, 0x3F, 0xF6, 0x78, 0x3E, 0x70,
    0x1C, 0xE0, 0x1C, 0xE0, 0x1C, 0xE0, 0x0C, 0xE0, 0x0C, 0xE0, 0x0C, 0xE0, 0x1C, 0xE0, 0x1C, 0x70,
    0x1C, 0x78, 0x38, 0x3F, 0xF0, 0x1F, 0xE0, 0x03, 0x00, 0x38, 0x00, 0xE0, 0x03, 0x80, 0x0C, 0x70,
    0xE3, 0x9F, 0xF9, 0xFF, 0x9C, 0x18, 0xE0, 0xE6, 0x07, 0x30, 0x39, 0x81, 0xCE, 0x0E, 0x70, 0xE1,
    0xFF, 0x07, 0xF0, 0x0C, 0x00, 0x00, 0x00, 0x07, 0x80, 0x01, 0xC0, 0x01, 0x80, 0x03, 0x80, 0x03,
    0x00, 0x00, 0x07, 0x1F, 0xE7, 0x3F, 0xF6, 0x78, 0x3E, 0x70, 0x1C, 0xE0, 0x1C, 0xE0, 0x1C, 0xE0,
    0x0C, 0xE0, 0x0C, 0xE0, 0x0C, 0xE0, 0x1C, 0xE0, 0x1C, 0x70, 0x1C, 0x78, 0x38, 0x3F, 0xF0, 0x1F,
    0xE0, 0x03, 0x00, 0x00, 0x00, 0xF0, 0x01, 0xC0, 0x0E, 0x00, 0xE0, 0x06, 0x1C, 0x38, 0xE7, 0xFE,
    0x7F, 0xE7, 0x06, 0x38, 0x39, 0x81, 0xCC, 0x0E, 0x60, 0x73, 0x83, 0x9C, 0x38, 0x7F, 0xC1, 0xFC,
    0x03, 0x00, 0x04, 0x20, 0x0F, 0xE0, 0x1F, 0xE0, 0x18, 0xC0, 0x00, 0x07, 0x1F, 0xE7, 0x3F, 0xF6,
    0x78, 0x3E, 0x70, 0x1C, 0xE0, 0x1C, 0xE0, 0x1C, 0xE0, 0x0C, 0xE0, 0x0C, 0xE0, 0x0C, 0xE0, 0x1C,
    0xE0, 0x1C, 0x70, 0x1C, 0x78, 0x38, 0x3F, 0xF0, 0x1F, 0xE0, 0x03, 0x00, 0x18, 0x81, 0xFC, 0x1F,
    0xE0, 0xC6, 0x70, 0xE3, 0x9F, 0xF9, 0xFF, 0x9C, 0x18, 0xE0, 0xE6, 0x07, 0x30, 0x39, 0x81, 0xCE,
    0x0E, 0x70, 0xE1, 0xFF, 0x07, 0xF0, 0x0C, 0x00, 0x00, 0x07, 0x1F, 0xE7, 0x3F, 0xF6, 0x78, 0x3E,
    0x70, 0x1C, 0xE0, 0x1C, 0xE0, 0x1C, 0xE0, 0x0C, 0xE0, 0x0C, 0xE0, 0x0C, 0xE0, 0x1C, 0xE0, 0x1C,
    0x70, 0x1C, 0x78, 0x38, 0x3F, 0xF0, 0x1F, 0xE0, 0x03, 0x00, 0x03, 0x00, 0x03, 0x80, 0x03, 0x00,
    0x00, 0x38, 0x71, 0xCF, 0xFC, 0xFF, 0xCE, 0x0C, 0x70, 0x73, 0x03, 0x98, 0x1C, 0xC0, 0xE7, 0x07,
    0x38, 0x70, 0xFF, 0x83, 0xF8, 0x06, 0x00, 0x30, 0x01, 0xC0, 0x0C, 0x00, 0x60, 0x3F, 0x01, 0xF8,
    0x0F, 0xC0, 0x7E, 0x03, 0xF0, 0x1F, 0x80, 0xFC, 0x07, 0xE0, 0x3F, 0x01, 0xD8, 0x0E, 0xC0, 0x67,
    0x07, 0x1F, 0xF0, 0x7F, 0x00, 0xE0, 0x07, 0x00, 0x38, 0x01, 0xC0, 0x40, 0x5C, 0x1B, 0x83, 0x70,
    0x6E, 0x0D, 0xC1, 0xB8, 0x37, 0x06, 0xE0, 0xDC, 0x39, 0xFF, 0x3F, 0xE0, 0xC0, 0x18, 0x03, 0x80,
    0x60, 0x07, 0x00, 0x3C, 0x00, 0x60, 0x07, 0x00, 0x30, 0x01, 0x01, 0x80, 0xFC, 0x07, 0xE0, 0x3F,
    0x01, 0xF8, 0x0F, 0xC0, 0x7E, 0x03, 0xF0, 0x1F, 0x80, 0xFC, 0x07, 0x60, 0x3B, 0x01, 0x9C, 0x1C,
    0x7F, 0xC1, 0xFC, 0x03, 0x80, 0x00, 0x03, 0xE0, 0x1C, 0x03, 0x80, 0xE0, 0x18, 0x10, 0x17, 0x06,
    0xE0, 0xDC, 0x1B, 0x83, 0x70, 0x6E, 0x0D, 0xC1, 0xB8, 0x37, 0x0E, 0x7F, 0xCF, 0xF8, 0x30, 0x00,
    0x01, 0xC0, 0x01, 0xC0, 0x01, 0xC0, 0x00, 0xC0, 0x00, 0x00, 0x33, 0x01, 0xFB, 0x80, 0xFD, 0xC0,
    0x7C, 0xE0, 0x38, 0x70, 0x1C, 0x38, 0x0E, 0x1C, 0x07, 0x0E, 0x03, 0x87, 0x01, 0xC3, 0x80, 0xE0,
    0xC0, 0x70, 0x60, 0x30, 0x38, 0x38, 0x0F, 0xFC, 0x03, 0xFC, 0x00, 0x30, 0x00, 0x03, 0x80, 0x1C,
    0x00, 0xE0, 0x03, 0x07, 0x40, 0x5F, 0x83, 0xEE, 0x0F, 0xB8, 0x38, 0xE0, 0xC3, 0x83, 0x0E, 0x0C,
    0x38, 0x30, 0xE0, 0xC3, 0x87, 0x07, 0xFC, 0x1F, 0xF0, 0x0C, 0x00, 0x0E, 0x00, 0x07, 0x00, 0x01,
    0xC0, 0x00, 0x60, 0x00, 0x00, 0x33, 0x01, 0xFB, 0x80, 0xFD, 0xC0, 0x7C, 0xE0, 0x38, 0x70, 0x1C,
    0x38, 0x0E, 0x1C, 0x07, 0x0E, 0x03, 0x87, 0x01, 0xC3, 0x80, 0xE0, 0xC0, 0x70, 0x60, 0x30, 0x38,
    0x38, 0x0F, 0xFC, 0x03, 0xFC, 0x00, 0x30, 0x00, 0x1C, 0x00, 0x70, 0x00, 0xE0, 0x01, 0x87, 0x40,
    0x5F, 0x83, 0xEE, 0x0F, 0xB8, 0x38, 0xE0, 0xC3, 0x83, 0x0E, 0x0C, 0x38, 0x30, 0xE0, 0xC3, 0x87,
    0x07, 0xFC, 0x1F, 0xF0, 0x0C, 0x00, 0x07, 0x00, 0x03, 0xC0, 0x00, 0x60, 0x00, 0x70, 0x00, 0x30,
    0x00, 0x10, 0x19, 0x80, 0xFD, 0xC0, 0x7E, 0xE0, 0x3E, 0x70, 0x1C, 0x38, 0x0E, 0x1C, 0x07, 0x0E,
    0x03, 0x87, 0x01, 0xC3, 0x80, 0xE1, 0xC0, 0x70, 0x60, 0x38, 0x30, 0x18, 0x1C, 0x1C, 0x07, 0xFE,
    0x01, 0xFE, 0x00, 0x18, 0x00, 0x00, 0x00, 0x3C, 0x00, 0x30, 0x01, 0xC0, 0x0E, 0x00, 0x30, 0x74,
    0x05, 0xF8, 0x3E, 0xE0, 0xFB, 0x83, 0x8E, 0x0C, 0x38, 0x30, 0xE0, 0xC3, 0x83, 0x0E, 0x0C, 0x38,
    0x70, 0x7F, 0xC1, 0xFF, 0x00, 0xC0, 0x00, 0x0C, 0x60, 0x0F, 0xF0, 0x07, 0xF0, 0x02, 0x30, 0x00,
    0x00, 0x33, 0x01, 0xFB, 0x80, 0xFD, 0xC0, 0x7C, 0xE0, 0x38, 0x70, 0x1C, 0x38, 0x0E, 0x1C, 0x07,
    0x0E, 0x03, 0x87, 0x01, 0xC3, 0x80, 0xE0, 0xC0, 0x70, 0x60, 0x30, 0x38, 0x38, 0x0F, 0xFC, 0x03,
    0xFC, 0x00, 0x30, 0x00, 0x18, 0x80, 0xFE, 0x07, 0xF8, 0x18, 0xC7, 0x40, 0x5F, 0x83, 0xEE, 0x0F,
    0xB8, 0x38, 0xE0, 0xC3, 0x83, 0x0E, 0x0C, 0x38, 0x30, 0xE0, 0xC3, 0x87, 0x07, 0xFC, 0x1F, 0xF0,
    0x0C, 0x00, 0x00, 0x03, 0x30, 0x1F, 0xB8, 0x0F, 0xDC, 0x07, 0xCE, 0x03, 0x87, 0x01, 0xC3, 0x80,
    0xE1, 0xC0, 0x70, 0xE0, 0x38, 0x70, 0x1C, 0x38, 0x0E, 0x0C, 0x07, 0x06, 0x03, 0x03, 0x83, 0x80,
    0xFF, 0xC0, 0x3F, 0xC0, 0x03, 0x00, 0x01, 0x80, 0x01, 0xC0, 0x00, 0x60, 0x00, 0x00, 0x1D, 0x01,
    0x7E, 0x0F, 0xB8, 0x3E, 0xE0, 0xE3, 0x83, 0x0E, 0x0C, 0x38, 0x30, 0xE0, 0xC3, 0x83, 0x0E, 0x1C,
    0x1F, 0xF0, 0x7F, 0xC0, 0x30, 0x00, 0xC0, 0x03, 0x80, 0x0C, 0x00, 0x0C, 0x00, 0x70, 0x01, 0xC0,
    0x06, 0x00, 0x00, 0x70, 0x1D, 0xC1, 0xCE, 0x1C, 0x38, 0xE1, 0xCE, 0x07, 0x70, 0x3F, 0x00, 0xF8,
    0x03, 0x80, 0x1C, 0x00, 0xE0, 0x07, 0x00, 0x38, 0x01, 0xC0, 0x0E, 0x00, 0x18, 0x03, 0x80, 0x38,
    0x03, 0x00, 0x00, 0x00, 0x38, 0x37, 0x0E, 0x71, 0xCE, 0x31, 0xC6, 0x1D, 0xC3, 0xB8, 0x36, 0x07,
    0xC0, 0x70, 0x0E, 0x01, 0xC0, 0x70, 0x7E, 0x0F, 0x80, 0xE0, 0x7E, 0x06, 0x70, 0xE7, 0x0C, 0x39,
    0xC3, 0x98, 0x1F, 0x80, 0xF0, 0x0F, 0x00, 0x60, 0x06, 0x00, 0x60, 0x06, 0x00, 0x60, 0x06, 0x00,
    0x00, 0x06, 0x00, 0xE0, 0x06, 0x00, 0xC0, 0x5C, 0x1F, 0x83, 0x30, 0xE7, 0x1C, 0xE3, 0x0E, 0xE1,
    0xD8, 0x1B, 0x03, 0xE0, 0x38, 0x07, 0x00, 0xE0, 0x1B, 0x07, 0x67, 0xCC, 0xF0, 0x00, 0x0E, 0x00,
    0xF0, 0x03, 0x80, 0x70, 0x06, 0x00, 0x40, 0xE0, 0x7E, 0x06, 0x70, 0xE7, 0x0C, 0x39, 0xC3, 0x98,
    0x1F, 0x80, 0xF0, 0x0F, 0x00, 0x60, 0x06, 0x00, 0x60, 0x06, 0x00, 0x60, 0x06, 0x00, 0x00, 0x03,
    0xC0, 0x1C, 0x03, 0x80, 0xE0, 0x18, 0x30, 0x17, 0x07, 0xE0, 0xCC, 0x39, 0xC7, 0x38, 0xC3, 0xB8,
    0x76, 0x06, 0xC0, 0xF8, 0x0E, 0x01, 0xC0, 0x38, 0x06, 0x01, 0xC1, 0xF0, 0x3C, 0x00, 0x08, 0x43,
    0xFC, 0x3F, 0xC2, 0x30, 0x00, 0x0E, 0x07, 0xE0, 0x67, 0x0E, 0x70, 0xC3, 0x9C, 0x39, 0x81, 0xF8,
    0x0F, 0x00, 0xF0, 0x06, 0x00, 0x60, 0x06, 0x00, 0x60, 0x06, 0x00, 0x60, 0x18, 0x87, 0xF1, 0xFE,
    0x31, 0x8C, 0x05, 0xC1, 0xF8, 0x33, 0x0E, 0x71, 0xCE, 0x30, 0xEE, 0x1D, 0x81, 0xB0, 0x3E, 0x03,
    0x80, 0x70, 0x0E, 0x01, 0x80, 0x70, 0x7C, 0x0F, 0x00, 0x00, 0xEF, 0xFE, 0xF3, 0x0C, 0x30, 0xC3,
    0x0C, 0x30, 0xC3, 0x0C, 0x30, 0xC3, 0x00, 0x01, 0xCF, 0xDF, 0x3C, 0x30, 0xC3, 0x0C, 0x30, 0xC3,
    0x0C, 0x30, 0xC3, 0x0C, 0x30, 0x7F, 0xF7, 0xC0, 0x7F, 0xF7, 0xC0, 0x7F, 0xEF, 0xFE, 0x7F, 0xE0,
    0x7F, 0xF7, 0xFF, 0x7F, 0xFF, 0xFD, 0xFF, 0xFF, 0xF0, 0x7F, 0xFF, 0xFD, 0xFF, 0xFF, 0xF0, 0xE7,
    0xCF, 0x9F, 0x3E, 0x7C, 0xF9, 0xF3, 0xE7, 0xCF, 0x9F, 0x3E, 0x7C, 0xF9, 0xF3, 0xE7, 0xCF, 0x9F,
    0x3E, 0x60, 0x00, 0x7F, 0xDF, 0xF0, 0x01, 0xFF, 0x7F, 0xC0, 0x66, 0xEE, 0xE0, 0x77, 0x76, 0xE0,
    0x77, 0x76, 0xE0, 0xEE, 0x66, 0x72, 0x66, 0x6E, 0xEE, 0xEE, 0xEE, 0x77, 0x77, 0x77, 0x66, 0xEE,
    0x77, 0x77, 0x77, 0x66, 0xEE, 0xEE, 0xEE, 0x6E, 0x66, 0x76, 0x22, 0x0C, 0x03, 0x00, 0xC0, 0x30,
    0x0C, 0x3F, 0xFF, 0xFC, 0x30, 0x0C, 0x03, 0x00, 0xC0, 0x30, 0x0C, 0x03, 0x00, 0xC0, 0x30, 0x0C,
    0x03, 0x00, 0x0C, 0x03, 0x00, 0xC0, 0x30, 0x0C, 0x3F, 0xFF, 0xFC, 0x30, 0x0C, 0x03, 0x0F, 0xFF,
    0xFF, 0x0C, 0x03, 0x00, 0xC0, 0x30, 0x0C, 0x03, 0x00, 0x7B, 0xFF, 0xFF, 0x78, 0xC3, 0x8F, 0xBF,
    0xF3, 0x80, 0x00, 0x67, 0x72, 0x63, 0x71, 0xF8, 0xE8, 0x20, 0xE1, 0xC3, 0xF0, 0xE1, 0xF8, 0x70,
    0xE0, 0x6E, 0xE4, 0xFF, 0xEC, 0x30, 0xC3, 0x0C, 0x30, 0xC3, 0x0C, 0x30, 0xC3, 0x0C, 0x30, 0xFD,
    0xF0, 0xC3, 0x0C, 0x30, 0xC3, 0x0C, 0x30, 0xC3, 0x0C, 0x30, 0xC3, 0xFF, 0xFF, 0xFF, 0xFC, 0xC3,
    0x0C, 0x30, 0xC3, 0x0C, 0x30, 0xC3, 0x0C, 0x30, 0xC0, 0xFF, 0xFC, 0x30, 0xFC, 0xC3, 0x0C, 0x30,
    0xC3, 0x0C, 0x30, 0xC3, 0x0C, 0x30, 0xC0, 0xFF, 0xF0, 0xC3, 0xFC, 0xC3, 0x0C, 0x30, 0xC3, 0x0C,
    0x30, 0xC3, 0x0C, 0x30, 0xC0, 0x7C, 0x38, 0x00, 0xEE, 0x38, 0x00, 0xC6, 0x70, 0x00, 0xC6, 0x70,
    0x00, 0xC6, 0xE0, 0x00, 0xEE, 0xC0, 0x00, 0x7D, 0xC0, 0x00, 0x01, 0x80, 0x00, 0x03, 0xBE, 0x3E,
    0x03, 0x77, 0x77, 0x07, 0x63, 0x63, 0x0E, 0x63, 0x63, 0x0E, 0x63, 0x63, 0x1C, 0x77, 0x77, 0x1C,
    0x3E, 0x3E, 0x00, 0x00, 0x00, 0x00, 0x3C, 0x0C, 0x00, 0x00, 0x7E, 0x18, 0x00, 0x00, 0x66, 0x38,
    0x00, 0x00, 0x67, 0x30, 0x00, 0x00, 0x67, 0x70, 0x00, 0x00, 0x67, 0x60, 0x00, 0x00, 0x66, 0xFF,
    0x3E, 0x3C, 0x7E, 0xFF, 0x3F, 0x7E, 0x3F, 0xBB, 0xF3, 0x66, 0x19, 0xB1, 0xF3, 0x67, 0x03, 0x31,
    0xF3, 0x67, 0x07, 0x31, 0xF3, 0x67, 0x06, 0x33, 0xF3, 0x66, 0x0E, 0x3F, 0x3F, 0x7E, 0x0C, 0x1F,
    0x3E, 0x3C, 0x00, 0x04, 0x08, 0x18, 0x18, 0xE3, 0x1C, 0x61, 0x00, 0x19, 0x8E, 0xE3, 0x31, 0xD8,
    0x66, 0x13, 0x00, 0x19, 0xB9, 0xDD, 0x8C, 0xDC, 0xEC, 0xC6, 0x6C, 0x26, 0x60, 0xE1, 0x83, 0x0C,
    0x18, 0x60, 0xEC, 0x37, 0x0D, 0x86, 0x61, 0xB0, 0xCC, 0xED, 0xC6, 0xEC, 0x36, 0xE3, 0x36, 0x1B,
    0x31, 0x9B, 0x18, 0x1C, 0x3C, 0x36, 0x66, 0x63, 0xC3, 0x18, 0xE3, 0x9C, 0xE1, 0xC3, 0x8E, 0x18,
    0x61, 0xC3, 0x0E, 0x1C, 0xE3, 0x1C, 0x60, 0x00, 0x00, 0xC3, 0x86, 0xE3, 0x8E, 0x71, 0x1C, 0x38,
    0x38, 0x1C, 0x70, 0x0E, 0xE0, 0xC7, 0xC6, 0xE3, 0x87, 0xC7, 0xC7, 0x0E, 0xE0, 0x1C, 0x70, 0x38,
    0x38, 0x71, 0x1C, 0xE3, 0x8E, 0xC3, 0x86, 0x01, 0x00, 0xE7, 0xE7, 0xE7, 0xE7, 0x67, 0x67, 0x67,
    0x67, 0x63, 0x63, 0x63, 0x00, 0x63, 0xE7, 0xE7, 0x42, 0x00, 0x7F, 0xBF, 0xC7, 0x73, 0x99, 0xCC,
    0xEE, 0x3E, 0x1E, 0x0E, 0x06, 0x03, 0x00, 0x00, 0xC0, 0xE0, 0x70, 0x10, 0x00, 0x7F, 0xE7, 0xFF,
    0x7F, 0xE0, 0x40, 0x16, 0x01, 0x98, 0x1C, 0x7B, 0xC1, 0xFC, 0x00, 0x0F, 0x81, 0xFE, 0x1C, 0x18,
    0xC0, 0x6C, 0x01, 0x00, 0x03, 0x06, 0x06, 0x06, 0x0C, 0x0C, 0x18, 0x18, 0x38, 0x38, 0x7C, 0x6C,
    0x66, 0xC6, 0x00, 0x38, 0x00, 0x00, 0x70, 0x00, 0x00, 0xE0, 0x00, 0x0E, 0xFC, 0x00, 0x3F, 0xF8,
    0x00, 0x0F, 0xC0, 0x00, 0x1F, 0x00, 0x00, 0x77, 0x00, 0x00, 0xEE, 0x00, 0x18, 0x88, 0xC0, 0x30,
    0x01, 0x80, 0x60, 0x03, 0x0C, 0xCC, 0x66, 0x7F, 0xF8, 0xFF, 0xFF, 0xF1, 0xFF, 0x8F, 0x00, 0x78,
    0x3F, 0x01, 0xF8, 0x77, 0x07, 0x38, 0xCC, 0x06, 0x60, 0x7F, 0xF7, 0xC0, 0x00, 0xE0, 0x38, 0x07,
    0x01, 0xC0, 0x30, 0x0E, 0x01, 0x80, 0x70, 0x0C, 0x03, 0x80, 0x60, 0x1C, 0x07, 0x00, 0xE0, 0x38,
    0x00, 0xFF, 0xFE, 0x38, 0xE3, 0x8E, 0x38, 0xFB, 0xFE, 0x38, 0xE3, 0x8E, 0x38, 0xFB, 0xF7, 0x80,
    0xFF, 0xF1, 0xC7, 0x1C, 0x71, 0xC7, 0xFF, 0xF1, 0xC7, 0x1C, 0x71, 0xC7, 0x7F, 0xFF, 0x80, 0x00,
    0x00, 0x3F, 0x9F, 0xCF, 0xF7, 0xF9, 0x0F, 0x07, 0x03, 0x81, 0xC0, 0xE0, 0x70, 0x70, 0x38, 0x3C,
    0x1C, 0x1E, 0x0E, 0x07, 0x03, 0x01, 0x81, 0xC0, 0x60, 0x60, 0x00, 0x00, 0x06, 0x07, 0x03, 0x81,
    0xC0, 0xE0, 0x70, 0x10, 0x08, 0x00, 0x00, 0x07, 0xF1, 0xFF, 0xCE, 0x87, 0x70, 0x3B, 0x81, 0xDC,
    0x1C, 0xE1, 0xE7, 0x1E, 0x30, 0xE1, 0x86, 0x0C, 0x30, 0x60, 0x00, 0x0C, 0x18, 0xE0, 0xE7, 0x07,
    0x10, 0x10, 0x00, 0x07, 0x3F, 0xBB, 0xFF, 0xC8, 0x7E, 0x01, 0xB0, 0x1D, 0x80, 0xEC, 0x0E, 0x60,
    0xE3, 0x0E, 0x18, 0x60, 0xC3, 0x00, 0x00, 0x30, 0xC3, 0x8E, 0x1C, 0x70, 0x41, 0x80, 0x7F, 0xFF,
    0xFD, 0xFF, 0x80, 0x60, 0x1C, 0x07, 0x00, 0xC0, 0x38, 0x0E, 0x01, 0xC0, 0x70, 0x0C, 0x00, 0x7F,
    0xC7, 0xFE, 0x6F, 0xE6, 0xFE, 0x6F, 0xF6, 0xFF, 0x6F, 0xF6, 0xFE, 0x6F, 0xE6, 0xFC, 0x6F, 0x86,
    0xC0, 0x6C, 0x06, 0xC0, 0x6C, 0x06, 0xC0, 0x6C, 0x06, 0xC0, 0x4C, 0x00, 0x0F, 0xCF, 0xFD, 0xFF,
    0xFF, 0xBF, 0xF7, 0xFE, 0xFF, 0xDF, 0xFB, 0xFF, 0x7F, 0xFD, 0xFF, 0x87, 0xE0, 0x7E, 0x0F, 0xFC,
    0xFF, 0xEC, 0xFE, 0xCF, 0xEC, 0xFF, 0xCF, 0xFC, 0xFE, 0xCF, 0xEF, 0xFE, 0xFF, 0xC7, 0xF0, 0x0E,
    0x01, 0xC0, 0x18, 0x3B, 0xF7, 0xFE, 0x3F, 0x07, 0xC0, 0xDC, 0x39, 0x82, 0x20, 0x63, 0x9C, 0xC0,
    0x00, 0x00, 0x03, 0x1C, 0xE3, 0x18, 0xE0, 0x0F, 0x81, 0xFE, 0x1C, 0x18, 0xC0, 0x6C, 0x01, 0x00,
    0x00, 0x00, 0x00, 0x00, 0x00, 0x00, 0x00, 0x00, 0x00, 0x00, 0x00, 0x00, 0x00, 0x00, 0x00, 0x00,
    0x00, 0x00, 0x02, 0x00, 0xB0, 0x0C, 0xC0, 0xE3, 0xDE, 0x0F, 0xE0, 0x0E, 0x01, 0xC0, 0x18, 0x3B,
    0xF7, 0xFE, 0x3F, 0x07, 0xC0, 0xDC, 0x39, 0x82, 0x20, 0x00, 0x07, 0x00, 0xE0, 0x0C, 0x1D, 0xFB,
    0xFF, 0x1F, 0x83, 0xE0, 0x6E, 0x1C, 0xC1, 0x10, 0x00, 0xE7, 0xE6, 0xC6, 0x0E, 0x0C, 0x1C, 0x18,
    0x18, 0x38, 0x30, 0x30, 0x70, 0x62, 0xE7, 0xC7, 0x02, 0x3F, 0x80, 0x4F, 0xFE, 0x19, 0x83, 0xFF,
    0x60, 0x0F, 0x80, 0x0F, 0x81, 0xFE, 0x1C, 0x18, 0xC0, 0x6C, 0x01, 0x00, 0x06, 0x02, 0x64, 0x36,
    0xC3, 0xFC, 0x1F, 0x8F, 0xFF, 0xFF, 0xE1, 0xF8, 0x3F, 0xC3, 0x6C, 0x06, 0x00, 0x00, 0x01, 0x01,
    0xC0, 0xE0, 0x20, 0x00, 0x00, 0x01, 0x80, 0xE0, 0x70, 0x00, 0x00, 0x00, 0x00, 0x08, 0x0E, 0x07,
    0x01, 0x00, 0x1B, 0xBB, 0x3B, 0x77, 0x37, 0x66, 0x76, 0xEC, 0x6E, 0xCC, 0x4C, 0xD8, 0x01, 0x00,
    0x03, 0x80, 0x03, 0x80, 0x01, 0x00, 0x00, 0x00, 0x00, 0x00, 0x00, 0x00, 0xC0, 0x06, 0xE0, 0x0E,
    0xE0, 0x0E, 0x00, 0x00, 0x00, 0x00, 0x00, 0x00, 0x01, 0x00, 0x03, 0x80, 0x03, 0x80, 0x01, 0x00,
    0x00, 0x00, 0xE0, 0x06, 0xE0, 0x0E, 0x40, 0x06, 0x00, 0x00, 0x00, 0x00, 0x00, 0x00, 0x03, 0x80,
    0x03, 0x80, 0x03, 0x80, 0x00, 0x00, 0x00, 0x00, 0x00, 0x00, 0x40, 0x00, 0xE0, 0x0E, 0xE0, 0x0E,
    0x40, 0x06, 0x1F, 0xE0, 0x00, 0x00, 0x01, 0xBF, 0x40, 0x06, 0x00, 0xE0, 0x0E, 0x00, 0x00, 0x00,
    0x00, 0x00, 0x00, 0x0E, 0x07, 0xE0, 0x7C, 0x06, 0x00, 0x00, 0x00, 0x00, 0x00, 0x60, 0x0E, 0x00,
    0xE0, 0x04, 0x00, 0x01, 0x80, 0x01, 0x80, 0x19, 0x8C, 0x39, 0x9C, 0x39, 0x8C, 0x01, 0x80, 0x01,
    0x80, 0x7F, 0xFF, 0xFF, 0xFF, 0x7F, 0xFF, 0x01, 0x80, 0x01, 0x80, 0x39, 0x9C, 0x39, 0x9C, 0x39,
    0x8C, 0x01, 0x80, 0x01, 0x80, 0x6E, 0xE4, 0x00, 0x6E, 0xE4, 0x00, 0x6E, 0xE4, 0x0E, 0xE6, 0x0E,
    0xEE, 0x0E, 0xEE, 0x06, 0xEE, 0x40, 0xFF, 0xF3, 0x0C, 0xFC, 0xC3, 0x0C, 0x30, 0xC3, 0x0C, 0x30,
    0xC3, 0x0C, 0x30, 0xC0, 0xFF, 0xFC, 0xF3, 0xFC, 0xC3, 0x0C, 0x30, 0xC3, 0x0C, 0x30, 0xC3, 0x0C,
    0x30, 0xC0, 0x79, 0xE7, 0x8C, 0x30, 0xC3, 0x0C, 0x30, 0xC3, 0x0C, 0x30, 0xC3, 0x0C, 0x30, 0xC0,
    0x00, 0xC3, 0x1E, 0xFC, 0xC3, 0x0C, 0x30, 0xC3, 0x0C, 0x30, 0xC3, 0x0C, 0x30, 0xC0, 0x00, 0xCF,
    0xDE, 0x30, 0xC3, 0x0C, 0x30, 0xC3, 0x0C, 0x30, 0xC3, 0x0C, 0x30, 0xC0, 0xF3, 0xC3, 0x0C, 0xFC,
    0xC3, 0x0C, 0x30, 0xC3, 0x0C, 0x30, 0xC3, 0x0C, 0x30, 0xC0, 0x7C, 0xDF, 0x9F, 0x3E, 0x7C, 0xDB,
    0xBE, 0x3B, 0xFF, 0xF0, 0x0C, 0x1C, 0x3C, 0x7C, 0x6C, 0xFE, 0x0C, 0x0C, 0x7E, 0xC1, 0x83, 0xE1,
    0xE0, 0xD3, 0xBE, 0x1E, 0x71, 0x83, 0xEE, 0xEC, 0xDB, 0x9E, 0xFE, 0x1C, 0x70, 0xC1, 0x87, 0x0C,
    0x18, 0x7C, 0xDD, 0x9B, 0xE7, 0xFC, 0xFB, 0xBE, 0x7C, 0xDF, 0x9F, 0x37, 0xE1, 0xCF, 0x3C, 0x10,
    0x20, 0x47, 0xF7, 0xC2, 0x04, 0x00, 0xFE, 0xF8, 0x01, 0xFC, 0x07, 0xF7, 0xC0, 0x76, 0xEC, 0xCC,
    0xCC, 0xC6, 0x63, 0xC6, 0x67, 0x33, 0x33, 0x66, 0xCC, 0xFD, 0xFB, 0x1E, 0x3C, 0x78, 0xF1, 0x80,
    0x7C, 0xDF, 0x9F, 0x3E, 0x7C, 0xDB, 0xBE, 0x3F, 0xF3, 0x33, 0x33, 0x7C, 0xD8, 0x38, 0xE3, 0xCF,
    0x18, 0x3F, 0x7C, 0xD8, 0x31, 0xE0, 0xE0, 0xD3, 0xFE, 0x0C, 0x1C, 0x3C, 0x7C, 0x6C, 0xFE, 0x0C,
    0x0C, 0x7E, 0xC1, 0x83, 0xE1, 0xE0, 0xD3, 0xBE, 0x1E, 0x71, 0x83, 0xEE, 0xEC, 0xDB, 0x9E, 0xFE,
    0x1C, 0x70, 0xC1, 0x87, 0x0C, 0x18, 0x7C, 0xDD, 0x9B, 0xE7, 0xFC, 0xFB, 0xBE, 0x7C, 0xDF, 0x9F,
    0x37, 0xE1, 0xCF, 0x3C, 0x10, 0x20, 0x47, 0xF7, 0xC2, 0x04, 0x00, 0xFE, 0xF8, 0x01, 0xFC, 0x07,
    0xF7, 0xC0, 0x76, 0xEC, 0xCC, 0xCC, 0xC6, 0x63, 0xC6, 0x67, 0x33, 0x33, 0x66, 0xCC, 0x7C, 0xDC,
    0x1B, 0xFE, 0x79, 0xDF, 0x80, 0x3C, 0xFD, 0x9F, 0xFC, 0x0C, 0x1F, 0x80, 0x3C, 0x7E, 0x63, 0xC3,
    0xC3, 0x66, 0x7E, 0x00, 0xC6, 0xD8, 0xF1, 0xC3, 0x8D, 0xB1, 0x80, 0x7C, 0xFC, 0x1F, 0xFF, 0xEC,
    0xDF, 0x00, 0xC1, 0x83, 0x07, 0xEF, 0xD8, 0xF1, 0xE3, 0xC7, 0x8C, 0xC1, 0x83, 0x06, 0x6D, 0x9E,
    0x3C, 0x7C, 0xD9, 0x98, 0xFF, 0xFF, 0xF0, 0xFF, 0xDF, 0xFF, 0x31, 0xE6, 0x3C, 0xC7, 0x98, 0xF3,
    0x18, 0xFD, 0xFB, 0x1E, 0x3C, 0x78, 0xF1, 0x80, 0xFD, 0xFB, 0x1E, 0x3C, 0x79, 0xFF, 0x60, 0xC1,
    0x80, 0x7F, 0xBE, 0x1E, 0x1C, 0x3F, 0xC0, 0x03, 0x3E, 0xE6, 0x31, 0x8C, 0x78, 0x00, 0x00, 0x03,
    0xF0, 0x7F, 0x07, 0x00, 0x60, 0x0E, 0x3E, 0xE7, 0xFE, 0x70, 0x67, 0x07, 0xF0, 0x3F, 0xE0, 0xFE,
    0x07, 0x00, 0x70, 0x07, 0xE0, 0x7F, 0x06, 0xC0, 0xD8, 0x7F, 0x9F, 0xF7, 0xD9, 0xDB, 0x3B, 0x66,
    0xD8, 0xDB, 0x1B, 0x63, 0xEC, 0x7D, 0x87, 0x60, 0xFF, 0x8F, 0xF1, 0xFC, 0x36, 0x04, 0x80, 0x00,
    0x03, 0xF8, 0xFF, 0x38, 0x06, 0x01, 0xC0, 0x38, 0x36, 0x7E, 0xCF, 0xD9, 0xC3, 0xB8, 0x77, 0x0E,
    0xE0, 0xFC, 0x1F, 0xF0, 0xFE, 0x07, 0x00, 0x3F, 0xE7, 0xFC, 0xE0, 0x1C, 0x03, 0x80, 0x70, 0x0E,
    0x01, 0xFF, 0x3F, 0xE7, 0x00, 0xE0, 0x3F, 0x87, 0xF0, 0x70, 0x0E, 0x00, 0x00, 0x00, 0xFE, 0x1F,
    0xE1, 0x80, 0x38, 0x03, 0x80, 0x38, 0x0F, 0xF8, 0x7F, 0x87, 0xF0, 0xFF, 0x87, 0xF8, 0x38, 0x03,
    0x00, 0xFF, 0xEF, 0xFF, 0x00, 0x18, 0x00, 0x18, 0x13, 0xCF, 0x9F, 0xFF, 0xEF, 0xFF, 0xFF, 0x8F,
    0x1F, 0x87, 0x07, 0xC3, 0x83, 0xE1, 0xC1, 0xF1, 0xE0, 0xF8, 0xF0, 0x7C, 0xF8, 0x3E, 0x7C, 0x1F,
    0x7E, 0x0C, 0x30, 0x00, 0x18, 0x00, 0x08, 0x00, 0x00, 0x78, 0xC7, 0x8C, 0x78, 0xC7, 0xCC, 0x7C,
    0xCF, 0xFF, 0xFF, 0xF7, 0x6C, 0xFF, 0xFF, 0xFF, 0x73, 0xC7, 0x3C, 0x71, 0xC7, 0x1C, 0x71, 0xC0,
    0xFE, 0x01, 0xFE, 0x03, 0x9E, 0x07, 0x1C, 0x0E, 0x3B, 0x1C, 0x76, 0x38, 0xFF, 0x7F, 0xFF, 0xFE,
    0x31, 0xE0, 0x63, 0x80, 0xC7, 0x01, 0x8E, 0x03, 0x1C, 0x07, 0xF8, 0x0F, 0x80, 0x06, 0xFE, 0x00,
    0xFF, 0x00, 0xE7, 0x00, 0xE3, 0x9C, 0xE3, 0xBF, 0xE3, 0xFE, 0xE7, 0x70, 0xFF, 0x70, 0xFE, 0x3C,
    0xEE, 0x1E, 0xE6, 0x0F, 0xE7, 0x07, 0xE3, 0x07, 0xE3, 0xFF, 0xE3, 0xFE, 0x00, 0x18, 0xC3, 0x0F,
    0x9E, 0x7E, 0x79, 0xD9, 0xE6, 0x67, 0x99, 0x9E, 0x6F, 0xFF, 0xFF, 0xFF, 0x7C, 0xF8, 0xF3, 0xC3,
    0xCF, 0x0F, 0x3C, 0x3C, 0xF0, 0xE1, 0xC1, 0x87, 0x00, 0xFF, 0x0F, 0xFE, 0x3E, 0x1C, 0xF8, 0x33,
    0xEE, 0xCF, 0xBB, 0x3E, 0xEC, 0xFB, 0xB3, 0xEE, 0xCF, 0xBB, 0x3E, 0xEC, 0xFB, 0xB3, 0xEE, 0x1F,
    0xBF, 0xEE, 0xFF, 0x00, 0x00, 0xC0, 0x0C, 0x1F, 0xF0, 0xFF, 0x1C, 0xC3, 0xFC, 0x7F, 0xCE, 0x1C,
    0xE0, 0xCE, 0x0C, 0xC0, 0xCE, 0x0C, 0xE0, 0xCE, 0x1C, 0x7F, 0xC3, 0xFC, 0x0C, 0x03, 0xFC, 0x7F,
    0xE7, 0xFE, 0x07, 0xE0, 0xFE, 0x1E, 0x21, 0xC0, 0x7F, 0xC7, 0xFC, 0x38, 0x07, 0xF8, 0x7F, 0x81,
    0x80, 0x1C, 0x01, 0xF2, 0x0F, 0xF0, 0x7F, 0x30, 0x73, 0x0E, 0x31, 0xC3, 0x18, 0x33, 0x83, 0x70,
    0xFF, 0xEF, 0xFE, 0x3F, 0x03, 0x30, 0x33, 0x83, 0x1C, 0x30, 0xE3, 0x0E, 0x30, 0x70, 0xFF, 0xEF,
    0xFE, 0x06, 0x00, 0x60, 0x07, 0xC0, 0x7C, 0x1F, 0x83, 0xE0, 0x37, 0xC0, 0x7C, 0x1F, 0x83, 0xE0,
    0x36, 0x00, 0x60, 0x06, 0x00, 0x00, 0x00, 0x0F, 0xF8, 0x00, 0xFF, 0xC0, 0x00, 0x1E, 0x00, 0x1C,
    0x60, 0x01, 0x87, 0x00, 0x18, 0x70, 0x03, 0x87, 0x00, 0x38, 0x70, 0x03, 0x87, 0x3E, 0x30, 0x77,
    0xE3, 0x0E, 0xE7, 0x71, 0xEC, 0x77, 0x3C, 0xC7, 0x7F, 0x9F, 0xE7, 0xE1, 0xFC, 0x00, 0x1D, 0x00,
    0x01, 0x80, 0x00, 0x18, 0x00, 0x03, 0x80, 0x00, 0x38, 0x00, 0x00, 0x00, 0x78, 0x1F, 0x83, 0x30,
    0x66, 0x0D, 0xC1, 0xB8, 0x3E, 0x07, 0xC0, 0x70, 0x4E, 0x19, 0xC3, 0xFC, 0xFD, 0x9F, 0x37, 0x67,
    0x00, 0x60, 0x0C, 0x01, 0x81, 0xF0, 0x3C, 0x3F, 0x83, 0xFC, 0x31, 0xCF, 0xFF, 0xFF, 0xF3, 0x0E,
    0xFF, 0xFF, 0xFF, 0x3F, 0xC3, 0xF8, 0x38, 0x03, 0x00, 0x30, 0x03, 0x00, 0x30, 0x00, 0x03, 0x80,
    0x7F, 0x8F, 0xFC, 0xF6, 0x27, 0x30, 0x71, 0x83, 0x8C, 0x1C, 0x60, 0xE3, 0xFF, 0x1F, 0xF8, 0xCF,
    0xC6, 0x77, 0x33, 0xBD, 0x9C, 0xFF, 0xE3, 0xFF, 0x03, 0x80, 0x18, 0x00, 0x07, 0x00, 0x78, 0x03,
    0xE0, 0x1F, 0x01, 0xD8, 0x7F, 0xFF, 0xFF, 0xE7, 0x18, 0xFF, 0xF7, 0xFF, 0xDC, 0x1C, 0xE0, 0xE6,
    0x07, 0x70, 0x1B, 0x80, 0xE0, 0x3F, 0x83, 0xFC, 0x33, 0xC0, 0x0C, 0x00, 0xCF, 0xFE, 0x07, 0x81,
    0xE0, 0xFF, 0xE7, 0x00, 0x70, 0x07, 0x00, 0x3C, 0xC3, 0xFE, 0x1F, 0xC0, 0x03, 0x00, 0xFF, 0x3F,
    0xF7, 0xB2, 0x73, 0x0E, 0x30, 0xE3, 0x0E, 0x30, 0xE3, 0x0E, 0x30, 0xE3, 0x0E, 0x30, 0x73, 0x07,
    0xB0, 0x3F, 0xE1, 0xFE, 0x03, 0x80, 0x30, 0x31, 0x81, 0x8C, 0x0F, 0xFD, 0xFF, 0xEF, 0xFF, 0x18,
    0xC0, 0xC6, 0x06, 0x30, 0x31, 0x81, 0x8C, 0x0C, 0x60, 0x63, 0x03, 0x1F, 0x98, 0xFC, 0x01, 0x80,
    0x00, 0x00, 0x07, 0xF8, 0x1F, 0xF0, 0x38, 0x00, 0x60, 0x00, 0xC0, 0x01, 0xC0, 0x03, 0xE0, 0x01,
    0xF0, 0x00, 0xF8, 0x00, 0x77, 0xFF, 0x6F, 0xFE, 0xDE, 0x6D, 0x9F, 0xDF, 0x1F, 0xFC, 0x33, 0xE0,
    0x64, 0xC0, 0xFF, 0xEF, 0xFE, 0x00, 0x0F, 0xFE, 0xFF, 0xE0, 0xE0, 0x0E, 0x00, 0xE0, 0x0E, 0x00,
    0xE0, 0x0E, 0x00, 0xE0, 0x0E, 0x00, 0xE0, 0x0E, 0x00, 0xFF, 0xFF, 0xFC, 0x1C, 0x01, 0xCF, 0xFD,
    0xFF, 0x80, 0xE0, 0x78, 0xFF, 0x1F, 0x83, 0xC0, 0x1C, 0x01, 0xC0, 0x1C, 0x01, 0xC0, 0x38, 0x03,
    0x80, 0x3B, 0x83, 0xF8, 0xFC, 0x0F, 0xB8, 0x3F, 0x8F, 0xC6, 0xF8, 0x73, 0x87, 0x38, 0x63, 0x8E,
    0x39, 0xC3, 0xFC, 0x3F, 0x00, 0x00, 0x00, 0x00, 0x78, 0x00, 0xFC, 0x00, 0xCC, 0x00, 0xEC, 0x00,
    0xFF, 0xFE, 0x3F, 0xFF, 0x0C, 0x03, 0x0D, 0x93, 0x0F, 0xFB, 0x0F, 0xFF, 0x0E, 0x4E, 0x1E, 0x00,
    0x1F, 0x00, 0x07, 0xF8, 0x03, 0xF8, 0x00, 0x60, 0x03, 0x80, 0x07, 0x00, 0x0E, 0x00, 0x1C, 0x00,
    0xFC, 0x07, 0xFE, 0x1F, 0xFE, 0x39, 0xCE, 0xE3, 0x8D, 0xC7, 0x1F, 0x8E, 0x3E, 0x1C, 0x7C, 0x00,
    0xF8, 0x01, 0xF0, 0x03, 0x80, 0x3F, 0xC3, 0xFE, 0x30, 0xE3, 0x07, 0x30, 0x73, 0x07, 0x30, 0xEF,
    0xFE, 0xFF, 0x83, 0x00, 0xFE, 0x0F, 0xF0, 0xFE, 0x03, 0x00, 0x30, 0x00, 0x00, 0x00, 0x1B, 0x00,
    0xFC, 0x0F, 0xFC, 0x7E, 0xF9, 0xDB, 0xEE, 0x6D, 0xF9, 0xB7, 0xE6, 0xDF, 0x9B, 0x3E, 0x00, 0x38,
    0x00, 0x60, 0x01, 0xC0, 0x03, 0x80, 0x1F, 0xFE, 0x7F, 0xF8, 0x3C, 0x0F, 0x0F, 0xE3, 0xFC, 0xC3,
    0xB0, 0xEC, 0x3B, 0x0E, 0xFF, 0x3F, 0xCC, 0x7B, 0x06, 0xC1, 0xF0, 0x6C, 0x3B, 0xFE, 0xFF, 0x0F,
    0x03, 0xC0, 0x00, 0x1E, 0x1F, 0x9F, 0xDC, 0x0E, 0x06, 0x03, 0x01, 0x80, 0xE0, 0x70, 0x1F, 0xC7,
    0xE0, 0xC7, 0xFB, 0xFC, 0x00, 0x3F, 0x03, 0xFC, 0x33, 0xC0, 0x0E, 0x00, 0xE1, 0xFE, 0x3F, 0xE7,
    0x9F, 0x70, 0x76, 0x06, 0x60, 0x66, 0x0E, 0x60, 0xE7, 0xBC, 0x3F, 0x81, 0xF0, 0x07, 0x00, 0x1E,
    0x00, 0xF8, 0x03, 0xF0, 0x0D, 0xC0, 0x73, 0x81, 0x8E, 0x0E, 0x18, 0x38, 0x70, 0xC1, 0xC7, 0x03,
    0x1C, 0x0E, 0x60, 0x3B, 0xFF, 0xEF, 0xFF, 0xC0, 0xFF, 0xFF, 0xFF, 0xE0, 0x7E, 0x07, 0xE0, 0x7E,
    0x07, 0xE0, 0x7E, 0x07, 0xE0, 0x7E, 0x07, 0xE0, 0x7E, 0x07, 0xE0, 0x7E, 0x07, 0xE0, 0x7E, 0x07,
    0xE0, 0x70, 0xFF, 0xFF, 0xFD, 0xC0, 0x38, 0x03, 0x80, 0x38, 0x07, 0x00, 0x70, 0x07, 0x01, 0xC0,
    0x70, 0x1E, 0x03, 0x80, 0xE0, 0x38, 0x07, 0xFF, 0xFF, 0xE0, 0xFF, 0xFF, 0xF0, 0x00, 0xE0, 0x38,
    0x07, 0x01, 0xC0, 0x30, 0x0E, 0x01, 0x80, 0x70, 0x0C, 0x03, 0x80, 0x60, 0x1C, 0x07, 0x00, 0xE0,
    0x38, 0x00, 0xFF, 0x80, 0x00, 0x30, 0x01, 0x80, 0x1C, 0x00, 0xC0, 0x06, 0x00, 0x70, 0x03, 0x80,
    0x18, 0x70, 0xC7, 0xCE, 0x3E, 0x60, 0x3B, 0x01, 0xF8, 0x07, 0x80, 0x3C, 0x00, 0xE0, 0x06, 0x00,
    0x7D, 0xE7, 0xFF, 0xE7, 0x3E, 0x73, 0x7F, 0xF7, 0xDE, 0x0F, 0x1F, 0x1E, 0x18, 0x18, 0x18, 0x18,
    0x18, 0x18, 0x18, 0x18, 0x18, 0x18, 0x18, 0x18, 0x38, 0x38, 0x78, 0xF8, 0xF0, 0x3C, 0x6F, 0xFD,
    0xBF, 0xB1, 0xE3, 0xC6, 0xFF, 0xDB, 0xFB, 0x1E, 0x03, 0x00, 0xC0, 0x73, 0xFF, 0xFF, 0xC3, 0x80,
    0xC0, 0x70, 0xFF, 0xFF, 0xF3, 0x01, 0xC0, 0x60, 0x00, 0x01, 0xC3, 0xF7, 0xFB, 0xF0, 0xF0, 0x3F,
    0x07, 0xF8, 0x3F, 0x01, 0xC0, 0x0F, 0xFF, 0xFF, 0xE0, 0x3F, 0x07, 0xF8, 0x3F, 0x03, 0xC3, 0xF7,
    0xFB, 0xF0, 0xE0, 0x00, 0x0F, 0xFF, 0xFF, 0x3F, 0x3F, 0x7E, 0x7F, 0x72, 0x72, 0xE0, 0x60, 0xE0,
    0x60, 0xFE, 0xFE, 0xFE, 0xFE, 0xE0, 0xE0, 0xE0, 0xE0, 0xE0, 0xE0, 0xE0, 0xE0, 0xE0, 0xE0, 0xE0,
    0xE0, 0xE0, 0xE0, 0xE0, 0xE0, 0xE0, 0xE0, 0x3E, 0xE7, 0xEE, 0x70, 0x0E, 0x00, 0xE0, 0x0F, 0xEE,
    0xFE, 0xEE, 0x0E, 0xE0, 0xEE, 0x0E, 0xE0, 0xEE, 0x0E, 0xE0, 0xEE, 0x0E, 0xE0, 0xEE, 0x0E, 0x3E,
    0x63, 0xF7, 0x1C, 0x39, 0xC1, 0xCE, 0x0E, 0x7F, 0x73, 0xFB, 0x9C, 0x1C, 0xE0, 0xE7, 0x07, 0x38,
    0x39, 0xC1, 0xCE, 0x0E, 0x70, 0x3B, 0x81, 0xFC, 0x0F, 0x3F, 0x3E, 0x67, 0xE7, 0xE6, 0x72, 0x72,
    0x0E, 0x06, 0x00, 0xE0, 0x60, 0x0F, 0xEF, 0xE6, 0xFE, 0xFE, 0x6E, 0x0E, 0x06, 0xE0, 0xE0, 0x6E,
    0x0E, 0x06, 0xE0, 0xE0, 0x6E, 0x0E, 0x06, 0xE0, 0xE0, 0x6E, 0x0E, 0x06, 0xE0, 0xE0, 0x6E, 0x0E,
    0x06, 0x3F, 0x3E, 0x63, 0xF3, 0xF3, 0x1C, 0x9C, 0x99, 0xC0, 0xC0, 0xCE, 0x06, 0x06, 0x7F, 0x7F,
    0x33, 0xFB, 0xF9, 0x9C, 0x1C, 0x0C, 0xE0, 0xE0, 0x67, 0x07, 0x03, 0x38, 0x38, 0x19, 0xC1, 0xC0,
    0xCE, 0x0E, 0x06, 0x70, 0x70, 0x3B, 0x83, 0x81, 0xFC, 0x1C, 0x07, 0x3F, 0x03, 0xFC, 0x18, 0x71,
    0xC3, 0x8E, 0x1F, 0x71, 0xFF, 0x8F, 0xDC, 0x38, 0xE1, 0xC7, 0x0E, 0x38, 0x71, 0xC3, 0x8E, 0x1C,
    0x70, 0xE3, 0x87, 0xFC, 0x1F, 0x00, 0x30, 0x01, 0xF0, 0x01, 0xFC, 0x01, 0xCE, 0x00, 0xE3, 0x03,
    0xF3, 0xF3, 0xFB, 0xFB, 0xFD, 0xFD, 0x80, 0x30, 0xE0, 0x18, 0x7C, 0x0C, 0x0F, 0x86, 0x01, 0xE3,
    0x00, 0x31, 0x80, 0x18, 0xC3, 0xFC, 0x7D, 0xFC, 0x3E, 0x38, 0x06, 0x00, 0x00, 0x00, 0x20, 0x00,
    0x06, 0x60, 0x00, 0x7E, 0x00, 0x07, 0xE0, 0x00, 0x3E, 0x00, 0x03, 0xE0, 0x00, 0x77, 0xFF, 0xFE,
    0x3F, 0xFF, 0xC0, 0xFF, 0xC0, 0x00, 0x00, 0x00, 0x01, 0x00, 0x01, 0xF8, 0x00, 0x0F, 0x80, 0x00,
    0x60, 0x00, 0x06, 0x00, 0x00, 0x00, 0x00, 0x00, 0x00, 0x00, 0x60, 0x00, 0x00, 0xE0, 0x00, 0x00,
    0xE0, 0x00, 0x30, 0xE0, 0x00, 0x78, 0xE0, 0x01, 0xF8, 0x7F, 0xFF, 0xFF, 0x3F, 0xFF, 0x1F, 0x0F,
    0xF0, 0x00, 0x00, 0x00, 0x00, 0x00, 0x00, 0x00, 0x01, 0xF0, 0x00, 0x01, 0xB0, 0x00, 0x00, 0xE0,
    0x00, 0x00, 0xE0, 0x00, 0x00, 0x40, 0x00, 0x08, 0x71, 0xC3, 0x0C, 0x30, 0xDF, 0x78, 0x00, 0x1F,
    0x6C, 0xE3, 0x84, 0x1C, 0x0C, 0x06, 0x07, 0x0F, 0xFF, 0xFC, 0x00, 0x00, 0x7C, 0x3E, 0x06, 0x07,
    0x00, 0x00, 0x00, 0x00, 0x00, 0x0C, 0x00, 0x00, 0xF8, 0x00, 0x0F, 0x80, 0x00, 0xF8, 0x00, 0x1F,
    0x80, 0x00, 0xF0, 0x20, 0x00, 0x06, 0x60, 0x00, 0x7E, 0x00, 0x07, 0xE0, 0x00, 0x3E, 0x00, 0x03,
    0xE0, 0x00, 0x77, 0xFF, 0xFE, 0x3F, 0xFF, 0xC0, 0xFF, 0xC0, 0x00, 0x00, 0x00, 0x00, 0xC0, 0x00,
    0x00, 0xF8, 0x00, 0x00, 0xF8, 0x00, 0x00, 0xFC, 0x00, 0x01, 0xF8, 0x00, 0x00, 0xF0, 0x00, 0x00,
    0x00, 0x00, 0x60, 0x00, 0x00, 0xE0, 0x00, 0x00, 0xE0, 0x00, 0x30, 0xE0, 0x00, 0x78, 0xE0, 0x01,
    0xF8, 0x7F, 0xFF, 0xFF, 0x3F, 0xFF, 0x1F, 0x0F, 0xF0, 0x00, 0x01, 0x87, 0x9F, 0x6F, 0xFF, 0x00,
    0x10, 0xC3, 0x0E, 0x38, 0x63, 0xBC, 0xF0, 0x00, 0x00, 0x18, 0x0F, 0x07, 0xC3, 0xE3, 0xF0, 0xF0,
    0x00, 0x00, 0x0E, 0x06, 0x03, 0x03, 0x87, 0xFF, 0xFE, 0x00, 0x7E, 0x07, 0xFE, 0x13, 0xFE, 0x07,
    0xF0, 0xFC, 0x0F, 0x00, 0xE0, 0x0E, 0x00, 0x67, 0xC7, 0x36, 0x30, 0xC1, 0x87, 0x0C, 0x00, 0x70,
    0x01, 0xE0, 0x07, 0xFF, 0x1F, 0xF8, 0x0C, 0x00, 0x7E, 0x00, 0x7F, 0xE0, 0x13, 0xFE, 0x00, 0x7F,
    0x00, 0xFF, 0x00, 0xF3, 0x80, 0xE0, 0xE0, 0xE0, 0x7E, 0x67, 0xDF, 0x73, 0x60, 0x30, 0xC0, 0x18,
    0x70, 0x0C, 0x00, 0x07, 0x00, 0x01, 0xE0, 0x00, 0x7F, 0xF0, 0x1F, 0xF8, 0x00, 0xC0, 0x00, 0x38,
    0x07, 0xF0, 0x7F, 0x80, 0x1F, 0x03, 0xF0, 0xF8, 0xFE, 0x0F, 0x80, 0x00, 0x00, 0x80, 0x1F, 0x81,
    0xF0, 0x06, 0x00, 0xE0, 0x00, 0x00, 0x38, 0x00, 0xFE, 0x01, 0xFE, 0x00, 0x0F, 0x80, 0x3F, 0x01,
    0xFC, 0x3F, 0x9F, 0x7C, 0x1F, 0x00, 0x00, 0x00, 0x00, 0x6C, 0x00, 0xD8, 0x00, 0xE0, 0x01, 0xC0,
    0x01, 0x00, 0x00, 0x00, 0x0C, 0x07, 0x83, 0xE1, 0xB1, 0xF0, 0xF0, 0x00, 0x00, 0x03, 0x03, 0x80,
    0xE0, 0x30, 0x1C, 0x06, 0x03, 0x41, 0xBF, 0xDF, 0xC0, 0x00, 0x00, 0x00, 0xC0, 0x07, 0x80, 0x3E,
    0x01, 0xB0, 0x1F, 0x80, 0xF0, 0x00, 0x00, 0x00, 0x00, 0x30, 0x03, 0x80, 0x0E, 0x00, 0x30, 0x01,
    0xC0, 0x06, 0x00, 0x38, 0x41, 0xC3, 0xFF, 0x9F, 0xDC, 0x00, 0x00, 0x00, 0x1C, 0x1C, 0x36, 0x3E,
    0x12, 0x00, 0x00, 0x0C, 0x0E, 0x06, 0x07, 0x07, 0x07, 0x06, 0x0E, 0x1C, 0x7C, 0xF0, 0x60, 0x00,
    0x03, 0x80, 0x70, 0x1B, 0x03, 0xE0, 0x08, 0x00, 0x00, 0x00, 0x0C, 0x01, 0xC0, 0x18, 0x03, 0x80,
    0x70, 0x0F, 0x81, 0xF8, 0x70, 0x1C, 0x0F, 0x83, 0xE0, 0x30, 0x00, 0x00, 0x18, 0x1E, 0x1F, 0x1B,
    0x3F, 0x3C, 0x00, 0x00, 0x0C, 0x0E, 0x06, 0x07, 0x07, 0x07, 0x06, 0x0E, 0x1C, 0x7C, 0xF0, 0x60,
    0x00, 0x06, 0x00, 0x78, 0x0F, 0x83, 0xB0, 0x7C, 0x0F, 0x00, 0x00, 0x00, 0x01, 0x80, 0x38, 0x03,
    0x00, 0x70, 0x0E, 0x01, 0xF0, 0x3F, 0x0E, 0x03, 0x81, 0xF0, 0x7C, 0x06, 0x00, 0x00, 0x00, 0x40,
    0x00, 0x3C, 0x00, 0x1F, 0x00, 0x0F, 0x80, 0x03, 0xC0, 0x00, 0x70, 0x00, 0x0F, 0x00, 0x00, 0xF0,
    0x60, 0x07, 0x1C, 0x00, 0x73, 0x80, 0x06, 0x70, 0x00, 0xCE, 0x00, 0x18, 0xFF, 0xFF, 0x0F, 0xFF,
    0xC0, 0x7F, 0xC0, 0x00, 0x00, 0x40, 0x00, 0x07, 0x80, 0x00, 0x7C, 0x00, 0x07, 0xC0, 0x00, 0x3C,
    0x00, 0x00, 0xE0, 0x00, 0x03, 0xC0, 0x00, 0x07, 0x80, 0x60, 0x0F, 0x03, 0x80, 0x1E, 0x0E, 0x00,
    0x38, 0x38, 0x00, 0x70, 0xE0, 0x01, 0xE1, 0xFF, 0xFF, 0xE3, 0xFF, 0xF7, 0xC3, 0xFE, 0x00, 0x01,
    0x83, 0xC7, 0xCF, 0x87, 0x07, 0x01, 0xC0, 0x70, 0x1C, 0x07, 0x01, 0x80, 0xE0, 0x77, 0xF3, 0xF0,
    0x00, 0x01, 0x80, 0x78, 0x1F, 0x07, 0xC0, 0x70, 0x0E, 0x00, 0x70, 0x03, 0x80, 0x1C, 0x00, 0xE0,
    0x06, 0x00, 0x70, 0x07, 0x8F, 0xFF, 0xFC, 0xF0, 0x00, 0x00, 0x00, 0x00, 0x00, 0x30, 0x00, 0x1E,
    0x00, 0x0F, 0xA0, 0x03, 0xDE, 0x00, 0x6F, 0x80, 0x07, 0xC0, 0x01, 0xE0, 0x00, 0x38, 0x00, 0x07,
    0x80, 0x00, 0x78, 0x30, 0x03, 0x8E, 0x00, 0x39, 0xC0, 0x03, 0x38, 0x00, 0x67, 0x00, 0x0C, 0x7F,
    0xFF, 0x87, 0xFF, 0xE0, 0x3F, 0xE0, 0x00, 0x00, 0x00, 0x00, 0x00, 0x06, 0x00, 0x00, 0x78, 0x00,
    0x07, 0xD0, 0x00, 0x3D, 0xE0, 0x00, 0xDF, 0x00, 0x01, 0xF0, 0x00, 0x0F, 0x00, 0x00, 0x38, 0x00,
    0x00, 0xF0, 0x00, 0x01, 0xE0, 0x18, 0x03, 0xC0, 0xE0, 0x07, 0x83, 0x80, 0x0E, 0x0E, 0x00, 0x1C,
    0x38, 0x00, 0x78, 0x7F, 0xFF, 0xF8, 0xFF, 0xFD, 0xF0, 0xFF, 0x80, 0x00, 0x00, 0x03, 0x87, 0xC7,
    0xBF, 0x7E, 0xF9, 0xF0, 0xE0, 0xE0, 0x38, 0x0E, 0x03, 0x80, 0xE0, 0x30, 0x1C, 0x0E, 0xFE, 0x7E,
    0x00, 0x00, 0x00, 0x00, 0x70, 0x1F, 0x03, 0xD8, 0xF7, 0x8D, 0xF0, 0x7C, 0x07, 0x00, 0xE0, 0x07,
    0x00, 0x38, 0x01, 0xC0, 0x0E, 0x00, 0x60, 0x07, 0x00, 0x78, 0xFF, 0xFF, 0xCF, 0x00, 0x00, 0x00,
    0x10, 0x00, 0xE0, 0x03, 0x98, 0x06, 0x60, 0x1B, 0x80, 0x7E, 0x01, 0xF8, 0x06, 0xE0, 0x39, 0xE3,
    0xC3, 0xFF, 0x07, 0xF0, 0x00, 0x38, 0x00, 0x1C, 0x18, 0x06, 0x0C, 0x03, 0x8E, 0x01, 0xF7, 0x00,
    0xFF, 0x80, 0x61, 0xC0, 0x70, 0x78, 0x78, 0x1F, 0xF8, 0x07, 0xF0, 0x00, 0x18, 0x1C, 0x3E, 0x7E,
    0x67, 0xE3, 0xE3, 0xE3, 0x7F, 0x7E, 0x3E, 0x07, 0xE0, 0xE6, 0x0E, 0x70, 0xE3, 0x0E, 0x3E, 0x61,
    0xE0, 0x00, 0x11, 0x8C, 0x73, 0x8C, 0xFE, 0xF1, 0x08, 0xE7, 0x00, 0x00, 0x06, 0x03, 0xC7, 0x79,
    0xE3, 0x78, 0x7C, 0x07, 0x80, 0xF0, 0x0E, 0x00, 0x80, 0x00, 0x00, 0x1C, 0x00, 0x78, 0x03, 0xF0,
    0x0D, 0xE0, 0x73, 0xC1, 0xCF, 0x83, 0x76, 0x0F, 0x9B, 0xFF, 0xEF, 0xFF, 0x8C, 0x18, 0x01, 0xC0,
    0x0F, 0x80, 0x7E, 0x03, 0x98, 0x0E, 0x60, 0x33, 0x80, 0xDC, 0x3F, 0xFF, 0xFF, 0xFC, 0x30, 0xC0,
    0xE3, 0x03, 0xFC, 0x07, 0xF0, 0x07, 0x00, 0x00, 0x01, 0xC0, 0x1E, 0x03, 0xF0, 0x37, 0x87, 0x3C,
    0x73, 0xE3, 0x76, 0x3E, 0x6F, 0xFE, 0xFF, 0xE0, 0x18, 0x07, 0x01, 0xF0, 0x1F, 0x83, 0xB8, 0x33,
    0x83, 0x38, 0x77, 0x0F, 0xFF, 0xFF, 0xF7, 0x1C, 0x30, 0xC3, 0xFC, 0x1F, 0x80, 0xF0, 0x06, 0x00,
    0x01, 0xE0, 0x00, 0x7E, 0x00, 0x0F, 0xC0, 0x03, 0x98, 0x00, 0xE0, 0x00, 0x38, 0x00, 0x07, 0x00,
    0x00, 0x7F, 0xFF, 0xE7, 0xFF, 0xFC, 0x1F, 0xFC, 0x00, 0x07, 0xF9, 0xFF, 0xFF, 0xF9, 0xC0, 0x0C,
    0x00, 0x7C, 0x01, 0xFF, 0xE1, 0xFF, 0x38, 0x00, 0x07, 0x00, 0x00, 0xC0, 0x00, 0x1E, 0x00, 0x03,
    0x80, 0x00, 0x0C, 0x00, 0x03, 0xC0, 0x00, 0xFC, 0x00, 0x1F, 0x80, 0x07, 0x30, 0x01, 0xC0, 0x00,
    0x70, 0x00, 0x0E, 0x00, 0x00, 0xFF, 0xFF, 0xCF, 0xFF, 0xF8, 0x3F, 0xF8, 0x38, 0x01, 0xC0, 0x0C,
    0x00, 0x78, 0x03, 0x80, 0x03, 0xFC, 0xFF, 0xFF, 0xFC, 0xE0, 0x06, 0x00, 0x3E, 0x00, 0xFF, 0xF0,
    0xFF, 0x80, 0x00, 0x1E, 0x00, 0x7F, 0x00, 0x72, 0x00, 0xE0, 0x00, 0xC0, 0x60, 0xE0, 0x60, 0xF8,
    0xE0, 0x7E, 0xE0, 0x0E, 0xE0, 0x0E, 0xE0, 0x1E, 0x78, 0x7C, 0x3F, 0xF8, 0x1F, 0xE0, 0x60, 0x00,
    0x30, 0x1C, 0x38, 0x0F, 0xDC, 0x03, 0xFE, 0x00, 0x67, 0x00, 0x71, 0xE0, 0xF0, 0x7F, 0xF0, 0x1F,
    0xE0, 0x00, 0x08, 0x71, 0xC3, 0x0C, 0x30, 0xDF, 0x78, 0x00, 0x1B, 0x6C, 0x1C, 0x0C, 0x06, 0x07,
    0x0F, 0xFF, 0xFC, 0x00, 0x00, 0x7E, 0x3E, 0x00, 0x1C, 0x3E, 0x7C, 0x60, 0x60, 0x73, 0x3F, 0xFE,
    0xF8, 0x00, 0x78, 0x7F, 0x0E, 0x00, 0x18, 0x1C, 0x1C, 0x1C, 0x1C, 0x1C, 0x1C, 0x1C, 0x1C, 0x1C,
    0x1C, 0x1C, 0x1C, 0x1C, 0x78, 0x1F, 0xC0, 0xE0, 0x00, 0x1C, 0x07, 0x01, 0xC0, 0x70, 0x1C, 0x07,
    0x01, 0xC0, 0x70, 0x1C, 0x07, 0x00, 0xC0, 0x30, 0x0C, 0x03, 0xE0, 0x78, 0x00, 0xF7, 0x31, 0xFE,
    0x01, 0x8E, 0x73, 0x9C, 0xE7, 0x39, 0xCE, 0x73, 0x9C, 0xE0, 0xF0, 0xE0, 0xC0, 0xF8, 0xE0, 0x00,
    0x70, 0x70, 0x70, 0x70, 0x70, 0x70, 0x70, 0x70, 0x70, 0x70, 0x30, 0x30, 0x30, 0x3E, 0x1E, 0x00,
    0x1C, 0x1E, 0x0E, 0x03, 0xC3, 0xC0, 0x00, 0x78, 0x7E, 0x77, 0x31, 0x98, 0xEF, 0xF3, 0xF0, 0x78,
    0x1C, 0x7C, 0x7C, 0x38, 0x00, 0x1C, 0x07, 0x80, 0xE0, 0x0F, 0x03, 0xC0, 0x00, 0x07, 0x81, 0xF8,
    0x77, 0x0C, 0x61, 0x8E, 0x3F, 0xF3, 0xFE, 0x0E, 0x01, 0xC1, 0xF0, 0x7C, 0x0E, 0x00, 0xE7, 0x39,
    0xCE, 0x73, 0x9C, 0xE7, 0x39, 0xCE, 0x31, 0x80, 0xF7, 0x31, 0xEE, 0x00, 0xE1, 0xC3, 0x87, 0x0E,
    0x1C, 0x38, 0x70, 0xE1, 0xC1, 0x83, 0x06, 0x0F, 0x8F, 0x00, 0xF1, 0xC3, 0x07, 0x8E, 0x00, 0x1C,
    0x1E, 0x38, 0x7F, 0x30, 0x72, 0x3E, 0xE0, 0x3C, 0xC0, 0x60, 0xE0, 0x60, 0xF8, 0xE0, 0x7E, 0xE0,
    0x0E, 0xE0, 0x0E, 0xE0, 0x1E, 0x78, 0x7C, 0x3F, 0xF8, 0x1F, 0xE0, 0x1C, 0x00, 0x1C, 0x00, 0x0C,
    0x00, 0x07, 0xC0, 0x03, 0xC0, 0x03, 0x00, 0x01, 0x80, 0xE1, 0xC0, 0x7E, 0xE0, 0x1F, 0xF0, 0x03,
    0x38, 0x03, 0x8F, 0x07, 0x83, 0xFF, 0x80, 0xFF, 0x00, 0x77, 0x30, 0xFF, 0x00, 0x46, 0x31, 0xCE,
    0x33, 0xFB, 0xC0, 0x78, 0x38, 0x18, 0x0F, 0x07, 0x00, 0x00, 0x60, 0x30, 0x38, 0x1C, 0x3F, 0xDD,
    0xE0, 0x00, 0xFF, 0xFF, 0xFF, 0xFF, 0xFE, 0xD8, 0xE1, 0xC3, 0x87, 0x0E, 0x1C, 0x38, 0x70, 0xE1,
    0xC1, 0x83, 0x06, 0x0F, 0x8F, 0x00, 0x00, 0x00, 0x20, 0x00, 0x06, 0x60, 0x00, 0x7E, 0x00, 0x07,
    0xE0, 0x00, 0x3E, 0x00, 0x03, 0xE0, 0x00, 0x77, 0xFF, 0xFE, 0x3F, 0xFF, 0xC0, 0xFF, 0xC0, 0x00,
    0x00, 0x00, 0x06, 0x00, 0x00, 0x60, 0x00, 0x00, 0x00, 0x00, 0x60, 0x00, 0x00, 0xE0, 0x00, 0x00,
    0xE0, 0x00, 0x30, 0xE0, 0x00, 0x78, 0xE0, 0x01, 0xF8, 0x7F, 0xFF, 0xFF, 0x3F, 0xFF, 0x1F, 0x0F,
    0xF0, 0x00, 0x00, 0x00, 0x00, 0x00, 0xE0, 0x00, 0x00, 0xE0, 0x00, 0x11, 0x8C, 0x73, 0x8C, 0xFE,
    0xF0, 0x00, 0xE6, 0x00, 0x18, 0x0C, 0x0E, 0x07, 0x0F, 0xF7, 0x78, 0x00, 0x00, 0x38, 0x1C, 0x00,
    0x36, 0x3E, 0x04, 0x00, 0x18, 0x1C, 0x3E, 0x7E, 0x67, 0xE3, 0xE3, 0xE3, 0x7F, 0x7E, 0x1F, 0x03,
    0xF0, 0x12, 0x00, 0x00, 0x03, 0x00, 0x70, 0x1F, 0x03, 0xF0, 0x73, 0x0E, 0x30, 0xE3, 0x07, 0xF0,
    0x7F, 0x80, 0xFE, 0x01, 0xE0, 0x00, 0x00, 0xF8, 0x00, 0x1F, 0x80, 0x00, 0x90, 0x20, 0x00, 0x06,
    0x60, 0x00, 0x7E, 0x00, 0x07, 0xE0, 0x00, 0x3E, 0x00, 0x03, 0xE0, 0x00, 0x77, 0xFF, 0xFE, 0x3F,
    0xFF, 0xC0, 0xFF, 0xC0, 0x00, 0xF8, 0x00, 0x01, 0xF8, 0x00, 0x00, 0x90, 0x00, 0x00, 0x00, 0x00,
    0x60, 0x00, 0x00, 0xE0, 0x00, 0x00, 0xE0, 0x00, 0x30, 0xE0, 0x00, 0x78, 0xE0, 0x01, 0xF8, 0x7F,
    0xFF, 0xFF, 0x3F, 0xFF, 0x1F, 0x0F, 0xF0, 0x00, 0xDB, 0xE4, 0x00, 0x10, 0xC3, 0x0E, 0x38, 0x63,
    0xBC, 0xF0, 0x00, 0x3E, 0x3F, 0x09, 0x00, 0x01, 0xC0, 0xC0, 0x60, 0x70, 0xFF, 0xFF, 0xC0, 0x00,
    0x00, 0x00, 0x00, 0x06, 0x00, 0x00, 0x60, 0x00, 0x0F, 0x80, 0x01, 0xF8, 0x00, 0x09, 0x02, 0x00,
    0x00, 0x66, 0x00, 0x07, 0xE0, 0x00, 0x7E, 0x00, 0x03, 0xE0, 0x00, 0x3E, 0x00, 0x07, 0x7F, 0xFF,
    0xE3, 0xFF, 0xFC, 0x0F, 0xFC, 0x00, 0x00, 0x00, 0x00, 0x00, 0x70, 0x00, 0x00, 0x60, 0x00, 0x00,
    0xF8, 0x00, 0x01, 0xF8, 0x00, 0x00, 0x90, 0x00, 0x00, 0x00, 0x00, 0x60, 0x00, 0x00, 0xE0, 0x00,
    0x00, 0xE0, 0x00, 0x30, 0xE0, 0x00, 0x78, 0xE0, 0x01, 0xF8, 0x7F, 0xFF, 0xFF, 0x3F, 0xFF, 0x1F,
    0x0F, 0xF0, 0x00, 0x01, 0xC7, 0x36, 0xF9, 0x00, 0x04, 0x30, 0xC3, 0x8E, 0x18, 0xEF, 0x3C, 0x00,
    0x00, 0x0C, 0x06, 0x07, 0xC7, 0xE1, 0x20, 0x00, 0x38, 0x18, 0x0C, 0x0E, 0x1F, 0xFF, 0xF8, 0x00,
    0x7C, 0x07, 0xFC, 0x13, 0xFC, 0x07, 0xE0, 0xF8, 0x0F, 0x00, 0xE0, 0x0E, 0x00, 0xE0, 0x07, 0x1C,
    0x30, 0xE1, 0x80, 0x0C, 0x00, 0x70, 0x01, 0xC0, 0x4F, 0xFF, 0x1F, 0xF0, 0x1C, 0x00, 0x7C, 0x01,
    0xFF, 0x01, 0x3F, 0xC0, 0x1F, 0x80, 0xFC, 0x03, 0xD8, 0x0E, 0x38, 0x38, 0x3F, 0xE0, 0x3F, 0xC7,
    0x03, 0x0E, 0x06, 0x00, 0x0C, 0x00, 0x1C, 0x00, 0x1C, 0x04, 0x3F, 0xFC, 0x1F, 0xF0, 0x07, 0x00,
    0x38, 0x07, 0xF0, 0x7F, 0x80, 0x1F, 0x03, 0xF0, 0xF8, 0xFE, 0x0F, 0x80, 0x00, 0x00, 0x00, 0x06,
    0x00, 0x60, 0x38, 0x00, 0xFE, 0x01, 0xFE, 0x00, 0x0F, 0x80, 0x3F, 0x01, 0xFC, 0x3F, 0x9F, 0x7C,
    0x1F, 0x00, 0x00, 0x00, 0x00, 0x38, 0x00, 0x70, 0x00, 0x7C, 0x07, 0xFC, 0x13, 0xFC, 0x07, 0xE0,
    0xF8, 0x0F, 0x00, 0xE0, 0x0E, 0x00, 0xE0, 0x07, 0x00, 0x30, 0x01, 0x80, 0x0C, 0x00, 0x70, 0x01,
    0xC0, 0x4F, 0xFF, 0x1F, 0xF0, 0x1C, 0x00, 0x7C, 0x01, 0xFF, 0x01, 0x3F, 0xC0, 0x1F, 0x80, 0xFC,
    0x03, 0xD8, 0x0E, 0x38, 0x38, 0x3F, 0xE0, 0x3F, 0xC0, 0x03, 0x00, 0x06, 0x00, 0x0C, 0x00, 0x1C,
    0x00, 0x1C, 0x04, 0x3F, 0xFC, 0x1F, 0xF0, 0x07, 0x00, 0x38, 0x07, 0xF0, 0x7F, 0x80, 0x1F, 0x03,
    0xF0, 0xF8, 0xFE, 0x0F, 0x80, 0x00, 0x00, 0x38, 0x00, 0xFE, 0x01, 0xFE, 0x00, 0x0F, 0x80, 0x3F,
    0x01, 0xFC, 0x3F, 0x9F, 0x7C, 0x1F, 0x00, 0x00, 0x07, 0x00, 0x38, 0x00, 0x80, 0x00, 0x07, 0xC0,
    0x7F, 0xC1, 0x3F, 0xC0, 0x7E, 0x0F, 0x80, 0xF0, 0x0E, 0x00, 0xE0, 0x0E, 0x00, 0x70, 0x03, 0x00,
    0x18, 0x00, 0xC0, 0x07, 0x00, 0x1C, 0x04, 0xFF, 0xF1, 0xFF, 0x01, 0xC0, 0x07, 0x00, 0x0E, 0x00,
    0x08, 0x00, 0x00, 0x07, 0xC0, 0x1F, 0xF0, 0x13, 0xFC, 0x01, 0xF8, 0x0F, 0xC0, 0x3D, 0x80, 0xE3,
    0x83, 0x83, 0xFE, 0x03, 0xFC, 0x00, 0x30, 0x00, 0x60, 0x00, 0xC0, 0x01, 0xC0, 0x01, 0xC0, 0x43,
    0xFF, 0xC1, 0xFF, 0x00, 0x70, 0x00, 0x38, 0x03, 0x80, 0x10, 0x00, 0x00, 0x38, 0x07, 0xF0, 0x7F,
    0x80, 0x1F, 0x03, 0xF0, 0xF8, 0xFE, 0x0F, 0x80, 0x00, 0x00, 0x30, 0x00, 0x70, 0x00, 0x40, 0x00,
    0x00, 0x03, 0x80, 0x0F, 0xE0, 0x1F, 0xE0, 0x00, 0xF8, 0x03, 0xF0, 0x1F, 0xC3, 0xF9, 0xF7, 0xC1,
    0xF0, 0x00, 0x00, 0x06, 0x07, 0x01, 0xC0, 0x60, 0x38, 0x0C, 0x06, 0x83, 0x7F, 0xBF, 0x80, 0x00,
    0x06, 0x00, 0x70, 0x01, 0xC0, 0x06, 0x00, 0x38, 0x00, 0xC0, 0x07, 0x08, 0x38, 0x7F, 0xF3, 0xFB,
    0x80, 0x00, 0x1C, 0x0E, 0x02, 0x00, 0x00, 0x60, 0x70, 0x1C, 0x06, 0x03, 0x80, 0xC0, 0x68, 0x37,
    0xFB, 0xF8, 0x00, 0x1C, 0x00, 0xE0, 0x02, 0x00, 0x00, 0x00, 0x60, 0x07, 0x00, 0x1C, 0x00, 0x60,
    0x03, 0x80, 0x0C, 0x00, 0x70, 0x83, 0x87, 0xFF, 0x3F, 0xB8, 0x00, 0x00, 0x00, 0x0C, 0x0E, 0x06,
    0x07, 0x07, 0x07, 0x06, 0x0E, 0x1C, 0x7C, 0xF0, 0x60, 0x00, 0x01, 0x80, 0x38, 0x03, 0x00, 0x70,
    0x0E, 0x01, 0xF0, 0x3F, 0x0E, 0x03, 0x81, 0xF0, 0x7C, 0x06, 0x00, 0x0C, 0x1C, 0x08, 0x00, 0x00,
    0x0C, 0x0E, 0x06, 0x07, 0x07, 0x07, 0x06, 0x0E, 0x1C, 0x7C, 0xF0, 0x60, 0x1C, 0x03, 0x80, 0x20,
    0x00, 0x00, 0x00, 0x18, 0x03, 0x80, 0x30, 0x07, 0x00, 0xE0, 0x1F, 0x03, 0xF0, 0xE0, 0x38, 0x1F,
    0x07, 0xC0, 0x60, 0x00, 0x00, 0x00, 0x02, 0x00, 0x00, 0x03, 0x80, 0x00, 0x01, 0xC0, 0x07, 0x0C,
    0x60, 0x03, 0x86, 0x33, 0x00, 0xC3, 0x1D, 0x80, 0x73, 0x8D, 0xC0, 0x3F, 0xFE, 0xE0, 0x1F, 0xFE,
    0x70, 0x0C, 0x00, 0x38, 0x0E, 0x00, 0x0F, 0x0F, 0x00, 0x03, 0xFF, 0x00, 0x00, 0xFE, 0x00, 0x00,
    0x00, 0x00, 0x00, 0x00, 0x00, 0x00, 0x30, 0x00, 0x38, 0x63, 0x00, 0x03, 0x86, 0x30, 0x60, 0x18,
    0x63, 0x86, 0x01, 0xCE, 0x38, 0xE0, 0x1F, 0xFF, 0xFE, 0x01, 0xFF, 0xEF, 0xE0, 0x18, 0x00, 0x0E,
    0x03, 0x80, 0x00, 0x78, 0x78, 0x00, 0x03, 0xFF, 0x00, 0x00, 0x1F, 0xC0, 0x00, 0x00, 0x00, 0x04,
    0x00, 0x0E, 0x00, 0x06, 0x18, 0xC6, 0x38, 0xC7, 0x38, 0xC7, 0x39, 0xC7, 0xFF, 0xFE, 0xFF, 0xFC,
    0x00, 0x00, 0x00, 0x02, 0x00, 0x00, 0xC0, 0x63, 0x18, 0x1C, 0x63, 0x83, 0x8C, 0x70, 0x73, 0x8E,
    0x3F, 0xFF, 0xFF, 0xFF, 0xEF, 0x00, 0x00, 0x00, 0x00, 0x00, 0x00, 0x00, 0x00, 0x60, 0x00, 0x00,
    0x30, 0x00, 0x00, 0x3E, 0x00, 0x00, 0x3F, 0x00, 0x00, 0x09, 0x10, 0x00, 0x00, 0x1C, 0x00, 0x00,
    0x0E, 0x00, 0x38, 0x63, 0x00, 0x1C, 0x31, 0x98, 0x06, 0x18, 0xEC, 0x03, 0x9C, 0x6E, 0x01, 0xFF,
    0xF7, 0x00, 0xFF, 0xF3, 0x80, 0x60, 0x01, 0xC0, 0x70, 0x00, 0x78, 0x78, 0x00, 0x1F, 0xF8, 0x00,
    0x07, 0xF0, 0x00, 0x00, 0x00, 0x00, 0x00, 0x00, 0x00, 0x0C, 0x00, 0x00, 0x00, 0xC0, 0x00, 0x00,
    0x1F, 0x00, 0x00, 0x03, 0xF0, 0x00, 0x00, 0x12, 0x00, 0x00, 0x00, 0x00, 0x00, 0x00, 0x00, 0x30,
    0x00, 0x38, 0x63, 0x00, 0x03, 0x86, 0x30, 0x60, 0x18, 0x63, 0x86, 0x01, 0xCE, 0x38, 0xE0, 0x1F,
    0xFF, 0xFE, 0x01, 0xFF, 0xEF, 0xE0, 0x18, 0x00, 0x0E, 0x03, 0x80, 0x00, 0x78, 0x78, 0x00, 0x03,
    0xFF, 0x00, 0x00, 0x1F, 0xC0, 0x00, 0x00, 0x00, 0x00, 0x00, 0xC0, 0x00, 0xC0, 0x03, 0xF0, 0x03,
    0xF0, 0x01, 0x24, 0x00, 0x0E, 0x00, 0x06, 0x18, 0xC6, 0x38, 0xC7, 0x38, 0xC7, 0x39, 0xC7, 0xFF,
    0xFE, 0xFF, 0xFC, 0x00, 0x00, 0x00, 0x00, 0x00, 0x18, 0x00, 0x03, 0x00, 0x01, 0xF8, 0x00, 0x3F,
    0x00, 0x02, 0x40, 0x00, 0x00, 0x80, 0x00, 0x30, 0x18, 0xC6, 0x07, 0x18, 0xE0, 0xE3, 0x1C, 0x1C,
    0xE3, 0x8F, 0xFF, 0xFF, 0xFF, 0xFB, 0xC0, 0x00, 0x00, 0x00, 0x00, 0x0F, 0x80, 0x00, 0x07, 0xF8,
    0x00, 0xE1, 0xE7, 0x00, 0x1C, 0x70, 0x76, 0x01, 0x9C, 0x0E, 0xC0, 0x3F, 0x03, 0xB8, 0x07, 0xFF,
    0xF7, 0x00, 0xFF, 0xF8, 0xE0, 0x18, 0xF8, 0x1C, 0x07, 0x00, 0x01, 0xE1, 0xE0, 0x00, 0x1F, 0xF8,
    0x00, 0x01, 0xFC, 0x00, 0x00, 0x00, 0x00, 0x0F, 0x80, 0x00, 0x00, 0xFF, 0x00, 0x03, 0x87, 0x9C,
    0x00, 0x0E, 0x38, 0x38, 0x60, 0x19, 0xC0, 0xE1, 0x80, 0x7E, 0x07, 0x0E, 0x01, 0xFF, 0xFF, 0xB8,
    0x07, 0xFF, 0xFE, 0xE0, 0x18, 0xF8, 0x03, 0x80, 0xE0, 0x00, 0x07, 0x87, 0x80, 0x00, 0x0F, 0xFC,
    0x00, 0x00, 0x1F, 0xC0, 0x00, 0x00, 0x00, 0x0F, 0x00, 0x0F, 0xE1, 0x87, 0x9C, 0x63, 0x83, 0x39,
    0xC0, 0xCE, 0xE0, 0x7F, 0xFF, 0xFB, 0xBF, 0xFC, 0x03, 0xF8, 0x00, 0x00, 0x0F, 0x00, 0x01, 0xFC,
    0x06, 0x1E, 0x70, 0x31, 0xC1, 0x83, 0x9C, 0x0C, 0x1D, 0xC0, 0xE3, 0xFF, 0xFF, 0xFD, 0xFF, 0xFF,
    0x03, 0xF8, 0x00, 0x00, 0x00, 0x06, 0x00, 0x00, 0x00, 0xC0, 0x00, 0x00, 0x00, 0x00, 0x00, 0x00,
    0x00, 0x00, 0x00, 0xF8, 0x00, 0x00, 0x7F, 0x80, 0x0E, 0x1E, 0x70, 0x01, 0xC7, 0x07, 0x60, 0x19,
    0xC0, 0xEC, 0x03, 0xF0, 0x3B, 0x80, 0x7F, 0xFF, 0x70, 0x0F, 0xFF, 0x8E, 0x01, 0x8F, 0x81, 0xC0,
    0x70, 0x00, 0x1E, 0x1E, 0x00, 0x01, 0xFF, 0x80, 0x00, 0x1F, 0xC0, 0x00, 0x00, 0x00, 0x00, 0x06,
    0x00, 0x00, 0x00, 0x18, 0x00, 0x00, 0x00, 0x00, 0x00, 0x00, 0x00, 0x00, 0x00, 0x00, 0x0F, 0x80,
    0x00, 0x00, 0xFF, 0x00, 0x03, 0x87, 0x9C, 0x00, 0x0E, 0x38, 0x38, 0x60, 0x19, 0xC0, 0xE1, 0x80,
    0x7E, 0x07, 0x0E, 0x01, 0xFF, 0xFF, 0xB8, 0x07, 0xFF, 0xFE, 0xE0, 0x18, 0xF8, 0x03, 0x80, 0xE0,
    0x00, 0x07, 0x87, 0x80, 0x00, 0x0F, 0xFC, 0x00, 0x00, 0x1F, 0xC0, 0x00, 0x00, 0x00, 0x0E, 0x00,
    0x03, 0x80, 0x00, 0x40, 0x00, 0x00, 0x00, 0x0F, 0x00, 0x0F, 0xE1, 0x87, 0x9C, 0x63, 0x83, 0x39,
    0xC0, 0xCE, 0xE0, 0x7F, 0xFF, 0xFB, 0xBF, 0xFC, 0x03, 0xF8, 0x00, 0x00, 0x0E, 0x00, 0x00, 0x70,
    0x00, 0x01, 0x00, 0x00, 0x00, 0x00, 0x00, 0xF0, 0x00, 0x1F, 0xC0, 0x61, 0xE7, 0x03, 0x1C, 0x18,
    0x39, 0xC0, 0xC1, 0xDC, 0x0E, 0x3F, 0xFF, 0xFF, 0xDF, 0xFF, 0xF0, 0x3F, 0x80, 0x00, 0x0C, 0x00,
    0x0C, 0x00, 0x0C, 0x00, 0x0C, 0x00, 0x0C, 0x00, 0x0C, 0x00, 0x0C, 0x00, 0x0C, 0x7C, 0x0D, 0xFE,
    0x0F, 0xC7, 0x0F, 0x87, 0x0F, 0x07, 0x0E, 0x0E, 0xFF, 0xFE, 0xFF, 0xF8, 0x1F, 0xC0, 0x0C, 0x00,
    0x01, 0x80, 0x00, 0x30, 0x00, 0x06, 0x00, 0x00, 0xC0, 0x00, 0x18, 0x00, 0x03, 0x00, 0x00, 0x63,
    0xE0, 0x0D, 0xFE, 0x01, 0xF8, 0xE0, 0x3E, 0x1C, 0x07, 0x83, 0x80, 0xE0, 0xE1, 0xFF, 0xFF, 0xBF,
    0xFF, 0xF8, 0xFE, 0x00, 0x70, 0x01, 0xC0, 0x07, 0x00, 0x1C, 0x00, 0x70, 0x01, 0xC0, 0x07, 0x00,
    0x1C, 0x7C, 0x77, 0xF9, 0xFE, 0xE3, 0xE1, 0xCE, 0x06, 0x70, 0x3B, 0xFF, 0xCF, 0xFE, 0x00, 0x00,
    0x70, 0x00, 0x70, 0x00, 0x70, 0x00, 0x70, 0x00, 0x70, 0x00, 0x70, 0x00, 0x70, 0x00, 0x71, 0xF0,
    0x77, 0xF8, 0x7F, 0xB8, 0x3E, 0x1C, 0x38, 0x18, 0x70, 0x38, 0xFF, 0xFF, 0xFF, 0xFF, 0x00, 0x00,
    0x0C, 0x00, 0x0C, 0x00, 0x0C, 0x00, 0x0C, 0x18, 0x0C, 0x38, 0x0C, 0x10, 0x0C, 0x00, 0x0C, 0x7C,
    0x0D, 0xFE, 0x0F, 0xC7, 0x0F, 0x87, 0x0F, 0x07, 0x0E, 0x0E, 0xFF, 0xFE, 0xFF, 0xF8, 0x1F, 0xC0,
    0x0C, 0x00, 0x01, 0x80, 0x00, 0x30, 0x00, 0x06, 0x18, 0x00, 0xC7, 0x00, 0x18, 0x40, 0x03, 0x00,
    0x00, 0x63, 0xE0, 0x0D, 0xFE, 0x01, 0xF8, 0xE0, 0x3E, 0x1C, 0x07, 0x83, 0x80, 0xE0, 0xE1, 0xFF,
    0xFF, 0xBF, 0xFF, 0xF8, 0xFE, 0x00, 0x70, 0x01, 0xC0, 0x07, 0x00, 0x1C, 0x70, 0x71, 0xC1, 0xC2,
    0x07, 0x00, 0x1C, 0x7C, 0x77, 0xF9, 0xFE, 0xE3, 0xE1, 0xCE, 0x06, 0x70, 0x3B, 0xFF, 0xCF, 0xFE,
    0x00, 0x00, 0x70, 0x00, 0x70, 0x00, 0x70, 0x00, 0x71, 0xC0, 0x71, 0xC0, 0x70, 0x80, 0x70, 0x00,
    0x71, 0xF0, 0x77, 0xF8, 0x7F, 0xB8, 0x3E, 0x1C, 0x38, 0x18, 0x70, 0x38, 0xFF, 0xFF, 0xFF, 0xFF,
    0x00, 0x00, 0x1E, 0x01, 0xF0, 0x1F, 0x80, 0xC0, 0x0E, 0x00, 0x30, 0xC1, 0xFE, 0x07, 0xF0, 0x3C,
    0x03, 0x80, 0x18, 0x01, 0xC0, 0x0C, 0x00, 0x60, 0x03, 0x00, 0x1C, 0x00, 0x70, 0x03, 0xFF, 0x87,
    0xFC, 0x06, 0x00, 0x0F, 0x01, 0xFC, 0x1F, 0xF0, 0xE3, 0x83, 0x98, 0x0F, 0xC0, 0x3C, 0x03, 0xFE,
    0x3B, 0xF3, 0x80, 0x38, 0x01, 0x80, 0x0C, 0x00, 0x70, 0x03, 0x80, 0x8F, 0xFE, 0x3F, 0xE0, 0x30,
    0x00, 0x00, 0x07, 0xC3, 0xF1, 0xC0, 0x70, 0x1C, 0x03, 0x80, 0xFF, 0xFF, 0xFF, 0x80, 0x00, 0x0F,
    0x03, 0xF8, 0x7F, 0xC7, 0x1C, 0x79, 0x81, 0xF8, 0x1F, 0x0F, 0xFF, 0xFB, 0xF0, 0x00, 0x0C, 0x00,
    0x60, 0x00, 0x00, 0x00, 0x01, 0xE0, 0x1F, 0x01, 0xF8, 0x0C, 0x00, 0xE0, 0x03, 0x0C, 0x1F, 0xE0,
    0x7F, 0x03, 0xC0, 0x38, 0x01, 0x80, 0x1C, 0x00, 0xC0, 0x06, 0x00, 0x30, 0x01, 0xC0, 0x07, 0x00,
    0x3F, 0xF8, 0x7F, 0xC0, 0x60, 0x06, 0x00, 0x30, 0x00, 0x80, 0x00, 0x00, 0xF0, 0x1F, 0xC1, 0xFF,
    0x0E, 0x38, 0x39, 0x80, 0xFC, 0x03, 0xC0, 0x3F, 0xE3, 0xBF, 0x38, 0x03, 0x80, 0x18, 0x00, 0xC0,
    0x07, 0x00, 0x38, 0x08, 0xFF, 0xE3, 0xFE, 0x03, 0x00, 0x0E, 0x03, 0x80, 0x40, 0x00, 0x00, 0x07,
    0xC3, 0xF1, 0xC0, 0x70, 0x1C, 0x03, 0x80, 0xFF, 0xFF, 0xFF, 0x80, 0x00, 0x06, 0x00, 0xE0, 0x04,
    0x00, 0x00, 0x0F, 0x03, 0xF8, 0x7F, 0xC7, 0x1C, 0x79, 0x81, 0xF8, 0x1F, 0x0F, 0xFF, 0xFB, 0xF0,
    0x00, 0x00, 0x01, 0x80, 0x00, 0x38, 0x00, 0x01, 0x00, 0x00, 0x00, 0x00, 0x01, 0xC0, 0x00, 0x3E,
    0x00, 0x07, 0xE0, 0x00, 0x67, 0x60, 0x0E, 0x7E, 0x00, 0xE7, 0xE0, 0x07, 0xFE, 0x00, 0x3F, 0xE0,
    0x00, 0x77, 0xFF, 0xFE, 0x3F, 0xFF, 0xE0, 0xFF, 0xF0, 0x00, 0x00, 0x60, 0x00, 0x00, 0xE0, 0x00,
    0x00, 0x40, 0x00, 0x00, 0x00, 0x00, 0x00, 0xF0, 0x00, 0x01, 0xF8, 0x60, 0x03, 0xF8, 0xE0, 0x03,
    0x9C, 0xE0, 0x03, 0x1C, 0xE0, 0x03, 0x98, 0xE0, 0x01, 0xF8, 0x7F, 0xFF, 0xFF, 0x3F, 0xFF, 0xFF,
    0x0F, 0xFC, 0x00, 0x1C, 0x0E, 0x02, 0x00, 0x00, 0xC1, 0xF8, 0xFC, 0xE6, 0x73, 0xB9, 0xCF, 0xE3,
    0xF0, 0x77, 0xF3, 0xF0, 0x00, 0x0C, 0x00, 0xC0, 0x04, 0x00, 0x00, 0x0E, 0x03, 0xF0, 0x3B, 0x87,
    0x38, 0x71, 0x83, 0x38, 0x3F, 0x0F, 0xFE, 0xFF, 0xF0, 0x00, 0x00, 0x6C, 0x00, 0x6C, 0x00, 0x00,
    0x00, 0x00, 0x00, 0x3C, 0x00, 0x7E, 0x00, 0x6E, 0x00, 0xE6, 0x60, 0xC7, 0x60, 0xFF, 0xE0, 0xFF,
    0xE0, 0x3E, 0xE0, 0x06, 0xE0, 0x0E, 0x78, 0x3C, 0x3F, 0xF8, 0x1F, 0xE0, 0x00, 0x7C, 0x00, 0x1F,
    0x80, 0x02, 0x40, 0x00, 0x00, 0x00, 0x3C, 0x00, 0x1F, 0x80, 0x0E, 0xE0, 0x03, 0x18, 0x70, 0xC7,
    0x18, 0x3F, 0xFE, 0x07, 0xFF, 0x80, 0x18, 0xE0, 0x0E, 0x1C, 0x07, 0x87, 0xCF, 0xC0, 0xFF, 0xE0,
    0x0F, 0xE0, 0x00, 0x36, 0x1F, 0x04, 0x00, 0x00, 0xC1, 0xF8, 0xFC, 0xE6, 0x73, 0xB9, 0xCF, 0xE3,
    0xF0, 0x77, 0xF3, 0xF0, 0x00, 0x1F, 0x03, 0xF0, 0x12, 0x00, 0x00, 0x0E, 0x03, 0xF0, 0x3B, 0x87,
    0x38, 0x71, 0x83, 0x38, 0x3F, 0x0F, 0xFE, 0xFF, 0xF0, 0x00, 0x00, 0x01, 0x80, 0x00, 0x60, 0x00,
    0x18, 0x00, 0x06, 0x00, 0x61, 0x80, 0x38, 0x60, 0x0C, 0x18, 0x03, 0x86, 0x60, 0x61, 0xB8, 0x78,
    0x6E, 0x18, 0x1B, 0x80, 0x06, 0xE0, 0x03, 0x9F, 0xFF, 0xE3, 0xFF, 0xF0, 0x3F, 0xE0, 0x00, 0x01,
    0x80, 0x00, 0x0C, 0x00, 0x00, 0x60, 0x00, 0x03, 0x00, 0x06, 0x18, 0x00, 0x70, 0xC0, 0x03, 0x06,
    0x00, 0x1C, 0x30, 0x60, 0x61, 0x87, 0x0F, 0x0C, 0x38, 0x60, 0x61, 0xC0, 0x03, 0x8E, 0x00, 0x3C,
    0x3F, 0xFF, 0xF8, 0xFF, 0xFD, 0xE1, 0xFF, 0x00, 0x01, 0x83, 0xC7, 0xCF, 0x87, 0x07, 0x01, 0xC0,
    0x70, 0x1C, 0x07, 0x01, 0x80, 0xE0, 0x77, 0xF3, 0xF0, 0x00, 0x01, 0x80, 0x78, 0x1F, 0x07, 0xC0,
    0x70, 0x0E, 0x00, 0x70, 0x03, 0x80, 0x1C, 0x00, 0xE0, 0x06, 0x00, 0x70, 0x07, 0x8F, 0xFF, 0xFC,
    0xF0, 0x00, 0x00, 0x18, 0x00, 0x60, 0x01, 0x80, 0x06, 0x00, 0x18, 0x00, 0x60, 0x01, 0x80, 0x06,
    0x00, 0x18, 0x00, 0x60, 0x01, 0x98, 0x07, 0x60, 0x1B, 0x80, 0x6E, 0x01, 0xB8, 0x06, 0xE0, 0x39,
    0xE3, 0xC3, 0xFE, 0x07, 0xF0, 0x00, 0x18, 0x00, 0x0C, 0x00, 0x06, 0x00, 0x03, 0x00, 0x01, 0x80,
    0x00, 0xC0, 0x00, 0x60, 0x00, 0x30, 0x00, 0x18, 0x00, 0x0C, 0x00, 0x06, 0x0C, 0x03, 0x86, 0x01,
    0xC7, 0x00, 0xFB, 0x80, 0x7F, 0xC0, 0x30, 0xE0, 0x38, 0x3C, 0x78, 0x0F, 0xF8, 0x03, 0xF8, 0x00,
    0x31, 0x8C, 0x63, 0x18, 0xC6, 0x31, 0x8E, 0x73, 0x7B, 0x80, 0x30, 0x30, 0x30, 0x30, 0x30, 0x30,
    0x30, 0x30, 0x30, 0x30, 0x38, 0x38, 0x38, 0xFE, 0xEF, 0x00, 0x1F, 0x0F, 0xE7, 0x39, 0x86, 0x01,
    0xCF, 0xF7, 0xFB, 0x86, 0xE0, 0x38, 0x0E, 0x03, 0x80, 0xE0, 0x18, 0x06, 0x01, 0x80, 0x00, 0x00,
    0x07, 0x00, 0x7C, 0x0F, 0xE0, 0x73, 0x87, 0x8C, 0x7E, 0x73, 0xFF, 0xF9, 0xFF, 0xC3, 0x06, 0x00,
    0x30, 0x01, 0xC0, 0x0E, 0x00, 0x30, 0x01, 0x80, 0x0E, 0x00, 0x00, 0x00, 0x07, 0x03, 0xE1, 0xFC,
    0xE7, 0x30, 0xDE, 0x3F, 0xFF, 0xBE, 0x00, 0x00, 0x07, 0x00, 0x3E, 0x01, 0xF8, 0x0E, 0x70, 0x38,
    0xC1, 0xE3, 0x8F, 0xFF, 0xBB, 0xFE, 0x03, 0x00, 0x03, 0x00, 0x0C, 0x00, 0x00, 0x00, 0x00, 0x00,
    0x10, 0x00, 0xE0, 0x03, 0x98, 0x06, 0x60, 0x1B, 0x80, 0x7E, 0x01, 0xF8, 0x06, 0xE0, 0x39, 0xE3,
    0xC3, 0xFF, 0x07, 0xF0, 0x03, 0x00, 0x01, 0x80, 0x00, 0x00, 0x00, 0x00, 0x00, 0x00, 0x00, 0x01,
    0xC0, 0x00, 0xE0, 0xC0, 0x30, 0x60, 0x1C, 0x70, 0x0F, 0xB8, 0x07, 0xFC, 0x03, 0x0E, 0x03, 0x83,
    0xC3, 0xC0, 0xFF, 0xC0, 0x3F, 0x80, 0x73, 0x88, 0x01, 0x18, 0xC7, 0x38, 0xCF, 0xEF, 0x00, 0x30,
    0x1C, 0x04, 0x00, 0x01, 0x80, 0xC0, 0xE0, 0x70, 0xFF, 0x77, 0x80, 0x00, 0x18, 0x1C, 0x3E, 0x7E,
    0x67, 0xE3, 0xE3, 0xE3, 0x7F, 0x7E, 0x03, 0x00, 0x70, 0x1F, 0x03, 0xF0, 0x73, 0x0E, 0x30, 0xE3,
    0x07, 0xF0, 0x7F, 0x80, 0xFE, 0x01, 0xE0, 0x00, 0x00, 0x01, 0xC0, 0x1E, 0x03, 0xF0, 0x37, 0x87,
    0x3C, 0x73, 0xE3, 0x76, 0x3E, 0x6F, 0xFE, 0xFF, 0xE0, 0x18, 0x07, 0x01, 0xF0, 0x1F, 0x83, 0xB8,
    0x33, 0x83, 0x38, 0x77, 0x0F, 0xFF, 0xFF, 0xF7, 0x1C, 0x30, 0xC3, 0xFC, 0x1F, 0x80, 0xF0, 0x00,
    0x0F, 0x0F, 0xCE, 0xE6, 0x33, 0x1D, 0xFE, 0x7E, 0x0F, 0x03, 0x8F, 0x8F, 0x87, 0x00, 0x00, 0x03,
    0xC0, 0xFC, 0x3B, 0x86, 0x30, 0xC7, 0x1F, 0xF9, 0xFF, 0x07, 0x00, 0xE0, 0xF8, 0x3E, 0x07, 0x00,
    0x00, 0x1E, 0x00, 0x7F, 0x00, 0x72, 0x00, 0xE0, 0x00, 0xC0, 0x60, 0xE0, 0x60, 0xF8, 0xE0, 0x7E,
    0xE0, 0x0E, 0xE0, 0x0E, 0xE0, 0x1E, 0x78, 0x7C, 0x3F, 0xF8, 0x1F, 0xE0, 0x60, 0x00, 0x30, 0x1C,
    0x38, 0x0F, 0xDC, 0x03, 0xFE, 0x00, 0x67, 0x00, 0x71, 0xE0, 0xF0, 0x7F, 0xF0, 0x1F, 0xE0, 0x00,
    0x00, 0x1E, 0x00, 0x7F, 0x00, 0x72, 0x00, 0xE0, 0x00, 0xC0, 0x60, 0xE0, 0x60, 0xF8, 0xE0, 0x7E,
    0xE0, 0x0E, 0xE0, 0x0E, 0xE0, 0x1E, 0x78, 0x7C, 0x3F, 0xF8, 0x1F, 0xE0, 0x00, 0x00, 0x00, 0x00,
    0x06, 0xC0, 0x06, 0xC0, 0x60, 0x00, 0x30, 0x1C, 0x38, 0x0F, 0xDC, 0x03, 0xFE, 0x00, 0x67, 0x00,
    0x71, 0xE0, 0xF0, 0x7F, 0xF0, 0x1F, 0xE0, 0x00, 0x00, 0x00, 0x00, 0x01, 0xF8, 0x00, 0xFC, 0x00,
    0x08, 0x71, 0xC3, 0x0C, 0x30, 0xDF, 0x78, 0x00, 0x1B, 0x6C, 0x1C, 0x0C, 0x06, 0x07, 0x0F, 0xFF,
    0xFC, 0x00, 0x00, 0x7E, 0x3E, 0x00, 0x72, 0x07, 0xF9, 0x83, 0x8C, 0x00, 0x61, 0x83, 0x0F, 0x18,
    0x3C, 0xC0, 0xFE, 0x01, 0xF0, 0x07, 0x00, 0x3C, 0x03, 0xF0, 0x39, 0x83, 0x8C, 0x3F, 0xE1, 0xFE,
    0x38, 0x00, 0x7F, 0x30, 0x06, 0x30, 0x00, 0x30, 0x18, 0x30, 0x1C, 0x30, 0x1E, 0x30, 0x0F, 0x30,
    0x07, 0x30, 0x03, 0xB0, 0x01, 0xF0, 0x00, 0xF0, 0x00, 0x70, 0x00, 0xF8, 0x1F, 0xFF, 0x1F, 0x9F,
    0x00, 0x00, 0x70, 0x07, 0x00, 0x60, 0x07, 0x86, 0x70, 0x60, 0x06, 0x30, 0x63, 0xC6, 0x1E, 0x60,
    0xFE, 0x03, 0xE0, 0x1C, 0x01, 0xE0, 0x3F, 0x07, 0x30, 0xE3, 0x1F, 0xF1, 0xFE, 0x70, 0x03, 0x80,
    0x0C, 0x00, 0x3E, 0x30, 0xF0, 0xC0, 0x03, 0x06, 0x0C, 0x1C, 0x30, 0x78, 0xC0, 0xF3, 0x01, 0xCC,
    0x03, 0xB0, 0x07, 0xC0, 0x0F, 0x00, 0x1C, 0x00, 0xF8, 0x7F, 0xFD, 0xF9, 0xF0, 0x00, 0x00, 0x00,
    0xC0, 0x18, 0x03, 0x30, 0x67, 0x8C, 0x79, 0x87, 0xF0, 0x3E, 0x03, 0x80, 0x78, 0x1F, 0x87, 0x31,
    0xC6, 0x7F, 0xCF, 0xF0, 0x00, 0x38, 0x0F, 0x01, 0x80, 0x1E, 0x07, 0x80, 0x00, 0xC0, 0x03, 0x00,
    0x0C, 0x18, 0x30, 0x70, 0xC1, 0xE3, 0x03, 0xCC, 0x07, 0x30, 0x0E, 0xC0, 0x1F, 0x00, 0x3C, 0x00,
    0x70, 0x03, 0xE1, 0xFF, 0xF7, 0xE7, 0xC0, 0x00, 0x1C, 0x00, 0x70, 0x01, 0x80, 0x07, 0x80, 0x1C,
    0x00, 0x00, 0xC0, 0x18, 0x03, 0x30, 0x67, 0x8C, 0x79, 0x87, 0xF0, 0x3E, 0x03, 0x80, 0x78, 0x1F,
    0x87, 0x31, 0xC6, 0x7F, 0xCF, 0xF0, 0x00, 0xC0, 0x03, 0x00, 0x0C, 0x18, 0x30, 0x70, 0xC1, 0xE3,
    0x03, 0xCC, 0x07, 0x30, 0x0E, 0xC0, 0x1F, 0x00, 0x3C, 0x00, 0x70, 0x03, 0xE1, 0xFF, 0xF7, 0xE7,
    0xC0, 0x00, 0x00, 0x20, 0x00, 0x07, 0x00, 0x00, 0xF8, 0x00, 0x1F, 0xC0, 0x03, 0xFE, 0x00, 0x70,
    0x70, 0x0F, 0xF7, 0x81, 0xFF, 0x3C, 0x3F, 0xF7, 0xE7, 0xFC, 0xFF, 0x7F, 0xDF, 0xF3, 0xF9, 0xFE,
    0x1F, 0xFF, 0xC0, 0xFF, 0xF8, 0x07, 0x9F, 0x00, 0x39, 0xE0, 0x01, 0xFC, 0x00, 0x0F, 0x80, 0x00,
    0x70, 0x00, 0x00, 0x00,
};

static const EpdGlyph ubuntu_10_regularGlyphs[] = {
    { 0, 0, 0, 0, 0, 0, 0 }, // U+0000
    { 0, 0, 0, 0, 0, 0, 0 }, // U+0008
    { 0, 0, 77, 0, 0, 0, 0 }, // U+0009
    { 0, 0, 77, 0, 0, 0, 0 }, // U+000D
    { 0, 0, 0, 0, 0, 0, 0 }, // U+001D
    { 0, 0, 77, 0, 0, 0, 0 }, // U+0020
    { 4, 15, 92, 1, 15, 8, 0 }, // !
    { 7, 5, 139, 1, 16, 5, 8 }, // "
    { 12, 15, 222, 1, 15, 23, 13 }, // #
    { 10, 19, 188, 1, 16, 24, 36 }, // $
    { 16, 15, 286, 1, 15, 30, 60 }, // %
    { 14, 15, 222, 0, 15, 27, 90 }, // &
    { 3, 5, 80, 1, 16, 2, 117 }, // '
    { 6, 20, 108, 1, 16, 15, 119 }, // (
    { 6, 20, 108, 0, 16, 15, 134 }, // )
    { 10, 8, 160, 0, 15, 10, 149 }, // *
    { 10, 10, 188, 1, 11, 13, 159 }, // +
    { 4, 5, 82, 0, 2, 3, 172 }, // ,
    { 6, 2, 100, 0, 7, 2, 175 }, // -
    { 3, 3, 82, 1, 3, 2, 177 }, // .
    { 10, 20, 128, -1, 16, 25, 179 }, // /
    { 10, 15, 188, 1, 15, 19, 204 }, // 0
    { 7, 15, 188, 1, 15, 14, 223 }, // 1
    { 10, 15, 188, 1, 15, 19, 237 }, // 2
    { 10, 15, 188, 1, 15, 19, 256 }, // 3
    { 11, 15, 188, 0, 15, 21, 275 }, // 4
    { 10, 15, 188, 1, 15, 19, 296 }, // 5
    { 10, 15, 188, 1, 15, 19, 315 }, // 6
    { 10, 15, 188, 1, 15, 19, 334 }, // 7
    { 10, 15, 188, 1, 15, 19, 353 }, // 8
    { 10, 15, 188, 1, 15, 19, 372 }, // 9
    { 3, 11, 82, 1, 11, 5, 391 }, // :
    { 4, 14, 82, 0, 11, 7, 396 }, // ;
    { 10, 9, 188, 1, 11, 12, 403 }, // <
    { 10, 7, 188, 1, 10, 9, 415 }, // =
    { 10, 9, 188, 1, 11, 12, 424 }, // >
    { 8, 15, 135, 0, 15, 15, 436 }, // ?
    { 18, 20, 317, 1, 16, 45, 451 }, // @
    { 14, 15, 221, 0, 15, 27, 496 }, // A
    { 12, 15, 214, 1, 15, 23, 523 }, // B
    { 12, 15, 207, 1, 15, 23, 546 }, // C
    { 13, 15, 238, 1, 15, 25, 569 }, // D
    { 11, 15, 190, 1, 15, 21, 594 }, // E
    { 10, 15, 179, 1, 15, 19, 615 }, // F
    { 12, 15, 224, 1, 15, 23, 634 }, // G
    { 12, 15, 235, 1, 15, 23, 657 }, // H
    { 3, 15, 90, 1, 15, 6, 680 }, // I
    { 9, 15, 167, 0, 15, 17, 686 }, // J
    { 13, 15, 210, 1, 15, 25, 703 }, // K
    { 10, 15, 173, 1, 15, 19, 728 }, // L
    { 16, 15, 290, 1, 15, 30, 747 }, // M
    { 13, 15, 243, 1, 15, 25, 777 }, // N
    { 15, 15, 259, 1, 15, 29, 802 }, // O
    { 12, 15, 203, 1, 15, 23, 831 }, // P
    { 15, 19, 259, 1, 15, 36, 854 }, // Q
    { 12, 15, 210, 1, 15, 23, 890 }, // R
    { 11, 15, 177, 0, 15, 21, 913 }, // S
    { 12, 15, 188, 0, 15, 23, 934 }, // T
    { 12, 15, 229, 1, 15, 23, 957 }, // U
    { 14, 15, 219, 0, 15, 27, 980 }, // V
    { 19, 15, 310, 0, 15, 36, 1007 }, // W
    { 13, 15, 210, 0, 15, 25, 1043 }, // X
    { 13, 15, 199, 0, 15, 25, 1068 }, // Y
    { 12, 15, 191, 0, 15, 23, 1093 }, // Z
    { 5, 20, 110, 2, 16, 13, 1116 }, // [
    { 10, 20, 128, -1, 16, 25, 1129 }, // <backslash>
    { 5, 20, 110, 0, 16, 13, 1154 }, // ]
    { 11, 8, 188, 0, 15, 11, 1167 }, // ^
    { 12, 2, 164, -1, -2, 3, 1178 }, // _
    { 5, 4, 125, 1, 16, 3, 1181 }, // `
    { 10, 11, 174, 0, 11, 14, 1184 }, // a
    { 11, 16, 196, 1, 16, 22, 1198 }, // b
    { 9, 11, 155, 1, 11, 13, 1220 }, // c
    { 10, 16, 196, 1, 16, 20, 1233 }, // d
    { 10, 11, 186, 1, 11, 14, 1253 }, // e
    { 8, 16, 129, 1, 16, 16, 1267 }, // f
    { 10, 15, 193, 1, 11, 19, 1283 }, // g
    { 10, 16, 190, 1, 16, 20, 1302 }, // h
    { 3, 16, 84, 1, 16, 6, 1322 }, // i
    { 6, 20, 84, -2, 16, 15, 1328 }, // j
    { 10, 16, 174, 1, 16, 20, 1343 }, // k
    { 5, 16, 91, 1, 16, 10, 1363 }, // l
    { 16, 11, 287, 1, 11, 22, 1373 }, // m
    { 10, 11, 191, 1, 11, 14, 1395 }, // n
    { 11, 11, 197, 1, 11, 16, 1409 }, // o
    { 11, 15, 196, 1, 11, 21, 1425 }, // p
    { 10, 15, 196, 1, 11, 19, 1446 }, // q
    { 7, 11, 129, 1, 11, 10, 1465 }, // r
    { 9, 11, 149, 0, 11, 13, 1475 }, // s
    { 8, 14, 134, 1, 14, 14, 1488 }, // t
    { 10, 11, 191, 1, 11, 14, 1502 }, // u
    { 11, 11, 167, 0, 11, 16, 1516 }, // v
    { 16, 11, 259, 0, 11, 22, 1532 }, // w
    { 11, 11, 170, 0, 11, 16, 1554 }, // x
    { 11, 15, 166, 0, 11, 21, 1570 }, // y
    { 10, 11, 157, 0, 11, 14, 1591 }, // z
    { 7, 20, 111, 0, 16, 18, 1605 }, // {
    { 2, 20, 93, 2, 16, 5, 1623 }, // |
    { 7, 20, 111, 0, 16, 18, 1628 }, // }
    { 11, 4, 188, 0, 8, 6, 1646 }, // ~
    { 0, 0, 77, 0, 0, 0, 1652 }, // U+00A0
    { 4, 15, 92, 1, 11, 8, 1652 }, // U+00A1
    { 10, 17, 188, 1, 14, 22, 1660 }, // U+00A2
    { 10, 15, 188, 1, 15, 19, 1682 }, // U+00A3
    { 11, 10, 188, 0, 12, 14, 1701 }, // U+00A4
    { 12, 15, 188, 0, 15, 23, 1715 }, // U+00A5
    { 2, 20, 93, 2, 16, 5, 1738 }, // U+00A6
    { 10, 18, 164, 0, 16, 23, 1743 }, // U+00A7
    { 8, 2, 125, 0, 15, 2, 1766 }, // U+00A8
    { 15, 15, 271, 1, 15, 29, 1768 }, // U+00A9
    { 8, 8, 130, 0, 15, 8, 1797 }, // U+00AA
    { 10, 9, 166, 0, 10, 12, 1805 }, // U+00AB
    { 10, 8, 188, 1, 9, 10, 1817 }, // U+00AC
    { 6, 2, 100, 0, 7, 2, 1827 }, // U+00AD
    { 15, 15, 271, 1, 15, 29, 1829 }, // U+00AE
    { 7, 2, 125, 0, 15, 2, 1858 }, // U+00AF
    { 7, 6, 111, 0, 16, 6, 1860 }, // U+00B0
    { 10, 13, 188, 1, 13, 17, 1866 }, // U+00B1
    { 7, 8, 120, 0, 15, 7, 1883 }, // U+00B2
    { 7, 8, 120, 0, 15, 7, 1890 }, // U+00B3
    { 5, 4, 125, 2, 16, 3, 1897 }, // U+00B4
    { 10, 15, 193, 1, 11, 19, 1900 }, // U+00B5
    { 12, 19, 215, 0, 15, 29, 1919 }, // U+00B6
    { 3, 3, 82, 1, 8, 2, 1948 }, // U+00B7
    { 5, 4, 125, 1, 0, 3, 1950 }, // U+00B8
    { 4, 8, 120, 1, 15, 4, 1953 }, // U+00B9
    { 9, 8, 149, 0, 15, 9, 1957 }, // U+00BA
    { 10, 9, 166, 0, 10, 12, 1966 }, // U+00BB
    { 17, 15, 291, 1, 15, 32, 1978 }, // U+00BC
    { 17, 15, 291, 1, 15, 32, 2010 }, // U+00BD
    { 18, 15, 291, 0, 15, 34, 2042 }, // U+00BE
    { 9, 15, 135, 0, 11, 17, 2076 }, // U+00BF
    { 14, 20, 221, 0, 20, 35, 2093 }, // U+00C0
    { 14, 20, 221, 0, 20, 35, 2128 }, // U+00C1
    { 14, 20, 221, 0, 20, 35, 2163 }, // U+00C2
    { 14, 19, 221, 0, 19, 34, 2198 }, // U+00C3
    { 14, 18, 221, 0, 18, 32, 2232 }, // U+00C4
    { 14, 18, 221, 0, 18, 32, 2264 }, // U+00C5
    { 19, 15, 312, 0, 15, 36, 2296 }, // U+00C6
    { 12, 18, 207, 1, 15, 27, 2332 }, // U+00C7
    { 11, 20, 190, 1, 20, 28, 2359 }, // U+00C8
    { 11, 20, 190, 1, 20, 28, 2387 }, // U+00C9
    { 11, 20, 190, 1, 20, 28, 2415 }, // U+00CA
    { 11, 18, 190, 1, 18, 25, 2443 }, // U+00CB
    { 5, 20, 90, 0, 20, 13, 2468 }, // U+00CC
    { 5, 20, 90, 1, 20, 13, 2481 }, // U+00CD
    { 7, 20, 90, -1, 20, 18, 2494 }, // U+00CE
    { 8, 18, 90, -1, 18, 18, 2512 }, // U+00CF
    { 15, 15, 242, 0, 15, 29, 2530 }, // U+00D0
    { 13, 19, 243, 1, 19, 31, 2559 }, // U+00D1
    { 15, 20, 259, 1, 20, 38, 2590 }, // U+00D2
    { 15, 20, 259, 1, 20, 38, 2628 }, // U+00D3
    { 15, 20, 259, 1, 20, 38, 2666 }, // U+00D4
    { 15, 19, 259, 1, 19, 36, 2704 }, // U+00D5
    { 15, 18, 259, 1, 18, 34, 2740 }, // U+00D6
    { 10, 9, 188, 1, 11, 12, 2774 }, // U+00D7
    { 15, 15, 259, 1, 15, 29, 2786 }, // U+00D8
    { 12, 20, 229, 1, 20, 30, 2815 }, // U+00D9
    { 12, 20, 229, 1, 20, 30, 2845 }, // U+00DA
    { 12, 20, 229, 1, 20, 30, 2875 }, // U+00DB
    { 12, 18, 229, 1, 18, 27, 2905 }, // U+00DC
    { 13, 20, 199, 0, 20, 33, 2932 }, // U+00DD
    { 12, 15, 203, 1, 15, 23, 2965 }, // U+00DE
    { 12, 16, 208, 1, 16, 24, 2988 }, // U+00DF
    { 10, 16, 174, 0, 16, 20, 3012 }, // U+00E0
    { 10, 16, 174, 0, 16, 20, 3032 }, // U+00E1
    { 10, 16, 174, 0, 16, 20, 3052 }, // U+00E2
    { 10, 16, 174, 0, 16, 20, 3072 }, // U+00E3
    { 10, 15, 174, 0, 15, 19, 3092 }, // U+00E4
    { 10, 16, 174, 0, 16, 20, 3111 }, // U+00E5
    { 17, 11, 286, 0, 11, 24, 3131 }, // U+00E6
    { 9, 15, 155, 1, 11, 17, 3155 }, // U+00E7
    { 10, 16, 186, 1, 16, 20, 3172 }, // U+00E8
    { 10, 16, 186, 1, 16, 20, 3192 }, // U+00E9
    { 10, 16, 186, 1, 16, 20, 3212 }, // U+00EA
    { 10, 15, 186, 1, 15, 19, 3232 }, // U+00EB
    { 5, 16, 84, 0, 16, 10, 3251 }, // U+00EC
    { 5, 16, 84, 1, 16, 10, 3261 }, // U+00ED
    { 7, 16, 84, -1, 16, 14, 3271 }, // U+00EE
    { 7, 15, 84, -1, 15, 14, 3285 }, // U+00EF
    { 11, 16, 196, 1, 16, 22, 3299 }, // U+00F0
    { 10, 16, 191, 1, 16, 20, 3321 }, // U+00F1
    { 11, 16, 197, 1, 16, 22, 3341 }, // U+00F2
    { 11, 16, 197, 1, 16, 22, 3363 }, // U+00F3
    { 11, 16, 197, 1, 16, 22, 3385 }, // U+00F4
    { 11, 16, 197, 1, 16, 22, 3407 }, // U+00F5
    { 11, 15, 197, 1, 15, 21, 3429 }, // U+00F6
    { 10, 12, 188, 1, 12, 15, 3450 }, // U+00F7
    { 11, 11, 197, 1, 11, 16, 3465 }, // U+00F8
    { 10, 16, 191, 1, 16, 20, 3481 }, // U+00F9
    { 10, 16, 191, 1, 16, 20, 3501 }, // U+00FA
    { 10, 16, 191, 1, 16, 20, 3521 }, // U+00FB
    { 10, 15, 191, 1, 15, 19, 3541 }, // U+00FC
    { 11, 20, 166, 0, 16, 28, 3560 }, // U+00FD
    { 11, 20, 196, 1, 16, 28, 3588 }, // U+00FE
    { 11, 19, 166, 0, 15, 27, 3616 }, // U+00FF
    { 14, 18, 221, 0, 18, 32, 3643 }, // U+0100
    { 10, 15, 174, 0, 15, 19, 3675 }, // U+0101
    { 14, 19, 221, 0, 19, 34, 3694 }, // U+0102
    { 10, 16, 174, 0, 16, 20, 3728 }, // U+0103
    { 14, 19, 221, 0, 15, 34, 3748 }, // U+0104
    { 10, 14, 174, 0, 11, 18, 3782 }, // U+0105
    { 12, 20, 207, 1, 20, 30, 3800 }, // U+0106
    { 9, 16, 155, 1, 16, 18, 3830 }, // U+0107
    { 12, 20, 207, 1, 20, 30, 3848 }, // U+0108
    { 9, 16, 155, 1, 16, 18, 3878 }, // U+0109
    { 12, 19, 207, 1, 19, 29, 3896 }, // U+010A
    { 9, 16, 155, 1, 16, 18, 3925 }, // U+010B
    { 12, 20, 207, 1, 20, 30, 3943 }, // U+010C
    { 9, 16, 155, 1, 16, 18, 3973 }, // U+010D
    { 13, 20, 238, 1, 20, 33, 3991 }, // U+010E
    { 14, 16, 207, 1, 16, 28, 4024 }, // U+010F
    { 15, 15, 242, 0, 15, 29, 4052 }, // U+0110
    { 12, 16, 196, 1, 16, 24, 4081 }, // U+0111
    { 11, 18, 190, 1, 18, 25, 4105 }, // U+0112
    { 10, 15, 186, 1, 15, 19, 4130 }, // U+0113
    { 11, 19, 190, 1, 19, 27, 4149 }, // U+0114
    { 10, 16, 186, 1, 16, 20, 4176 }, // U+0115
    { 11, 19, 190, 1, 19, 27, 4196 }, // U+0116
    { 10, 16, 186, 1, 16, 20, 4223 }, // U+0117
    { 11, 19, 190, 1, 15, 27, 4243 }, // U+0118
    { 10, 14, 186, 1, 11, 18, 4270 }, // U+0119
    { 11, 20, 190, 1, 20, 28, 4288 }, // U+011A
    { 10, 17, 186, 1, 17, 22, 4316 }, // U+011B
    { 12, 20, 224, 1, 20, 30, 4338 }, // U+011C
    { 10, 20, 193, 1, 16, 25, 4368 }, // U+011D
    { 12, 19, 224, 1, 19, 29, 4393 }, // U+011E
    { 10, 20, 193, 1, 16, 25, 4422 }, // U+011F
    { 12, 19, 224, 1, 19, 29, 4447 }, // U+0120
    { 10, 20, 193, 1, 16, 25, 4476 }, // U+0121
    { 12, 19, 224, 1, 15, 29, 4501 }, // U+0122
    { 10, 21, 193, 1, 17, 27, 4530 }, // U+0123
    { 12, 20, 235, 1, 20, 30, 4557 }, // U+0124
    { 10, 20, 190, 1, 20, 25, 4587 }, // U+0125
    { 15, 15, 244, 0, 15, 29, 4612 }, // U+0126
    { 11, 16, 190, 0, 16, 22, 4641 }, // U+0127
    { 8, 19, 90, -1, 19, 19, 4663 }, // U+0128
    { 8, 16, 84, -1, 16, 16, 4682 }, // U+0129
    { 7, 18, 90, -1, 18, 16, 4698 }, // U+012A
    { 7, 15, 84, -1, 15, 14, 4714 }, // U+012B
    { 6, 19, 90, 0, 19, 15, 4728 }, // U+012C
    { 7, 16, 84, -1, 16, 14, 4743 }, // U+012D
    { 5, 19, 90, 0, 15, 12, 4757 }, // U+012E
    { 4, 20, 84, 0, 16, 10, 4769 }, // U+012F
    { 4, 19, 90, 1, 19, 10, 4779 }, // U+0130
    { 3, 11, 84, 1, 11, 5, 4789 }, // U+0131
    { 14, 15, 256, 1, 15, 27, 4794 }, // U+0132
    { 9, 20, 170, 1, 16, 23, 4821 }, // U+0133
    { 11, 20, 167, 0, 20, 28, 4844 }, // U+0134
    { 8, 20, 84, -2, 16, 20, 4872 }, // U+0135
    { 13, 19, 210, 1, 15, 31, 4892 }, // U+0136
    { 10, 20, 174, 1, 16, 25, 4923 }, // U+0137
    { 10, 11, 179, 1, 11, 14, 4948 }, // U+0138
    { 10, 20, 173, 1, 20, 25, 4962 }, // U+0139
    { 5, 20, 91, 1, 20, 13, 4987 }, // U+013A
    { 10, 19, 173, 1, 15, 24, 5000 }, // U+013B
    { 6, 20, 91, 0, 16, 15, 5024 }, // U+013C
    { 10, 15, 173, 1, 15, 19, 5039 }, // U+013D
    { 6, 16, 95, 1, 16, 12, 5058 }, // U+013E
    { 10, 15, 173, 1, 15, 19, 5070 }, // U+013F
    { 7, 16, 123, 1, 16, 14, 5089 }, // U+0140
    { 12, 15, 179, -1, 15, 23, 5103 }, // U+0141
    { 7, 16, 96, 0, 16, 14, 5126 }, // U+0142
    { 13, 20, 243, 1, 20, 33, 5140 }, // U+0143
    { 10, 16, 191, 1, 16, 20, 5173 }, // U+0144
    { 13, 19, 243, 1, 15, 31, 5193 }, // U+0145
    { 10, 15, 191, 1, 11, 19, 5224 }, // U+0146
    { 13, 20, 243, 1, 20, 33, 5243 }, // U+0147
    { 10, 16, 191, 1, 16, 20, 5276 }, // U+0148
    { 11, 16, 191, 0, 16, 22, 5296 }, // U+0149
    { 13, 19, 243, 1, 15, 31, 5318 }, // U+014A
    { 10, 15, 191, 1, 11, 19, 5349 }, // U+014B
    { 15, 18, 259, 1, 18, 34, 5368 }, // U+014C
    { 11, 15, 197, 1, 15, 21, 5402 }, // U+014D
    { 15, 19, 259, 1, 19, 36, 5423 }, // U+014E
    { 11, 16, 197, 1, 16, 22, 5459 }, // U+014F
    { 15, 20, 259, 1, 20, 38, 5481 }, // U+0150
    { 11, 16, 197, 1, 16, 22, 5519 }, // U+0151
    { 20, 15, 331, 1, 15, 38, 5541 }, // U+0152
    { 18, 11, 316, 1, 11, 25, 5579 }, // U+0153
    { 12, 20, 210, 1, 20, 30, 5604 }, // U+0154
    { 7, 16, 129, 1, 16, 14, 5634 }, // U+0155
    { 12, 19, 210, 1, 15, 29, 5648 }, // U+0156
    { 8, 15, 129, 0, 11, 15, 5677 }, // U+0157
    { 12, 20, 210, 1, 20, 30, 5692 }, // U+0158
    { 7, 16, 129, 1, 16, 14, 5722 }, // U+0159
    { 11, 20, 177, 0, 20, 28, 5736 }, // U+015A
    { 9, 16, 149, 0, 16, 18, 5764 }, // U+015B
    { 11, 20, 177, 0, 20, 28, 5782 }, // U+015C
    { 9, 16, 149, 0, 16, 18, 5810 }, // U+015D
    { 11, 18, 177, 0, 15, 25, 5828 }, // U+015E
    { 9, 14, 149, 0, 11, 16, 5853 }, // U+015F
    { 11, 20, 177, 0, 20, 28, 5869 }, // U+0160
    { 9, 16, 149, 0, 16, 18, 5897 }, // U+0161
    { 12, 18, 188, 0, 15, 27, 5915 }, // U+0162
    { 8, 17, 134, 1, 14, 17, 5942 }, // U+0163
    { 12, 20, 188, 0, 20, 30, 5959 }, // U+0164
    { 8, 16, 134, 1, 16, 16, 5989 }, // U+0165
    { 12, 15, 188, 0, 15, 23, 6005 }, // U+0166
    { 8, 14, 134, 1, 14, 14, 6028 }, // U+0167
    { 12, 19, 229, 1, 19, 29, 6042 }, // U+0168
    { 10, 16, 191, 1, 16, 20, 6071 }, // U+0169
    { 12, 18, 229, 1, 18, 27, 6091 }, // U+016A
    { 10, 15, 191, 1, 15, 19, 6118 }, // U+016B
    { 12, 19, 229, 1, 19, 29, 6137 }, // U+016C
    { 10, 16, 191, 1, 16, 20, 6166 }, // U+016D
    { 12, 19, 229, 1, 19, 29, 6186 }, // U+016E
    { 10, 16, 191, 1, 16, 20, 6215 }, // U+016F
    { 12, 20, 229, 1, 20, 30, 6235 }, // U+0170
    { 10, 16, 191, 1, 16, 20, 6265 }, // U+0171
    { 12, 18, 229, 1, 15, 27, 6285 }, // U+0172
    { 10, 14, 191, 1, 11, 18, 6312 }, // U+0173
    { 19, 20, 310, 0, 20, 48, 6330 }, // U+0174
    { 16, 16, 259, 0, 16, 32, 6378 }, // U+0175
    { 13, 20, 199, 0, 20, 33, 6410 }, // U+0176
    { 11, 20, 166, 0, 16, 28, 6443 }, // U+0177
    { 13, 18, 199, 0, 18, 30, 6471 }, // U+0178
    { 12, 20, 191, 0, 20, 30, 6501 }, // U+0179
    { 10, 16, 157, 0, 16, 20, 6531 }, // U+017A
    { 12, 19, 191, 0, 19, 29, 6551 }, // U+017B
    { 10, 16, 157, 0, 16, 20, 6580 }, // U+017C
    { 12, 20, 191, 0, 20, 30, 6600 }, // U+017D
    { 10, 16, 157, 0, 16, 20, 6630 }, // U+017E
    { 8, 16, 91, 1, 16, 16, 6650 }, // U+017F
    { 13, 15, 235, 1, 15, 25, 6666 }, // U+018F
    { 15, 17, 259, 1, 17, 32, 6691 }, // U+01A0
    { 12, 13, 197, 1, 13, 20, 6723 }, // U+01A1
    { 15, 17, 237, 1, 17, 32, 6743 }, // U+01AF
    { 12, 13, 199, 1, 13, 20, 6775 }, // U+01B0
    { 26, 19, 430, 1, 19, 62, 6795 }, // U+01C4
    { 24, 16, 396, 1, 16, 48, 6857 }, // U+01C5
    { 21, 16, 355, 1, 16, 42, 6905 }, // U+01C6
    { 19, 15, 339, 1, 15, 36, 6947 }, // U+01C7
    { 14, 20, 259, 1, 16, 35, 6983 }, // U+01C8
    { 9, 20, 177, 1, 16, 23, 7018 }, // U+01C9
    { 24, 15, 409, 1, 15, 45, 7041 }, // U+01CA
    { 19, 20, 328, 1, 16, 48, 7086 }, // U+01CB
    { 16, 20, 277, 1, 16, 40, 7134 }, // U+01CC
    { 14, 20, 221, 0, 20, 35, 7174 }, // U+01CD
    { 10, 16, 174, 0, 16, 20, 7209 }, // U+01CE
    { 6, 20, 90, 0, 20, 15, 7229 }, // U+01CF
    { 7, 16, 84, -1, 16, 14, 7244 }, // U+01D0
    { 15, 20, 259, 1, 20, 38, 7258 }, // U+01D1
    { 11, 16, 197, 1, 16, 22, 7296 }, // U+01D2
    { 12, 20, 229, 1, 20, 30, 7318 }, // U+01D3
    { 10, 16, 191, 1, 16, 20, 7348 }, // U+01D4
    { 12, 21, 229, 1, 21, 32, 7368 }, // U+01D5
    { 10, 17, 191, 1, 17, 22, 7400 }, // U+01D6
    { 12, 21, 229, 1, 21, 32, 7422 }, // U+01D7
    { 10, 18, 191, 1, 18, 23, 7454 }, // U+01D8
    { 12, 20, 229, 1, 20, 30, 7477 }, // U+01D9
    { 10, 17, 191, 1, 17, 22, 7507 }, // U+01DA
    { 12, 21, 229, 1, 21, 32, 7529 }, // U+01DB
    { 10, 18, 191, 1, 18, 23, 7561 }, // U+01DC
    { 10, 11, 186, 1, 11, 14, 7584 }, // U+01DD
    { 14, 21, 221, 0, 21, 37, 7598 }, // U+01DE
    { 10, 17, 174, 0, 17, 22, 7635 }, // U+01DF
    { 14, 21, 221, 0, 21, 37, 7657 }, // U+01E0
    { 10, 17, 174, 0, 17, 22, 7694 }, // U+01E1
    { 19, 18, 312, 0, 18, 43, 7716 }, // U+01E2
    { 17, 15, 286, 0, 15, 32, 7759 }, // U+01E3
    { 14, 15, 234, 1, 15, 27, 7791 }, // U+01E4
    { 12, 15, 197, 1, 11, 23, 7818 }, // U+01E5
    { 12, 20, 224, 1, 20, 30, 7841 }, // U+01E6
    { 10, 20, 193, 1, 16, 25, 7871 }, // U+01E7
    { 13, 20, 210, 1, 20, 33, 7896 }, // U+01E8
    { 10, 20, 174, 1, 20, 25, 7929 }, // U+01E9
    { 15, 18, 259, 1, 15, 34, 7954 }, // U+01EA
    { 11, 14, 197, 1, 11, 20, 7988 }, // U+01EB
    { 15, 21, 259, 1, 18, 40, 8008 }, // U+01EC
    { 11, 18, 197, 1, 15, 25, 8048 }, // U+01ED
    { 11, 20, 189, 0, 20, 28, 8073 }, // U+01EE
    { 11, 20, 157, -1, 16, 28, 8101 }, // U+01EF
    { 8, 20, 84, -2, 16, 20, 8129 }, // U+01F0
    { 26, 15, 430, 1, 15, 49, 8149 }, // U+01F1
    { 24, 15, 396, 1, 15, 45, 8198 }, // U+01F2
    { 21, 16, 355, 1, 16, 42, 8243 }, // U+01F3
    { 12, 20, 224, 1, 20, 30, 8285 }, // U+01F4
    { 10, 20, 193, 1, 16, 25, 8315 }, // U+01F5
    { 20, 15, 352, 1, 15, 38, 8340 }, // U+01F6
    { 12, 19, 214, 1, 15, 29, 8378 }, // U+01F7
    { 13, 20, 243, 1, 20, 33, 8407 }, // U+01F8
    { 10, 16, 191, 1, 16, 20, 8440 }, // U+01F9
    { 14, 21, 221, 0, 21, 37, 8460 }, // U+01FA
    { 10, 19, 174, 0, 19, 24, 8497 }, // U+01FB
    { 19, 20, 312, 0, 20, 48, 8521 }, // U+01FC
    { 17, 16, 286, 0, 16, 34, 8569 }, // U+01FD
    { 15, 20, 259, 1, 20, 38, 8603 }, // U+01FE
    { 11, 16, 197, 1, 16, 22, 8641 }, // U+01FF
    { 14, 20, 221, 0, 20, 35, 8663 }, // U+0200
    { 10, 16, 174, 0, 16, 20, 8698 }, // U+0201
    { 14, 19, 221, 0, 19, 34, 8718 }, // U+0202
    { 10, 16, 174, 0, 16, 20, 8752 }, // U+0203
    { 11, 20, 190, 1, 20, 28, 8772 }, // U+0204
    { 10, 16, 186, 1, 16, 20, 8800 }, // U+0205
    { 11, 19, 190, 1, 19, 27, 8820 }, // U+0206
    { 10, 16, 186, 1, 16, 20, 8847 }, // U+0207
    { 8, 20, 90, -2, 20, 20, 8867 }, // U+0208
    { 8, 16, 84, -2, 16, 16, 8887 }, // U+0209
    { 6, 19, 90, 0, 19, 15, 8903 }, // U+020A
    { 7, 16, 84, -1, 16, 14, 8918 }, // U+020B
    { 15, 20, 259, 1, 20, 38, 8932 }, // U+020C
    { 11, 16, 197, 1, 16, 22, 8970 }, // U+020D
    { 15, 19, 259, 1, 19, 36, 8992 }, // U+020E
    { 11, 16, 197, 1, 16, 22, 9028 }, // U+020F
    { 12, 20, 210, 1, 20, 30, 9050 }, // U+0210
    { 8, 16, 129, 0, 16, 16, 9080 }, // U+0211
    { 12, 19, 210, 1, 19, 29, 9096 }, // U+0212
    { 7, 16, 129, 1, 16, 14, 9125 }, // U+0213
    { 12, 20, 229, 1, 20, 30, 9139 }, // U+0214
    { 10, 16, 191, 1, 16, 20, 9169 }, // U+0215
    { 12, 19, 229, 1, 19, 29, 9189 }, // U+0216
    { 10, 16, 191, 1, 16, 20, 9218 }, // U+0217
    { 11, 19, 177, 0, 15, 27, 9238 }, // U+0218
    { 9, 15, 149, 0, 11, 17, 9265 }, // U+0219
    { 12, 19, 188, 0, 15, 29, 9282 }, // U+021A
    { 8, 18, 134, 1, 14, 18, 9311 }, // U+021B
    { 11, 19, 178, 0, 15, 27, 9329 }, // U+021C
    { 9, 15, 145, 0, 11, 17, 9356 }, // U+021D
    { 12, 20, 235, 1, 20, 30, 9373 }, // U+021E
    { 10, 20, 190, 1, 20, 25, 9403 }, // U+021F
    { 10, 13, 188, 1, 12, 17, 9428 }, // U+0259
    { 5, 4, 0, -11, 16, 3, 9445 }, // U+0300
    { 5, 4, 0, -7, 16, 3, 9448 }, // U+0301
    { 8, 4, 0, -4, 16, 4, 9451 }, // U+0302
    { 9, 4, 0, -11, 16, 5, 9455 }, // U+0303
    { 8, 3, 0, -4, 15, 3, 9460 }, // U+0304
    { 10, 2, 0, -5, 18, 3, 9463 }, // U+0305
    { 8, 4, 0, -4, 16, 4, 9466 }, // U+0306
    { 4, 3, 0, -2, 16, 2, 9470 }, // U+0307
    { 6, 3, 0, -3, 16, 3, 9472 }, // U+0308
    { 4, 6, 0, -8, 18, 3, 9475 }, // U+0309
    { 6, 6, 0, -3, 18, 5, 9478 }, // U+030A
    { 8, 4, 0, -3, 16, 4, 9483 }, // U+030B
    { 8, 4, 0, -4, 16, 4, 9487 }, // U+030C
    { 2, 4, 0, -1, 16, 1, 9491 }, // U+030D
    { 6, 4, 0, -3, 16, 3, 9492 }, // U+030E
    { 8, 4, 0, -11, 16, 4, 9495 }, // U+030F
    { 8, 6, 0, -4, 18, 6, 9499 }, // U+0310
    { 6, 3, 125, 1, 16, 3, 9505 }, // U+0311
    { 4, 6, 0, -2, 15, 3, 9508 }, // U+0312
    { 4, 6, 0, -2, 15, 3, 9511 }, // U+0313
    { 4, 6, 0, -2, 15, 3, 9514 }, // U+0314
    { 4, 6, 0, -2, 15, 3, 9517 }, // U+0315
    { 6, 4, 0, -3, -1, 3, 9520 }, // U+0316
    { 6, 4, 0, -3, -1, 3, 9523 }, // U+0317
    { 4, 5, 0, -2, 0, 3, 9526 }, // U+0318
    { 4, 5, 0, -2, 0, 3, 9529 }, // U+0319
    { 6, 6, 104, 0, 16, 5, 9532 }, // U+031A
    { 6, 5, 0, -3, 16, 4, 9537 }, // U+031B
    { 4, 5, 0, -2, 0, 3, 9541 }, // U+031C
    { 6, 4, 0, -3, -1, 3, 9544 }, // U+031D
    { 6, 4, 0, -3, -1, 3, 9547 }, // U+031E
    { 6, 5, 0, -3, 0, 4, 9550 }, // U+031F
    { 6, 2, 0, -3, -2, 2, 9554 }, // U+0320
    { 4, 6, 0, -4, 1, 3, 9556 }, // U+0321
    { 4, 6, 0, 0, 1, 3, 9559 }, // U+0322
    { 3, 3, 0, -8, -1, 2, 9562 }, // U+0323
    { 6, 3, 0, -3, -1, 3, 9564 }, // U+0324
    { 6, 6, 0, -3, 1, 5, 9567 }, // U+0325
    { 4, 4, 0, -2, -1, 2, 9572 }, // U+0326
    { 6, 5, 0, -3, 0, 4, 9574 }, // U+0327
    { 4, 6, 0, -2, 1, 3, 9578 }, // U+0328
    { 2, 4, 0, -1, -1, 1, 9581 }, // U+0329
    { 8, 4, 0, -4, -1, 4, 9582 }, // U+032A
    { 8, 3, 0, -4, -1, 3, 9586 }, // U+032B
    { 8, 4, 0, -4, -1, 4, 9589 }, // U+032C
    { 8, 4, 0, -4, -1, 4, 9593 }, // U+032D
    { 8, 4, 0, -4, 0, 4, 9597 }, // U+032E
    { 8, 4, 0, -4, 0, 4, 9601 }, // U+032F
    { 8, 4, 0, -4, 0, 4, 9605 }, // U+0330
    { 8, 3, 0, -4, -1, 3, 9609 }, // U+0331
    { 10, 3, 0, -5, -1, 4, 9612 }, // U+0332
    { 10, 5, 0, -5, 0, 7, 9616 }, // U+0333
    { 8, 4, 0, -4, 8, 4, 9623 }, // U+0334
    { 10, 2, 0, -5, 7, 3, 9627 }, // U+0335
    { 16, 2, 0, -8, 7, 4, 9630 }, // U+0336
    { 8, 6, 0, -4, 9, 6, 9634 }, // U+0337
    { 10, 18, 0, -5, 16, 23, 9640 }, // U+0338
    { 4, 5, 0, -2, 0, 3, 9663 }, // U+0339
    { 8, 4, 0, -4, -1, 4, 9666 }, // U+033A
    { 8, 5, 0, -4, 0, 5, 9670 }, // U+033B
    { 8, 3, 0, -4, -1, 3, 9675 }, // U+033C
    { 6, 6, 0, -3, 17, 5, 9678 }, // U+033D
    { 4, 7, 0, -2, 19, 4, 9683 }, // U+033E
    { 10, 5, 0, -5, 21, 7, 9687 }, // U+033F
    { 5, 4, 0, -4, 16, 3, 9694 }, // U+0340
    { 5, 4, 0, -1, 16, 3, 9697 }, // U+0341
    { 8, 4, 0, -4, 16, 4, 9700 }, // U+0342
    { 4, 5, 0, -2, 17, 3, 9704 }, // U+0343
    { 9, 5, 0, -4, 17, 6, 9707 }, // U+0344
    { 4, 4, 0, -1, -1, 2, 9713 }, // U+0345
    { 10, 4, 0, -5, 16, 5, 9715 }, // U+0346
    { 10, 5, 0, -5, 0, 7, 9720 }, // U+0347
    { 6, 4, 0, -3, -1, 3, 9727 }, // U+0348
    { 4, 4, 0, -2, -1, 2, 9730 }, // U+0349
    { 8, 6, 0, -4, 17, 6, 9732 }, // U+034A
    { 8, 8, 0, -4, 20, 8, 9738 }, // U+034B
    { 8, 6, 0, -4, 18, 6, 9746 }, // U+034C
    { 8, 5, 0, -4, 0, 5, 9752 }, // U+034D
    { 4, 5, 0, -2, 0, 3, 9757 }, // U+034E
    { 16, 15, 0, -8, 15, 30, 9760 }, // U+034F
    { 4, 5, 0, -2, 17, 3, 9790 }, // U+0350
    { 3, 6, 0, -1, 17, 3, 9793 }, // U+0351
    { 8, 6, 0, -4, 18, 6, 9796 }, // U+0352
    { 4, 5, 0, -2, 0, 3, 9802 }, // U+0353
    { 4, 5, 0, -2, 0, 3, 9805 }, // U+0354
    { 4, 5, 0, -2, 0, 3, 9808 }, // U+0355
    { 9, 5, 0, -4, 0, 6, 9811 }, // U+0356
    { 3, 6, 0, -1, 17, 3, 9817 }, // U+0357
    { 3, 3, 0, 2, 16, 2, 9820 }, // U+0358
    { 6, 5, 0, -3, 0, 4, 9822 }, // U+0359
    { 8, 5, 0, -4, 0, 5, 9826 }, // U+035A
    { 4, 5, 0, -2, 17, 3, 9831 }, // U+035B
    { 18, 5, 0, -9, 0, 12, 9834 }, // U+035C
    { 18, 5, 0, -9, 17, 12, 9846 }, // U+035D
    { 14, 2, 0, -7, 15, 4, 9858 }, // U+035E
    { 14, 2, 0, -7, -1, 4, 9862 }, // U+035F
    { 18, 4, 0, -9, 16, 9, 9866 }, // U+0360
    { 18, 5, 0, -9, 18, 12, 9875 }, // U+0361
    { 17, 5, 0, -8, 0, 11, 9887 }, // U+0362
    { 5, 6, 0, -2, 18, 4, 9898 }, // U+0363
    { 5, 6, 0, -2, 18, 4, 9902 }, // U+0364
    { 2, 8, 0, -1, 20, 2, 9906 }, // U+0365
    { 6, 6, 0, -3, 18, 5, 9908 }, // U+0366
    { 5, 6, 0, -2, 18, 4, 9913 }, // U+0367
    { 5, 6, 0, -2, 18, 4, 9917 }, // U+0368
    { 6, 8, 0, -3, 20, 6, 9921 }, // U+0369
    { 5, 8, 0, -2, 20, 5, 9927 }, // U+036A
    { 8, 6, 0, -4, 18, 6, 9932 }, // U+036B
    { 3, 6, 0, -1, 18, 3, 9938 }, // U+036C
    { 4, 7, 0, -2, 19, 4, 9941 }, // U+036D
    { 6, 6, 0, -3, 18, 5, 9945 }, // U+036E
    { 6, 6, 0, -3, 18, 5, 9950 }, // U+036F
    { 11, 20, 190, 1, 20, 28, 9955 }, // U+0400
    { 11, 18, 190, 1, 18, 25, 9983 }, // U+0401
    { 15, 15, 250, 0, 15, 29, 10008 }, // U+0402
    { 10, 20, 170, 1, 20, 25, 10037 }, // U+0403
    { 12, 15, 207, 1, 15, 23, 10062 }, // U+0404
    { 11, 15, 177, 0, 15, 21, 10085 }, // U+0405
    { 3, 15, 90, 1, 15, 6, 10106 }, // U+0406
    { 8, 18, 90, -1, 18, 18, 10112 }, // U+0407
    { 9, 15, 167, 0, 15, 17, 10130 }, // U+0408
    { 22, 16, 348, 0, 15, 44, 10147 }, // U+0409
    { 20, 15, 342, 1, 15, 38, 10191 }, // U+040A
    { 15, 15, 250, 0, 15, 29, 10229 }, // U+040B
    { 13, 20, 210, 1, 20, 33, 10258 }, // U+040C
    { 13, 20, 243, 1, 20, 33, 10291 }, // U+040D
    { 13, 19, 196, 0, 19, 31, 10324 }, // U+040E
    { 12, 19, 233, 1, 15, 29, 10355 }, // U+040F
    { 14, 15, 221, 0, 15, 27, 10384 }, // U+0410
    { 12, 15, 206, 1, 15, 23, 10411 }, // U+0411
    { 12, 15, 214, 1, 15, 23, 10434 }, // U+0412
    { 10, 15, 170, 1, 15, 19, 10457 }, // U+0413
    { 15, 19, 241, 0, 15, 36, 10476 }, // U+0414
    { 11, 15, 190, 1, 15, 21, 10512 }, // U+0415
    { 19, 15, 302, 0, 15, 36, 10533 }, // U+0416
    { 11, 15, 191, 0, 15, 21, 10569 }, // U+0417
    { 13, 15, 243, 1, 15, 25, 10590 }, // U+0418
    { 13, 19, 243, 1, 19, 31, 10615 }, // U+0419
    { 13, 15, 210, 1, 15, 25, 10646 }, // U+041A
    { 14, 15, 236, 0, 15, 27, 10671 }, // U+041B
    { 16, 15, 290, 1, 15, 30, 10698 }, // U+041C
    { 12, 15, 235, 1, 15, 23, 10728 }, // U+041D
    { 15, 15, 259, 1, 15, 29, 10751 }, // U+041E
    { 12, 15, 233, 1, 15, 23, 10780 }, // U+041F
    { 12, 15, 203, 1, 15, 23, 10803 }, // U+0420
    { 12, 15, 207, 1, 15, 23, 10826 }, // U+0421
    { 12, 15, 188, 0, 15, 23, 10849 }, // U+0422
    { 13, 15, 196, 0, 15, 25, 10872 }, // U+0423
    { 16, 16, 288, 1, 16, 32, 10897 }, // U+0424
    { 13, 15, 210, 0, 15, 25, 10929 }, // U+0425
    { 14, 19, 239, 1, 15, 34, 10954 }, // U+0426
    { 11, 15, 210, 1, 15, 21, 10988 }, // U+0427
    { 18, 15, 328, 1, 15, 34, 11009 }, // U+0428
    { 20, 19, 334, 1, 15, 48, 11043 }, // U+0429
    { 15, 15, 242, 0, 15, 29, 11091 }, // U+042A
    { 16, 15, 285, 1, 15, 30, 11120 }, // U+042B
    { 12, 15, 205, 1, 15, 23, 11150 }, // U+042C
    { 12, 15, 207, 0, 15, 23, 11173 }, // U+042D
    { 20, 15, 343, 1, 15, 38, 11196 }, // U+042E
    { 12, 15, 212, 0, 15, 23, 11234 }, // U+042F
    { 10, 11, 174, 0, 11, 14, 11257 }, // U+0430
    { 11, 16, 198, 1, 16, 22, 11271 }, // U+0431
    { 10, 11, 183, 1, 11, 14, 11293 }, // U+0432
    { 8, 11, 139, 1, 11, 11, 11307 }, // U+0433
    { 13, 14, 201, 0, 11, 23, 11318 }, // U+0434
    { 10, 11, 186, 1, 11, 14, 11341 }, // U+0435
    { 16, 11, 254, 0, 11, 22, 11355 }, // U+0436
    { 10, 11, 163, 0, 11, 14, 11377 }, // U+0437
    { 10, 11, 199, 1, 11, 14, 11391 }, // U+0438
    { 10, 16, 199, 1, 16, 20, 11405 }, // U+0439
    { 10, 11, 179, 1, 11, 14, 11425 }, // U+043A
    { 11, 11, 199, 0, 11, 16, 11439 }, // U+043B
    { 13, 11, 244, 1, 11, 18, 11455 }, // U+043C
    { 10, 11, 195, 1, 11, 14, 11473 }, // U+043D
    { 11, 11, 197, 1, 11, 16, 11487 }, // U+043E
    { 10, 11, 193, 1, 11, 14, 11503 }, // U+043F
    { 11, 15, 196, 1, 11, 21, 11517 }, // U+0440
    { 9, 11, 155, 1, 11, 13, 11538 }, // U+0441
    { 10, 11, 154, 0, 11, 14, 11551 }, // U+0442
    { 11, 15, 166, 0, 11, 21, 11565 }, // U+0443
    { 15, 20, 255, 1, 16, 38, 11586 }, // U+0444
    { 11, 11, 170, 0, 11, 16, 11624 }, // U+0445
    { 11, 14, 195, 1, 11, 20, 11640 }, // U+0446
    { 10, 11, 178, 0, 11, 14, 11660 }, // U+0447
    { 15, 11, 274, 1, 11, 21, 11674 }, // U+0448
    { 17, 14, 278, 1, 11, 30, 11695 }, // U+0449
    { 12, 11, 199, 0, 11, 17, 11725 }, // U+044A
    { 14, 11, 253, 1, 11, 20, 11742 }, // U+044B
    { 10, 11, 176, 1, 11, 14, 11762 }, // U+044C
    { 10, 11, 166, 0, 11, 14, 11776 }, // U+044D
    { 15, 11, 270, 1, 11, 21, 11790 }, // U+044E
    { 10, 11, 183, 0, 11, 14, 11811 }, // U+044F
    { 10, 16, 186, 1, 16, 20, 11825 }, // U+0450
    { 10, 15, 186, 1, 15, 19, 11845 }, // U+0451
    { 11, 20, 190, 0, 16, 28, 11864 }, // U+0452
    { 8, 16, 139, 1, 16, 16, 11892 }, // U+0453
    { 9, 11, 166, 1, 11, 13, 11908 }, // U+0454
    { 9, 11, 149, 0, 11, 13, 11921 }, // U+0455
    { 3, 16, 84, 1, 16, 6, 11934 }, // U+0456
    { 7, 15, 84, -1, 15, 14, 11940 }, // U+0457
    { 6, 20, 84, -2, 16, 15, 11954 }, // U+0458
    { 18, 11, 288, 0, 11, 25, 11969 }, // U+0459
    { 17, 11, 284, 1, 11, 24, 11994 }, // U+045A
    { 11, 16, 190, 0, 16, 22, 12018 }, // U+045B
    { 10, 16, 179, 1, 16, 20, 12040 }, // U+045C
    { 10, 16, 199, 1, 16, 20, 12060 }, // U+045D
    { 11, 20, 166, 0, 16, 28, 12080 }, // U+045E
    { 10, 14, 192, 1, 11, 18, 12108 }, // U+045F
    { 19, 16, 306, 0, 15, 38, 12126 }, // U+0460
    { 16, 12, 263, 0, 12, 24, 12164 }, // U+0461
    { 15, 16, 242, 0, 16, 30, 12188 }, // U+0462
    { 12, 16, 199, 0, 16, 24, 12218 }, // U+0463
    { 17, 17, 307, 2, 16, 37, 12242 }, // U+0464
    { 14, 13, 247, 1, 12, 23, 12279 }, // U+0465
    { 15, 15, 228, 0, 15, 29, 12302 }, // U+0466
    { 12, 12, 191, 0, 12, 18, 12331 }, // U+0467
    { 18, 15, 310, 2, 15, 34, 12349 }, // U+0468
    { 16, 12, 260, 1, 12, 24, 12383 }, // U+0469
    { 15, 15, 243, 0, 15, 29, 12407 }, // U+046A
    { 14, 12, 213, 0, 12, 21, 12436 }, // U+046B
    { 19, 15, 328, 2, 15, 36, 12457 }, // U+046C
    { 17, 12, 283, 1, 12, 26, 12493 }, // U+046D
    { 12, 23, 196, 0, 18, 35, 12519 }, // U+046E
    { 10, 19, 163, 0, 14, 24, 12554 }, // U+046F
    { 15, 15, 268, 1, 15, 29, 12578 }, // U+0470
    { 14, 21, 254, 1, 16, 37, 12607 }, // U+0471
    { 15, 15, 259, 1, 15, 29, 12644 }, // U+0472
    { 11, 11, 197, 1, 11, 16, 12673 }, // U+0473
    { 17, 15, 251, 0, 15, 32, 12689 }, // U+0474
    { 12, 11, 188, 0, 11, 17, 12721 }, // U+0475
    { 14, 20, 212, 0, 20, 35, 12738 }, // U+0476
    { 12, 16, 172, 0, 16, 24, 12773 }, // U+0477
    { 25, 21, 407, 1, 16, 66, 12797 }, // U+0478
    { 22, 17, 365, 1, 12, 47, 12863 }, // U+0479
    { 15, 19, 274, 1, 17, 36, 12910 }, // U+047A
    { 12, 15, 220, 1, 13, 23, 12946 }, // U+047B
    { 20, 23, 342, 1, 22, 58, 12969 }, // U+047C
    { 17, 20, 301, 1, 19, 43, 13027 }, // U+047D
    { 19, 20, 306, 0, 19, 48, 13070 }, // U+047E
    { 16, 15, 263, 0, 15, 30, 13118 }, // U+047F
    { 12, 21, 214, 1, 16, 32, 13148 }, // U+0480
    { 9, 17, 164, 1, 12, 20, 13180 }, // U+0481
    { 11, 15, 203, 1, 14, 21, 13200 }, // U+0482
    { 8, 4, 0, -10, 15, 4, 13221 }, // U+0483
    { 9, 4, 0, -10, 16, 5, 13225 }, // U+0484
    { 4, 5, 0, -8, 17, 3, 13230 }, // U+0485
    { 4, 5, 0, -8, 17, 3, 13233 }, // U+0486
    { 8, 4, 0, -4, 19, 4, 13236 }, // U+0487
    { 24, 23, 0, -12, 17, 69, 13240 }, // U+0488
    { 24, 24, 0, -12, 18, 72, 13309 }, // U+0489
    { 15, 23, 248, 1, 19, 44, 13381 }, // U+048A
    { 12, 20, 203, 1, 16, 30, 13425 }, // U+048B
    { 13, 16, 210, 0, 16, 26, 13455 }, // U+048C
    { 11, 11, 175, 0, 11, 16, 13481 }, // U+048D
    { 12, 15, 203, 1, 15, 23, 13497 }, // U+048E
    { 11, 15, 196, 1, 11, 21, 13520 }, // U+048F
    { 10, 18, 170, 1, 18, 23, 13541 }, // U+0490
    { 8, 14, 143, 1, 14, 14, 13564 }, // U+0491
    { 11, 15, 174, 0, 15, 21, 13578 }, // U+0492
    { 9, 11, 142, 0, 11, 13, 13599 }, // U+0493
    { 12, 19, 208, 1, 15, 29, 13612 }, // U+0494
    { 10, 15, 181, 1, 11, 19, 13641 }, // U+0495
    { 20, 19, 307, 0, 15, 48, 13660 }, // U+0496
    { 17, 14, 258, 0, 11, 30, 13708 }, // U+0497
    { 11, 18, 191, 0, 15, 25, 13738 }, // U+0498
    { 10, 14, 163, 0, 11, 18, 13763 }, // U+0499
    { 13, 19, 219, 1, 15, 31, 13781 }, // U+049A
    { 11, 15, 182, 1, 11, 21, 13812 }, // U+049B
    { 14, 15, 236, 1, 15, 27, 13833 }, // U+049C
    { 12, 11, 206, 1, 11, 17, 13860 }, // U+049D
    { 14, 15, 214, 0, 15, 27, 13877 }, // U+049E
    { 12, 11, 185, 0, 11, 17, 13904 }, // U+049F
    { 16, 15, 246, 0, 15, 30, 13921 }, // U+04A0
    { 13, 11, 202, 0, 11, 18, 13951 }, // U+04A1
    { 14, 19, 241, 1, 15, 34, 13969 }, // U+04A2
    { 12, 14, 199, 1, 11, 21, 14003 }, // U+04A3
    { 16, 15, 272, 1, 15, 30, 14024 }, // U+04A4
    { 13, 11, 219, 1, 11, 18, 14054 }, // U+04A5
    { 20, 19, 344, 1, 15, 48, 14072 }, // U+04A6
    { 17, 15, 287, 1, 11, 32, 14120 }, // U+04A7
    { 15, 19, 262, 1, 15, 36, 14152 }, // U+04A8
    { 11, 14, 203, 1, 11, 20, 14188 }, // U+04A9
    { 12, 18, 207, 1, 15, 27, 14208 }, // U+04AA
    { 9, 15, 155, 1, 11, 17, 14235 }, // U+04AB
    { 12, 19, 188, 0, 15, 29, 14252 }, // U+04AC
    { 10, 14, 154, 0, 11, 18, 14281 }, // U+04AD
    { 13, 15, 199, 0, 15, 25, 14299 }, // U+04AE
    { 11, 15, 167, 0, 11, 21, 14324 }, // U+04AF
    { 13, 15, 199, 0, 15, 25, 14345 }, // U+04B0
    { 11, 15, 167, 0, 11, 21, 14370 }, // U+04B1
    { 14, 19, 218, 0, 15, 34, 14391 }, // U+04B2
    { 11, 14, 175, 0, 11, 20, 14425 }, // U+04B3
    { 18, 19, 282, 0, 15, 43, 14445 }, // U+04B4
    { 14, 14, 220, 0, 11, 25, 14488 }, // U+04B5
    { 13, 19, 217, 1, 15, 31, 14513 }, // U+04B6
    { 11, 14, 181, 0, 11, 20, 14544 }, // U+04B7
    { 11, 15, 213, 1, 15, 21, 14564 }, // U+04B8
    { 10, 11, 178, 0, 11, 14, 14585 }, // U+04B9
    { 12, 15, 213, 1, 15, 23, 14599 }, // U+04BA
    { 10, 16, 190, 1, 16, 20, 14622 }, // U+04BB
    { 17, 15, 278, 0, 15, 32, 14642 }, // U+04BC
    { 13, 11, 223, 0, 11, 18, 14674 }, // U+04BD
    { 17, 19, 278, 0, 15, 41, 14692 }, // U+04BE
    { 13, 14, 223, 0, 11, 23, 14733 }, // U+04BF
    { 3, 15, 90, 1, 15, 6, 14756 }, // U+04C0
    { 19, 19, 302, 0, 19, 46, 14762 }, // U+04C1
    { 16, 16, 254, 0, 16, 32, 14808 }, // U+04C2
    { 12, 19, 210, 1, 15, 29, 14840 }, // U+04C3
    { 10, 15, 181, 1, 11, 19, 14869 }, // U+04C4
    { 15, 19, 241, 0, 15, 36, 14888 }, // U+04C5
    { 13, 15, 203, 0, 11, 25, 14924 }, // U+04C6
    { 12, 19, 235, 1, 15, 29, 14949 }, // U+04C7
    { 10, 15, 195, 1, 11, 19, 14978 }, // U+04C8
    { 14, 19, 241, 1, 15, 34, 14997 }, // U+04C9
    { 12, 15, 199, 1, 11, 23, 15031 }, // U+04CA
    { 11, 19, 213, 1, 15, 27, 15054 }, // U+04CB
    { 10, 14, 178, 0, 11, 18, 15081 }, // U+04CC
    { 18, 19, 300, 1, 15, 43, 15099 }, // U+04CD
    { 15, 15, 250, 1, 11, 29, 15142 }, // U+04CE
    { 3, 15, 90, 1, 15, 6, 15171 }, // U+04CF
    { 14, 19, 221, 0, 19, 34, 15177 }, // U+04D0
    { 10, 16, 174, 0, 16, 20, 15211 }, // U+04D1
    { 14, 18, 221, 0, 18, 32, 15231 }, // U+04D2
    { 10, 15, 174, 0, 15, 19, 15263 }, // U+04D3
    { 19, 15, 312, 0, 15, 36, 15282 }, // U+04D4
    { 17, 11, 286, 0, 11, 24, 15318 }, // U+04D5
    { 11, 19, 190, 1, 19, 27, 15342 }, // U+04D6
    { 10, 16, 186, 1, 16, 20, 15369 }, // U+04D7
    { 13, 15, 235, 1, 15, 25, 15389 }, // U+04D8
    { 10, 11, 186, 1, 11, 14, 15414 }, // U+04D9
    { 13, 18, 235, 1, 18, 30, 15428 }, // U+04DA
    { 10, 15, 186, 1, 15, 19, 15458 }, // U+04DB
    { 19, 18, 302, 0, 18, 43, 15477 }, // U+04DC
    { 16, 15, 254, 0, 15, 30, 15520 }, // U+04DD
    { 11, 18, 191, 0, 18, 25, 15550 }, // U+04DE
    { 10, 15, 163, 0, 15, 19, 15575 }, // U+04DF
    { 11, 15, 189, 0, 15, 21, 15594 }, // U+04E0
    { 11, 15, 157, -1, 11, 21, 15615 }, // U+04E1
    { 13, 18, 243, 1, 18, 30, 15636 }, // U+04E2
    { 10, 15, 199, 1, 15, 19, 15666 }, // U+04E3
    { 13, 18, 243, 1, 18, 30, 15685 }, // U+04E4
    { 10, 15, 199, 1, 15, 19, 15715 }, // U+04E5
    { 15, 18, 259, 1, 18, 34, 15734 }, // U+04E6
    { 11, 15, 197, 1, 15, 21, 15768 }, // U+04E7
    { 15, 15, 259, 1, 15, 29, 15789 }, // U+04E8
    { 11, 11, 197, 1, 11, 16, 15818 }, // U+04E9
    { 15, 18, 259, 1, 18, 34, 15834 }, // U+04EA
    { 11, 15, 197, 1, 15, 21, 15868 }, // U+04EB
    { 12, 18, 207, 0, 18, 27, 15889 }, // U+04EC
    { 10, 15, 166, 0, 15, 19, 15916 }, // U+04ED
    { 13, 18, 196, 0, 18, 30, 15935 }, // U+04EE
    { 11, 19, 166, 0, 15, 27, 15965 }, // U+04EF
    { 13, 18, 196, 0, 18, 30, 15992 }, // U+04F0
    { 11, 19, 166, 0, 15, 27, 16022 }, // U+04F1
    { 13, 19, 196, 0, 19, 31, 16049 }, // U+04F2
    { 11, 20, 166, 0, 16, 28, 16080 }, // U+04F3
    { 11, 18, 210, 1, 18, 25, 16108 }, // U+04F4
    { 10, 15, 178, 0, 15, 19, 16133 }, // U+04F5
    { 10, 19, 170, 1, 15, 24, 16152 }, // U+04F6
    { 8, 14, 139, 1, 11, 14, 16176 }, // U+04F7
    { 16, 18, 285, 1, 18, 36, 16190 }, // U+04F8
    { 14, 15, 253, 1, 15, 27, 16226 }, // U+04F9
    { 11, 20, 177, 0, 15, 28, 16253 }, // U+04FA
    { 9, 17, 145, 0, 12, 20, 16281 }, // U+04FB
    { 13, 20, 211, 0, 15, 33, 16301 }, // U+04FC
    { 12, 17, 183, 0, 12, 26, 16334 }, // U+04FD
    { 13, 15, 195, 0, 15, 25, 16360 }, // U+04FE
    { 11, 12, 176, 0, 12, 17, 16385 }, // U+04FF
    { 13, 12, 211, 0, 12, 20, 16402 }, // U+05D0
    { 12, 12, 191, 0, 12, 18, 16422 }, // U+05D1
    { 8, 13, 125, 0, 12, 13, 16440 }, // U+05D2
    { 11, 12, 181, 0, 12, 17, 16453 }, // U+05D3
    { 11, 12, 209, 1, 12, 17, 16470 }, // U+05D4
    { 5, 12, 100, 0, 12, 8, 16487 }, // U+05D5
    { 7, 12, 110, 0, 12, 11, 16495 }, // U+05D6
    { 13, 12, 221, 0, 12, 20, 16506 }, // U+05D7
    { 12, 12, 211, 1, 12, 18, 16526 }, // U+05D8
    { 5, 8, 98, 0, 12, 5, 16544 }, // U+05D9
    { 10, 16, 182, 0, 12, 20, 16549 }, // U+05DA
    { 10, 12, 172, 0, 12, 15, 16569 }, // U+05DB
    { 11, 16, 174, 0, 16, 22, 16584 }, // U+05DC
    { 12, 12, 228, 1, 12, 18, 16606 }, // U+05DD
    { 13, 12, 220, 0, 12, 20, 16624 }, // U+05DE
    { 5, 16, 110, 0, 12, 10, 16644 }, // U+05DF
    { 6, 12, 126, 1, 12, 9, 16654 }, // U+05E0
    { 13, 12, 214, 0, 12, 20, 16663 }, // U+05E1
    { 12, 15, 198, 0, 13, 23, 16683 }, // U+05E2
    { 11, 16, 207, 1, 12, 22, 16706 }, // U+05E3
    { 11, 12, 200, 1, 12, 17, 16728 }, // U+05E4
    { 11, 16, 176, 0, 12, 22, 16745 }, // U+05E5
    { 11, 12, 185, 0, 12, 17, 16767 }, // U+05E6
    { 12, 16, 209, 1, 12, 24, 16784 }, // U+05E7
    { 10, 12, 174, 0, 12, 15, 16808 }, // U+05E8
    { 13, 12, 243, 1, 12, 20, 16823 }, // U+05E9
    { 13, 12, 228, 0, 12, 20, 16843 }, // U+05EA
    { 4, 6, 109, 1, 5, 3, 16863 }, // U+060C
    { 4, 12, 115, 1, 11, 6, 16866 }, // U+061B
    { 9, 17, 145, 0, 16, 20, 16872 }, // U+061F
    { 8, 10, 137, 0, 8, 10, 16892 }, // U+0621
    { 7, 3, 90, 0, 2, 3, 16902 }, // U+0640
    { 5, 5, 0, 0, 17, 4, 16905 }, // U+0654
    { 4, 4, 191, 4, 8, 2, 16909 }, // U+0660
    { 4, 16, 191, 4, 15, 8, 16911 }, // U+0661
    { 10, 16, 191, 1, 15, 20, 16919 }, // U+0662
    { 12, 16, 191, 0, 15, 24, 16939 }, // U+0663
    { 10, 16, 191, 1, 15, 20, 16963 }, // U+0664
    { 10, 12, 191, 1, 11, 15, 16983 }, // U+0665
    { 10, 16, 191, 1, 15, 20, 16998 }, // U+0666
    { 12, 16, 191, 0, 15, 24, 17018 }, // U+0667
    { 12, 16, 191, 0, 15, 24, 17042 }, // U+0668
    { 10, 16, 191, 1, 15, 20, 17066 }, // U+0669
    { 14, 12, 228, 0, 7, 21, 17086 }, // U+06BA
    { 6, 2, 100, 0, 2, 2, 17107 }, // U+06D4
    { 8, 10, 135, 0, 10, 10, 17109 }, // U+06D5
    { 4, 4, 191, 4, 8, 2, 17119 }, // U+06F0
    { 4, 16, 191, 4, 15, 8, 17121 }, // U+06F1
    { 10, 16, 191, 1, 15, 20, 17129 }, // U+06F2
    { 12, 16, 191, 0, 15, 24, 17149 }, // U+06F3
    { 10, 15, 191, 1, 15, 19, 17173 }, // U+06F4
    { 10, 15, 191, 1, 15, 19, 17192 }, // U+06F5
    { 8, 16, 191, 2, 15, 16, 17211 }, // U+06F6
    { 12, 16, 191, 0, 15, 24, 17227 }, // U+06F7
    { 12, 16, 191, 0, 15, 24, 17251 }, // U+06F8
    { 10, 16, 191, 1, 15, 20, 17275 }, // U+06F9
    { 14, 19, 213, 0, 15, 34, 17295 }, // U+1EA0
    { 10, 16, 187, 0, 12, 20, 17329 }, // U+1EA1
    { 14, 22, 213, 0, 22, 39, 17349 }, // U+1EA2
    { 10, 19, 187, 0, 18, 24, 17388 }, // U+1EA3
    { 14, 21, 213, 0, 21, 37, 17412 }, // U+1EA4
    { 12, 18, 187, 0, 17, 27, 17449 }, // U+1EA5
    { 14, 21, 213, 0, 21, 37, 17476 }, // U+1EA6
    { 10, 18, 187, 0, 17, 23, 17513 }, // U+1EA7
    { 14, 22, 213, 0, 22, 39, 17536 }, // U+1EA8
    { 11, 20, 187, 0, 19, 28, 17575 }, // U+1EA9
    { 14, 22, 213, 0, 22, 39, 17603 }, // U+1EAA
    { 10, 20, 187, 0, 19, 25, 17642 }, // U+1EAB
    { 14, 24, 213, 0, 20, 42, 17667 }, // U+1EAC
    { 10, 20, 187, 0, 16, 25, 17709 }, // U+1EAD
    { 14, 22, 213, 0, 22, 39, 17734 }, // U+1EAE
    { 10, 19, 187, 0, 18, 24, 17773 }, // U+1EAF
    { 14, 22, 213, 0, 22, 39, 17797 }, // U+1EB0
    { 10, 19, 187, 0, 18, 24, 17836 }, // U+1EB1
    { 14, 22, 213, 0, 22, 39, 17860 }, // U+1EB2
    { 10, 20, 187, 0, 19, 25, 17899 }, // U+1EB3
    { 14, 22, 213, 0, 22, 39, 17924 }, // U+1EB4
    { 10, 20, 187, 0, 19, 25, 17963 }, // U+1EB5
    { 14, 24, 213, 0, 20, 42, 17988 }, // U+1EB6
    { 10, 20, 187, 0, 16, 25, 18030 }, // U+1EB7
    { 9, 19, 185, 2, 15, 22, 18055 }, // U+1EB8
    { 10, 16, 188, 1, 12, 20, 18077 }, // U+1EB9
    { 9, 22, 185, 2, 22, 25, 18097 }, // U+1EBA
    { 10, 19, 188, 1, 18, 24, 18122 }, // U+1EBB
    { 9, 20, 185, 2, 20, 23, 18146 }, // U+1EBC
    { 10, 17, 188, 1, 16, 22, 18169 }, // U+1EBD
    { 10, 21, 185, 2, 21, 27, 18191 }, // U+1EBE
    { 11, 18, 188, 1, 17, 25, 18218 }, // U+1EBF
    { 11, 21, 185, 0, 21, 29, 18243 }, // U+1EC0
    { 11, 18, 188, 0, 17, 25, 18272 }, // U+1EC1
    { 10, 22, 185, 2, 22, 28, 18297 }, // U+1EC2
    { 10, 20, 188, 1, 19, 25, 18325 }, // U+1EC3
    { 9, 22, 185, 2, 22, 25, 18350 }, // U+1EC4
    { 10, 20, 188, 1, 19, 25, 18375 }, // U+1EC5
    { 9, 24, 185, 2, 20, 27, 18400 }, // U+1EC6
    { 10, 20, 188, 1, 16, 25, 18427 }, // U+1EC7
    { 7, 21, 113, 0, 21, 19, 18452 }, // U+1EC8
    { 5, 18, 86, 1, 18, 12, 18471 }, // U+1EC9
    { 7, 19, 113, 0, 15, 17, 18483 }, // U+1ECA
    { 3, 20, 86, 1, 16, 8, 18500 }, // U+1ECB
    { 14, 20, 260, 1, 16, 35, 18508 }, // U+1ECC
    { 11, 16, 202, 1, 12, 22, 18543 }, // U+1ECD
    { 14, 22, 260, 1, 21, 39, 18565 }, // U+1ECE
    { 11, 19, 202, 1, 18, 27, 18604 }, // U+1ECF
    { 14, 22, 260, 1, 21, 39, 18631 }, // U+1ED0
    { 11, 18, 202, 1, 17, 25, 18670 }, // U+1ED1
    { 14, 22, 260, 1, 21, 39, 18695 }, // U+1ED2
    { 12, 18, 202, 0, 17, 27, 18734 }, // U+1ED3
    { 14, 23, 260, 1, 22, 41, 18761 }, // U+1ED4
    { 11, 20, 202, 1, 19, 28, 18802 }, // U+1ED5
    { 14, 23, 260, 1, 22, 41, 18830 }, // U+1ED6
    { 11, 20, 202, 1, 19, 28, 18871 }, // U+1ED7
    { 14, 24, 260, 1, 20, 42, 18899 }, // U+1ED8
    { 11, 20, 202, 1, 16, 28, 18941 }, // U+1ED9
    { 16, 21, 261, 1, 20, 42, 18969 }, // U+1EDA
    { 13, 17, 205, 1, 16, 28, 19011 }, // U+1EDB
    { 16, 21, 261, 1, 20, 42, 19039 }, // U+1EDC
    { 13, 17, 205, 1, 16, 28, 19081 }, // U+1EDD
    { 16, 23, 261, 1, 22, 46, 19109 }, // U+1EDE
    { 13, 19, 205, 1, 18, 31, 19155 }, // U+1EDF
    { 16, 21, 261, 1, 20, 42, 19186 }, // U+1EE0
    { 13, 17, 205, 1, 16, 28, 19228 }, // U+1EE1
    { 16, 20, 261, 1, 16, 40, 19256 }, // U+1EE2
    { 13, 17, 205, 1, 13, 28, 19296 }, // U+1EE3
    { 13, 19, 244, 1, 15, 31, 19324 }, // U+1EE4
    { 11, 16, 206, 1, 12, 22, 19355 }, // U+1EE5
    { 13, 22, 244, 1, 21, 36, 19377 }, // U+1EE6
    { 11, 19, 206, 1, 18, 27, 19413 }, // U+1EE7
    { 17, 21, 260, 1, 20, 45, 19440 }, // U+1EE8
    { 14, 17, 225, 1, 16, 30, 19485 }, // U+1EE9
    { 17, 21, 260, 1, 20, 45, 19515 }, // U+1EEA
    { 14, 17, 225, 1, 16, 30, 19560 }, // U+1EEB
    { 17, 22, 260, 1, 21, 47, 19590 }, // U+1EEC
    { 14, 19, 225, 1, 18, 34, 19637 }, // U+1EED
    { 17, 21, 260, 1, 20, 45, 19671 }, // U+1EEE
    { 14, 17, 225, 1, 16, 30, 19716 }, // U+1EEF
    { 17, 20, 260, 1, 16, 43, 19746 }, // U+1EF0
    { 14, 17, 225, 1, 13, 30, 19789 }, // U+1EF1
    { 13, 20, 199, 0, 20, 33, 19819 }, // U+1EF2
    { 11, 21, 166, 0, 17, 29, 19852 }, // U+1EF3
    { 12, 19, 189, 0, 15, 29, 19881 }, // U+1EF4
    { 11, 17, 170, 0, 12, 24, 19910 }, // U+1EF5
    { 12, 21, 189, 0, 21, 32, 19934 }, // U+1EF6
    { 11, 23, 170, 0, 18, 32, 19966 }, // U+1EF7
    { 12, 20, 189, 0, 20, 30, 19998 }, // U+1EF8
    { 11, 21, 170, 0, 16, 29, 20028 }, // U+1EF9
    { 0, 0, 167, 0, 0, 0, 20057 }, // U+2000
    { 0, 0, 333, 0, 0, 0, 20057 }, // U+2001
    { 0, 0, 167, 0, 0, 0, 20057 }, // U+2002
    { 0, 0, 333, 0, 0, 0, 20057 }, // U+2003
    { 0, 0, 111, 0, 0, 0, 20057 }, // U+2004
    { 0, 0, 83, 0, 0, 0, 20057 }, // U+2005
    { 0, 0, 56, 0, 0, 0, 20057 }, // U+2006
    { 0, 0, 191, 0, 0, 0, 20057 }, // U+2007
    { 0, 0, 89, 0, 0, 0, 20057 }, // U+2008
    { 0, 0, 55, 0, 0, 0, 20057 }, // U+2009
    { 0, 0, 33, 0, 0, 0, 20057 }, // U+200A
    { 0, 0, 0, 0, 0, 0, 20057 }, // U+200B
    { 0, 0, 0, 0, 0, 0, 20057 }, // U+200C
    { 0, 0, 0, 0, 0, 0, 20057 }, // U+200D
    { 6, 18, 0, -1, 15, 14, 20057 }, // U+200E
    { 6, 18, 0, -5, 15, 14, 20071 }, // U+200F
    { 6, 3, 107, 0, 7, 3, 20085 }, // U+2010
    { 6, 3, 107, 0, 7, 3, 20088 }, // U+2011
    { 12, 3, 191, 0, 9, 5, 20091 }, // U+2012
    { 12, 2, 165, -1, 7, 3, 20096 }, // U+2013
    { 22, 2, 332, -1, 7, 6, 20099 }, // U+2014
    { 22, 2, 332, -1, 7, 6, 20105 }, // U+2015
    { 7, 22, 184, 2, 16, 20, 20111 }, // U+2016
    { 10, 5, 137, -1, 0, 7, 20131 }, // U+2017
    { 4, 5, 78, 1, 16, 3, 20138 }, // U+2018
    { 4, 5, 78, 0, 16, 3, 20141 }, // U+2019
    { 4, 5, 78, 0, 2, 3, 20144 }, // U+201A
    { 4, 6, 58, 0, 15, 3, 20147 }, // U+201B
    { 8, 5, 139, 1, 16, 5, 20150 }, // U+201C
    { 8, 5, 139, 0, 16, 5, 20155 }, // U+201D
    { 8, 5, 139, 0, 2, 5, 20160 }, // U+201E
    { 8, 6, 120, 0, 15, 6, 20165 }, // U+201F
    { 10, 18, 159, 0, 15, 23, 20171 }, // U+2020
    { 10, 18, 159, 0, 15, 23, 20194 }, // U+2021
    { 6, 5, 120, 1, 10, 4, 20217 }, // U+2022
    { 6, 7, 123, 1, 11, 6, 20221 }, // U+2023
    { 4, 4, 167, 3, 3, 2, 20227 }, // U+2024
    { 9, 4, 179, 1, 3, 5, 20229 }, // U+2025
    { 17, 3, 332, 2, 3, 7, 20234 }, // U+2026
    { 4, 4, 89, 1, 7, 2, 20241 }, // U+2027
    { 0, 0, 200, 0, 0, 0, 20243 }, // U+2028
    { 0, 0, 200, 0, 0, 0, 20243 }, // U+2029
    { 6, 16, 0, -1, 13, 12, 20243 }, // U+202A
    { 6, 16, 0, -5, 13, 12, 20255 }, // U+202B
    { 6, 18, 0, -3, 15, 14, 20267 }, // U+202C
    { 6, 18, 0, -3, 15, 14, 20281 }, // U+202D
    { 6, 18, 0, -3, 15, 14, 20295 }, // U+202E
    { 0, 0, 55, 0, 0, 0, 20309 }, // U+202F
    { 24, 15, 409, 1, 15, 45, 20309 }, // U+2030
    { 32, 17, 515, 0, 16, 68, 20354 }, // U+2031
    { 6, 6, 77, 0, 15, 5, 20422 }, // U+2032
    { 10, 6, 136, 0, 15, 8, 20427 }, // U+2033
    { 13, 6, 195, 0, 15, 10, 20435 }, // U+2034
    { 6, 6, 77, -1, 15, 5, 20445 }, // U+2035
    { 9, 6, 147, -1, 15, 7, 20450 }, // U+2036
    { 12, 6, 201, -1, 15, 9, 20457 }, // U+2037
    { 8, 7, 133, 0, 2, 7, 20466 }, // U+2038
    { 6, 9, 97, 0, 10, 7, 20473 }, // U+2039
    { 6, 9, 97, 0, 10, 7, 20480 }, // U+203A
    { 16, 17, 279, 1, 16, 34, 20487 }, // U+203B
    { 8, 16, 166, 1, 15, 16, 20521 }, // U+203C
    { 9, 17, 148, 0, 16, 20, 20537 }, // U+203D
    { 12, 3, 167, -1, 18, 5, 20557 }, // U+203E
    { 13, 5, 203, 0, 0, 9, 20562 }, // U+203F
    { 13, 5, 203, 0, 17, 9, 20571 }, // U+2040
    { 8, 14, 125, 0, 9, 14, 20580 }, // U+2041
    { 23, 19, 373, 0, 16, 55, 20594 }, // U+2042
    { 6, 3, 107, 0, 7, 3, 20649 }, // U+2043
    { 11, 15, 49, -4, 15, 21, 20652 }, // U+2044
    { 6, 19, 108, 1, 15, 15, 20673 }, // U+2045
    { 6, 19, 108, 0, 15, 15, 20688 }, // U+2046
    { 18, 17, 285, 0, 16, 39, 20703 }, // U+2047
    { 13, 17, 226, 0, 16, 28, 20742 }, // U+2048
    { 13, 17, 227, 1, 16, 28, 20770 }, // U+2049
    { 11, 12, 191, 0, 12, 17, 20798 }, // U+204A
    { 12, 19, 218, 1, 16, 29, 20815 }, // U+204B
    { 11, 12, 213, 1, 12, 17, 20844 }, // U+204C
    { 12, 12, 213, 1, 12, 18, 20861 }, // U+204D
    { 11, 10, 184, 0, 5, 14, 20879 }, // U+204E
    { 5, 15, 79, 0, 12, 10, 20893 }, // U+204F
    { 13, 22, 202, 0, 17, 36, 20903 }, // U+2050
    { 11, 21, 184, 0, 16, 29, 20939 }, // U+2051
    { 8, 17, 124, 0, 16, 17, 20968 }, // U+2052
    { 19, 4, 333, 1, 8, 10, 20985 }, // U+2053
    { 13, 5, 202, 0, 0, 9, 20995 }, // U+2054
    { 12, 12, 191, 0, 11, 18, 21004 }, // U+2055
    { 9, 17, 172, 1, 16, 20, 21022 }, // U+2056
    { 16, 6, 247, 0, 15, 12, 21042 }, // U+2057
    { 16, 17, 274, 1, 16, 34, 21054 }, // U+2058
    { 16, 17, 276, 1, 16, 34, 21088 }, // U+2059
    { 3, 17, 74, 1, 16, 7, 21122 }, // U+205A
    { 12, 17, 218, 1, 16, 26, 21129 }, // U+205B
    { 16, 17, 265, 0, 16, 34, 21155 }, // U+205C
    { 4, 16, 89, 1, 15, 8, 21189 }, // U+205D
    { 4, 17, 89, 1, 16, 9, 21197 }, // U+205E
    { 0, 0, 74, 0, 0, 0, 21206 }, // U+205F
    { 0, 0, 200, 0, 0, 0, 21206 }, // U+2060
    { 0, 0, 200, 0, 0, 0, 21206 }, // U+2061
    { 0, 0, 200, 0, 0, 0, 21206 }, // U+2062
    { 0, 0, 200, 0, 0, 0, 21206 }, // U+2063
    { 0, 0, 200, 0, 0, 0, 21206 }, // U+2064
    { 0, 0, 0, 0, 0, 0, 21206 }, // U+2066
    { 0, 0, 0, 0, 0, 0, 21206 }, // U+2067
    { 0, 0, 0, 0, 0, 0, 21206 }, // U+2068
    { 0, 0, 0, 0, 0, 0, 21206 }, // U+2069
    { 6, 18, 0, -3, 15, 14, 21206 }, // U+206A
    { 6, 18, 0, -3, 15, 14, 21220 }, // U+206B
    { 6, 18, 0, -3, 15, 14, 21234 }, // U+206C
    { 6, 18, 0, -3, 15, 14, 21248 }, // U+206D
    { 6, 18, 0, -3, 15, 14, 21262 }, // U+206E
    { 6, 18, 0, -3, 15, 14, 21276 }, // U+206F
    { 7, 8, 120, 0, 15, 7, 21290 }, // U+2070
    { 2, 11, 56, 1, 16, 3, 21297 }, // U+2071
    { 8, 8, 120, 0, 15, 8, 21300 }, // U+2074
    { 7, 8, 120, 0, 15, 7, 21308 }, // U+2075
    { 7, 8, 120, 0, 15, 7, 21315 }, // U+2076
    { 7, 8, 120, 0, 15, 7, 21322 }, // U+2077
    { 7, 8, 120, 0, 15, 7, 21329 }, // U+2078
    { 7, 8, 120, 0, 15, 7, 21336 }, // U+2079
    { 7, 7, 113, 0, 16, 7, 21343 }, // U+207A
    { 7, 2, 113, 0, 13, 2, 21350 }, // U+207B
    { 7, 5, 113, 0, 15, 5, 21352 }, // U+207C
    { 4, 12, 75, 1, 19, 6, 21357 }, // U+207D
    { 4, 12, 75, 0, 19, 6, 21363 }, // U+207E
    { 7, 8, 134, 1, 13, 7, 21369 }, // U+207F
    { 7, 8, 120, 0, 8, 7, 21376 }, // U+2080
    { 4, 8, 120, 1, 8, 4, 21383 }, // U+2081
    { 7, 8, 120, 0, 8, 7, 21387 }, // U+2082
    { 7, 8, 120, 0, 8, 7, 21394 }, // U+2083
    { 8, 8, 120, 0, 8, 8, 21401 }, // U+2084
    { 7, 8, 120, 0, 8, 7, 21409 }, // U+2085
    { 7, 8, 120, 0, 8, 7, 21416 }, // U+2086
    { 7, 8, 120, 0, 8, 7, 21423 }, // U+2087
    { 7, 8, 120, 0, 8, 7, 21430 }, // U+2088
    { 7, 8, 120, 0, 8, 7, 21437 }, // U+2089
    { 7, 7, 113, 0, 5, 7, 21444 }, // U+208A
    { 7, 2, 113, 0, 2, 2, 21451 }, // U+208B
    { 7, 5, 113, 0, 4, 5, 21453 }, // U+208C
    { 4, 12, 75, 1, 8, 6, 21458 }, // U+208D
    { 4, 12, 75, 0, 8, 6, 21464 }, // U+208E
    { 7, 8, 122, 0, 5, 7, 21470 }, // U+2090
    { 7, 8, 122, 0, 5, 7, 21477 }, // U+2091
    { 8, 8, 131, 0, 5, 8, 21484 }, // U+2092
    { 7, 7, 115, 0, 5, 7, 21492 }, // U+2093
    { 7, 8, 122, 0, 5, 7, 21499 }, // U+2094
    { 7, 10, 134, 1, 8, 9, 21506 }, // U+2095
    { 7, 10, 116, 1, 8, 9, 21515 }, // U+2096
    { 2, 10, 56, 1, 8, 3, 21524 }, // U+2097
    { 11, 7, 203, 1, 5, 10, 21527 }, // U+2098
    { 7, 7, 134, 1, 5, 7, 21537 }, // U+2099
    { 7, 10, 133, 1, 5, 9, 21544 }, // U+209A
    { 6, 8, 104, 0, 5, 6, 21553 }, // U+209B
    { 5, 10, 78, 0, 7, 7, 21559 }, // U+209C
    { 12, 16, 191, 0, 16, 24, 21566 }, // U+20A0
    { 11, 18, 191, 1, 16, 25, 21590 }, // U+20A1
    { 11, 17, 191, 1, 16, 24, 21615 }, // U+20A2
    { 11, 15, 191, 0, 15, 21, 21639 }, // U+20A3
    { 12, 16, 191, 0, 16, 24, 21660 }, // U+20A4
    { 17, 17, 312, 1, 14, 37, 21684 }, // U+20A5
    { 12, 15, 191, 0, 15, 23, 21721 }, // U+20A6
    { 15, 16, 259, 1, 15, 30, 21744 }, // U+20A7
    { 16, 16, 278, 1, 15, 32, 21774 }, // U+20A8
    { 14, 15, 223, 0, 15, 27, 21806 }, // U+20A9
    { 14, 15, 266, 1, 15, 27, 21833 }, // U+20AA
    { 12, 20, 206, 1, 16, 30, 21860 }, // U+20AB
    { 12, 14, 188, 0, 14, 21, 21890 }, // U+20AC
    { 12, 15, 191, 0, 15, 23, 21911 }, // U+20AD
    { 12, 15, 188, 0, 15, 23, 21934 }, // U+20AE
    { 20, 21, 323, 0, 16, 53, 21957 }, // U+20AF
    { 11, 21, 191, 0, 16, 29, 22010 }, // U+20B0
    { 12, 15, 191, 0, 15, 23, 22039 }, // U+20B1
    { 13, 18, 243, 1, 16, 30, 22062 }, // U+20B2
    { 13, 15, 203, 0, 15, 25, 22092 }, // U+20B3
    { 12, 15, 188, 0, 15, 23, 22117 }, // U+20B4
    { 12, 18, 211, 1, 16, 27, 22140 }, // U+20B5
    { 13, 15, 207, 0, 14, 25, 22167 }, // U+20B6
    { 15, 18, 242, 0, 16, 34, 22192 }, // U+20B7
    { 12, 15, 182, 0, 15, 23, 22226 }, // U+20B8
    { 11, 15, 188, 1, 15, 21, 22249 }, // U+20B9
    { 12, 16, 191, 0, 15, 24, 22270 }, // U+20BA
    { 16, 17, 260, 0, 16, 34, 22294 }, // U+20BB
    { 15, 15, 270, 1, 15, 29, 22328 }, // U+20BC
    { 12, 15, 194, 0, 15, 23, 22357 }, // U+20BD
    { 14, 17, 257, 1, 17, 30, 22380 }, // U+20BE
    { 10, 20, 191, 2, 17, 25, 22410 }, // U+20BF
    { 9, 16, 164, 1, 12, 18, 22435 }, // U+20C0
    { 12, 16, 195, 0, 16, 24, 22453 }, // U+2202
    { 14, 15, 217, 0, 15, 27, 22477 }, // U+2206
    { 12, 17, 232, 1, 15, 26, 22504 }, // U+220F
    { 11, 17, 172, 0, 15, 24, 22530 }, // U+2211
    { 10, 2, 188, 1, 7, 3, 22554 }, // U+2212
    { 11, 15, 49, -4, 15, 21, 22557 }, // U+2215
    { 3, 3, 82, 1, 8, 2, 22578 }, // U+2219
    { 13, 17, 188, 0, 16, 28, 22580 }, // U+221A
    { 12, 6, 196, 0, 9, 9, 22608 }, // U+221E
    { 8, 20, 123, 0, 16, 20, 22617 }, // U+222B
    { 11, 8, 188, 0, 10, 11, 22637 }, // U+2248
    { 10, 13, 188, 1, 13, 17, 22648 }, // U+2260
    { 10, 12, 188, 1, 12, 15, 22665 }, // U+2264
    { 10, 12, 188, 1, 12, 15, 22680 }, // U+2265
    { 16, 16, 259, 1, 16, 32, 22695 }, // U+FB00
    { 12, 16, 214, 1, 16, 24, 22727 }, // U+FB01
    { 13, 16, 221, 1, 16, 26, 22751 }, // U+FB02
    { 20, 16, 344, 1, 16, 40, 22777 }, // U+FB03
    { 21, 16, 351, 1, 16, 42, 22817 }, // U+FB04
    { 13, 17, 224, 1, 16, 28, 22859 }, // U+FB05
    { 17, 17, 280, 1, 16, 37, 22887 }, // U+FB06
    { 20, 17, 331, 0, 9, 43, 22924 }, // U+FB56
    { 24, 16, 364, 0, 8, 48, 22967 }, // U+FB57
    { 6, 16, 100, -1, 9, 12, 23015 }, // U+FB58
    { 9, 13, 124, 0, 6, 15, 23027 }, // U+FB59
    { 20, 16, 331, 0, 15, 40, 23042 }, // U+FB66
    { 24, 16, 364, 0, 15, 48, 23082 }, // U+FB67
    { 6, 18, 90, 0, 17, 14, 23130 }, // U+FB68
    { 9, 16, 124, 0, 15, 18, 23144 }, // U+FB69
    { 13, 18, 220, 0, 9, 30, 23162 }, // U+FB7A
    { 17, 18, 240, 0, 9, 39, 23192 }, // U+FB7B
    { 12, 15, 196, 0, 8, 23, 23231 }, // U+FB7C
    { 15, 15, 212, 0, 8, 29, 23254 }, // U+FB7D
    { 9, 20, 159, 0, 19, 23, 23283 }, // U+FB88
    { 13, 20, 177, 0, 19, 33, 23306 }, // U+FB89
    { 8, 20, 122, -1, 15, 20, 23339 }, // U+FB8A
    { 11, 20, 132, -1, 15, 28, 23359 }, // U+FB8B
    { 8, 21, 122, -1, 16, 21, 23387 }, // U+FB8C
    { 11, 21, 132, -1, 16, 29, 23408 }, // U+FB8D
    { 19, 16, 292, 0, 15, 38, 23437 }, // U+FB8E
    { 22, 16, 325, 0, 15, 44, 23475 }, // U+FB8F
    { 9, 16, 137, 0, 15, 18, 23519 }, // U+FB90
    { 12, 16, 169, 0, 15, 24, 23537 }, // U+FB91
    { 19, 19, 292, 0, 18, 46, 23561 }, // U+FB92
    { 22, 19, 325, 0, 18, 53, 23607 }, // U+FB93
    { 9, 19, 137, 0, 18, 22, 23660 }, // U+FB94
    { 12, 19, 169, 0, 18, 29, 23682 }, // U+FB95
    { 14, 12, 228, 0, 7, 21, 23711 }, // U+FB9E
    { 17, 11, 243, 0, 6, 24, 23732 }, // U+FB9F
    { 8, 10, 135, 0, 10, 10, 23756 }, // U+FBA6
    { 12, 8, 160, 0, 7, 12, 23766 }, // U+FBA7
    { 5, 13, 90, 0, 9, 9, 23778 }, // U+FBA8
    { 11, 10, 146, 0, 4, 14, 23787 }, // U+FBA9
    { 14, 12, 224, 0, 11, 21, 23801 }, // U+FBAA
    { 14, 14, 205, 0, 9, 25, 23822 }, // U+FBAB
    { 12, 12, 191, 0, 11, 18, 23847 }, // U+FBAC
    { 12, 14, 169, 0, 9, 21, 23865 }, // U+FBAD
    { 19, 11, 314, 0, 10, 27, 23886 }, // U+FBAE
    { 13, 8, 183, 0, 2, 13, 23913 }, // U+FBAF
    { 19, 16, 314, 0, 15, 38, 23926 }, // U+FBB0
    { 13, 13, 183, 0, 7, 22, 23964 }, // U+FBB1
    { 16, 14, 253, 0, 9, 28, 23986 }, // U+FBFC
    { 17, 9, 245, 0, 4, 20, 24014 }, // U+FBFD
    { 6, 13, 100, -1, 9, 10, 24034 }, // U+FBFE
    { 9, 10, 124, 0, 6, 12, 24044 }, // U+FBFF
    { 8, 10, 137, 0, 8, 10, 24056 }, // U+FE80
    { 8, 18, 78, -2, 18, 18, 24066 }, // U+FE81
    { 10, 20, 97, -2, 19, 25, 24084 }, // U+FE82
    { 5, 20, 78, 0, 20, 13, 24109 }, // U+FE83
    { 8, 22, 97, 0, 21, 22, 24122 }, // U+FE84
    { 9, 18, 149, 0, 13, 21, 24144 }, // U+FE85
    { 11, 18, 157, 0, 13, 25, 24165 }, // U+FE86
    { 5, 21, 79, 1, 15, 14, 24190 }, // U+FE87
    { 7, 21, 97, 1, 15, 19, 24204 }, // U+FE88
    { 16, 14, 253, 0, 9, 28, 24223 }, // U+FE89
    { 17, 14, 245, 0, 9, 30, 24251 }, // U+FE8A
    { 5, 16, 90, 0, 15, 10, 24281 }, // U+FE8B
    { 9, 13, 114, 0, 12, 15, 24291 }, // U+FE8C
    { 3, 15, 79, 1, 15, 6, 24306 }, // U+FE8D
    { 7, 16, 97, 1, 15, 14, 24312 }, // U+FE8E
    { 20, 13, 331, 0, 9, 33, 24326 }, // U+FE8F
    { 24, 12, 364, 0, 8, 36, 24359 }, // U+FE90
    { 5, 13, 90, 0, 9, 9, 24395 }, // U+FE91
    { 9, 10, 114, 0, 6, 12, 24404 }, // U+FE92
    { 8, 14, 135, 0, 14, 14, 24416 }, // U+FE93
    { 12, 16, 162, 0, 15, 24, 24430 }, // U+FE94
    { 20, 12, 331, 0, 11, 30, 24454 }, // U+FE95
    { 24, 12, 364, 0, 11, 36, 24484 }, // U+FE96
    { 6, 14, 90, 0, 13, 11, 24520 }, // U+FE97
    { 9, 11, 124, 0, 10, 13, 24531 }, // U+FE98
    { 20, 15, 331, 0, 14, 38, 24544 }, // U+FE99
    { 24, 15, 364, 0, 14, 45, 24582 }, // U+FE9A
    { 6, 17, 90, 0, 16, 13, 24627 }, // U+FE9B
    { 9, 14, 124, 0, 13, 16, 24640 }, // U+FE9C
    { 13, 18, 213, 0, 9, 30, 24656 }, // U+FE9D
    { 15, 18, 216, 0, 9, 34, 24686 }, // U+FE9E
    { 12, 12, 196, 0, 8, 18, 24720 }, // U+FE9F
    { 15, 12, 212, 0, 8, 23, 24738 }, // U+FEA0
    { 13, 18, 213, 0, 9, 30, 24761 }, // U+FEA1
    { 15, 18, 216, 0, 9, 34, 24791 }, // U+FEA2
    { 12, 9, 196, 0, 8, 14, 24825 }, // U+FEA3
    { 15, 9, 212, 0, 8, 17, 24839 }, // U+FEA4
    { 13, 22, 213, 0, 13, 36, 24856 }, // U+FEA5
    { 15, 22, 216, 0, 13, 42, 24892 }, // U+FEA6
    { 12, 13, 196, 0, 12, 20, 24934 }, // U+FEA7
    { 15, 13, 212, 0, 12, 25, 24954 }, // U+FEA8
    { 9, 11, 159, 0, 10, 13, 24979 }, // U+FEA9
    { 13, 11, 177, 0, 10, 18, 24992 }, // U+FEAA
    { 9, 15, 159, 0, 14, 17, 25010 }, // U+FEAB
    { 13, 15, 177, 0, 14, 25, 25027 }, // U+FEAC
    { 8, 13, 122, -1, 8, 13, 25052 }, // U+FEAD
    { 11, 13, 132, -1, 8, 18, 25065 }, // U+FEAE
    { 8, 17, 122, -1, 12, 17, 25083 }, // U+FEAF
    { 11, 17, 132, -1, 12, 24, 25100 }, // U+FEB0
    { 25, 14, 403, 0, 9, 44, 25124 }, // U+FEB1
    { 28, 13, 423, 0, 8, 46, 25168 }, // U+FEB2
    { 16, 10, 261, 0, 9, 20, 25214 }, // U+FEB3
    { 19, 9, 283, 0, 8, 22, 25234 }, // U+FEB4
    { 25, 19, 403, 0, 14, 60, 25256 }, // U+FEB5
    { 28, 19, 423, 0, 14, 67, 25316 }, // U+FEB6
    { 16, 15, 261, 0, 14, 30, 25383 }, // U+FEB7
    { 19, 15, 283, 0, 14, 36, 25413 }, // U+FEB8
    { 27, 13, 435, 0, 8, 44, 25449 }, // U+FEB9
    { 30, 13, 451, 0, 8, 49, 25493 }, // U+FEBA
    { 18, 9, 301, 0, 8, 21, 25542 }, // U+FEBB
    { 21, 9, 316, 0, 8, 24, 25563 }, // U+FEBC
    { 27, 17, 435, 0, 12, 58, 25587 }, // U+FEBD
    { 30, 17, 451, 0, 12, 64, 25645 }, // U+FEBE
    { 18, 13, 301, 0, 12, 30, 25709 }, // U+FEBF
    { 21, 13, 316, 0, 12, 35, 25739 }, // U+FEC0
    { 16, 16, 263, 0, 15, 32, 25774 }, // U+FEC1
    { 19, 16, 277, 0, 15, 38, 25806 }, // U+FEC2
    { 14, 16, 226, 0, 15, 28, 25844 }, // U+FEC3
    { 16, 16, 237, 0, 15, 32, 25872 }, // U+FEC4
    { 16, 16, 263, 0, 15, 32, 25904 }, // U+FEC5
    { 19, 16, 277, 0, 15, 38, 25936 }, // U+FEC6
    { 14, 16, 226, 0, 15, 28, 25974 }, // U+FEC7
    { 16, 16, 237, 0, 15, 32, 26002 }, // U+FEC8
    { 13, 20, 169, 0, 11, 33, 26034 }, // U+FEC9
    { 13, 18, 177, 0, 9, 30, 26067 }, // U+FECA
    { 10, 11, 168, 0, 10, 14, 26097 }, // U+FECB
    { 12, 10, 174, 0, 9, 15, 26111 }, // U+FECC
    { 13, 24, 169, 0, 15, 39, 26126 }, // U+FECD
    { 13, 22, 177, 0, 13, 36, 26165 }, // U+FECE
    { 10, 15, 168, 0, 14, 19, 26201 }, // U+FECF
    { 12, 14, 174, 0, 13, 21, 26220 }, // U+FED0
    { 20, 16, 328, 0, 15, 40, 26241 }, // U+FED1
    { 24, 14, 366, 0, 13, 42, 26281 }, // U+FED2
    { 9, 16, 149, 0, 15, 18, 26323 }, // U+FED3
    { 12, 14, 165, 0, 13, 21, 26341 }, // U+FED4
    { 16, 17, 258, 0, 13, 34, 26362 }, // U+FED5
    { 18, 17, 269, 0, 11, 39, 26396 }, // U+FED6
    { 9, 16, 149, 0, 15, 18, 26435 }, // U+FED7
    { 12, 14, 165, 0, 13, 21, 26453 }, // U+FED8
    { 18, 16, 294, 0, 15, 36, 26474 }, // U+FED9
    { 21, 16, 307, 0, 15, 42, 26510 }, // U+FEDA
    { 9, 16, 137, 0, 15, 18, 26552 }, // U+FEDB
    { 12, 16, 169, 0, 15, 24, 26570 }, // U+FEDC
    { 14, 20, 232, 0, 15, 35, 26594 }, // U+FEDD
    { 17, 20, 243, 0, 15, 43, 26629 }, // U+FEDE
    { 5, 16, 87, 0, 15, 10, 26672 }, // U+FEDF
    { 8, 16, 100, 0, 15, 16, 26682 }, // U+FEE0
    { 10, 17, 161, 0, 8, 22, 26698 }, // U+FEE1
    { 13, 17, 187, 0, 8, 28, 26720 }, // U+FEE2
    { 10, 9, 175, 0, 8, 12, 26748 }, // U+FEE3
    { 14, 9, 193, 0, 8, 16, 26760 }, // U+FEE4
    { 14, 16, 228, 0, 11, 28, 26776 }, // U+FEE5
    { 17, 16, 243, 0, 11, 34, 26804 }, // U+FEE6
    { 5, 14, 90, 0, 13, 9, 26838 }, // U+FEE7
    { 9, 11, 114, 0, 10, 13, 26847 }, // U+FEE8
    { 8, 10, 135, 0, 10, 10, 26860 }, // U+FEE9
    { 12, 12, 162, 0, 11, 18, 26870 }, // U+FEEA
    { 12, 12, 191, 0, 11, 18, 26888 }, // U+FEEB
    { 12, 14, 169, 0, 9, 21, 26906 }, // U+FEEC
    { 9, 13, 149, 0, 8, 15, 26927 }, // U+FEED
    { 11, 13, 157, 0, 8, 18, 26942 }, // U+FEEE
    { 16, 14, 253, 0, 9, 28, 26960 }, // U+FEEF
    { 17, 9, 245, 0, 4, 20, 26988 }, // U+FEF0
    { 16, 18, 253, 0, 9, 36, 27008 }, // U+FEF1
    { 17, 13, 245, 0, 4, 28, 27044 }, // U+FEF2
    { 6, 13, 100, -1, 9, 10, 27072 }, // U+FEF3
    { 9, 10, 124, 0, 6, 12, 27082 }, // U+FEF4
    { 13, 16, 194, -2, 16, 26, 27094 }, // U+FEF5
    { 16, 17, 200, -2, 16, 34, 27120 }, // U+FEF6
    { 12, 18, 194, -1, 18, 27, 27154 }, // U+FEF7
    { 14, 19, 200, 0, 18, 34, 27181 }, // U+FEF8
    { 11, 21, 194, 0, 15, 29, 27215 }, // U+FEF9
    { 14, 21, 200, 0, 15, 37, 27244 }, // U+FEFA
    { 11, 15, 194, 0, 15, 21, 27281 }, // U+FEFB
    { 14, 16, 200, 0, 15, 28, 27302 }, // U+FEFC
    { 20, 20, 333, 0, 16, 50, 27330 }, // U+FFFD
};

static const EpdUnicodeInterval ubuntu_10_regularIntervals[] = {
    { 0x0, 0x0, 0x0 },
    { 0x8, 0x9, 0x1 },
    { 0xD, 0xD, 0x3 },
    { 0x1D, 0x1D, 0x4 },
    { 0x20, 0x7E, 0x5 },
    { 0xA0, 0x17F, 0x64 },
    { 0x18F, 0x18F, 0x144 },
    { 0x1A0, 0x1A1, 0x145 },
    { 0x1AF, 0x1B0, 0x147 },
    { 0x1C4, 0x21F, 0x149 },
    { 0x259, 0x259, 0x1A5 },
    { 0x300, 0x36F, 0x1A6 },
    { 0x400, 0x4FF, 0x216 },
    { 0x5D0, 0x5EA, 0x316 },
    { 0x60C, 0x60C, 0x331 },
    { 0x61B, 0x61B, 0x332 },
    { 0x61F, 0x61F, 0x333 },
    { 0x621, 0x621, 0x334 },
    { 0x640, 0x640, 0x335 },
    { 0x654, 0x654, 0x336 },
    { 0x660, 0x669, 0x337 },
    { 0x6BA, 0x6BA, 0x341 },
    { 0x6D4, 0x6D5, 0x342 },
    { 0x6F0, 0x6F9, 0x344 },
    { 0x1EA0, 0x1EF9, 0x34E },
    { 0x2000, 0x2064, 0x3A8 },
    { 0x2066, 0x2071, 0x40D },
    { 0x2074, 0x208E, 0x419 },
    { 0x2090, 0x209C, 0x434 },
    { 0x20A0, 0x20C0, 0x441 },
    { 0x2202, 0x2202, 0x462 },
    { 0x2206, 0x2206, 0x463 },
    { 0x220F, 0x220F, 0x464 },
    { 0x2211, 0x2212, 0x465 },
    { 0x2215, 0x2215, 0x467 },
    { 0x2219, 0x221A, 0x468 },
    { 0x221E, 0x221E, 0x46A },
    { 0x222B, 0x222B, 0x46B },
    { 0x2248, 0x2248, 0x46C },
    { 0x2260, 0x2260, 0x46D },
    { 0x2264, 0x2265, 0x46E },
    { 0xFB00, 0xFB06, 0x470 },
    { 0xFB56, 0xFB59, 0x477 },
    { 0xFB66, 0xFB69, 0x47B },
    { 0xFB7A, 0xFB7D, 0x47F },
    { 0xFB88, 0xFB95, 0x483 },
    { 0xFB9E, 0xFB9F, 0x491 },
    { 0xFBA6, 0xFBB1, 0x493 },
    { 0xFBFC, 0xFBFF, 0x49F },
    { 0xFE80, 0xFEFC, 0x4A3 },
    { 0xFFFD, 0xFFFD, 0x520 },
};

static const uint16_t ubuntu_10_regularKernLeftCodepoints[] = {
    0x0022, 0x0027, 0x0028, 0x0029, 0x002A, 0x002C, 0x002D, 0x002E, 0x002F, 0x003A, 0x003B, 0x0040,
    0x0041, 0x0042, 0x0043, 0x0044, 0x0045, 0x0046, 0x0047, 0x004A, 0x004B, 0x004C, 0x004D, 0x004F,
    0x0050, 0x0051, 0x0052, 0x0054, 0x0055, 0x0056, 0x0057, 0x0058, 0x0059, 0x005A, 0x005B, 0x005D,
    0x0061, 0x0062, 0x0063, 0x0066, 0x0068, 0x006A, 0x006B, 0x006D, 0x006E, 0x006F, 0x0070, 0x0071,
    0x0072, 0x0074, 0x0076, 0x0077, 0x0078, 0x007A, 0x007B, 0x007D, 0x00A1, 0x00AB, 0x00BB, 0x00BF,
    0x00C0, 0x00C1, 0x00C2, 0x00C3, 0x00C4, 0x00C5, 0x00C6, 0x00C7, 0x00C8, 0x00C9, 0x00CA, 0x00CB,
    0x00D0, 0x00D2, 0x00D3, 0x00D4, 0x00D5, 0x00D6, 0x00D8, 0x00D9, 0x00DA, 0x00DB, 0x00DC, 0x00DD,
    0x00DE, 0x00DF, 0x00E0, 0x00E1, 0x00E2, 0x00E3, 0x00E4, 0x00E5, 0x00E7, 0x00F0, 0x00F1, 0x00F2,
    0x00F3, 0x00F4, 0x00F5, 0x00F6, 0x00F8, 0x00FE, 0x0100, 0x0101, 0x0102, 0x0103, 0x0104, 0x0105,
    0x0106, 0x0107, 0x0108, 0x0109, 0x010A, 0x010B, 0x010C, 0x010D, 0x010E, 0x010F, 0x0110, 0x0112,
    0x0114, 0x0116, 0x0118, 0x011A, 0x011C, 0x011E, 0x0120, 0x0122, 0x0125, 0x0127, 0x0132, 0x0133,
    0x0134, 0x0135, 0x0136, 0x0137, 0x0138, 0x0139, 0x013B, 0x013D, 0x013E, 0x013F, 0x0141, 0x0144,
    0x0146, 0x0148, 0x0149, 0x014A, 0x014B, 0x014C, 0x014D, 0x014E, 0x014F, 0x0150, 0x0151, 0x0152,
    0x0154, 0x0155, 0x0156, 0x0157, 0x0158, 0x0159, 0x0162, 0x0163, 0x0164, 0x0165, 0x0166, 0x0167,
    0x0168, 0x016A, 0x016C, 0x016E, 0x0170, 0x0172, 0x0174, 0x0175, 0x0176, 0x0178, 0x0179, 0x017A,
    0x017B, 0x017C, 0x017D, 0x017E, 0x017F, 0x018F, 0x01C4, 0x01C5, 0x01C6, 0x01C7, 0x01C8, 0x01C9,
    0x01CA, 0x01CB, 0x01CC, 0x01CD, 0x01CE, 0x01D1, 0x01D2, 0x01D3, 0x01D5, 0x01D7, 0x01D9, 0x01DB,
    0x01DD, 0x01DE, 0x01DF, 0x01E0, 0x01E1, 0x01E2, 0x01E4, 0x01E6, 0x01E8, 0x01E9, 0x01EA, 0x01EB,
    0x01EC, 0x01ED, 0x01EE, 0x01F0, 0x01F1, 0x01F2, 0x01F3, 0x01F4, 0x01F7, 0x01F9, 0x01FA, 0x01FB,
    0x01FC, 0x01FE, 0x01FF, 0x0200, 0x0201, 0x0202, 0x0203, 0x0204, 0x0206, 0x020C, 0x020D, 0x020E,
    0x020F, 0x0210, 0x0211, 0x0212, 0x0213, 0x0214, 0x0216, 0x021A, 0x021B, 0x021C, 0x021F, 0x0400,
    0x0401, 0x0402, 0x0403, 0x0404, 0x0405, 0x040B, 0x040C, 0x040E, 0x0410, 0x0411, 0x0412, 0x0413,
    0x0414, 0x0415, 0x0417, 0x041A, 0x041C, 0x041E, 0x0420, 0x0421, 0x0422, 0x0423, 0x0424, 0x0425,
    0x0426, 0x0429, 0x042D, 0x042E, 0x0430, 0x0431, 0x0432, 0x0433, 0x0434, 0x0435, 0x0436, 0x0437,
    0x043A, 0x043E, 0x0440, 0x0441, 0x0442, 0x0443, 0x0444, 0x0445, 0x0446, 0x0449, 0x044A, 0x044C,
    0x044D, 0x044E, 0x0450, 0x0451, 0x0452, 0x0453, 0x0454, 0x0455, 0x0459, 0x045A, 0x045B, 0x045C,
    0x045E, 0x0460, 0x0461, 0x0462, 0x0463, 0x0464, 0x0466, 0x0467, 0x0468, 0x0469, 0x046E, 0x0471,
    0x0472, 0x0473, 0x0474, 0x0475, 0x0476, 0x0477, 0x0478, 0x0479, 0x047A, 0x047B, 0x047C, 0x047D,
    0x047E, 0x047F, 0x0480, 0x048A, 0x048B, 0x048D, 0x048F, 0x0490, 0x0491, 0x0492, 0x0493, 0x0494,
    0x0495, 0x0497, 0x0498, 0x0499, 0x049A, 0x049B, 0x049C, 0x049D, 0x049E, 0x049F, 0x04A0, 0x04A1,
    0x04A2, 0x04A3, 0x04A4, 0x04A5, 0x04A7, 0x04A8, 0x04A9, 0x04AA, 0x04AB, 0x04AC, 0x04AD, 0x04AE,
    0x04AF, 0x04B0, 0x04B1, 0x04B2, 0x04B3, 0x04B4, 0x04B5, 0x04B6, 0x04B7, 0x04BA, 0x04BB, 0x04BC,
    0x04BD, 0x04BE, 0x04BF, 0x04C2, 0x04C4, 0x04C6, 0x04C8, 0x04C9, 0x04CA, 0x04CD, 0x04CE, 0x04D0,
    0x04D1, 0x04D2, 0x04D3, 0x04D5, 0x04D6, 0x04D7, 0x04D8, 0x04D9, 0x04DA, 0x04DB, 0x04DD, 0x04DE,
    0x04DF, 0x04E0, 0x04E1, 0x04E6, 0x04E7, 0x04E8, 0x04E9, 0x04EA, 0x04EB, 0x04EC, 0x04ED, 0x04EE,
    0x04EF, 0x04F0, 0x04F1, 0x04F2, 0x04F3, 0x04F6, 0x04F7, 0x04FA, 0x04FB, 0x04FC, 0x04FD, 0x04FE,
    0x04FF, 0x05D0, 0x05D1, 0x05D2, 0x05D3, 0x05D5, 0x05D6, 0x05D8, 0x05D9, 0x05DB, 0x05DC, 0x05DE,
    0x05E0, 0x05E1, 0x05E2, 0x05E4, 0x05E6, 0x05E8, 0x05E9, 0x05EA, 0x1EA0, 0x1EA2, 0x1EA4, 0x1EA6,
    0x1EA8, 0x1EAA, 0x1EAC, 0x1EAE, 0x1EB0, 0x1EB2, 0x1EB4, 0x1EB6, 0x1EB9, 0x1EBB, 0x1EBD, 0x1EBF,
    0x1EC1, 0x1EC3, 0x1EC5, 0x1EC7, 0x1ECC, 0x1ECD, 0x1ECE, 0x1ECF, 0x1ED0, 0x1ED1, 0x1ED2, 0x1ED3,
    0x1ED4, 0x1ED5, 0x1ED6, 0x1ED7, 0x1ED8, 0x1ED9, 0x1EDA, 0x1EDB, 0x1EDC, 0x1EDD, 0x1EDE, 0x1EDF,
    0x1EE0, 0x1EE1, 0x1EE2, 0x1EE3, 0x1EE4, 0x1EE6, 0x1EE8, 0x1EE9, 0x1EEA, 0x1EEB, 0x1EEC, 0x1EED,
    0x1EEE, 0x1EEF, 0x1EF0, 0x1EF1, 0x1EF2, 0x1EF4, 0x1EF6, 0x1EF8, 0x2013, 0x2014, 0x2018, 0x201A,
    0x201C, 0x201E, 0x2026, 0x2039, 0x203A, 0xFB00, 0xFB8C, 0xFEAD, 0xFEAE, 0xFEAF,
};

static const uint8_t ubuntu_10_regularKernLeftClassIds[] = {
      1,   1,   2,   3,   4,   5,   6,   5,   7,   8,   8,   9,  10,  11,  12,  13,
     14,  15,  16,  17,  18,  19,  20,  21,  22,  23,  24,  25,  26,  27,  28,  29,
     30,  31,  32,  33,  34,  35,  36,  37,  38,  39,  40,  41,  41,  42,  43,  44,
     45,  46,  47,  48,  49,  50,  51,  52,  53,  54,  55,  56,  10,  10,  10,  10,
     10,  10,  14,  12,  14,  14,  14,  14,  13,  21,  21,  21,  21,  21,  21,  26,
     26,  26,  26,  30,  57,  58,  34,  34,  34,  34,  34,  34,  36,  59,  41,  42,
     42,  42,  42,  42,  42,  60,  10,  34,  10,  34,  10,  34,  12,  36,  12,  36,
     12,  36,  12,  36,  13,  61,  13,  14,  14,  14,  14,  14,  16,  16,  16,  16,
     38,  38,  17,  39,  17,  39,  18,  40,  40,  19,  19,  19,  61,  19,  19,  41,
     41,  41,  41,  62,  63,  21,  42,  21,  42,  21,  42,  14,  24,  45,  24,  45,
     24,  45,  25,  46,  25,  46,  25,  46,  26,  26,  26,  26,  26,  26,  28,  48,
     30,  30,  31,  50,  31,  50,  31,  50,  37,  21,  31,  50,  50,  17,  39,  39,
     17,  39,  39,  10,  34,  21,  42,  26,  26,  26,  26,  26,  42,  10,  34,  10,
     34,  14,  16,  16,  18,  40,  21,  42,  21,  42,  64,  39,  31,  50,  50,  16,
     65,  41,  10,  34,  14,  21,  42,  10,  34,  10,  34,  14,  14,  21,  42,  21,
     42,  24,  45,  24,  45,  26,  26,  25,  46,  66,  38,  67,  67,  68,  69,  70,
     71,  72,  73,  74,  75,  68,  76,  69,  77,  67,  78,  73,  79,  80,  81,  70,
     82,  74,  83,  84,  85,  85,  86,  80,  87,  88,  89,  90,  91,  92,  93,  94,
     95,  96,  97,  98,  99, 100, 101, 102, 103, 103, 104, 104, 105, 106,  92,  92,
    107,  90, 108, 109, 104, 104, 110,  95, 100, 111, 112,  68, 113, 114, 115, 116,
    115, 116, 117, 118,  80,  96, 119, 120, 121, 112, 122, 122, 111, 118, 111, 118,
    111, 112, 114,  85, 103, 104,  97,  69,  90,  69,  90,  68, 123,  93,  78,  94,
     73,  95,  73,  95,  73,  95,  73,  95,  85, 103,  82,  90, 124, 125, 126,  70,
     98,  82,  99, 127, 128, 127, 128,  84, 102,  85, 103,  85, 103, 129, 130, 131,
    132, 131, 132,  93, 133, 103, 134,  85, 103,  85, 103,  75,  87,  75,  87, 135,
     67,  92, 136, 137, 136, 137,  93,  78,  94, 138, 139,  80,  96,  80,  96,  80,
     96,  86,  94,  74, 100,  74, 100,  74, 100,  69,  90, 140, 141, 114, 142, 143,
    142, 144, 145, 146, 147, 148, 149, 150, 151, 152, 153, 154, 155, 156, 157, 158,
    159, 160, 161, 162, 163, 163, 163, 163, 163, 163, 163, 163, 163, 163, 163, 163,
    164, 164, 164, 164, 164, 164, 164, 164, 165, 164, 165, 164, 165, 164, 165, 164,
    165, 164, 165, 164, 165, 164, 166, 167, 166, 167, 166, 167, 166, 167, 166, 167,
    168, 168, 169, 167, 169, 167, 169, 167, 169, 167, 169, 167,  30, 170, 170, 170,
      6,   6, 171, 172, 171, 172,   5,  54,  55,  37, 173, 173, 173, 173,
};

static const uint16_t ubuntu_10_regularKernRightCodepoints[] = {
    0x0021, 0x0022, 0x0027, 0x0028, 0x0029, 0x002A, 0x002C, 0x002D, 0x002E, 0x002F, 0x003A, 0x003B,
    0x003F, 0x0040, 0x0041, 0x0043, 0x0047, 0x004A, 0x004D, 0x004F, 0x0051, 0x0053, 0x0054, 0x0055,
    0x0056, 0x0057, 0x0058, 0x0059, 0x005A, 0x005B, 0x005C, 0x005D, 0x0061, 0x0062, 0x0063, 0x0064,
    0x0065, 0x0066, 0x0067, 0x0068, 0x0069, 0x006A, 0x006B, 0x006C, 0x006D, 0x006E, 0x006F, 0x0070,
    0x0071, 0x0072, 0x0073, 0x0074, 0x0075, 0x0076, 0x0077, 0x0078, 0x0079, 0x007A, 0x007B, 0x007D,
    0x00AB, 0x00BB, 0x00C0, 0x00C1, 0x00C2, 0x00C3, 0x00C4, 0x00C5, 0x00C6, 0x00C7, 0x00D2, 0x00D3,
    0x00D4, 0x00D5, 0x00D6, 0x00D8, 0x00D9, 0x00DA, 0x00DB, 0x00DC, 0x00DD, 0x00DF, 0x00E0, 0x00E1,
    0x00E2, 0x00E3, 0x00E4, 0x00E5, 0x00E6, 0x00E7, 0x00E8, 0x00E9, 0x00EA, 0x00EB, 0x00EC, 0x00ED,
    0x00EE, 0x00EF, 0x00F0, 0x00F1, 0x00F2, 0x00F3, 0x00F4, 0x00F5, 0x00F6, 0x00F8, 0x00F9, 0x00FA,
    0x00FB, 0x00FC, 0x00FD, 0x00FE, 0x00FF, 0x0100, 0x0101, 0x0102, 0x0103, 0x0104, 0x0105, 0x0106,
    0x0107, 0x0108, 0x0109, 0x010A, 0x010B, 0x010C, 0x010D, 0x010F, 0x0111, 0x0113, 0x0115, 0x0117,
    0x0119, 0x011B, 0x011C, 0x011D, 0x011E, 0x011F, 0x0120, 0x0121, 0x0122, 0x0123, 0x0125, 0x0127,
    0x0129, 0x012B, 0x012D, 0x012F, 0x0131, 0x0133, 0x0134, 0x0135, 0x0137, 0x013A, 0x013C, 0x013E,
    0x0140, 0x0142, 0x0144, 0x0146, 0x0148, 0x0149, 0x014A, 0x014B, 0x014C, 0x014D, 0x014E, 0x014F,
    0x0150, 0x0151, 0x0152, 0x0153, 0x0155, 0x0157, 0x0159, 0x015A, 0x015B, 0x015C, 0x015D, 0x015E,
    0x015F, 0x0160, 0x0161, 0x0162, 0x0163, 0x0164, 0x0165, 0x0166, 0x0167, 0x0168, 0x0169, 0x016A,
    0x016B, 0x016C, 0x016D, 0x016E, 0x016F, 0x0170, 0x0171, 0x0172, 0x0173, 0x0174, 0x0175, 0x0176,
    0x0177, 0x0178, 0x0179, 0x017A, 0x017B, 0x017C, 0x017D, 0x017E, 0x017F, 0x018F, 0x01A0, 0x01A1,
    0x01AF, 0x01B0, 0x01C6, 0x01C9, 0x01CC, 0x01CD, 0x01CE, 0x01D0, 0x01D1, 0x01D2, 0x01D3, 0x01D4,
    0x01D5, 0x01D6, 0x01D7, 0x01D8, 0x01D9, 0x01DA, 0x01DB, 0x01DC, 0x01DD, 0x01DE, 0x01DF, 0x01E0,
    0x01E1, 0x01E2, 0x01E3, 0x01E4, 0x01E5, 0x01E6, 0x01E7, 0x01E9, 0x01EA, 0x01EB, 0x01EC, 0x01ED,
    0x01EE, 0x01EF, 0x01F0, 0x01F3, 0x01F4, 0x01F5, 0x01F7, 0x01F9, 0x01FA, 0x01FB, 0x01FC, 0x01FD,
    0x01FE, 0x01FF, 0x0200, 0x0201, 0x0202, 0x0203, 0x0205, 0x0207, 0x0209, 0x020B, 0x020C, 0x020D,
    0x020E, 0x020F, 0x0211, 0x0213, 0x0214, 0x0215, 0x0216, 0x0217, 0x0218, 0x0219, 0x021A, 0x021B,
    0x021C, 0x021D, 0x021F, 0x0402, 0x0404, 0x0405, 0x0408, 0x0409, 0x040B, 0x040E, 0x0410, 0x0414,
    0x0416, 0x0417, 0x041B, 0x041C, 0x041E, 0x0421, 0x0422, 0x0423, 0x0424, 0x0425, 0x0427, 0x042A,
    0x042D, 0x042F, 0x0430, 0x0431, 0x0432, 0x0433, 0x0434, 0x0435, 0x0436, 0x0437, 0x0438, 0x0439,
    0x043A, 0x043B, 0x043C, 0x043D, 0x043E, 0x043F, 0x0440, 0x0441, 0x0442, 0x0443, 0x0444, 0x0445,
    0x0446, 0x0447, 0x0448, 0x0449, 0x044A, 0x044B, 0x044C, 0x044D, 0x044E, 0x044F, 0x0450, 0x0451,
    0x0452, 0x0453, 0x0454, 0x0455, 0x0456, 0x0457, 0x0458, 0x0459, 0x045A, 0x045B, 0x045C, 0x045D,
    0x045E, 0x045F, 0x0460, 0x0461, 0x0462, 0x0463, 0x0465, 0x0466, 0x0467, 0x0469, 0x046D, 0x046E,
    0x0470, 0x0472, 0x0473, 0x0474, 0x0475, 0x0476, 0x0477, 0x0478, 0x0479, 0x047A, 0x047B, 0x047C,
    0x047D, 0x047E, 0x047F, 0x0480, 0x0481, 0x048B, 0x048D, 0x048F, 0x0491, 0x0493, 0x0495, 0x0496,
    0x0497, 0x0498, 0x0499, 0x049B, 0x049D, 0x049F, 0x04A1, 0x04A3, 0x04A5, 0x04A7, 0x04A8, 0x04A9,
    0x04AA, 0x04AB, 0x04AC, 0x04AD, 0x04AE, 0x04AF, 0x04B0, 0x04B1, 0x04B2, 0x04B3, 0x04B4, 0x04B5,
    0x04B6, 0x04B7, 0x04B8, 0x04B9, 0x04BB, 0x04BC, 0x04BD, 0x04BE, 0x04BF, 0x04C1, 0x04C2, 0x04C4,
    0x04C5, 0x04C6, 0x04C8, 0x04CA, 0x04CB, 0x04CC, 0x04CE, 0x04D0, 0x04D1, 0x04D2, 0x04D3, 0x04D5,
    0x04D7, 0x04D8, 0x04D9, 0x04DA, 0x04DB, 0x04DC, 0x04DD, 0x04DE, 0x04DF, 0x04E0, 0x04E1, 0x04E3,
    0x04E5, 0x04E6, 0x04E7, 0x04E8, 0x04E9, 0x04EA, 0x04EB, 0x04EC, 0x04ED, 0x04EE, 0x04EF, 0x04F0,
    0x04F1, 0x04F2, 0x04F3, 0x04F4, 0x04F5, 0x04F7, 0x04F9, 0x04FA, 0x04FC, 0x04FD, 0x04FE, 0x04FF,
    0x05D0, 0x05D1, 0x05D2, 0x05D3, 0x05D4, 0x05D6, 0x05D7, 0x05D8, 0x05D9, 0x05DA, 0x05DB, 0x05DC,
    0x05DD, 0x05DE, 0x05E1, 0x05E2, 0x05E3, 0x05E4, 0x05E5, 0x05E7, 0x05E8, 0x05E9, 0x05EA, 0x06D5,
    0x1EA0, 0x1EA1, 0x1EA2, 0x1EA3, 0x1EA4, 0x1EA5, 0x1EA6, 0x1EA7, 0x1EA8, 0x1EA9, 0x1EAA, 0x1EAB,
    0x1EAC, 0x1EAD, 0x1EAE, 0x1EAF, 0x1EB0, 0x1EB1, 0x1EB2, 0x1EB3, 0x1EB4, 0x1EB5, 0x1EB6, 0x1EB7,
    0x1EB9, 0x1EBB, 0x1EBD, 0x1EBF, 0x1EC1, 0x1EC3, 0x1EC5, 0x1EC7, 0x1ECC, 0x1ECD, 0x1ECE, 0x1ECF,
    0x1ED0, 0x1ED1, 0x1ED2, 0x1ED3, 0x1ED4, 0x1ED5, 0x1ED6, 0x1ED7, 0x1ED8, 0x1ED9, 0x1EDA, 0x1EDB,
    0x1EDC, 0x1EDD, 0x1EDE, 0x1EDF, 0x1EE0, 0x1EE1, 0x1EE2, 0x1EE3, 0x1EE5, 0x1EE7, 0x1EE9, 0x1EEB,
    0x1EED, 0x1EEF, 0x1EF1, 0x1EF2, 0x1EF3, 0x1EF4, 0x1EF5, 0x1EF6, 0x1EF7, 0x1EF8, 0x1EF9, 0x2013,
    0x2014, 0x2018, 0x2019, 0x201A, 0x201C, 0x201D, 0x201E, 0x2026, 0x2039, 0x203A, 0xFB00, 0xFB01,
    0xFB02, 0xFB03, 0xFB04, 0xFB8E, 0xFBA6, 0xFBAA, 0xFE8D, 0xFEA3, 0xFEA9, 0xFEB1, 0xFEB3, 0xFEB9,
    0xFEBB, 0xFEC1, 0xFEC3, 0xFECB, 0xFEDB, 0xFEDF, 0xFEE1, 0xFEE3, 0xFEEB,
};

static const uint8_t ubuntu_10_regularKernRightClassIds[] = {
      1,   2,   2,   3,   4,   5,   6,   7,   6,   8,   9,   9,  10,  11,  12,  13,
     14,  15,  16,  17,  18,  19,  20,  21,  22,  23,  24,  25,  26,  27,  28,  29,
     30,  31,  32,  33,  34,  35,  36,  31,  37,  38,  31,  39,  40,  40,  41,  40,
     42,  40,  43,  44,  45,  46,  47,  48,  49,  50,  51,  52,  53,  54,  12,  12,
     12,  12,  12,  12,  55,  13,  17,  17,  17,  17,  17,  17,  21,  21,  21,  21,
     25,  56,  30,  30,  30,  30,  30,  30,  30,  32,  34,  34,  34,  34,  57,  37,
     58,  59,  60,  40,  41,  41,  41,  41,  41,  41,  45,  45,  45,  45,  49,  56,
     49,  12,  30,  12,  30,  12,  30,  13,  32,  13,  32,  13,  32,  13,  32,  33,
     33,  34,  34,  34,  34,  34,  14,  36,  14,  36,  14,  36,  14,  36,  31,  31,
     61,  62,  63,  37,  37,  37,  15,  38,  31,  39,  39,  39,  39,  39,  40,  40,
     40,  40,  64,  65,  17,  41,  17,  41,  17,  41,  17,  41,  40,  40,  40,  19,
     43,  19,  43,  19,  43,  19,  43,  20,  44,  20,  44,  20,  44,  21,  45,  21,
     45,  21,  45,  21,  45,  21,  45,  21,  45,  23,  47,  25,  49,  25,  26,  50,
     26,  50,  26,  50,  35,  66,  17,  41,  21,  45,  33,  39,  40,  12,  30,  37,
     17,  41,  21,  45,  21,  45,  21,  45,  21,  45,  21,  45,  67,  12,  30,  12,
     30,  55,  30,  14,  36,  14,  36,  31,  17,  41,  17,  41,  68,  69,  38,  33,
     14,  36,  56,  40,  12,  30,  55,  30,  17,  41,  12,  30,  12,  30,  34,  34,
     37,  37,  17,  41,  17,  41,  40,  40,  21,  45,  21,  45,  19,  43,  20,  44,
     70,  71,  31,  72,  73,  74,  75,  76,  72,  77,  78,  79,  80,  81,  76,  82,
     83,  73,  72,  77,  84,  85,  86,  72,  87,  88,  89,  90,  91,  92,  93,  94,
     95,  96,  92,  92,  92,  97,  98,  92,  99,  92, 100, 101, 102, 103, 104, 105,
     92, 106,  92, 107, 108,  92,  92, 109,  91, 110,  94,  94, 111,  92, 112, 113,
    114, 115, 116,  97,  92, 117,  92,  92, 103, 107, 118, 119,  72, 120, 121, 122,
    123, 121, 121, 124, 125,  83,  99,  77, 103, 126, 119, 118, 127, 118, 127, 118,
    127, 118, 119, 118, 127,  92, 128, 100,  92,  92,  92,  80,  95,  81,  96,  92,
     92,  92,  92,  92,  92,  92, 129, 130,  73, 101,  72, 102, 131, 132, 131, 132,
     85, 105,  72, 102,  86, 106,  86, 106, 133, 134, 135, 134, 135,  80,  95,  92,
     76,  97,  92,  92,  86, 106,  98,  78,  89,  78,  89, 136,  94, 137, 138, 137,
    138,  80,  95,  81, 139, 140, 141,  92,  92,  83,  99,  83,  99,  83,  99,  87,
    142,  77, 103,  77, 103,  77, 103,  86, 106,  92,  92, 143, 144, 145, 144, 145,
    146, 147, 148, 149, 150, 151, 152, 153, 154, 155, 156, 157, 158, 159, 160, 161,
    162, 163, 164, 165, 166, 167, 168, 169, 170, 171, 170, 171, 170, 171, 170, 171,
    170, 171, 170, 171, 170, 171, 170, 171, 170, 171, 170, 171, 170, 171, 170, 171,
    172, 172, 172, 172, 172, 172, 172, 172, 173, 172, 173, 172, 173, 172, 173, 172,
    173, 172, 173, 172, 173, 172, 173, 172, 173, 172, 173, 172, 173, 172, 173, 172,
    174, 174, 174, 174, 174, 174, 174,  25,  49, 175, 176, 175, 176, 175, 176,   7,
      7, 177, 178, 179, 177, 178, 179,   6,  53,  54,  35,  35,  35,  35,  35, 169,
    169, 169, 180, 169, 181, 181, 181, 181, 181, 181, 181, 180, 169, 180, 169, 169,
    169,
};

static const uint16_t ubuntu_10_regularKernRowOffsets[] = {
        0,    20,    40,    71,    87,   114,   137,   164,   179,   212,   256,   273,   309,   336,   369,   404,
      410,   422,   465,   506,   508,   535,   561,   584,   608,   656,   671,   719,   758,   794,   841,   876,
      911,   927,   937,   950,   962,   984,   995,   996,  1010,  1021,  1035,  1049,  1050,  1065,  1078,  1096,
     1110,  1121,  1135,  1158,  1183,  1189,  1194,  1220,  1235,  1258,  1271,  1275,  1289,  1320,  1322,  1329,
     1336,  1357,  1361,  1393,  1423,  1483,  1524,  1532,  1564,  1617,  1669,  1722,  1744,  1777,  1793,  1806,
     1844,  1871,  1932,  1976,  2015,  2048,  2082,  2091,  2105,  2111,  2130,  2143,  2160,  2180,  2186,  2204,
     2224,  2246,  2262,  2281,  2302,  2326,  2344,  2358,  2369,  2388,  2407,  2415,  2431,  2437,  2448,  2454,
     2455,  2466,  2467,  2470,  2472,  2473,  2477,  2537,  2558,  2563,  2567,  2572,  2581,  2618,  2629,  2681,
     2702,  2714,  2725,  2747,  2761,  2765,  2770,  2784,  2812,  2832,  2856,  2865,  2871,  2873,  2874,  2877,
     2883,  2888,  2895,  2906,  2912,  2913,  2922,  2933,  2939,  2949,  2954,  2957,  2964,  2966,  2973,  2980,
     2990,  2997,  3007,  3009,  3010,  3012,  3014,  3015,  3016,  3021,  3026,  3041,  3063,  3066,
};

static const uint8_t ubuntu_10_regularKernSparseCols[] = {
     11,  12,  13,  14,  16,  17,  21,  22,  25,  54,  72,  74,  75,  77,  78,  82,
     83, 128, 136, 139,   3,  12,  13,  16,  17,  18,  19,  20,  21,  24,  71,  72,
     73,  78,  82,  83, 128, 130, 133, 136,  11,  12,  13,  14,  16,  17,  18,  19,
     21,  22,  23,  24,  25,  54,  71,  72,  73,  76,  77,  79,  80,  82,  83,  84,
     85,  86,  87, 128, 130, 136, 139,  11,  12,  13,  14,  23,  54,  72,  74,  75,
     77,  78,  79,  80,  84, 136, 139,  11,  12,  13,  14,  16,  17,  18,  19,  20,
     21,  22,  23,  24,  25,  54,  71,  72,  77,  78,  82,  83,  84,  85, 128, 130,
    133, 136,  14,  19,  21,  23,  24,  25,  54,  71,  72,  73,  74,  75,  76,  78,
     79,  80,  82,  84,  86, 128, 130, 136, 139,  11,  12,  13,  14,  16,  17,  19,
     21,  22,  23,  24,  25,  54,  71,  72,  74,  75,  76,  77,  78,  79,  82,  83,
     84,  86, 128, 130,  12,  13,  16,  17,  19,  20,  21,  22,  24,  71,  72,  82,
     83, 130, 136,  11,  12,  13,  14,  16,  17,  18,  19,  20,  21,  22,  23,  24,
     25,  54,  71,  72,  73,  74,  75,  76,  77,  78,  79,  80,  82,  83,  84,  85,
     86,  87, 130, 139,   1,   2,   4,   5,   7,  10,  11,  12,  13,  14,  16,  17,
     18,  19,  20,  21,  22,  23,  24,  25,  28,  31,  32,  33,  35,  40,  41,  42,
     44,  45,  46,  47,  48,  49,  50,  51,  52,  54,  59,  65,  69, 176, 177, 178,
      1,   2,   3,   4,   5,   7,   8,   9,  21,  22,  23,  24,  28,  49,  51,  54,
     69,   2,   5,   6,   9,  10,  11,  12,  13,  14,  16,  17,  18,  19,  21,  23,
     24,  25,  26,  31,  32,  33,  35,  40,  41,  44,  45,  46,  47,  48,  50,  52,
     54,  59,  65, 177, 178,   0,   1,   2,   3,   5,   7,   9,  10,  11,  14,  18,
     19,  21,  22,  23,  24,  25,  26,  28,  29,  51,  54,  67,  69, 176, 177, 178,
      1,   2,   4,   5,  10,  11,  12,  13,  14,  16,  17,  20,  26,  28,  31,  32,
     33,  35,  40,  41,  43,  44,  45,  46,  47,  48,  50,  51,  52,  54,  59,  65,
    176,   0,   2,   5,   7,   8,   9,  10,  11,  12,  13,  14,  16,  17,  19,  21,
     24,  26,  28,  29,  31,  32,  33,  35,  39,  40,  41,  44,  47,  49,  53,  54,
     59,  64,  66, 178,   3,   4,  28,  45,  48,  51,   3,   5,   7,  11,  14,  25,
     28,  49,  51,  54,  67, 178,   2,   4,   5,   6,   7,   9,  10,  11,  12,  13,
     14,  16,  17,  19,  21,  22,  23,  24,  25,  28,  31,  32,  33,  35,  40,  41,
     42,  44,  45,  46,  47,  48,  49,  50,  52,  54,  58,  59,  60,  61,  65,  66,
    178,   1,   2,   4,   5,   6,   7,  11,  12,  13,  14,  16,  17,  18,  19,  20,
     21,  22,  23,  24,  25,  28,  31,  32,  33,  35,  40,  41,  45,  46,  47,  48,
     49,  50,  51,  52,  53,  54,  69, 176, 177, 178,  21,  24,   0,   1,   2,   3,
      5,   7,   9,  10,  11,  14,  18,  19,  21,  22,  23,  24,  25,  26,  28,  29,
     51,  54,  67,  69, 176, 177, 178,   0,   2,   3,   5,   7,  11,  14,  23,  26,
     28,  29,  31,  32,  33,  35,  40,  41,  45,  46,  48,  51,  52,  54,  59, 177,
    178,   0,   1,   2,   5,   9,  10,  11,  14,  18,  19,  21,  22,  23,  24,  25,
     26,  29,  37,  54,  67, 176, 177, 178,   2,   5,   7,   9,  10,  11,  12,  13,
     14,  16,  17,  21,  23,  24,  25,  28,  47,  49,  50,  51,  52,  54,  59, 178,
      2,   3,   5,   6,   7,   8,   9,  10,  11,  12,  13,  14,  16,  17,  19,  21,
     22,  23,  24,  28,  29,  31,  32,  33,  35,  39,  40,  41,  42,  44,  45,  46,
     47,  48,  49,  50,  52,  53,  54,  57,  58,  59,  60,  61,  62,  64,  66, 178,
      2,   5,   7,   8,  11,  14,  25,  28,  29,  49,  50,  51,  54,  67, 178,   1,
      2,   3,   5,   6,   7,   8,   9,  10,  11,  12,  13,  14,  15,  16,  17,  19,
     21,  22,  23,  24,  28,  29,  31,  32,  33,  35,  39,  40,  41,  42,  44,  49,
     50,  52,  53,  54,  56,  58,  59,  60,  61,  62,  64,  66, 176, 177, 178,   1,
      2,   5,   7,   8,   9,  10,  11,  12,  13,  14,  16,  17,  19,  21,  22,  23,
     24,  28,  29,  31,  32,  33,  35,  39,  40,  41,  42,  44,  50,  52,  54,  58,
     59,  60,  64, 176, 177, 178,   2,   4,   5,   6,   7,  10,  11,  12,  13,  14,
     16,  17,  19,  21,  23,  24,  25,  28,  31,  32,  33,  35,  40,  41,  44,  45,
     46,  47,  48,  50,  52,  54,  59,  65,  66, 178,   2,   3,   5,   6,   7,   8,
      9,  10,  11,  12,  13,  14,  15,  16,  17,  19,  21,  22,  23,  24,  25,  28,
     29,  31,  32,  33,  35,  39,  40,  41,  42,  44,  47,  49,  50,  52,  53,  54,
     58,  59,  60,  61,  64,  66, 176, 177, 178,   2,   5,   6,  10,  11,  12,  13,
     14,  16,  17,  20,  21,  24,  26,  28,  31,  32,  33,  35,  40,  41,  43,  44,
     45,  46,  47,  48,  50,  51,  52,  54,  58,  59,  60,  65,  11,  12,  13,  14,
     16,  17,  18,  19,  20,  21,  22,  23,  24,  25,  28,  54,  71,  72,  73,  74,
     75,  76,  77,  78,  79,  82,  83,  84,  85,  87, 128, 130, 133, 136, 139,  12,
     13,  16,  17,  22,  23,  25,  72,  73,  82,  83,  84,  85,  87, 128, 136,   1,
      3,   4,   9,  28,  45,  46,  48,  51, 177,   1,   3,   7,   9,  28,  45,  46,
     47,  48,  49,  51, 176, 177,   5,   6,  28,  32,  35,  40,  45,  46,  47,  48,
     50,  52,   3,   4,   5,   6,   7,   9,  28,  45,  46,  47,  48,  51,  52,  53,
     56,  58,  59,  60,  61,  62, 177, 178,   1,   3,   4,   9,  28,  45,  46,  48,
     51, 176, 177,  37,   6,   7,  10,  28,  31,  32,  33,  35,  40,  41,  47,  50,
     52,  59,   1,   3,   4,   9,  28,  45,  46,  48,  51, 176, 177,   1,   3,   4,
      7,   9,  28,  45,  46,  47,  48,  49,  51, 176, 177,   1,   3,   4,   7,   9,
     28,  45,  46,  47,  48,  49,  51, 176, 177,  37,   4,   5,   6,   7,   9,  28,
     41,  45,  46,  47,  48,  52,  59, 177, 178,   5,   6,  28,  31,  32,  33,  35,
     40,  41,  47,  50,  52,  59,   4,   5,   7,   9,  28,  31,  32,  33,  35,  40,
     41,  45,  46,  47,  48,  59, 177, 178,   4,   5,   7,   9,  28,  31,  40,  45,
     46,  47,  48,  59, 177, 178,  28,  31,  32,  33,  35,  40,  41,  47,  50,  52,
     59,  28,  31,  32,  33,  34,  35,  40,  41,  43,  44,  50,  51,  52,  59,  11,
     12,  13,  14,  16,  17,  18,  20,  25,  51,  54,  72,  73,  77,  78,  82,  83,
     85,  87, 128, 133, 136, 139,  11,  14,  18,  19,  20,  21,  22,  23,  24,  25,
     54,  71,  73,  74,  75,  76,  77,  78,  79,  80,  84,  86,  87, 130, 139,  19,
     20,  21,  22,  24,  25,  19,  21,  24,  71, 130,  11,  14,  18,  19,  21,  22,
     23,  24,  25,  54,  71,  73,  74,  75,  76,  77,  78,  79,  80,  84,  85,  86,
     87, 130, 133, 139,  11,  12,  13,  14,  16,  17,  18,  19,  20,  21,  22,  23,
     24,  25,  54,   0,   1,   3,   5,   7,   9,  11,  14,  19,  21,  23,  24,  25,
     26,  28,  29,  51,  54,  67,  69, 176, 177, 178,   1,   3,   4,   9,  28,  45,
     46,  48,  51,  68,  70, 176, 177,   7,   9,  28,  51,   1,   3,   4,   7,   9,
     28,  45,  46,  47,  48,  49,  51, 176, 177,   1,   3,   5,   6,   8,   9,  27,
     28,  29,  30,  31,  32,  33,  35,  36,  37,  38,  39,  40,  41,  42,  43,  44,
     51,  56,  57,  58,  60,  61,  62, 177,  37,  49,   1,   4,   9,  45,  46, 176,
    177,  37,  45,  46,  47,  48,  68,  70,  11,  14,  23,  24,  25,  29,  30,  34,
     36,  37,  39,  54,  55,  56,  57,  58,  60,  61,  62,  63,  67,  21,  24,  63,
     69,   1,   2,   4,   5,  10,  26,  28,  50,  51,  52,  72,  74,  77,  82,  83,
     89,  93,  98, 100, 101, 102, 103, 104, 105, 107, 119, 128, 129, 131, 136, 140,
    176,   0,   1,   3,   4,   5,   6,   7,   8,   9,  26,  28,  51,  76,  79,  84,
     85,  87,  94,  95, 101, 102, 104, 107, 119, 127, 131, 133, 138, 140, 141,   2,
      3,   5,   6,   7,   8,   9,  10,  28,  50,  52,  53,  71,  72,  74,  75,  76,
     77,  78,  82,  83,  84,  86,  88,  90,  91,  92,  93,  94,  95,  96,  97,  98,
     99, 100, 101, 102, 103, 104, 105, 106, 107, 108, 109, 110, 111, 112, 114, 116,
    127, 128, 129, 131, 134, 135, 137, 138, 140, 141, 178,   2,   5,   6,   9,  10,
     26,  50,  52,  71,  72,  74,  75,  77,  78,  82,  83,  84,  89,  92,  93,  94,
     96,  98, 100, 101, 102, 103, 104, 105, 107, 110, 116, 128, 129, 130, 131, 134,
    136, 140, 177, 178,   1,   4, 101, 102, 107, 119, 131, 140,   0,   1,   2,   3,
      4,   9,  10,  26,  28,  51,  71,  72,  82,  83,  85,  89, 101, 102, 107, 110,
    113, 114, 115, 116, 119, 127, 128, 131, 132, 133, 136, 140,   2,   4,   5,   6,
      7,   9,  10,  28,  50,  52,  71,  72,  74,  75,  77,  78,  79,  80,  82,  83,
     84,  86,  87,  89,  92,  93,  94,  96,  98, 100, 101, 102, 103, 104, 105, 107,
    108, 109, 110, 111, 112, 116, 119, 128, 129, 131, 133, 134, 136, 137, 139, 140,
    178,   1,   2,   3,   5,   6,   7,   8,   9,  10,  28,  50,  52,  53,  71,  72,
     74,  75,  76,  77,  78,  79,  81,  82,  83,  84,  86,  88,  89,  90,  91,  92,
     93,  96,  97,  98,  99, 100, 103, 106, 109, 110, 111, 112, 114, 116, 128, 129,
    135, 137, 176, 177, 178,   1,   2,   4,   5,   7,  10,  28,  50,  51,  52,  71,
     72,  73,  74,  75,  77,  78,  79,  80,  82,  83,  84,  85,  86,  87,  89,  92,
     93,  94,  96,  98, 100, 101, 102, 103, 104, 105, 107, 108, 109, 112, 119, 128,
    130, 131, 133, 134, 136, 139, 140, 176, 177, 178,   1,   2,   3,   4,   5,   7,
      8,   9,  26,  28,  51,  76,  79,  83,  84,  85,  87,  95, 115, 130, 138, 141,
      1,   3,   4,   5,   7,  28,  50,  51,  52,  72,  74,  75,  77,  78,  79,  80,
     82,  83,  84,  85,  86,  92,  94,  96, 102, 104, 105, 109, 115, 128, 136, 139,
    140,   1,   2,   3,   7,   8,   9,  26,  28,  51,  76,  79,  83,  84,  85,  87,
    115,   1,   2,   3,   4,   9,  10,  26,  28,  51,  76, 103, 105, 130,   0,   1,
      2,   3,   5,   6,   7,   9,  10,  26,  28,  51,  71,  74,  75,  76,  77,  78,
     79,  80,  84,  86,  88,  92,  94,  95,  96, 110, 113, 114, 115, 130, 138, 139,
    141, 176, 177, 178,   0,   2,   3,   5,   7,  26,  28,  51,  52,  74,  75,  77,
     78,  79,  80,  84,  88,  92,  96,  97, 102, 127, 131, 133, 135, 177, 178,   2,
      3,   5,   6,   7,   8,   9,  10,  28,  50,  52,  53,  71,  72,  74,  75,  76,
     77,  78,  82,  83,  84,  86,  88,  90,  91,  92,  93,  94,  95,  96,  97,  98,
     99, 100, 101, 102, 103, 104, 105, 106, 107, 108, 109, 110, 111, 112, 114, 116,
    127, 128, 129, 130, 131, 134, 135, 137, 138, 140, 141, 178,   0,   1,   2,   3,
      5,   7,   9,  10,  26,  28,  51,  71,  74,  75,  76,  77,  78,  79,  80,  84,
     86,  88,  90,  91,  92,  94,  95,  96,  97,  99, 106, 110, 113, 114, 115, 116,
    132, 135, 138, 139, 141, 176, 177, 178,   2,   4,   5,   6,   7,  10,  28,  50,
     52,  71,  72,  77,  82,  83,  84,  89,  92,  93,  94,  96,  98, 100, 101, 102,
    103, 104, 105, 107, 110, 111, 116, 119, 129, 130, 131, 134, 137, 140, 178,   1,
      3,   4,   5,   7,  28,  50,  51,  52,  72,  74,  75,  77,  78,  79,  80,  82,
     83,  84,  85,  86,  92,  94,  96, 102, 104, 105, 109, 115, 128, 136, 139, 140,
      0,   1,   2,   3,   5,   6,   7,   9,  10,  26,  28,  51,  71,  74,  75,  76,
     77,  78,  79,  80,  84,  86,  92,  95,  96, 113, 114, 115, 138, 139, 141, 176,
    177, 178,   1,   3,   4,   9,  28,  51, 102, 131, 177,   0,   1,   2,   4,   5,
      6,   7,   8,  26,  94,  95, 104, 138, 141,   1,   3,   4,   9,  28,  51,   3,
      5,   6,   7,   9,  28,  50,  51,  52,  92,  96, 101, 102, 104, 107, 127, 131,
    134, 140,   1,   3,   7,  28,  51,  92,  94,  96, 102, 103, 104, 105, 140,   1,
      3,   4,   5,   6,   7,   8,   9,  26,  28,  51,  95, 102, 131, 138, 141, 177,
      1,   2,   6,   7,  10,  28,  50,  52,  92,  93,  94,  96,  98, 100, 103, 104,
    109, 111, 129, 137,   1,   3,   4,   9,  28,  51,   2,   6,   7,  10,  28,  50,
     52,  92,  93,  94,  96,  98, 100, 103, 104, 109, 111, 129,   1,   3,   4,   5,
      6,   7,   8,   9,  28,  51,  94,  95, 102, 104, 108, 131, 138, 141, 176, 177,
      1,   2,   3,   4,   5,   6,   7,   8,   9,  26,  28,  51,  94,  95, 102, 104,
    110, 131, 138, 141, 176, 177,   5,   6,  28,  50,  51,  52,  92,  94,  96,  98,
    101, 102, 103, 104, 107, 131,   3,   5,   6,   7,   9,  28,  50,  51,  52,  92,
     96, 101, 102, 104, 107, 127, 131, 134, 140,   3,   5,   7,   9,  28,  51,  92,
     93,  96,  98, 100, 101, 102, 103, 104, 107, 127, 131, 140, 177, 178,   0,   1,
      3,   4,   5,   6,   7,   8,   9,  26,  28,  51,  94,  95,  96, 102, 104, 108,
    110, 138, 140, 141, 176, 177,   2,   6,   9,  10,  28,  50,  51,  52,  92,  93,
     94,  96,  98, 100, 103, 104, 111, 129,   1,   3,   7,  28,  51,  92,  94,  96,
    102, 103, 104, 105, 115, 140,   1,   3,   4,   9,  28,  51, 101, 102, 107, 131,
    140,   1,   3,   4,   5,   6,   7,   8,   9,  28,  51,  94,  95, 102, 104, 108,
    138, 141, 176, 177,   1,   3,   4,   5,   6,   7,   8,   9,  28,  51,  94,  95,
    102, 104, 108, 138, 141, 176, 177,   1,   2,   4,   9,  10,  26,  89, 110,   1,
      2,   6,   9,  10,  26,  28,  50,  51,  52,  93,  98, 100, 103, 111, 129,   1,
      3,   9,  28,  50,  51,   1,   2,   3,   4,   9,  10,  26,  28,  51,  89, 110,
    121, 122, 123, 125, 143, 144, 122,   1,   3,   4,   9,  28,  51, 101, 102, 107,
    131, 140, 117, 124, 125, 142, 118, 126, 125, 121, 122, 143, 144,   2,   3,   6,
      7,   8,   9,  10,  28,  51,  52,  53,  71,  72,  75,  76,  77,  78,  79,  80,
     82,  83,  84,  85,  86,  88,  90,  91,  92,  93,  94,  95,  96,  97,  98,  99,
    100, 101, 102, 103, 104, 105, 106, 107, 108, 109, 110, 111, 112, 116, 127, 128,
    129, 131, 134, 135, 137, 138, 139, 140, 141,   4,   5,   6,   7,   9,  28,  52,
     53,  92,  94,  96, 101, 102, 104, 105, 107, 108, 127, 131, 134, 140, 117, 121,
    122, 126, 144, 121, 122, 126, 143,   1,   2,   4,   9, 105,   1,   4,   9,  96,
    101, 105, 107, 131, 134,   0,   1,   2,   4,   5,   6,   8,   9,  26,  71,  73,
     74,  75,  76,  77,  79,  80,  84,  85,  86,  87,  94,  95,  96,  99, 104, 106,
    108, 110, 113, 114, 115, 116, 132, 138, 139, 141,   1,   4,   5,   8,   9,  26,
     94, 101, 104, 107, 131,   2,   3,   5,   6,   7,   8,   9,  10,  28,  50,  52,
     53,  71,  72,  77,  81,  82,  84,  88,  89,  90,  91,  92,  93,  94,  95,  96,
     97,  98,  99, 100, 103, 104, 105, 106, 108, 109, 110, 111, 112, 116, 127, 129,
    130, 134, 135, 137, 138, 141, 176, 177, 178,   3,   4,   5,   7,   9,  28,  51,
     92,  93,  96,  98, 100, 101, 102, 104, 107, 127, 131, 140, 177, 178,   0,   1,
      2,   3,   4,   9,  26,  28,  51,  71,  85, 133,   1,   2,   3,   4,   9,  10,
     26,  28,  51,  89, 110,   1,   2,   3,   5,   7,   9,  26,  28,  51,  76,  79,
     80,  84,  86,  88,  97, 113, 114, 115, 135, 137, 139,   1,   3,   4,   5,   6,
      7,   8,   9,  26,  28,  51,  95, 138, 141,   2,   9,  50,  52,   1,   2,   9,
    103, 129,   1,   3,   4,   5,   6,   7,   8,   9,  26,  28,  51,  95, 138, 141,
      0,   1,   2,   3,   5,   6,   7,   9,  10,  26,  28,  51,  71,  77,  84,  88,
     92,  95,  96, 113, 114, 115, 130, 138, 141, 176, 177, 178,   1,   3,   4,   5,
      6,   7,   8,   9,  28,  51,  94,  95, 102, 104, 108, 131, 138, 141, 176, 177,
      2,   4,   5,   7,   8,  26,  28,  51,  83,  87,  94, 101, 102, 104, 107, 109,
    113, 114, 115, 119, 127, 131, 133, 140,   1,   2,   9,  10,  50,  52,  98, 103,
    129, 117, 120, 121, 122, 126, 144, 122, 126, 126, 117, 124, 126, 153, 155, 156,
    162, 164, 166, 148, 154, 159, 162, 165, 146, 152, 153, 155, 156, 158, 162, 146,
    149, 152, 154, 155, 157, 158, 159, 161, 162, 165, 146, 152, 157, 159, 162, 165,
    146, 148, 152, 154, 155, 161, 162, 163, 164, 165, 146, 149, 151, 152, 155, 157,
    158, 159, 162, 165, 167, 152, 155, 158, 159, 161, 162, 146, 147, 152, 154, 155,
    159, 161, 162, 166, 167, 155, 157, 158, 159, 162, 152, 153, 155, 152, 154, 156,
    159, 161, 162, 165, 152, 159, 154, 155, 156, 159, 161, 162, 166, 145, 146, 148,
    153, 157, 159, 162, 146, 152, 154, 155, 158, 159, 161, 162, 165, 167, 146, 152,
    155, 157, 159, 162, 165, 148, 150, 153, 155, 156, 158, 159, 160, 162, 166, 172,
    174, 175, 169, 174, 169, 174, 175, 169, 169, 170, 171, 172, 174, 169, 170, 171,
    172, 173,  11,  12,  13,  14,  16,  17,  21,  22,  24,  54,  72,  77,  82,  83,
    130,  11,  12,  13,  14,  16,  17,  18,  19,  20,  21,  22,  23,  24,  25,  54,
     71,  72,  77,  82,  83,  84, 130, 168, 179, 180,
};

static const int8_t ubuntu_10_regularKernSparseValues[] = {
     -26,   -8,   -8,  -41,   -8,   -8,    4,    3,   -4,  -45,   -8,  -38,  -24,  -26,  -23,   -8,
      -8,   -9,  -11,   -4,   27,  -10,  -10,  -10,  -10,   -6,    4,   -3,    5,    6,    4,  -10,
      -4,    9,  -10,  -10,  -15,    6,   -4,   -7,   -7,   -4,   -4,   -4,   -4,   -4,   -4,   -9,
     -11,   -6,   -9,  -14,   -7,   -7,   -9,   -4,   -5,   -9,   -7,   -7,   -6,   -4,   -4,   -9,
      -6,   -6,   -6,   -5,  -14,   -4,   -6,  -21,   -3,   -3,  -41,   -8,  -32,   -3,  -37,  -25,
     -21,  -24,  -10,   -5,   -8,   -6,   -6,    8,  -10,  -10,    9,  -11,  -11,    5,  -23,   -8,
     -26,  -13,    3,  -27,    6,    6,  -23,  -10,    8,    6,  -11,  -11,    3,  -39,  -14,  -27,
     -34,  -10,   -9,  -17,   -4,  -10,  -17,   -5,   -5,  -17,    5,   -4,   -7,  -11,  -14,   -7,
     -13,   -5,    5,  -10,   -6,    5,  -17,    5,   -8,  -17,   -9,   -9,  -24,   -9,   -9,   10,
      11,    7,    7,   11,    3,  -26,   10,   -9,  -21,  -20,    9,  -17,  -20,    6,   -9,   -9,
       7,    6,   -7,   11,   -4,   -4,   -4,   -4,  -28,   -4,   -7,   -4,  -13,  -28,   -4,   -4,
      -4,  -13,   -7,   -9,   -3,   -3,   -9,   -3,   -3,   -6,  -15,   -4,  -12,   -8,  -13,  -18,
     -11,  -13,  -15,   -3,   -5,   -7,   -8,  -13,   -9,   -7,  -15,  -10,   -3,   -3,  -13,   -4,
      -9,   -5,  -18,   -9,  -26,   -6,  -21,    9,    6,   -5,   11,   -6,   -6,   10,   -6,   -6,
       5,  -21,   -3,  -21,   -6,    8,  -26,    6,   -9,   -4,   -4,   -4,   -5,   -4,   -4,    4,
      -5,   -7,   -6,    9,   -5,    5,   -7,   -3,   -6,   11,   -4,   -5,  -17,  -24,  -23,    8,
      -4,   -4,   -8,   -4,   -3,   -7,   -4,   -7,   -6,   -4,   -7,   -8,  -11,   -4,   -7,   -4,
      -5,   -8,    7,  -10,    5,   -6,    7,   -7,   -7,    8,   -7,   -7,    3,    6,    6,    4,
       6,    3,   -3,   -5,   -5,   -5,   -5,   -5,   -5,   -7,   -5,   -6,    5,   -5,   -9,  -15,
       7,   -5,   -4,    4,    6,   -5,   -9,   -4,  -11,  -11,  -14,  -13,   -4,   -6,   -8,   -4,
      -9,   -6,   -6,   -8,  -14,   -5,   -4,  -14,   -5,  -10,  -14,  -10,  -10,   -7,   -4,  -11,
      -5,   -7,   -4,    4,   -5,    6,   -9,   -9,    6,   -9,   -9,   -7,   -6,  -14,   -5,   -6,
      -5,   -8,   -6,   -5,   -5,   -6,   -8,   -8,    3,   -8,   -6,   -7,   -8,    6,   -5,   -6,
      -4,   -3,   -8,  -22,  -20,   -6,    4,   -6,  -15,   -4,   -4,  -27,   -4,   -4,    5,    6,
       7,   -5,  -14,  -17,   -5,   -5,   -5,   -5,   -9,   -5,   -5,   -8,  -12,   -9,   -7,  -25,
      -5,   -8,   -6,  -34,   -3,   -8,   -3,   -6,   -6,   -3,   -3,   -3,  -12,   -3,   -5,   -6,
     -11,   -6,   -6,   -8,   -5,   -4,   -6,  -11,    5,  -16,    6,    4,   -6,   11,  -12,  -12,
       9,  -12,  -12,    6,    7,    3,    9,    7,    7,   -9,   -7,   -7,   -7,   -7,   -7,   -7,
       5,   -4,   -5,  -16,    9,   -3,    5,   -6,  -20,   12,    7,   -8,    4,    4,   -6,   -4,
       5,  -42,   -3,  -46,    8,  -23,    4,    9,  -15,  -15,    9,  -15,  -15,    5,  -38,   -6,
     -33,  -15,    7,  -38,    5,  -11,   -4,   -4,   -4,   -4,   -4,   -4,  -13,  -12,    7,   -7,
       3,   -8,   -5,  -13,    4,   10,  -28,  -40,  -39,    5,   -2,   -3,   -5,   -8,   -4,   -9,
     -11,  -14,  -11,   -4,   -6,   -8,   -3,   -9,   -6,   -5,   -8,  -14,   -5,   -3,  -14,   -4,
     -10,  -13,   -9,   -9,   -5,   -3,  -10,   -4,   -4,   -8,  -30,  -21,  -17,  -32,   -6,   -5,
     -14,   -6,   -7,   -7,  -11,   -7,   -7,   -4,    3,    3,    3,   -8,   -6,  -28,   -5,    3,
     -38,   -5,   -8,   -4,  -11,  -11,   -4,   -6,   -8,   -3,   -9,   -6,   -5,   -8,  -14,   -5,
      -3,   -5,    5,  -13,   -9,   -5,   -3,   -7,   -4,    5,    4,   -4,   -5,    9,   -4,   -4,
       7,   -4,   -4,   -3,    6,   -6,    5,  -11,    7,    3,   -6,   -5,   -7,   10,   -5,    5,
      -9,    4,  -25,  -16,  -29,  -28,    7,  -17,  -21,   -9,   -9,  -30,   -9,   -9,    8,    9,
       6,    5,   10,  -11,  -15,  -18,  -18,  -18,  -18,  -13,  -18,  -18,  -15,  -11,   -7,  -27,
      -6,   -7,  -10,   -8,  -28,  -25,  -24,    7,   10,  -26,   17,    7,    4,  -24,  -22,  -22,
      -3,   -3,  -14,   -3,   -3,   -5,   -5,  -12,   -5,   -6,   -3,   -7,  -11,   -5,   -7,    5,
     -11,    5,  -25,   -3,  -22,   -7,    8,  -13,  -21,   -6,   -6,  -32,   -2,   -6,   -6,    9,
      10,    7,    6,   11,   -9,   -8,  -15,  -15,  -15,  -15,  -10,  -15,  -15,   -5,   -8,   -1,
      -8,  -14,   -4,  -27,    4,   11,  -17,   14,   10,    4,   -9,   -8,    6,    8,  -25,    4,
      -5,  -12,  -16,   -4,    5,   -6,   -6,   -5,   -5,  -20,   -5,   -5,    6,    7,    4,    3,
       8,  -12,  -10,   -7,   -7,   -7,   -9,   -7,   -7,   -7,   -6,   -6,   -6,   -7,  -16,    6,
      -9,    4,   -5,    6,    8,  -13,   -8,   -9,    4,   -9,    3,   -9,    9,   -8,   -8,    7,
      -8,   -8,    4,    6,    6,    6,    4,  -11,   -6,   -6,   -6,   -6,   -6,   -6,   -3,   -4,
     -12,    6,   -2,   -9,  -16,    9,  -10,   -6,   -6,    3,  -14,    6,  -22,  -16,  -27,  -13,
       8,  -19,  -26,  -14,  -14,  -38,   -3,  -14,  -14,   10,   11,    8,    7,   12,    4,   -9,
     -14,  -16,  -16,  -16,  -16,  -13,  -16,  -16,   -7,  -11,   -5,   -9,   -7,  -25,  -11,  -27,
      14,  -26,   13,   11,  -14,  -13,    4,    6,  -26,   -7,    4,  -20,   -5,    6,  -12,  -12,
       6,  -12,  -12,   -5,    3,    4,   -6,  -14,   -5,   -6,   -5,   -8,   -6,   -5,   -4,   -6,
      -8,   -8,    3,   -8,  -12,   -5,  -17,    6,    3,   -5,    4,   -6,   -9,  -14,  -14,   -9,
     -14,  -14,   -9,  -11,  -13,  -10,  -12,  -12,   -9,  -14,   27,   -9,  -11,  -14,   -6,   -7,
      -8,  -10,   -9,    9,  -10,  -14,  -14,  -12,  -16,  -12,  -16,   -9,   -9,   -5,  -10,   -3,
      -3,   -3,   -3,   -3,   -3,   -5,   -3,   -3,   -3,   -3,   -3,   -7,   -4,   -7,   -6,   -9,
      -8,   -7,   -9,  -10,   -5,   -4,   -5,   -7,   -8,  -12,   -9,   -7,   -9,  -10,   -4,   -4,
      -6,   -4,   -7,   -7,  -11,  -11,    3,  -11,   -9,   -4,   -5,   -4,    4,    3,    5,    4,
      -7,  -10,   13,    4,  -17,  -12,  -14,    8,   13,    6,    6,    5,    6,   13,   -6,    3,
      10,   13,   -6,   13,   10,   13,    7,  -18,  -12,   -8,   -7,   -9,  -10,   -5,   -4,   -6,
      -7,  -10,  -10,    3,   -9,    4,   -7,   -8,   -9,   -9,   -9,  -10,  -10,   -9,    6,   -6,
     -11,   -9,  -10,   -8,   -7,   -9,  -10,   -5,   -5,   -6,   -7,   -7,   -9,  -11,   -9,   -7,
      -8,  -10,  -10,   -5,   -4,   -6,   -5,   -7,   -7,   -7,   -9,  -11,   -9,   -7,   -7,   -9,
     -10,   -5,   -4,   -6,   -5,   -6,   -7,   -7,   -9,   10,    4,  -18,  -11,  -15,  -14,   -8,
      -4,    7,    6,    5,    7,   -7,   -6,    5,  -17,    4,  -13,   -9,   -4,   -5,   -3,   -3,
      -5,   -4,    6,   -7,   -9,   -4,    3,  -12,  -11,  -13,   -9,   -5,   -5,   -5,   -4,   -5,
      -5,    6,    6,    5,    6,   -6,    4,  -12,    3,  -11,   -9,  -12,   -9,   -4,   -4,    6,
       6,    5,    6,   -5,    4,  -10,   -9,   -7,   -7,   -7,   -7,   -7,   -7,    6,   -7,  -10,
      -8,  -11,   -6,   -7,   -6,   -4,   -7,   -7,   -6,   -4,   -4,   -9,   -7,  -11,   -6,   -4,
      -9,  -10,   -4,  -10,  -10,   -7,   -8,   -6,   27,   -4,   -9,   -6,   -4,    9,  -10,  -10,
      -4,   -7,  -11,   -3,   -5,   -3,   -7,   -7,   -6,   -8,   -4,   -8,   -6,  -10,   -8,  -11,
      -7,   -8,   -6,   -5,   -6,   -8,   -7,   -6,   -8,   -9,  -10,   -8,   -5,   -8,   -8,  -28,
      -4,  -10,   -7,  -16,   -4,  -26,   -4,  -11,  -26,  -11,   -7,  -14,   -7,  -29,  -15,   -7,
     -17,  -26,  -14,  -15,  -29,   -8,  -12,  -12,  -18,   -7,  -11,  -19,  -13,  -17,   -5,  -14,
      -8,  -26,   -3,  -13,  -15,  -12,  -12,  -21,  -12,  -12,  -10,  -37,  -15,  -16,  -13,  -23,
     -22,  -23,  -24,   -5,  -11,  -13,  -20,  -14,  -11,   -9,  -19,  -15,   -7,  -14,  -14,  -16,
      -5,  -14,   -5,   -9,  -16,  -14,   -8,   -8,   -5,  -19,  -13,   -9,  -11,   -7,   -7,   -9,
      -8,   -9,   -7,  -11,   -7,  -10,  -10,   -7,    5,    4,    4,  -13,   -9,   -7,   -7,   -9,
     -10,   -5,   -4,   -6,   -5,   -6,   -7,  -12,  -12,    6,   20,   -4,   -4,   -4,   15,   30,
      23,   -4,    5,   -4,   -4,   -4,   -4,    3,    3,    5,   -4,   -4,   -4,   -4,    3,   -4,
      23,   23,   31,   37,   37,   37,   29,    7,    6,   -4,  -14,   -7,   -8,   -5,   -4,  -11,
     -11,   -5,   -8,   -7,   -5,   -8,  -11,   -8,  -12,  -21,  -10,   -5,   -5,   -7,   -4,   -4,
      -4,   -4,   -4,  -19,   -4,   -4,   -4,   -4,   -4,   -4,   -4,   -4,   -6,   -5,   -7,   -4,
      -5,   -5,   -7,   -4,    4,   -5,   -6,  -14,   -6,   -7,   -8,   -9,    5,    6,   -9,   -9,
      -5,   -5,   -6,   -5,   -5,   -8,   -6,    3,   -6,   -5,   -5,   -8,   -4,   -8,   -6,   -6,
      -4,   -4,  -12,   -6,  -10,   -4,    5,   -5,   -4,   -4,   -6,  -14,   -9,   -4,   -6,   -6,
      -7,   -6,   -6,   -3,  -11,   -5,   -5,  -11,  -11,   -3,   -5,   -6,   -3,  -10,   -3,   -9,
       4,  -25,  -16,  -29,  -28,    7,  -17,  -11,   -8,  -28,  -25,    8,   -9,  -37,  -22,    7,
     -21,  -21,   -9,   -9,    5,    6,  -32,  -30,  -31,  -38,  -38,  -25,  -27,  -38,  -35,  -38,
     -31,  -38,  -21,  -21,  -26,  -22,  -25,  -31,  -21,  -26,  -37,    9,  -38,  -35,   14,    9,
     -25,   -7,  -40,  -21,  -31,  -32,  -32,  -44,  -21,  -37,  -22,   -8,    7,  -10,    5,   -6,
      -3,   -9,  -15,    6,   -7,    7,    6,    7,    6,   -7,   -7,    4,   -5,    6,   -5,    5,
       6,   -5,   -5,  -11,   -5,   -5,    5,  -16,  -11,    7,    7,  -10,   -3,    6,   -5,  -17,
      -4,  -12,    4,    6,   -4,   -6,  -15,   -5,  -11,   -8,   -5,   -7,   -5,  -25,   -6,   -7,
     -12,  -10,   -4,   -6,  -17,  -12,  -17,   -4,   -4,   -5,  -10,   -4,  -12,   -8,  -12,   -5,
      -6,   -6,   -6,   -5,  -12,   -4,   -4,   -7,   -4,   -7,   -3,  -13,   -6,  -11,    5,  -16,
       6,    4,   -6,   -9,   -6,  -20,    6,  -12,    8,    8,   11,    9,    8,    5,  -12,  -12,
       9,    7,    6,   -8,    9,   -6,    9,    8,   -6,   -6,  -13,  -16,   -9,    9,  -20,   -8,
       6,    6,    7,   -6,    5,    7,   -8,  -14,   -7,  -16,  -13,  -20,   -6,   -5,    6,  -17,
       5,    5,  -11,    5,  -25,   -3,  -22,   -7,    8,  -13,   -9,   -8,  -14,   -4,    9,   -6,
     -27,  -21,    8,  -21,  -20,    5,   -2,   -6,   -6,    6,    6,   -9,   -6,   -6,   -6,  -21,
     -13,  -21,  -10,  -13,   -6,  -13,  -13,   -6,  -10,   11,  -13,   -6,   14,   11,   -7,  -13,
      -9,   -8,    6,    8,  -25,  -26,   -6,  -21,    9,    6,   -5,   -9,   -7,   -3,   -6,  -21,
      -6,    5,    9,    8,   11,    9,    7,    5,   -6,   -6,    8,  -17,    7,    5,   -5,    9,
      -4,    9,    8,   -4,   -4,  -13,   -5,   -4,    9,   -9,   -8,    6,    6,    5,   -8,   -8,
     -26,   -7,  -12,   -6,   -5,    6,  -12,  -24,  -23,    8,   -4,   -4,   -8,   -4,   -3,   -7,
      -4,   -7,   -4,  -11,   -7,   -4,   -6,   -3,   -7,   -6,   -5,   -4,   -3,   -8,   -4,   -4,
      -4,    9,   -6,    6,   14,    8,   -5,    8,   -5,   -6,    8,    7,    8,    7,    6,    5,
      -6,   -9,    6,   -9,    6,    7,    7,    7,   10,    7,   -6,    5,   22,   -8,   -3,    6,
      10,   -4,   -4,   -9,   -5,   -4,   -4,   -4,  -13,   -9,   -3,   -5,   -4,   -5,   -5,   -5,
      -3,   -5,   -5,   -7,   -5,   -4,   -4,   -4,  -11,   -8,   -2,   -3,   -4,   -3,   -5,   -8,
      -4,   -9,  -11,    5,  -14,  -11,   -4,   -3,  -14,  -10,   -9,   -8,   -8,  -12,   -6,   -7,
     -16,  -10,   -8,  -10,   -4,   -8,   -3,   -4,   -9,   -4,   -4,   -4,   -5,  -14,   -4,   -9,
      -4,   -5,   -3,  -10,   -4,   -4,   -8,  -30,  -21,   -5,  -14,   -8,   -6,  -31,  -24,  -17,
     -23,   -9,   -5,   -6,   -6,  -15,  -16,   -4,    3,    5,    3,    5,   -4,    3,  -38,   -9,
       4,  -25,  -16,  -29,  -28,    7,  -17,  -11,   -8,  -28,  -25,    8,   -9,  -22,  -22,    7,
     -21,  -21,   -9,   -9,    5,    6,  -15,  -25,  -25,  -23,  -18,  -23,  -27,  -23,  -25,  -18,
     -13,  -18,  -21,   -7,  -18,   -6,  -25,  -25,  -21,  -26,  -25,    9,  -26,  -26,   14,    9,
     -23,   -7,  -26,   10,   -7,  -22,  -27,  -27,  -45,  -21,  -38,  -22,   -5,   -8,   -4,   -9,
     -11,  -14,  -11,   -4,   -3,  -14,  -10,   -9,  -18,  -19,  -12,   -6,  -18,  -20,  -15,   -8,
     -13,   -6,   -5,   -4,  -13,   -4,   -3,  -14,   -6,   -5,   -4,   -5,   -5,   -5,   -5,   -5,
      -5,   -6,   -3,  -19,   -3,   -5,   -3,  -10,   -8,   -9,    4,   -9,    3,   -9,  -11,   -9,
     -16,    4,   -8,    9,   -8,   -8,    6,   -9,    7,   -6,    7,    6,   -6,   -6,  -10,   -2,
      -6,    6,  -15,  -10,    6,   -7,    6,   -9,   -8,    6,   -4,  -16,   -6,  -11,    3,   -4,
       9,   -6,    6,   14,    8,   -5,    8,   -5,   -6,    8,    7,    8,    7,    6,    5,   -6,
      -9,    6,   -9,    6,    7,    7,    7,   10,    7,   -6,    5,   23,   -8,   -3,    6,   10,
      -5,   -8,   -4,   -9,  -11,    5,  -14,  -11,   -4,   -3,  -14,  -10,   -9,   -7,   -7,  -11,
      -6,   -6,  -15,  -10,   -8,   -9,   -8,   -4,   -9,   -4,   -4,   -5,   -4,   -9,   -4,   -5,
      -3,  -10,   -9,   -8,   -7,   -9,  -10,   -7,   -5,   -5,   -8,   -4,   -8,   -4,   -6,   -6,
       6,   -7,   -6,   -6,   -7,   -5,   -4,   -5,   -5,  -12,   -8,   -5,   -7,   -9,   -6,   -5,
     -26,  -19,  -15,  -17,   -9,   -6,   -4,   -7,  -15,  -12,    7,    7,    6,    7,    8,    7,
       7,    7,  -10,    8,   11,    8,    8,    7,    7,    7,    8,   -4,    7,   -4,   10,   -9,
      -9,   -6,   -4,    5,   -4,   -4,  -10,   -4,  -10,   -7,   -4,   -4,   -4,   -4,   -4,   -8,
      -4,   -6,   -9,    4,   -7,   -8,   -6,  -11,    8,   -9,    8,    7,  -10,   -9,  -10,    6,
       5,   -7,   -8,   -4,  -12,   -8,   -6,   -8,  -11,   -7,   -5,   -9,    4,   -7,   -8,   -6,
     -11,    8,   -9,    8,    7,  -10,   -9,  -10,    6,    5,   -8,   -8,  -11,   -9,   -7,   -7,
       6,   -8,   -6,  -10,  -10,   -7,   -8,   -6,   -5,   -6,   -4,   -5,   -6,   -6,   -7,   -9,
     -11,   -4,   -9,   -7,   -6,    6,   -7,   -6,   -9,   -6,  -10,   -7,   -7,   -5,   -5,   -6,
      -4,   -5,   -5,   -5,   -7,   -9,    3,  -11,   -9,   -7,   -4,  -10,    7,    7,    6,   -4,
       5,    4,   -4,    5,    5,    4,   -4,  -17,  -10,  -15,  -16,   -8,   -6,   -4,   -6,  -12,
     -12,    7,    7,    6,    7,    8,    7,    7,    7,   -5,   -7,  -10,  -11,   -9,   -4,   -8,
      -4,   -9,   -4,   -4,    7,    6,   -4,    4,    7,    6,    6,    6,    4,  -10,   -7,  -11,
      -9,   -7,   -8,    6,   -8,   -7,  -10,   -6,  -10,   -7,   -9,   -7,   -4,   -5,   -6,   -5,
      -4,   -7,   -4,   -7,   -7,   -9,   -5,   -5,   -4,   -4,   -9,   -7,   -4,  -10,    7,   -7,
       7,    6,   -7,   -7,   -7,    6,   -5,   -5,  -10,    8,   11,    8,    8,    7,    7,    7,
       8,   -4,    7,   -4,   28,   10,  -27,   -8,  -17,   -6,  -11,   -6,  -16,   -6,  -11,   -6,
      -7,  -11,   -9,   -7,   -6,    6,   -8,   -5,  -10,  -10,   -7,   -7,   -5,   -5,   -6,   -4,
      -5,   -5,   -7,   -9,  -11,   -9,   -7,   -7,    6,   -8,   -6,  -10,  -10,   -7,   -8,   -6,
      -5,   -6,   -4,   -6,   -6,   -7,   -9,  -19,   -6,   -8,  -10,   -4,   -4,   -4,   -6,   -4,
      -6,   -5,   -5,   -4,   -4,  -11,   -8,   -6,  -10,   -4,   -4,   -4,   -5,   -4,   -4,   -8,
      -9,   -6,  -12,   -4,   -7,  -19,   -6,   -8,   -8,  -10,   -4,   -4,  -14,  -11,   -4,   -4,
      -7,   -3,   -3,   -3,   -7,   -5,   -7,  -25,   -8,  -17,   -6,  -11,   -6,  -13,   -6,  -10,
      -6,   -7,   -7,  -20,  -13,   -7,   -7,   -7,   -3,   -3,   -3,   -7,   -7,   -6,    7,  -22,
     -23,  -16,   12,  -13,    8,    8,  -30,  -15,   13,   -6,  -17,   11,  -23,  -17,    7,    6,
      -6,  -10,    8,    6,   11,  -18,  -15,  -17,  -35,  -29,  -11,  -13,  -32,  -21,  -29,  -17,
     -30,   -6,   -6,  -26,   -8,  -12,  -17,   -6,  -12,  -25,   15,  -29,  -21,   15,  -11,   -7,
     -30,   -6,  -17,  -18,  -19,  -13,    6,   -7,  -13,    7,  -26,   -7,  -15,  -12,   -5,   -5,
       6,   -9,    7,   -9,   11,   11,   10,    6,   11,    6,   10,   11,    8,   10,   -3,  -40,
     -33,  -17,  -10,   -7,  -17,   -3,   -3,  -14,   -4,   -6,   -5,   -6,  -32,  -22,   -4,    5,
     -17,   -5,  -11,   -9,   -5,   -6,  -19,   -4,   -6,  -11,    6,   -5,  -11,   -7,  -21,   -6,
      -5,   -6,  -11,   -5,  -13,   -7,  -12,   -4,   -7,   -6,  -10,   -7,   -7,   -3,   -6,   -5,
      -6,   -5,   -5,   -5,    9,   -5,   -5,   -7,   -7,   -7,  -22,  -10,   -4,   -4,  -10,   -5,
      -5,  -11,   -5,  -11,   -5,  -14,    6,  -22,  -16,  -27,  -13,    8,  -19,   -9,   -7,  -25,
     -11,   10,  -14,  -26,   -3,  -14,    7,  -14,   -9,  -11,  -12,  -25,  -16,   -6,   -8,  -25,
     -16,  -16,  -13,  -16,  -23,   -5,   -7,  -12,   -7,  -18,   11,  -22,  -14,   11,   -4,  -22,
      12,   -9,  -14,  -14,   -8,   -8,    4,    6,  -26,   -4,    3,  -12,  -11,  -13,   -9,   -4,
      -9,   -5,  -12,   -5,   -5,    7,    6,    5,    7,    6,    6,    7,    4,  -12,   -4,  -29,
      -5,   -6,   -9,   -9,   -6,  -16,  -11,  -27,   -7,   -4,  -19,   -6,   -8,   -8,  -10,   -4,
      -5,  -15,  -12,   -4,   -4,   -6,   -4,  -11,   -6,   -7,   -6,   -6,  -15,  -10,   -7,   -4,
      -4,   -4,   -3,   -6,   -4,   -5,   -5,   -5,   -6,   -5,   -3,  -15,  -10,   -6,   -4,    5,
      -4,   -4,  -11,   -4,  -13,   -9,   -4,   -4,   -4,   -4,   -4,   -6,   -5,   -8,   -4,   -8,
      -4,   -4,  -14,  -10,   -6,   -5,    5,   -4,   -4,  -10,   -4,  -13,   -9,   -4,   -4,   -4,
      -5,   -8,   -4,   -9,  -11,    5,  -14,  -11,   -4,   -3,  -14,  -10,   -9,   -6,   -8,   -4,
      -7,   -4,   -8,   -4,   -4,   -4,  -14,   -4,   -4,   -5,   -3,  -10,  -11,   -9,   -7,   -6,
       6,   -8,   -5,  -10,  -10,   -7,   -7,   -6,   -5,   -6,   -4,   -5,   -6,   -6,   -7,   -9,
      -4,   -6,   -4,   -5,   -4,   -5,  -14,   -5,   -4,   -6,   -5,  -11,   -7,   -4,  -11,   -4,
      -4,   -4,   -4,   -9,   -4,   -7,   -8,  -10,   -7,   -6,   -5,   -4,   -7,   -8,   -4,   -4,
      -4,   -7,  -10,  -20,  -17,  -13,   -7,  -10,   -7,   -3,   -7,   -3,   -3,   -7,   -2,   -2,
      -7,   -3,   -7,   -4,   -6,  -11,  -11,   -8,    1,   -6,  -11,   -4,   -5,   -7,   -8,  -13,
      -7,   -6,  -17,  -12,   -8,   -4,  -11,  -17,  -12,  -12,   -2,   -5,   -3,   -2,   -7,   -4,
      -6,   -4,   -7,   -6,   -2,   -4,   -7,   -6,   -6,   -4,  -21,   -7,   -2,   -2,   -2,  -10,
      -2,   -2,   -8,   -7,   -7,   -6,   -4,   -5,   -5,   -9,   -9,  -13,   -1,   -6,  -10,   -9,
      -6,  -12,   -5,    6,   -2,   -7,   -4,   -7,   -7,   -9,   -5,   -5,   -8,   -1,  -10,   -1,
      -1,  -10,   -4,   -4,   -2,   -8,   -2,   -7,   -2,   -2,   -9,   -1,   -2,   -4,   -8,   -6,
      -7,   -8,  -11,   -9,  -13,   -7,   -5,   -6,   -2,   -4,  -10,   -4,   -7,   -7,   -8,   -1,
      -8,   -2,   -4,   -2,   -2,  -15,  -17,   -5,   -6,   -1,  -11,  -13,  -13,   -8,   -7,   -7,
     -20,   -7,   -7,   -3,   -7,   20,   17,   -3,  -10,  -10,   -7,   -3,   20,  -20,  -17,  -17,
      -7,  -10,  -25,   -7,   -7,  -38,   -7,   -7,    6,    6,    4,  -44,   -7,  -25,   -7,   -7,
       4,    9,   -8,   -8,    9,   -9,  -10,    5,  -22,   -6,  -25,  -11,    4,  -26,    7,    7,
     -22,   -8,    9,   -9,   -9,    4,  -26,  -13,   -8,  -10,
};

static const EpdLigaturePair ubuntu_10_regularLigaturePairs[] = {
    { 0x00660066, 0xFB00 }, // f f -> U+FB00
    { 0x00660069, 0xFB01 }, // f i -> U+FB01
    { 0x0066006C, 0xFB02 }, // f l -> U+FB02
    { 0xFB000069, 0xFB03 }, // U+FB00 i -> U+FB03
    { 0xFB00006C, 0xFB04 }, // U+FB00 l -> U+FB04
};

static const EpdFontData ubuntu_10_regular = {
    ubuntu_10_regularBitmaps,
    ubuntu_10_regularGlyphs,
    ubuntu_10_regularIntervals,
    51,
    24,
    20,
    -4,
    false,
    nullptr,
    0,
    nullptr,
    nullptr,  // kernLeftClasses: built-in fonts use the split arrays below
    nullptr,  // kernRightClasses
    ubuntu_10_regularKernLeftCodepoints,
    ubuntu_10_regularKernLeftClassIds,
    ubuntu_10_regularKernRightCodepoints,
    ubuntu_10_regularKernRightClassIds,
    nullptr,  // kernMatrix: built-in fonts use the sparse form below
    ubuntu_10_regularKernRowOffsets,
    ubuntu_10_regularKernSparseCols,
    ubuntu_10_regularKernSparseValues,
    526,
    609,
    173,
    181,
    ubuntu_10_regularLigaturePairs,
    5,
};
